Unnamed: 0,time,temperature,dew_point,humidity,wind_speed,pressure,precipitation,region_id
0,2010-01-01,18.0,14.0,85.0,5.0,29.91,23.0,3
1,2010-01-02,18.0,16.0,89.0,6.0,29.94,28.8,3
2,2010-01-03,18.0,14.0,82.0,10.0,29.94,2.5,0
3,2010-01-04,18.0,13.0,76.0,9.0,29.94,1.7,2
4,2010-01-05,19.0,12.0,69.0,10.0,29.91,1.3,2
5,2010-01-06,19.0,11.0,66.0,8.0,29.88,0.7,2
6,2010-01-07,20.0,11.0,66.0,8.0,29.88,0.5,2
7,2010-01-08,20.0,12.0,69.0,9.0,29.88,0.4,2
8,2010-01-09,19.0,13.0,72.0,7.0,29.88,6.4,2
9,2010-01-10,18.0,13.0,75.0,4.0,29.91,4.2,2
10,2010-01-11,18.0,10.0,67.0,9.0,29.91,0.3,2
11,2010-01-12,19.0,7.0,52.0,11.0,29.91,0.0,1
12,2010-01-13,19.0,7.0,52.0,12.0,29.91,0.0,1
13,2010-01-14,19.0,7.0,53.0,13.0,29.94,0.0,1
14,2010-01-15,20.0,10.0,64.0,13.0,29.94,0.0,1
15,2010-01-16,20.0,10.0,62.0,11.0,30.0,0.0,1
16,2010-01-17,20.0,9.0,60.0,13.0,30.0,0.0,1
17,2010-01-18,20.0,8.0,56.0,14.0,29.97,0.0,1
18,2010-01-19,21.0,9.0,59.0,13.0,29.94,0.0,1
19,2010-01-20,21.0,10.0,61.0,13.0,29.91,0.0,1
20,2010-01-21,20.0,9.0,62.0,12.0,29.94,0.0,1
21,2010-01-22,20.0,7.0,56.0,10.0,29.94,0.0,1
22,2010-01-23,20.0,8.0,58.0,12.0,29.91,0.0,1
23,2010-01-24,20.0,8.0,55.0,15.0,29.88,0.0,1
24,2010-01-25,20.0,6.0,53.0,14.0,29.88,0.0,1
25,2010-01-26,20.0,4.0,48.0,14.0,29.88,0.0,1
26,2010-01-27,20.0,5.0,47.0,13.0,29.91,0.0,1
27,2010-01-28,20.0,4.0,42.0,14.0,29.91,0.0,1
28,2010-01-29,21.0,8.0,51.0,13.0,29.88,0.0,1
29,2010-01-30,21.0,7.0,52.0,12.0,29.94,0.0,1
30,2010-01-31,22.0,8.0,52.0,15.0,29.94,0.0,1
31,2010-02-01,22.0,8.0,53.0,13.0,29.91,0.0,1
32,2010-02-02,22.0,7.0,47.0,10.0,29.88,0.0,1
33,2010-02-03,23.0,7.0,44.0,9.0,29.85,0.0,1
34,2010-02-04,23.0,10.0,53.0,9.0,29.85,0.0,1
35,2010-02-05,22.0,13.0,64.0,6.0,29.88,5.1,2
36,2010-02-06,20.0,14.0,74.0,6.0,29.91,15.1,2
37,2010-02-07,20.0,13.0,68.0,7.0,29.91,3.5,2
38,2010-02-08,22.0,10.0,56.0,11.0,29.88,0.0,1
39,2010-02-09,21.0,9.0,54.0,15.0,29.88,0.0,1
40,2010-02-10,20.0,6.0,49.0,14.0,29.91,0.0,1
41,2010-02-11,19.0,7.0,53.0,11.0,29.88,0.0,1
42,2010-02-12,21.0,8.0,53.0,14.0,29.91,0.0,1
43,2010-02-13,22.0,10.0,59.0,15.0,29.91,0.0,1
44,2010-02-14,21.0,10.0,59.0,14.0,29.85,0.0,1
45,2010-02-15,21.0,11.0,60.0,11.0,29.83,1.4,1
46,2010-02-16,21.0,11.0,61.0,9.0,29.88,2.0,2
47,2010-02-17,20.0,12.0,67.0,7.0,29.94,1.4,2
48,2010-02-18,16.0,12.0,80.0,9.0,29.97,7.9,0
49,2010-02-19,21.0,11.0,64.0,11.0,29.91,4.4,2
50,2010-02-20,22.0,12.0,60.0,11.0,29.88,0.2,1
51,2010-02-21,20.0,14.0,70.0,11.0,29.88,0.7,2
52,2010-02-22,21.0,13.0,68.0,12.0,29.88,1.7,2
53,2010-02-23,21.0,12.0,67.0,11.0,29.91,5.0,2
54,2010-02-24,21.0,12.0,61.0,10.0,29.88,0.2,2
55,2010-02-25,22.0,14.0,67.0,7.0,29.85,3.3,2
56,2010-02-26,20.0,14.0,72.0,5.0,29.88,1.0,2
57,2010-02-27,21.0,15.0,76.0,5.0,29.91,19.5,2
58,2010-02-28,17.0,16.0,91.0,5.0,29.94,32.2,3
59,2010-03-01,16.0,15.0,94.0,7.0,29.97,51.5,3
60,2010-03-02,19.0,15.0,85.0,9.0,29.97,5.2,0
61,2010-03-03,19.0,16.0,84.0,5.0,29.97,17.1,0
62,2010-03-04,18.0,16.0,90.0,6.0,29.94,24.3,3
63,2010-03-05,20.0,16.0,82.0,6.0,29.94,16.5,3
64,2010-03-06,17.0,13.0,83.0,10.0,29.94,3.3,0
65,2010-03-07,19.0,13.0,77.0,12.0,29.94,2.3,2
66,2010-03-08,17.0,13.0,84.0,13.0,29.97,1.4,0
67,2010-03-09,19.0,13.0,77.0,18.0,29.94,0.2,2
68,2010-03-10,20.0,12.0,72.0,17.0,29.94,0.2,2
69,2010-03-11,20.0,11.0,65.0,14.0,29.94,0.0,2
70,2010-03-12,21.0,10.0,61.0,12.0,29.94,0.0,1
71,2010-03-13,21.0,10.0,61.0,11.0,29.91,0.0,1
72,2010-03-14,21.0,10.0,62.0,14.0,29.88,0.0,1
73,2010-03-15,20.0,9.0,60.0,16.0,29.88,0.0,1
74,2010-03-16,20.0,12.0,68.0,15.0,29.91,4.3,2
75,2010-03-17,21.0,13.0,68.0,15.0,29.91,0.0,2
76,2010-03-18,22.0,12.0,65.0,11.0,29.91,0.0,2
77,2010-03-19,22.0,13.0,69.0,9.0,29.91,1.6,2
78,2010-03-20,20.0,15.0,79.0,7.0,29.91,16.9,2
79,2010-03-21,19.0,16.0,87.0,8.0,29.94,21.9,3
80,2010-03-22,18.0,15.0,88.0,7.0,29.91,30.6,3
81,2010-03-23,19.0,13.0,77.0,8.0,29.85,3.5,2
82,2010-03-24,19.0,12.0,75.0,7.0,29.83,5.2,2
83,2010-03-25,18.0,14.0,85.0,3.0,29.91,4.2,0
84,2010-03-26,19.0,15.0,85.0,4.0,29.94,22.2,3
85,2010-03-27,17.0,15.0,92.0,5.0,29.94,42.2,3
86,2010-03-28,17.0,14.0,87.0,4.0,29.94,3.9,0
87,2010-03-29,18.0,15.0,89.0,6.0,29.97,20.8,3
88,2010-03-30,17.0,15.0,90.0,4.0,30.0,41.0,3
89,2010-03-31,20.0,15.0,83.0,7.0,29.94,6.3,2
90,2010-04-01,19.0,14.0,84.0,8.0,29.91,7.6,2
91,2010-04-02,18.0,15.0,88.0,8.0,29.91,5.7,0
92,2010-04-03,19.0,15.0,85.0,9.0,29.88,7.3,2
93,2010-04-04,19.0,14.0,81.0,11.0,29.91,3.8,2
94,2010-04-05,20.0,13.0,76.0,11.0,29.91,0.0,2
95,2010-04-06,19.0,13.0,75.0,9.0,29.88,0.2,2
96,2010-04-07,20.0,13.0,76.0,9.0,29.88,2.0,2
97,2010-04-08,21.0,14.0,75.0,12.0,29.88,0.0,2
98,2010-04-09,20.0,11.0,69.0,11.0,29.94,0.0,2
99,2010-04-10,20.0,11.0,69.0,7.0,29.91,0.0,2
100,2010-04-11,22.0,12.0,68.0,4.0,29.85,0.0,2
101,2010-04-12,21.0,12.0,68.0,5.0,29.88,2.1,2
102,2010-04-13,19.0,15.0,84.0,5.0,29.88,14.3,2
103,2010-04-14,20.0,15.0,82.0,5.0,29.88,6.7,2
104,2010-04-15,17.0,16.0,93.0,4.0,29.94,51.9,3
105,2010-04-16,19.0,16.0,90.0,7.0,29.94,23.2,3
106,2010-04-17,18.0,15.0,89.0,8.0,29.94,8.3,0
107,2010-04-18,17.0,15.0,90.0,7.0,29.97,13.2,0
108,2010-04-19,19.0,15.0,87.0,6.0,29.94,30.2,3
109,2010-04-20,20.0,16.0,87.0,5.0,29.94,14.3,0
110,2010-04-21,20.0,15.0,86.0,5.0,29.91,3.9,2
111,2010-04-22,20.0,15.0,84.0,4.0,29.91,2.5,2
112,2010-04-23,18.0,15.0,90.0,4.0,29.94,19.8,3
113,2010-04-24,16.0,15.0,97.0,4.0,29.97,71.1,3
114,2010-04-25,17.0,15.0,92.0,2.0,29.94,2.8,0
115,2010-04-26,19.0,16.0,91.0,4.0,29.91,20.7,3
116,2010-04-27,20.0,17.0,89.0,6.0,29.94,20.1,3
117,2010-04-28,19.0,17.0,90.0,5.0,29.91,13.8,3
118,2010-04-29,18.0,16.0,93.0,7.0,29.91,9.9,0
119,2010-04-30,19.0,15.0,88.0,7.0,29.88,1.7,2
120,2010-05-01,19.0,16.0,90.0,6.0,29.88,26.8,3
121,2010-05-02,18.0,16.0,95.0,7.0,29.91,18.7,3
122,2010-05-03,19.0,16.0,90.0,5.0,29.91,10.5,0
123,2010-05-04,19.0,15.0,89.0,4.0,29.88,11.4,2
124,2010-05-05,19.0,15.0,88.0,5.0,29.88,2.9,2
125,2010-05-06,19.0,15.0,89.0,3.0,29.88,23.0,3
126,2010-05-07,17.0,16.0,94.0,4.0,29.91,52.9,3
127,2010-05-08,18.0,16.0,91.0,4.0,29.91,31.7,3
128,2010-05-09,17.0,16.0,94.0,4.0,29.94,66.2,3
129,2010-05-10,17.0,15.0,94.0,4.0,29.91,29.5,3
130,2010-05-11,16.0,15.0,97.0,4.0,29.97,97.6,3
131,2010-05-12,16.0,15.0,96.0,3.0,30.0,23.1,3
132,2010-05-13,17.0,15.0,91.0,4.0,30.0,11.3,0
133,2010-05-14,17.0,15.0,95.0,4.0,29.97,14.0,0
134,2010-05-15,17.0,15.0,94.0,3.0,29.97,39.4,3
135,2010-05-16,18.0,16.0,96.0,4.0,29.97,91.3,3
136,2010-05-17,17.0,16.0,95.0,4.0,29.97,26.8,3
137,2010-05-18,18.0,16.0,92.0,3.0,29.94,8.3,0
138,2010-05-19,19.0,15.0,88.0,3.0,29.91,1.9,0
139,2010-05-20,19.0,15.0,85.0,5.0,29.94,0.7,0
140,2010-05-21,19.0,14.0,85.0,4.0,29.91,0.9,2
141,2010-05-22,20.0,15.0,84.0,6.0,29.94,1.4,2
142,2010-05-23,20.0,16.0,89.0,4.0,29.94,6.2,0
143,2010-05-24,20.0,17.0,91.0,3.0,29.94,19.6,3
144,2010-05-25,17.0,16.0,95.0,5.0,29.94,14.9,0
145,2010-05-26,18.0,15.0,89.0,4.0,29.94,7.4,0
146,2010-05-27,18.0,14.0,82.0,4.0,29.94,1.5,0
147,2010-05-28,19.0,14.0,83.0,4.0,29.97,0.9,0
148,2010-05-29,19.0,15.0,86.0,3.0,29.97,5.1,0
149,2010-05-30,18.0,15.0,89.0,4.0,29.97,3.8,0
150,2010-05-31,18.0,14.0,85.0,4.0,29.94,2.2,0
151,2010-06-01,18.0,14.0,86.0,2.0,29.97,2.1,0
152,2010-06-02,19.0,13.0,85.0,2.0,29.97,1.4,0
153,2010-06-03,19.0,13.0,84.0,4.0,29.97,3.8,0
154,2010-06-04,18.0,15.0,90.0,3.0,30.0,6.0,0
155,2010-06-05,17.0,14.0,92.0,3.0,30.03,9.5,0
156,2010-06-06,18.0,15.0,91.0,3.0,30.0,16.2,0
157,2010-06-07,19.0,14.0,88.0,5.0,30.0,4.0,0
158,2010-06-08,18.0,13.0,86.0,4.0,30.0,1.7,0
159,2010-06-09,18.0,13.0,87.0,4.0,30.0,1.2,0
160,2010-06-10,17.0,13.0,88.0,4.0,30.0,3.1,0
161,2010-06-11,18.0,13.0,88.0,3.0,30.0,0.9,0
162,2010-06-12,17.0,13.0,90.0,5.0,29.97,3.3,0
163,2010-06-13,17.0,15.0,94.0,3.0,30.0,8.5,0
164,2010-06-14,16.0,15.0,95.0,3.0,30.0,84.2,3
165,2010-06-15,17.0,14.0,89.0,4.0,29.97,11.3,0
166,2010-06-16,18.0,15.0,92.0,5.0,29.97,5.1,0
167,2010-06-17,17.0,15.0,94.0,4.0,29.97,17.7,0
168,2010-06-18,18.0,15.0,91.0,4.0,29.97,9.8,0
169,2010-06-19,18.0,14.0,87.0,5.0,29.97,5.6,0
170,2010-06-20,17.0,14.0,91.0,2.0,29.97,8.9,0
171,2010-06-21,18.0,15.0,89.0,3.0,29.97,8.2,0
172,2010-06-22,19.0,15.0,90.0,2.0,29.94,7.2,0
173,2010-06-23,18.0,14.0,89.0,4.0,29.94,1.9,0
174,2010-06-24,17.0,14.0,90.0,4.0,29.97,3.3,0
175,2010-06-25,18.0,15.0,88.0,4.0,29.97,5.4,0
176,2010-06-26,17.0,14.0,89.0,3.0,29.97,2.5,0
177,2010-06-27,18.0,14.0,90.0,2.0,29.97,3.7,0
178,2010-06-28,18.0,13.0,87.0,5.0,29.97,0.9,0
179,2010-06-29,17.0,13.0,85.0,3.0,30.0,2.5,0
180,2010-06-30,18.0,14.0,87.0,4.0,29.97,7.0,0
181,2010-07-01,16.0,14.0,94.0,4.0,29.97,5.0,0
182,2010-07-02,16.0,14.0,93.0,4.0,29.97,6.1,0
183,2010-07-03,16.0,15.0,95.0,4.0,29.97,29.0,3
184,2010-07-04,15.0,14.0,96.0,4.0,30.0,33.3,3
185,2010-07-05,18.0,15.0,89.0,3.0,29.97,4.2,0
186,2010-07-06,15.0,14.0,95.0,2.0,29.97,9.8,0
187,2010-07-07,17.0,14.0,92.0,3.0,29.97,3.5,0
188,2010-07-08,17.0,14.0,92.0,2.0,29.97,6.4,0
189,2010-07-09,16.0,14.0,93.0,2.0,29.97,9.4,0
190,2010-07-10,17.0,15.0,92.0,3.0,29.94,5.5,0
191,2010-07-11,18.0,14.0,90.0,4.0,29.94,3.4,0
192,2010-07-12,17.0,14.0,91.0,3.0,29.94,3.6,0
193,2010-07-13,17.0,12.0,84.0,5.0,29.94,0.2,0
194,2010-07-14,17.0,13.0,85.0,3.0,29.91,2.3,0
195,2010-07-15,16.0,14.0,89.0,4.0,29.91,1.3,0
196,2010-07-16,17.0,12.0,83.0,6.0,29.94,0.2,0
197,2010-07-17,17.0,13.0,85.0,3.0,29.97,1.6,0
198,2010-07-18,17.0,13.0,87.0,4.0,30.0,3.0,0
199,2010-07-19,17.0,13.0,84.0,5.0,30.0,5.6,0
200,2010-07-20,17.0,14.0,89.0,5.0,30.0,1.3,0
201,2010-07-21,17.0,14.0,90.0,4.0,29.97,4.6,0
202,2010-07-22,15.0,14.0,96.0,4.0,29.97,37.6,3
203,2010-07-23,16.0,14.0,90.0,4.0,30.03,14.2,0
204,2010-07-24,16.0,14.0,95.0,3.0,30.0,5.6,0
205,2010-07-25,14.0,13.0,98.0,3.0,30.0,25.4,3
206,2010-07-26,16.0,15.0,96.0,3.0,30.0,66.4,3
207,2010-07-27,16.0,15.0,95.0,3.0,30.03,64.7,3
208,2010-07-28,16.0,15.0,95.0,4.0,30.03,43.8,3
209,2010-07-29,16.0,14.0,92.0,6.0,30.0,45.5,3
210,2010-07-30,18.0,13.0,86.0,4.0,29.97,1.1,0
211,2010-07-31,17.0,14.0,89.0,3.0,29.97,4.8,0
212,2010-08-01,16.0,14.0,93.0,4.0,30.0,21.1,0
213,2010-08-02,17.0,13.0,90.0,5.0,30.0,3.2,0
214,2010-08-03,18.0,13.0,88.0,4.0,30.0,2.6,0
215,2010-08-04,18.0,13.0,87.0,3.0,29.97,1.3,0
216,2010-08-05,18.0,13.0,87.0,5.0,29.97,1.2,0
217,2010-08-06,18.0,13.0,84.0,4.0,30.0,1.9,0
218,2010-08-07,18.0,14.0,88.0,5.0,30.0,8.8,0
219,2010-08-08,17.0,14.0,92.0,4.0,29.97,11.7,0
220,2010-08-09,18.0,15.0,92.0,4.0,29.97,37.4,3
221,2010-08-10,18.0,14.0,89.0,3.0,29.97,8.4,0
222,2010-08-11,18.0,14.0,88.0,4.0,30.0,8.0,0
223,2010-08-12,18.0,13.0,85.0,5.0,30.0,1.5,0
224,2010-08-13,18.0,12.0,84.0,4.0,30.0,4.3,0
225,2010-08-14,17.0,13.0,89.0,2.0,30.0,1.8,0
226,2010-08-15,18.0,14.0,87.0,5.0,30.0,2.0,0
227,2010-08-16,18.0,12.0,84.0,4.0,30.0,1.5,0
228,2010-08-17,18.0,12.0,84.0,5.0,30.0,1.6,0
229,2010-08-18,18.0,12.0,84.0,4.0,29.94,2.4,0
230,2010-08-19,18.0,13.0,84.0,4.0,29.94,3.4,0
231,2010-08-20,18.0,12.0,82.0,5.0,29.97,1.2,0
232,2010-08-21,18.0,13.0,83.0,6.0,29.97,1.1,0
233,2010-08-22,18.0,13.0,82.0,5.0,29.94,1.3,0
234,2010-08-23,18.0,12.0,83.0,5.0,29.94,1.0,0
235,2010-08-24,18.0,12.0,83.0,5.0,29.97,1.5,0
236,2010-08-25,18.0,14.0,87.0,5.0,30.0,1.3,0
237,2010-08-26,15.0,13.0,92.0,4.0,29.97,7.9,0
238,2010-08-27,18.0,14.0,87.0,5.0,29.94,3.7,0
239,2010-08-28,18.0,15.0,91.0,5.0,29.94,40.5,3
240,2010-08-29,16.0,15.0,94.0,5.0,29.97,57.6,3
241,2010-08-30,17.0,14.0,88.0,4.0,29.97,7.9,0
242,2010-08-31,17.0,15.0,95.0,3.0,29.97,37.9,3
243,2010-09-01,17.0,14.0,92.0,3.0,29.97,7.3,0
244,2010-09-02,17.0,14.0,91.0,5.0,29.97,6.4,0
245,2010-09-03,18.0,14.0,88.0,4.0,29.97,12.8,0
246,2010-09-04,19.0,14.0,87.0,4.0,29.94,9.0,0
247,2010-09-05,19.0,14.0,87.0,4.0,29.94,12.1,0
248,2010-09-06,19.0,14.0,88.0,3.0,29.94,12.7,0
249,2010-09-07,18.0,14.0,86.0,3.0,29.94,2.3,0
250,2010-09-08,18.0,13.0,88.0,5.0,29.94,2.8,0
251,2010-09-09,19.0,13.0,85.0,3.0,29.97,1.4,0
252,2010-09-10,18.0,13.0,85.0,3.0,29.94,8.9,0
253,2010-09-11,18.0,14.0,86.0,4.0,29.91,15.9,3
254,2010-09-12,18.0,14.0,88.0,3.0,29.94,16.3,0
255,2010-09-13,18.0,14.0,88.0,3.0,29.97,6.9,0
256,2010-09-14,17.0,12.0,84.0,5.0,29.94,2.5,0
257,2010-09-15,18.0,13.0,84.0,4.0,29.94,10.7,0
258,2010-09-16,18.0,13.0,86.0,3.0,29.94,9.7,0
259,2010-09-17,18.0,14.0,87.0,4.0,29.97,22.6,3
260,2010-09-18,18.0,14.0,87.0,3.0,29.94,14.4,0
261,2010-09-19,18.0,14.0,87.0,4.0,29.91,20.1,3
262,2010-09-20,18.0,15.0,90.0,4.0,29.88,31.1,3
263,2010-09-21,18.0,14.0,89.0,2.0,29.91,19.2,3
264,2010-09-22,18.0,14.0,85.0,5.0,29.91,9.7,0
265,2010-09-23,18.0,12.0,82.0,5.0,29.91,3.1,2
266,2010-09-24,18.0,13.0,84.0,3.0,29.94,6.2,0
267,2010-09-25,18.0,13.0,84.0,3.0,29.94,3.7,0
268,2010-09-26,18.0,12.0,82.0,4.0,29.94,8.5,0
269,2010-09-27,18.0,12.0,81.0,5.0,29.94,5.1,0
270,2010-09-28,19.0,12.0,79.0,5.0,29.91,4.5,2
271,2010-09-29,19.0,12.0,81.0,6.0,29.91,7.0,2
272,2010-09-30,18.0,12.0,82.0,4.0,29.91,3.6,0
273,2010-10-01,19.0,13.0,81.0,4.0,29.91,3.5,2
274,2010-10-02,19.0,13.0,81.0,4.0,29.88,11.2,2
275,2010-10-03,19.0,13.0,80.0,4.0,29.91,13.5,2
276,2010-10-04,19.0,13.0,81.0,4.0,29.91,10.5,2
277,2010-10-05,19.0,14.0,82.0,5.0,29.91,20.9,3
278,2010-10-06,19.0,15.0,84.0,3.0,29.94,23.3,3
279,2010-10-07,19.0,15.0,85.0,5.0,29.94,24.4,3
280,2010-10-08,18.0,14.0,82.0,4.0,29.97,16.5,0
281,2010-10-09,18.0,13.0,84.0,3.0,29.94,17.1,0
282,2010-10-10,19.0,14.0,82.0,5.0,29.91,6.2,2
283,2010-10-11,19.0,13.0,76.0,7.0,29.88,2.3,2
284,2010-10-12,19.0,13.0,77.0,8.0,29.91,7.3,2
285,2010-10-13,19.0,12.0,74.0,8.0,29.91,0.2,2
286,2010-10-14,18.0,10.0,71.0,8.0,29.91,3.3,2
287,2010-10-15,19.0,13.0,79.0,8.0,29.91,10.3,2
288,2010-10-16,19.0,13.0,80.0,9.0,29.91,9.1,2
289,2010-10-17,19.0,14.0,82.0,6.0,29.91,14.8,2
290,2010-10-18,18.0,14.0,85.0,5.0,29.88,10.1,2
291,2010-10-19,18.0,14.0,87.0,4.0,29.91,12.0,0
292,2010-10-20,19.0,14.0,84.0,5.0,29.88,12.6,2
293,2010-10-21,18.0,13.0,81.0,5.0,29.88,9.5,2
294,2010-10-22,19.0,13.0,78.0,7.0,29.88,2.9,2
295,2010-10-23,19.0,14.0,81.0,7.0,29.88,9.2,2
296,2010-10-24,19.0,13.0,79.0,4.0,29.88,2.6,2
297,2010-10-25,18.0,13.0,83.0,6.0,29.88,13.4,2
298,2010-10-26,18.0,13.0,83.0,8.0,29.88,14.5,2
299,2010-10-27,18.0,12.0,80.0,9.0,29.88,0.7,2
300,2010-10-28,19.0,11.0,68.0,9.0,29.88,0.0,2
301,2010-10-29,19.0,12.0,72.0,7.0,29.88,2.7,2
302,2010-10-30,19.0,12.0,72.0,7.0,29.94,0.7,2
303,2010-10-31,19.0,13.0,76.0,8.0,29.94,4.7,2
304,2010-11-01,19.0,13.0,77.0,8.0,29.91,7.5,2
305,2010-11-02,19.0,13.0,78.0,5.0,29.88,5.2,2
306,2010-11-03,19.0,13.0,78.0,8.0,29.88,6.5,2
307,2010-11-04,19.0,13.0,79.0,9.0,29.91,9.8,2
308,2010-11-05,19.0,13.0,78.0,10.0,29.91,7.3,2
309,2010-11-06,19.0,13.0,77.0,9.0,29.91,4.9,2
310,2010-11-07,19.0,14.0,81.0,7.0,29.88,16.1,2
311,2010-11-08,19.0,14.0,82.0,7.0,29.85,15.4,2
312,2010-11-09,19.0,13.0,80.0,9.0,29.88,6.9,2
313,2010-11-10,19.0,14.0,79.0,11.0,29.91,9.2,2
314,2010-11-11,19.0,13.0,78.0,13.0,29.91,2.9,2
315,2010-11-12,19.0,13.0,79.0,10.0,29.85,5.6,2
316,2010-11-13,19.0,13.0,79.0,10.0,29.83,2.3,2
317,2010-11-14,18.0,12.0,78.0,12.0,29.88,1.8,2
318,2010-11-15,18.0,10.0,72.0,16.0,29.94,0.1,2
319,2010-11-16,18.0,10.0,72.0,10.0,29.91,0.2,2
320,2010-11-17,18.0,10.0,71.0,8.0,29.85,0.3,2
321,2010-11-18,19.0,10.0,70.0,10.0,29.88,0.1,2
322,2010-11-19,19.0,10.0,68.0,12.0,29.91,0.0,2
323,2010-11-20,19.0,10.0,66.0,9.0,29.91,0.0,2
324,2010-11-21,19.0,10.0,68.0,9.0,29.85,0.2,2
325,2010-11-22,19.0,10.0,68.0,10.0,29.8,0.1,2
326,2010-11-23,19.0,12.0,75.0,9.0,29.83,9.5,2
327,2010-11-24,19.0,11.0,72.0,10.0,29.85,0.3,2
328,2010-11-25,19.0,12.0,75.0,11.0,29.88,2.4,2
329,2010-11-26,18.0,12.0,80.0,13.0,29.88,7.2,2
330,2010-11-27,18.0,11.0,74.0,13.0,29.88,0.1,2
331,2010-11-28,18.0,11.0,73.0,10.0,29.88,4.2,2
332,2010-11-29,18.0,10.0,73.0,9.0,29.88,3.1,2
333,2010-11-30,19.0,10.0,72.0,9.0,29.88,4.2,2
334,2010-12-01,19.0,11.0,75.0,8.0,29.85,8.6,2
335,2010-12-02,19.0,11.0,71.0,10.0,29.85,0.4,2
336,2010-12-03,19.0,9.0,65.0,11.0,29.88,0.0,2
337,2010-12-04,19.0,8.0,59.0,8.0,29.88,0.0,1
338,2010-12-05,20.0,8.0,57.0,5.0,29.85,0.0,1
339,2010-12-06,18.0,9.0,64.0,5.0,29.83,2.5,2
340,2010-12-07,18.0,10.0,70.0,6.0,29.83,4.8,2
341,2010-12-08,19.0,11.0,73.0,8.0,29.85,3.7,2
342,2010-12-09,19.0,10.0,72.0,6.0,29.91,1.7,2
343,2010-12-10,18.0,10.0,74.0,6.0,29.91,4.5,2
344,2010-12-11,18.0,10.0,73.0,7.0,29.85,0.6,2
345,2010-12-12,19.0,10.0,68.0,9.0,29.83,0.0,2
346,2010-12-13,18.0,8.0,64.0,15.0,29.85,0.0,1
347,2010-12-14,18.0,6.0,61.0,17.0,29.88,0.0,1
348,2010-12-15,17.0,7.0,62.0,14.0,29.91,0.0,1
349,2010-12-16,18.0,6.0,55.0,11.0,29.91,0.0,1
350,2010-12-17,19.0,7.0,58.0,11.0,29.88,0.0,1
351,2010-12-18,19.0,7.0,56.0,10.0,29.88,0.0,1
352,2010-12-19,18.0,4.0,47.0,9.0,29.88,0.0,1
353,2010-12-20,19.0,5.0,49.0,9.0,29.85,0.0,1
354,2010-12-21,19.0,7.0,54.0,9.0,29.88,0.0,1
355,2010-12-22,19.0,8.0,62.0,8.0,29.88,0.0,1
356,2010-12-23,19.0,7.0,58.0,9.0,29.88,0.0,1
357,2010-12-24,19.0,8.0,60.0,6.0,29.88,0.3,1
358,2010-12-25,18.0,10.0,70.0,6.0,29.88,9.1,2
359,2010-12-26,20.0,11.0,68.0,9.0,29.85,0.5,2
360,2010-12-27,20.0,11.0,69.0,10.0,29.85,0.7,2
361,2010-12-28,19.0,11.0,73.0,8.0,29.85,9.0,2
362,2010-12-29,19.0,11.0,74.0,8.0,29.85,3.9,2
363,2010-12-30,18.0,10.0,72.0,7.0,29.88,0.6,2
364,2010-12-31,19.0,10.0,68.0,12.0,29.88,0.0,2
365,2011-01-01,19.0,7.0,61.0,12.0,29.85,0.0,1
366,2011-01-02,18.0,7.0,62.0,13.0,29.85,0.0,1
367,2011-01-03,18.0,6.0,60.0,12.0,29.85,0.0,1
368,2011-01-04,19.0,6.0,57.0,8.0,29.88,0.0,1
369,2011-01-05,19.0,7.0,57.0,8.0,29.85,0.4,1
370,2011-01-06,19.0,6.0,55.0,9.0,29.83,0.0,1
371,2011-01-07,19.0,7.0,58.0,9.0,29.85,0.0,1
372,2011-01-08,19.0,7.0,57.0,8.0,29.88,0.1,1
373,2011-01-09,19.0,7.0,59.0,5.0,29.88,0.5,1
374,2011-01-10,19.0,7.0,55.0,6.0,29.88,0.0,1
375,2011-01-11,20.0,9.0,60.0,8.0,29.88,0.1,1
376,2011-01-12,21.0,10.0,63.0,7.0,29.85,5.6,2
377,2011-01-13,19.0,10.0,69.0,8.0,29.85,8.1,2
378,2011-01-14,19.0,9.0,67.0,8.0,29.85,2.6,2
379,2011-01-15,20.0,8.0,63.0,7.0,29.91,0.1,1
380,2011-01-16,20.0,10.0,65.0,5.0,29.91,3.7,2
381,2011-01-17,20.0,9.0,61.0,6.0,29.85,0.2,2
382,2011-01-18,20.0,9.0,63.0,7.0,29.83,0.5,2
383,2011-01-19,18.0,10.0,69.0,6.0,29.83,4.0,2
384,2011-01-20,19.0,9.0,63.0,6.0,29.83,0.8,2
385,2011-01-21,20.0,8.0,56.0,9.0,29.85,0.0,1
386,2011-01-22,19.0,7.0,57.0,15.0,29.85,0.0,1
387,2011-01-23,19.0,9.0,65.0,17.0,29.85,0.2,1
388,2011-01-24,19.0,9.0,65.0,15.0,29.85,0.5,1
389,2011-01-25,19.0,6.0,54.0,16.0,29.85,0.0,1
390,2011-01-26,20.0,4.0,47.0,14.0,29.88,0.0,1
391,2011-01-27,19.0,1.0,39.0,15.0,29.91,0.0,1
392,2011-01-28,19.0,3.0,42.0,16.0,29.94,0.0,1
393,2011-01-29,21.0,7.0,54.0,11.0,29.94,0.0,1
394,2011-01-30,21.0,6.0,49.0,9.0,29.91,0.0,1
395,2011-01-31,20.0,6.0,47.0,9.0,29.88,0.1,1
396,2011-02-01,21.0,9.0,59.0,9.0,29.88,5.0,1
397,2011-02-02,20.0,12.0,71.0,6.0,29.88,12.7,2
398,2011-02-03,21.0,12.0,68.0,8.0,29.91,5.0,2
399,2011-02-04,20.0,8.0,58.0,17.0,29.91,0.0,1
400,2011-02-05,19.0,5.0,50.0,15.0,29.91,0.0,1
401,2011-02-06,20.0,2.0,40.0,11.0,29.91,0.0,1
402,2011-02-07,20.0,-2.0,28.0,9.0,29.88,0.0,1
403,2011-02-08,21.0,-0.0,30.0,7.0,29.85,0.0,1
404,2011-02-09,21.0,2.0,37.0,7.0,29.83,0.0,1
405,2011-02-10,21.0,4.0,45.0,4.0,29.83,0.0,1
406,2011-02-11,21.0,3.0,41.0,5.0,29.83,0.0,1
407,2011-02-12,21.0,4.0,44.0,5.0,29.85,0.8,1
408,2011-02-13,21.0,9.0,57.0,6.0,29.88,1.8,1
409,2011-02-14,21.0,8.0,56.0,4.0,29.88,0.9,1
410,2011-02-15,21.0,8.0,55.0,5.0,29.85,1.8,1
411,2011-02-16,21.0,11.0,64.0,5.0,29.85,7.8,2
412,2011-02-17,20.0,12.0,71.0,7.0,29.88,11.6,2
413,2011-02-18,21.0,11.0,66.0,9.0,29.85,1.9,2
414,2011-02-19,21.0,10.0,63.0,15.0,29.85,0.3,1
415,2011-02-20,21.0,7.0,53.0,14.0,29.91,0.0,1
416,2011-02-21,21.0,6.0,49.0,11.0,29.91,0.0,1
417,2011-02-22,21.0,6.0,47.0,8.0,29.88,0.1,1
418,2011-02-23,20.0,7.0,53.0,14.0,29.88,0.0,1
419,2011-02-24,20.0,6.0,54.0,16.0,29.91,0.0,1
420,2011-02-25,21.0,4.0,47.0,11.0,29.85,0.0,1
421,2011-02-26,21.0,2.0,37.0,11.0,29.85,0.0,1
422,2011-02-27,21.0,9.0,54.0,11.0,29.88,1.5,1
423,2011-02-28,21.0,6.0,49.0,13.0,29.85,0.0,1
424,2011-03-01,22.0,5.0,46.0,12.0,29.85,0.0,1
425,2011-03-02,22.0,4.0,45.0,11.0,29.85,0.0,1
426,2011-03-03,21.0,9.0,57.0,10.0,29.88,1.6,1
427,2011-03-04,21.0,9.0,58.0,10.0,29.91,1.8,1
428,2011-03-05,22.0,9.0,56.0,10.0,29.88,1.2,1
429,2011-03-06,22.0,9.0,56.0,11.0,29.88,0.3,1
430,2011-03-07,21.0,9.0,61.0,6.0,29.88,4.8,1
431,2011-03-08,22.0,8.0,52.0,14.0,29.88,0.5,1
432,2011-03-09,22.0,5.0,45.0,15.0,29.85,0.0,1
433,2011-03-10,20.0,5.0,48.0,17.0,29.88,0.0,1
434,2011-03-11,21.0,3.0,45.0,10.0,29.88,0.0,1
435,2011-03-12,22.0,7.0,51.0,8.0,29.85,1.5,1
436,2011-03-13,22.0,10.0,57.0,8.0,29.85,3.2,1
437,2011-03-14,21.0,10.0,61.0,8.0,29.85,0.3,1
438,2011-03-15,20.0,11.0,66.0,6.0,29.85,12.2,2
439,2011-03-16,20.0,13.0,75.0,4.0,29.85,32.5,3
440,2011-03-17,17.0,14.0,87.0,6.0,29.88,97.2,3
441,2011-03-18,17.0,14.0,91.0,6.0,29.88,74.9,3
442,2011-03-19,18.0,14.0,85.0,4.0,29.88,29.1,3
443,2011-03-20,18.0,14.0,83.0,3.0,29.85,23.0,3
444,2011-03-21,18.0,13.0,80.0,5.0,29.88,13.9,2
445,2011-03-22,19.0,12.0,78.0,5.0,29.91,9.2,2
446,2011-03-23,19.0,11.0,75.0,5.0,29.91,1.1,2
447,2011-03-24,19.0,11.0,69.0,10.0,29.91,0.4,2
448,2011-03-25,19.0,9.0,65.0,10.0,29.91,0.0,2
449,2011-03-26,19.0,9.0,65.0,10.0,29.91,0.4,2
450,2011-03-27,20.0,11.0,68.0,9.0,29.94,0.5,2
451,2011-03-28,21.0,11.0,67.0,7.0,29.94,0.3,2
452,2011-03-29,21.0,12.0,70.0,6.0,29.91,4.1,2
453,2011-03-30,20.0,12.0,70.0,8.0,29.91,1.7,2
454,2011-03-31,20.0,11.0,69.0,7.0,29.88,5.3,2
455,2011-04-01,20.0,11.0,72.0,9.0,29.91,1.4,2
456,2011-04-02,20.0,10.0,68.0,9.0,29.91,0.2,2
457,2011-04-03,20.0,11.0,71.0,9.0,29.88,6.4,2
458,2011-04-04,19.0,12.0,76.0,8.0,29.88,3.9,2
459,2011-04-05,21.0,12.0,72.0,9.0,29.88,0.4,2
460,2011-04-06,21.0,10.0,66.0,7.0,29.88,0.2,2
461,2011-04-07,20.0,10.0,66.0,6.0,29.85,0.0,2
462,2011-04-08,17.0,11.0,76.0,10.0,29.91,1.0,2
463,2011-04-09,20.0,9.0,65.0,11.0,29.94,0.0,1
464,2011-04-10,20.0,9.0,62.0,12.0,29.94,0.0,1
465,2011-04-11,20.0,7.0,59.0,11.0,29.91,0.0,1
466,2011-04-12,21.0,8.0,59.0,9.0,29.88,0.0,1
467,2011-04-13,21.0,9.0,63.0,11.0,29.88,0.1,1
468,2011-04-14,21.0,11.0,67.0,8.0,29.85,0.5,2
469,2011-04-15,20.0,12.0,75.0,6.0,29.85,8.3,2
470,2011-04-16,20.0,13.0,78.0,11.0,29.85,8.1,2
471,2011-04-17,20.0,12.0,74.0,13.0,29.91,0.3,2
472,2011-04-18,21.0,12.0,70.0,12.0,29.91,0.1,2
473,2011-04-19,21.0,12.0,73.0,8.0,29.88,7.0,2
474,2011-04-20,20.0,13.0,76.0,9.0,29.85,5.0,2
475,2011-04-21,20.0,13.0,77.0,8.0,29.88,6.2,2
476,2011-04-22,21.0,14.0,79.0,6.0,29.85,19.0,2
477,2011-04-23,19.0,14.0,85.0,4.0,29.85,35.0,3
478,2011-04-24,20.0,14.0,84.0,3.0,29.85,25.8,3
479,2011-04-25,19.0,15.0,85.0,5.0,29.85,34.5,3
480,2011-04-26,20.0,16.0,86.0,4.0,29.88,58.9,3
481,2011-04-27,19.0,16.0,88.0,3.0,29.91,46.5,3
482,2011-04-28,19.0,16.0,87.0,3.0,29.91,36.3,3
483,2011-04-29,18.0,15.0,88.0,4.0,29.88,28.8,3
484,2011-04-30,18.0,16.0,90.0,4.0,29.91,59.1,3
485,2011-05-01,20.0,15.0,85.0,4.0,29.94,2.1,0
486,2011-05-02,18.0,14.0,86.0,3.0,29.94,15.2,0
487,2011-05-03,16.0,14.0,91.0,5.0,29.97,29.6,3
488,2011-05-04,19.0,15.0,89.0,5.0,29.94,39.3,3
489,2011-05-05,18.0,15.0,90.0,5.0,29.97,24.2,3
490,2011-05-06,19.0,15.0,89.0,2.0,29.97,11.9,0
491,2011-05-07,19.0,15.0,87.0,6.0,29.94,9.0,0
492,2011-05-08,19.0,15.0,86.0,4.0,29.91,16.8,3
493,2011-05-09,19.0,15.0,86.0,4.0,29.88,7.9,2
494,2011-05-10,19.0,15.0,87.0,6.0,29.88,2.7,2
495,2011-05-11,19.0,14.0,86.0,4.0,29.91,5.8,2
496,2011-05-12,18.0,13.0,82.0,5.0,29.91,0.1,2
497,2011-05-13,18.0,12.0,83.0,4.0,29.91,0.9,0
498,2011-05-14,18.0,12.0,83.0,4.0,29.88,1.2,2
499,2011-05-15,18.0,13.0,86.0,5.0,29.88,7.3,2
500,2011-05-16,19.0,14.0,86.0,4.0,29.88,5.1,2
501,2011-05-17,19.0,14.0,85.0,7.0,29.91,1.1,2
502,2011-05-18,19.0,13.0,82.0,5.0,29.91,0.4,2
503,2011-05-19,19.0,14.0,87.0,3.0,29.91,8.6,0
504,2011-05-20,17.0,14.0,89.0,3.0,29.91,22.3,3
505,2011-05-21,14.0,13.0,94.0,5.0,29.97,77.0,3
506,2011-05-22,17.0,13.0,90.0,3.0,29.94,9.1,0
507,2011-05-23,17.0,12.0,89.0,4.0,29.94,4.0,0
508,2011-05-24,17.0,13.0,86.0,5.0,29.94,2.0,0
509,2011-05-25,18.0,13.0,86.0,5.0,29.97,5.9,0
510,2011-05-26,18.0,14.0,87.0,4.0,29.97,5.0,0
511,2011-05-27,18.0,13.0,85.0,4.0,29.97,4.4,0
512,2011-05-28,18.0,13.0,84.0,3.0,29.97,2.0,0
513,2011-05-29,18.0,13.0,85.0,4.0,29.97,1.7,0
514,2011-05-30,18.0,13.0,85.0,4.0,29.97,4.2,0
515,2011-05-31,17.0,13.0,87.0,2.0,30.0,6.6,0
516,2011-06-01,18.0,14.0,89.0,3.0,30.0,17.7,0
517,2011-06-02,18.0,15.0,90.0,3.0,29.97,19.1,3
518,2011-06-03,19.0,15.0,90.0,2.0,29.94,6.6,0
519,2011-06-04,18.0,14.0,89.0,3.0,29.94,9.1,0
520,2011-06-05,18.0,13.0,88.0,2.0,29.94,0.8,0
521,2011-06-06,17.0,12.0,88.0,2.0,29.94,2.6,0
522,2011-06-07,18.0,13.0,83.0,3.0,29.94,2.7,0
523,2011-06-08,18.0,14.0,83.0,4.0,29.97,3.6,0
524,2011-06-09,18.0,15.0,87.0,4.0,29.94,7.2,0
525,2011-06-10,16.0,12.0,88.0,7.0,29.94,0.2,0
526,2011-06-11,17.0,12.0,83.0,5.0,29.97,4.2,0
527,2011-06-12,18.0,14.0,83.0,4.0,30.0,1.5,0
528,2011-06-13,17.0,15.0,90.0,4.0,30.03,6.1,0
529,2011-06-14,17.0,15.0,92.0,6.0,30.0,34.0,3
530,2011-06-15,18.0,15.0,92.0,3.0,30.0,11.7,0
531,2011-06-16,18.0,15.0,90.0,3.0,29.97,8.6,0
532,2011-06-17,18.0,14.0,89.0,3.0,29.97,1.7,0
533,2011-06-18,18.0,14.0,90.0,2.0,29.94,10.8,0
534,2011-06-19,17.0,14.0,91.0,3.0,29.94,1.0,0
535,2011-06-20,16.0,14.0,92.0,4.0,29.94,5.8,0
536,2011-06-21,17.0,14.0,91.0,4.0,29.97,5.4,0
537,2011-06-22,17.0,14.0,90.0,5.0,29.94,1.7,0
538,2011-06-23,17.0,13.0,90.0,2.0,29.94,5.9,0
539,2011-06-24,18.0,14.0,92.0,3.0,29.94,21.0,3
540,2011-06-25,17.0,13.0,91.0,2.0,29.97,15.7,0
541,2011-06-26,17.0,13.0,91.0,4.0,29.94,11.4,0
542,2011-06-27,18.0,13.0,83.0,4.0,29.97,1.8,0
543,2011-06-28,16.0,14.0,92.0,4.0,29.97,7.9,0
544,2011-06-29,17.0,14.0,91.0,3.0,29.97,21.3,3
545,2011-06-30,17.0,14.0,92.0,3.0,30.0,16.6,0
546,2011-07-01,17.0,13.0,90.0,3.0,29.97,5.0,0
547,2011-07-02,17.0,12.0,89.0,2.0,29.94,13.0,0
548,2011-07-03,18.0,13.0,88.0,3.0,29.94,1.4,0
549,2011-07-04,18.0,13.0,89.0,2.0,30.0,1.0,0
550,2011-07-05,18.0,13.0,87.0,4.0,30.0,1.1,0
551,2011-07-06,17.0,13.0,90.0,3.0,30.0,0.9,0
552,2011-07-07,17.0,13.0,89.0,2.0,29.97,10.8,0
553,2011-07-08,17.0,13.0,90.0,4.0,29.97,6.5,0
554,2011-07-09,17.0,13.0,89.0,4.0,30.0,2.5,0
555,2011-07-10,17.0,12.0,89.0,3.0,30.0,3.5,0
556,2011-07-11,17.0,12.0,89.0,2.0,29.97,5.0,0
557,2011-07-12,17.0,12.0,89.0,3.0,29.97,4.9,0
558,2011-07-13,17.0,12.0,86.0,2.0,29.97,7.4,0
559,2011-07-14,17.0,12.0,86.0,4.0,29.97,5.8,0
560,2011-07-15,17.0,13.0,87.0,3.0,30.0,4.4,0
561,2011-07-16,17.0,13.0,87.0,2.0,30.0,3.8,0
562,2011-07-17,17.0,13.0,88.0,3.0,29.97,1.9,0
563,2011-07-18,17.0,13.0,87.0,4.0,30.0,2.9,0
564,2011-07-19,18.0,14.0,87.0,3.0,30.0,6.4,0
565,2011-07-20,17.0,14.0,88.0,5.0,30.0,5.1,0
566,2011-07-21,17.0,14.0,90.0,4.0,30.0,18.9,0
567,2011-07-22,16.0,13.0,91.0,4.0,30.0,2.0,0
568,2011-07-23,17.0,14.0,89.0,3.0,30.0,3.6,0
569,2011-07-24,17.0,15.0,90.0,4.0,29.97,21.9,3
570,2011-07-25,17.0,14.0,90.0,6.0,29.94,18.9,3
571,2011-07-26,18.0,15.0,91.0,3.0,29.94,16.3,0
572,2011-07-27,18.0,14.0,89.0,4.0,29.94,3.0,0
573,2011-07-28,18.0,13.0,87.0,5.0,29.88,0.9,2
574,2011-07-29,18.0,14.0,89.0,3.0,29.88,12.1,0
575,2011-07-30,17.0,15.0,93.0,4.0,29.94,14.4,0
576,2011-07-31,18.0,15.0,92.0,2.0,29.94,16.1,0
577,2011-08-01,18.0,14.0,89.0,4.0,29.94,7.4,0
578,2011-08-02,18.0,14.0,90.0,3.0,29.94,3.0,0
579,2011-08-03,18.0,14.0,89.0,3.0,29.94,10.8,0
580,2011-08-04,17.0,14.0,90.0,3.0,30.0,4.1,0
581,2011-08-05,18.0,14.0,86.0,3.0,29.97,10.9,0
582,2011-08-06,17.0,14.0,91.0,2.0,29.97,10.2,0
583,2011-08-07,17.0,15.0,90.0,6.0,29.97,17.7,0
584,2011-08-08,16.0,15.0,94.0,5.0,30.0,63.7,3
585,2011-08-09,17.0,15.0,94.0,4.0,30.0,7.9,0
586,2011-08-10,17.0,15.0,92.0,5.0,29.94,11.5,0
587,2011-08-11,17.0,14.0,91.0,4.0,29.94,6.9,0
588,2011-08-12,16.0,14.0,94.0,4.0,29.94,18.3,3
589,2011-08-13,16.0,15.0,94.0,5.0,29.91,30.5,3
590,2011-08-14,16.0,14.0,94.0,4.0,29.94,21.0,3
591,2011-08-15,17.0,14.0,90.0,3.0,29.97,2.7,0
592,2011-08-16,17.0,14.0,90.0,4.0,29.94,4.4,0
593,2011-08-17,16.0,14.0,92.0,3.0,29.97,15.3,0
594,2011-08-18,16.0,14.0,93.0,2.0,29.97,24.1,3
595,2011-08-19,17.0,13.0,89.0,4.0,29.94,5.0,0
596,2011-08-20,17.0,13.0,89.0,3.0,29.94,4.0,0
597,2011-08-21,18.0,13.0,89.0,4.0,29.94,7.5,0
598,2011-08-22,18.0,15.0,90.0,4.0,29.94,19.7,3
599,2011-08-23,19.0,14.0,87.0,2.0,29.97,13.3,0
600,2011-08-24,18.0,15.0,87.0,4.0,29.97,17.8,0
601,2011-08-25,17.0,14.0,89.0,5.0,29.94,8.5,0
602,2011-08-26,18.0,14.0,87.0,5.0,29.97,8.8,0
603,2011-08-27,17.0,14.0,89.0,4.0,30.0,14.1,0
604,2011-08-28,17.0,14.0,91.0,2.0,29.97,17.9,0
605,2011-08-29,18.0,15.0,89.0,3.0,29.97,14.6,0
606,2011-08-30,18.0,14.0,88.0,5.0,29.97,10.2,0
607,2011-08-31,18.0,14.0,87.0,3.0,29.97,8.8,0
608,2011-09-01,18.0,15.0,87.0,3.0,29.97,23.2,3
609,2011-09-02,17.0,15.0,91.0,4.0,29.97,24.5,3
610,2011-09-03,18.0,14.0,89.0,6.0,29.94,2.9,0
611,2011-09-04,18.0,14.0,89.0,4.0,29.94,37.8,3
612,2011-09-05,17.0,15.0,92.0,6.0,29.97,17.3,0
613,2011-09-06,16.0,14.0,95.0,4.0,30.0,14.6,0
614,2011-09-07,14.0,13.0,94.0,4.0,30.03,58.1,3
615,2011-09-08,17.0,12.0,88.0,5.0,29.97,18.9,0
616,2011-09-09,18.0,14.0,89.0,7.0,29.97,19.0,0
617,2011-09-10,18.0,14.0,88.0,6.0,29.97,6.1,0
618,2011-09-11,18.0,14.0,86.0,6.0,29.97,6.1,0
619,2011-09-12,18.0,14.0,88.0,5.0,29.91,4.3,0
620,2011-09-13,18.0,14.0,88.0,4.0,29.94,8.6,0
621,2011-09-14,18.0,14.0,86.0,5.0,29.94,9.3,0
622,2011-09-15,18.0,14.0,88.0,4.0,29.94,8.2,0
623,2011-09-16,19.0,15.0,87.0,4.0,29.91,26.8,3
624,2011-09-17,18.0,15.0,90.0,3.0,29.94,17.9,3
625,2011-09-18,18.0,14.0,87.0,3.0,29.94,3.4,0
626,2011-09-19,17.0,13.0,85.0,5.0,29.94,5.4,0
627,2011-09-20,18.0,12.0,81.0,6.0,29.97,0.3,0
628,2011-09-21,18.0,11.0,76.0,8.0,29.97,0.0,0
629,2011-09-22,18.0,10.0,73.0,5.0,29.94,0.1,2
630,2011-09-23,19.0,12.0,75.0,3.0,29.94,3.1,0
631,2011-09-24,19.0,13.0,80.0,5.0,29.94,8.6,0
632,2011-09-25,19.0,14.0,81.0,3.0,29.97,8.4,0
633,2011-09-26,19.0,13.0,79.0,4.0,29.94,5.0,0
634,2011-09-27,19.0,14.0,84.0,6.0,29.94,9.3,0
635,2011-09-28,18.0,13.0,83.0,5.0,29.91,6.0,0
636,2011-09-29,18.0,12.0,79.0,7.0,29.91,3.9,2
637,2011-09-30,18.0,12.0,78.0,6.0,29.91,5.2,2
638,2011-10-01,18.0,12.0,78.0,8.0,29.94,0.9,2
639,2011-10-02,19.0,12.0,78.0,7.0,29.91,0.5,2
640,2011-10-03,18.0,11.0,75.0,7.0,29.91,0.6,2
641,2011-10-04,19.0,13.0,78.0,6.0,29.91,2.7,2
642,2011-10-05,19.0,13.0,74.0,6.0,29.91,3.5,2
643,2011-10-06,20.0,13.0,77.0,8.0,29.91,3.7,2
644,2011-10-07,19.0,12.0,73.0,9.0,29.91,0.7,2
645,2011-10-08,18.0,10.0,70.0,9.0,29.91,0.0,2
646,2011-10-09,19.0,11.0,68.0,6.0,29.91,1.5,2
647,2011-10-10,19.0,12.0,73.0,5.0,29.91,0.3,2
648,2011-10-11,19.0,13.0,76.0,5.0,29.88,3.1,2
649,2011-10-12,19.0,13.0,79.0,9.0,29.85,4.9,2
650,2011-10-13,18.0,14.0,82.0,8.0,29.85,2.4,2
651,2011-10-14,18.0,14.0,85.0,11.0,29.85,9.6,2
652,2011-10-15,18.0,14.0,84.0,12.0,29.85,2.9,2
653,2011-10-16,19.0,13.0,75.0,9.0,29.85,0.0,2
654,2011-10-17,19.0,13.0,76.0,10.0,29.83,1.2,2
655,2011-10-18,19.0,13.0,78.0,11.0,29.83,3.6,2
656,2011-10-19,19.0,14.0,83.0,10.0,29.85,12.1,2
657,2011-10-20,18.0,13.0,82.0,9.0,29.85,12.2,2
658,2011-10-21,18.0,13.0,79.0,11.0,29.85,2.5,2
659,2011-10-22,19.0,12.0,74.0,12.0,29.83,0.1,2
660,2011-10-23,19.0,11.0,72.0,9.0,29.85,0.3,2
661,2011-10-24,18.0,12.0,78.0,5.0,29.85,21.3,2
662,2011-10-25,18.0,13.0,81.0,7.0,29.85,15.2,2
663,2011-10-26,17.0,12.0,79.0,6.0,29.85,9.7,2
664,2011-10-27,17.0,12.0,81.0,6.0,29.88,14.1,2
665,2011-10-28,18.0,14.0,86.0,5.0,29.88,33.3,3
666,2011-10-29,18.0,14.0,87.0,2.0,29.91,42.8,3
667,2011-10-30,18.0,14.0,85.0,3.0,29.85,20.5,3
668,2011-10-31,20.0,13.0,77.0,5.0,29.85,3.3,2
669,2011-11-01,19.0,13.0,81.0,5.0,29.88,13.0,2
670,2011-11-02,19.0,14.0,84.0,4.0,29.88,34.2,3
671,2011-11-03,18.0,15.0,88.0,5.0,29.88,31.5,3
672,2011-11-04,16.0,15.0,92.0,6.0,29.91,49.7,3
673,2011-11-05,19.0,15.0,88.0,5.0,29.91,23.5,3
674,2011-11-06,18.0,15.0,87.0,4.0,29.94,27.9,3
675,2011-11-07,19.0,14.0,84.0,6.0,29.91,2.5,2
676,2011-11-08,19.0,14.0,82.0,8.0,29.88,11.0,2
677,2011-11-09,18.0,15.0,87.0,3.0,29.85,36.9,3
678,2011-11-10,19.0,15.0,84.0,6.0,29.85,10.6,2
679,2011-11-11,19.0,14.0,83.0,11.0,29.85,2.5,2
680,2011-11-12,18.0,13.0,82.0,14.0,29.85,0.6,2
681,2011-11-13,18.0,13.0,83.0,12.0,29.88,15.4,2
682,2011-11-14,17.0,12.0,79.0,14.0,29.85,0.2,2
683,2011-11-15,18.0,13.0,81.0,14.0,29.88,2.1,2
684,2011-11-16,18.0,13.0,82.0,15.0,29.88,0.9,2
685,2011-11-17,19.0,14.0,80.0,13.0,29.88,0.8,2
686,2011-11-18,19.0,14.0,80.0,12.0,29.85,4.9,2
687,2011-11-19,19.0,14.0,82.0,10.0,29.85,9.4,2
688,2011-11-20,19.0,14.0,80.0,9.0,29.88,8.6,2
689,2011-11-21,19.0,14.0,81.0,6.0,29.88,11.7,2
690,2011-11-22,19.0,14.0,80.0,7.0,29.91,9.4,2
691,2011-11-23,19.0,13.0,78.0,9.0,29.88,1.3,2
692,2011-11-24,19.0,14.0,81.0,6.0,29.88,16.7,2
693,2011-11-25,17.0,14.0,86.0,5.0,29.91,34.8,3
694,2011-11-26,17.0,14.0,88.0,4.0,29.94,27.6,3
695,2011-11-27,19.0,14.0,83.0,6.0,29.88,14.5,2
696,2011-11-28,19.0,14.0,83.0,7.0,29.88,20.7,3
697,2011-11-29,19.0,15.0,84.0,3.0,29.88,22.2,3
698,2011-11-30,18.0,14.0,85.0,4.0,29.88,20.5,3
699,2011-12-01,18.0,14.0,86.0,3.0,29.91,22.1,3
700,2011-12-02,18.0,15.0,89.0,4.0,29.91,29.1,3
701,2011-12-03,17.0,14.0,88.0,10.0,29.88,28.0,3
702,2011-12-04,18.0,13.0,84.0,11.0,29.85,6.1,2
703,2011-12-05,18.0,12.0,77.0,13.0,29.88,0.2,2
704,2011-12-06,18.0,12.0,77.0,12.0,29.91,3.1,2
705,2011-12-07,17.0,11.0,77.0,10.0,29.91,0.2,2
706,2011-12-08,17.0,10.0,75.0,14.0,29.88,0.0,2
707,2011-12-09,16.0,10.0,74.0,15.0,29.85,0.0,2
708,2011-12-10,17.0,11.0,75.0,13.0,29.88,0.0,2
709,2011-12-11,18.0,10.0,70.0,11.0,29.88,0.0,2
710,2011-12-12,17.0,9.0,67.0,12.0,29.88,0.0,2
711,2011-12-13,18.0,11.0,74.0,10.0,29.91,0.4,2
712,2011-12-14,17.0,10.0,74.0,11.0,29.91,0.1,2
713,2011-12-15,18.0,10.0,73.0,11.0,29.91,0.3,2
714,2011-12-16,18.0,12.0,77.0,10.0,29.91,18.7,2
715,2011-12-17,18.0,11.0,74.0,9.0,29.88,0.4,2
716,2011-12-18,19.0,11.0,71.0,10.0,29.91,0.4,2
717,2011-12-19,18.0,11.0,73.0,13.0,29.91,0.1,2
718,2011-12-20,17.0,9.0,70.0,14.0,29.94,0.0,2
719,2011-12-21,17.0,9.0,68.0,13.0,29.94,0.0,2
720,2011-12-22,17.0,10.0,72.0,14.0,29.94,0.0,2
721,2011-12-23,18.0,10.0,69.0,12.0,29.94,0.0,2
722,2011-12-24,19.0,11.0,72.0,7.0,29.94,2.1,2
723,2011-12-25,19.0,12.0,72.0,5.0,29.94,7.0,2
724,2011-12-26,19.0,11.0,70.0,8.0,29.97,0.7,2
725,2011-12-27,19.0,13.0,73.0,10.0,29.94,7.6,2
726,2011-12-28,19.0,12.0,72.0,12.0,29.94,0.6,2
727,2011-12-29,18.0,8.0,63.0,12.0,29.94,0.0,1
728,2011-12-30,17.0,7.0,58.0,14.0,29.97,0.0,1
729,2011-12-31,17.0,8.0,61.0,12.0,29.97,0.0,2
730,2012-01-01,17.0,7.0,62.0,14.0,29.97,0.0,1
731,2012-01-02,17.0,3.0,48.0,11.0,29.97,0.0,1
732,2012-01-03,17.0,2.0,45.0,9.0,29.94,0.0,1
733,2012-01-04,18.0,6.0,54.0,7.0,29.94,0.0,1
734,2012-01-05,18.0,7.0,55.0,7.0,29.94,0.1,1
735,2012-01-06,19.0,8.0,56.0,10.0,29.91,0.0,1
736,2012-01-07,20.0,8.0,56.0,9.0,29.91,0.3,1
737,2012-01-08,19.0,10.0,65.0,11.0,29.94,0.0,2
738,2012-01-09,20.0,8.0,58.0,8.0,29.91,0.8,1
739,2012-01-10,18.0,9.0,63.0,16.0,29.94,0.0,1
740,2012-01-11,18.0,9.0,67.0,18.0,29.94,0.0,1
741,2012-01-12,19.0,9.0,64.0,17.0,29.94,0.0,1
742,2012-01-13,19.0,9.0,62.0,11.0,29.97,0.0,1
743,2012-01-14,19.0,5.0,50.0,9.0,29.94,0.0,1
744,2012-01-15,20.0,6.0,50.0,8.0,29.88,0.0,1
745,2012-01-16,19.0,9.0,59.0,10.0,29.85,0.6,1
746,2012-01-17,19.0,7.0,53.0,13.0,29.85,0.0,1
747,2012-01-18,19.0,8.0,57.0,13.0,29.88,0.1,1
748,2012-01-19,19.0,9.0,58.0,10.0,29.91,0.4,1
749,2012-01-20,19.0,8.0,55.0,9.0,29.91,0.0,1
750,2012-01-21,19.0,5.0,47.0,11.0,29.88,0.0,1
751,2012-01-22,19.0,2.0,41.0,12.0,29.91,0.0,1
752,2012-01-23,19.0,3.0,42.0,11.0,29.94,0.0,1
753,2012-01-24,19.0,4.0,45.0,12.0,29.94,0.0,1
754,2012-01-25,19.0,4.0,45.0,14.0,29.91,0.0,1
755,2012-01-26,19.0,5.0,51.0,11.0,29.91,0.0,1
756,2012-01-27,20.0,7.0,54.0,13.0,29.91,0.0,1
757,2012-01-28,20.0,5.0,48.0,13.0,29.88,0.0,1
758,2012-01-29,19.0,4.0,44.0,14.0,29.85,0.0,1
759,2012-01-30,18.0,4.0,46.0,15.0,29.85,0.0,1
760,2012-01-31,18.0,2.0,41.0,18.0,29.91,0.0,1
761,2012-02-01,18.0,3.0,46.0,16.0,29.94,0.0,1
762,2012-02-02,19.0,4.0,48.0,8.0,29.94,0.0,1
763,2012-02-03,20.0,2.0,39.0,12.0,29.94,0.0,1
764,2012-02-04,20.0,6.0,48.0,15.0,29.94,0.0,1
765,2012-02-05,20.0,7.0,51.0,17.0,29.88,0.0,1
766,2012-02-06,19.0,5.0,51.0,18.0,29.88,0.0,1
767,2012-02-07,19.0,6.0,50.0,19.0,29.88,0.0,1
768,2012-02-08,18.0,5.0,50.0,18.0,29.88,0.0,1
769,2012-02-09,19.0,4.0,46.0,17.0,29.88,0.0,1
770,2012-02-10,19.0,6.0,52.0,16.0,29.85,0.0,1
771,2012-02-11,20.0,9.0,58.0,15.0,29.88,0.2,1
772,2012-02-12,21.0,10.0,58.0,12.0,29.85,2.1,1
773,2012-02-13,20.0,9.0,57.0,17.0,29.85,0.0,1
774,2012-02-14,20.0,8.0,54.0,19.0,29.85,0.0,1
775,2012-02-15,19.0,5.0,49.0,20.0,29.91,0.0,1
776,2012-02-16,20.0,7.0,51.0,15.0,29.85,0.6,1
777,2012-02-17,19.0,10.0,67.0,12.0,29.85,2.0,2
778,2012-02-18,19.0,11.0,70.0,12.0,29.85,19.3,2
779,2012-02-19,20.0,9.0,62.0,14.0,29.88,0.0,1
780,2012-02-20,20.0,7.0,52.0,13.0,29.91,0.0,1
781,2012-02-21,21.0,9.0,54.0,12.0,29.88,0.0,1
782,2012-02-22,20.0,10.0,59.0,14.0,29.83,1.0,1
783,2012-02-23,20.0,10.0,62.0,16.0,29.83,0.0,1
784,2012-02-24,19.0,7.0,55.0,16.0,29.85,0.0,1
785,2012-02-25,19.0,4.0,50.0,8.0,29.85,0.0,1
786,2012-02-26,19.0,8.0,59.0,4.0,29.83,6.4,2
787,2012-02-27,19.0,11.0,69.0,7.0,29.85,6.2,2
788,2012-02-28,20.0,11.0,66.0,9.0,29.85,6.4,2
789,2012-02-29,20.0,10.0,63.0,10.0,29.83,6.8,2
790,2012-03-01,20.0,10.0,58.0,7.0,29.85,7.1,2
791,2012-03-02,20.0,10.0,63.0,7.0,29.88,2.3,2
792,2012-03-03,19.0,11.0,67.0,8.0,29.91,6.0,2
793,2012-03-04,20.0,11.0,67.0,6.0,29.91,5.3,2
794,2012-03-05,20.0,12.0,70.0,7.0,29.88,10.4,2
795,2012-03-06,20.0,11.0,67.0,12.0,29.88,1.0,2
796,2012-03-07,19.0,7.0,57.0,14.0,29.91,0.2,1
797,2012-03-08,18.0,5.0,48.0,15.0,29.91,0.0,1
798,2012-03-09,19.0,4.0,47.0,14.0,29.91,0.0,1
799,2012-03-10,20.0,5.0,51.0,8.0,29.91,0.0,1
800,2012-03-11,21.0,6.0,46.0,8.0,29.88,0.0,1
801,2012-03-12,20.0,5.0,45.0,11.0,29.91,0.0,1
802,2012-03-13,20.0,5.0,46.0,13.0,29.94,0.0,1
803,2012-03-14,20.0,6.0,46.0,11.0,29.97,0.0,1
804,2012-03-15,21.0,4.0,40.0,9.0,29.94,0.0,1
805,2012-03-16,21.0,2.0,34.0,8.0,29.94,0.0,1
806,2012-03-17,22.0,6.0,43.0,10.0,29.91,0.0,1
807,2012-03-18,21.0,8.0,50.0,11.0,29.91,0.1,1
808,2012-03-19,21.0,10.0,58.0,14.0,29.91,0.5,1
809,2012-03-20,21.0,11.0,62.0,16.0,29.91,0.5,1
810,2012-03-21,21.0,10.0,60.0,16.0,29.88,0.0,1
811,2012-03-22,20.0,8.0,56.0,13.0,29.88,0.0,1
812,2012-03-23,20.0,9.0,60.0,13.0,29.85,0.0,1
813,2012-03-24,21.0,10.0,63.0,12.0,29.85,0.0,1
814,2012-03-25,20.0,11.0,64.0,14.0,29.88,0.2,2
815,2012-03-26,21.0,9.0,59.0,14.0,29.88,0.0,1
816,2012-03-27,21.0,10.0,63.0,12.0,29.88,0.6,1
817,2012-03-28,21.0,9.0,59.0,13.0,29.91,0.0,1
818,2012-03-29,21.0,8.0,56.0,10.0,29.91,0.0,1
819,2012-03-30,20.0,10.0,64.0,10.0,29.91,0.6,2
820,2012-03-31,21.0,11.0,66.0,8.0,29.91,6.3,2
821,2012-04-01,21.0,11.0,68.0,7.0,29.94,2.6,2
822,2012-04-02,20.0,13.0,76.0,5.0,29.94,25.8,3
823,2012-04-03,19.0,14.0,79.0,6.0,29.94,29.1,3
824,2012-04-04,20.0,13.0,76.0,10.0,29.88,13.1,2
825,2012-04-05,18.0,13.0,78.0,10.0,29.88,5.2,2
826,2012-04-06,18.0,13.0,82.0,8.0,29.88,28.3,3
827,2012-04-07,18.0,12.0,78.0,9.0,29.88,10.7,2
828,2012-04-08,19.0,11.0,71.0,9.0,29.85,0.3,2
829,2012-04-09,20.0,13.0,77.0,8.0,29.85,15.9,2
830,2012-04-10,20.0,14.0,79.0,9.0,29.85,9.4,2
831,2012-04-11,20.0,11.0,70.0,7.0,29.88,3.2,2
832,2012-04-12,19.0,12.0,75.0,6.0,29.91,18.9,2
833,2012-04-13,19.0,13.0,79.0,4.0,29.88,19.6,2
834,2012-04-14,19.0,15.0,82.0,5.0,29.85,36.1,3
835,2012-04-15,19.0,14.0,83.0,4.0,29.85,38.8,3
836,2012-04-16,19.0,13.0,80.0,6.0,29.85,19.9,2
837,2012-04-17,19.0,14.0,83.0,4.0,29.88,13.5,2
838,2012-04-18,18.0,14.0,85.0,5.0,29.88,30.7,3
839,2012-04-19,19.0,15.0,83.0,3.0,29.88,7.5,2
840,2012-04-20,20.0,13.0,78.0,3.0,29.88,1.1,2
841,2012-04-21,19.0,14.0,82.0,4.0,29.91,14.3,2
842,2012-04-22,18.0,15.0,89.0,5.0,29.94,15.2,0
843,2012-04-23,19.0,15.0,85.0,3.0,29.91,24.5,3
844,2012-04-24,16.0,15.0,94.0,6.0,29.94,51.8,3
845,2012-04-25,16.0,12.0,87.0,5.0,30.0,8.3,0
846,2012-04-26,19.0,14.0,85.0,4.0,29.94,12.8,0
847,2012-04-27,19.0,15.0,87.0,3.0,29.94,26.6,3
848,2012-04-28,19.0,15.0,88.0,2.0,29.91,47.0,3
849,2012-04-29,17.0,15.0,90.0,4.0,29.94,41.5,3
850,2012-04-30,18.0,15.0,89.0,4.0,29.91,36.6,3
851,2012-05-01,18.0,14.0,88.0,4.0,29.91,36.1,3
852,2012-05-02,19.0,14.0,87.0,4.0,29.91,13.2,0
853,2012-05-03,18.0,14.0,89.0,3.0,29.91,22.8,3
854,2012-05-04,18.0,14.0,90.0,3.0,29.91,20.1,3
855,2012-05-05,18.0,14.0,90.0,4.0,29.91,23.2,3
856,2012-05-06,18.0,15.0,90.0,3.0,29.91,26.8,3
857,2012-05-07,18.0,16.0,91.0,3.0,29.91,32.4,3
858,2012-05-08,15.0,14.0,95.0,5.0,29.91,65.3,3
859,2012-05-09,18.0,14.0,90.0,4.0,29.91,13.4,0
860,2012-05-10,18.0,15.0,91.0,7.0,29.91,15.9,3
861,2012-05-11,18.0,14.0,86.0,5.0,29.94,0.8,0
862,2012-05-12,18.0,13.0,86.0,3.0,29.91,3.6,0
863,2012-05-13,18.0,14.0,89.0,5.0,29.88,9.6,2
864,2012-05-14,18.0,14.0,91.0,5.0,29.88,22.9,3
865,2012-05-15,18.0,13.0,87.0,5.0,29.94,2.2,0
866,2012-05-16,18.0,13.0,87.0,4.0,29.94,1.8,0
867,2012-05-17,18.0,14.0,90.0,3.0,29.91,17.9,3
868,2012-05-18,18.0,14.0,92.0,3.0,29.91,14.2,0
869,2012-05-19,19.0,14.0,88.0,4.0,29.94,5.1,0
870,2012-05-20,18.0,14.0,86.0,7.0,29.94,3.2,0
871,2012-05-21,18.0,13.0,86.0,5.0,29.94,2.7,0
872,2012-05-22,17.0,13.0,86.0,3.0,29.94,6.0,0
873,2012-05-23,17.0,13.0,87.0,4.0,29.97,5.1,0
874,2012-05-24,17.0,13.0,88.0,4.0,29.94,15.0,0
875,2012-05-25,17.0,13.0,87.0,7.0,29.97,6.7,0
876,2012-05-26,18.0,13.0,85.0,5.0,29.97,0.5,0
877,2012-05-27,18.0,12.0,84.0,3.0,30.0,2.7,0
878,2012-05-28,17.0,12.0,86.0,4.0,30.0,14.3,0
879,2012-05-29,18.0,12.0,84.0,4.0,30.0,2.5,0
880,2012-05-30,17.0,11.0,78.0,5.0,30.03,0.0,0
881,2012-05-31,17.0,10.0,79.0,3.0,30.0,0.1,0
882,2012-06-01,17.0,11.0,83.0,2.0,30.0,0.7,0
883,2012-06-02,17.0,12.0,88.0,2.0,30.0,3.3,0
884,2012-06-03,17.0,12.0,88.0,3.0,30.0,2.7,0
885,2012-06-04,17.0,13.0,88.0,3.0,29.97,1.7,0
886,2012-06-05,17.0,12.0,86.0,3.0,29.97,1.8,0
887,2012-06-06,17.0,13.0,89.0,2.0,29.97,0.9,0
888,2012-06-07,17.0,13.0,91.0,5.0,30.0,5.6,0
889,2012-06-08,17.0,14.0,92.0,4.0,29.97,13.4,0
890,2012-06-09,18.0,14.0,90.0,2.0,30.0,10.4,0
891,2012-06-10,18.0,13.0,85.0,3.0,30.0,0.3,0
892,2012-06-11,18.0,12.0,83.0,5.0,29.97,0.1,0
893,2012-06-12,18.0,12.0,84.0,3.0,29.94,1.8,0
894,2012-06-13,18.0,12.0,86.0,3.0,29.94,2.5,0
895,2012-06-14,18.0,13.0,85.0,3.0,29.94,2.8,0
896,2012-06-15,18.0,12.0,85.0,3.0,29.94,1.0,0
897,2012-06-16,17.0,13.0,89.0,2.0,29.94,4.6,0
898,2012-06-17,18.0,14.0,90.0,3.0,29.97,8.4,0
899,2012-06-18,17.0,13.0,89.0,3.0,30.0,3.0,0
900,2012-06-19,17.0,14.0,91.0,2.0,30.0,15.8,0
901,2012-06-20,17.0,15.0,91.0,3.0,30.0,11.4,0
902,2012-06-21,16.0,14.0,92.0,3.0,29.97,15.7,0
903,2012-06-22,16.0,14.0,93.0,3.0,30.0,10.1,0
904,2012-06-23,17.0,13.0,89.0,4.0,30.0,7.0,0
905,2012-06-24,15.0,12.0,93.0,3.0,30.0,10.1,0
906,2012-06-25,17.0,12.0,86.0,3.0,29.97,11.8,0
907,2012-06-26,17.0,13.0,91.0,5.0,30.03,8.4,0
908,2012-06-27,17.0,12.0,88.0,2.0,30.03,5.0,0
909,2012-06-28,16.0,12.0,89.0,2.0,30.0,1.1,0
910,2012-06-29,17.0,13.0,89.0,3.0,29.97,2.3,0
911,2012-06-30,17.0,13.0,90.0,3.0,29.94,3.0,0
912,2012-07-01,17.0,13.0,89.0,4.0,29.94,3.3,0
913,2012-07-02,16.0,12.0,88.0,3.0,29.94,2.7,0
914,2012-07-03,17.0,13.0,89.0,3.0,29.94,6.0,0
915,2012-07-04,17.0,14.0,91.0,5.0,29.94,8.8,0
916,2012-07-05,16.0,12.0,83.0,7.0,29.94,0.9,0
917,2012-07-06,16.0,13.0,85.0,4.0,29.94,3.9,0
918,2012-07-07,16.0,12.0,84.0,5.0,29.97,0.3,0
919,2012-07-08,17.0,13.0,88.0,4.0,29.94,1.9,0
920,2012-07-09,17.0,13.0,88.0,3.0,29.94,2.3,0
921,2012-07-10,18.0,14.0,89.0,3.0,29.94,1.5,0
922,2012-07-11,18.0,14.0,88.0,3.0,29.94,1.3,0
923,2012-07-12,18.0,14.0,89.0,4.0,29.94,1.5,0
924,2012-07-13,17.0,13.0,89.0,3.0,29.94,2.6,0
925,2012-07-14,17.0,13.0,88.0,4.0,29.97,1.7,0
926,2012-07-15,17.0,12.0,87.0,2.0,29.97,1.2,0
927,2012-07-16,17.0,12.0,88.0,5.0,29.97,1.1,0
928,2012-07-17,17.0,13.0,84.0,5.0,29.97,0.9,0
929,2012-07-18,16.0,13.0,90.0,5.0,30.0,19.3,0
930,2012-07-19,16.0,13.0,89.0,3.0,30.0,4.4,0
931,2012-07-20,17.0,13.0,90.0,3.0,30.0,7.4,0
932,2012-07-21,18.0,13.0,88.0,3.0,30.0,1.2,0
933,2012-07-22,17.0,13.0,86.0,3.0,30.0,1.6,0
934,2012-07-23,17.0,13.0,88.0,4.0,29.97,0.9,0
935,2012-07-24,17.0,13.0,87.0,4.0,29.97,3.4,0
936,2012-07-25,17.0,13.0,87.0,5.0,30.0,1.8,0
937,2012-07-26,16.0,13.0,89.0,3.0,30.0,2.2,0
938,2012-07-27,17.0,14.0,89.0,5.0,29.97,3.1,0
939,2012-07-28,17.0,14.0,89.0,5.0,29.94,2.1,0
940,2012-07-29,14.0,12.0,90.0,2.0,29.97,3.5,0
941,2012-07-30,18.0,13.0,87.0,3.0,29.94,4.7,0
942,2012-07-31,17.0,14.0,91.0,4.0,29.94,2.9,0
943,2012-08-01,18.0,13.0,88.0,2.0,29.94,2.0,0
944,2012-08-02,17.0,14.0,90.0,4.0,29.97,10.5,0
945,2012-08-03,18.0,14.0,88.0,4.0,30.0,9.5,0
946,2012-08-04,17.0,15.0,91.0,4.0,29.97,10.4,0
947,2012-08-05,17.0,15.0,91.0,3.0,29.97,9.6,0
948,2012-08-06,18.0,14.0,89.0,4.0,29.94,7.5,0
949,2012-08-07,18.0,14.0,85.0,3.0,29.91,6.1,0
950,2012-08-08,17.0,14.0,87.0,4.0,29.97,8.3,0
951,2012-08-09,18.0,14.0,88.0,5.0,29.97,5.8,0
952,2012-08-10,18.0,12.0,82.0,4.0,29.97,0.8,0
953,2012-08-11,18.0,12.0,77.0,2.0,29.97,1.3,0
954,2012-08-12,17.0,14.0,87.0,3.0,29.97,7.3,0
955,2012-08-13,18.0,14.0,90.0,4.0,29.97,6.8,0
956,2012-08-14,18.0,13.0,85.0,3.0,29.97,1.4,0
957,2012-08-15,17.0,13.0,89.0,3.0,30.0,1.1,0
958,2012-08-16,16.0,13.0,88.0,5.0,30.0,6.7,0
959,2012-08-17,17.0,13.0,84.0,3.0,29.97,1.6,0
960,2012-08-18,17.0,12.0,87.0,6.0,29.94,1.4,0
961,2012-08-19,17.0,12.0,86.0,5.0,29.97,2.5,0
962,2012-08-20,18.0,12.0,84.0,3.0,29.97,3.3,0
963,2012-08-21,18.0,12.0,82.0,3.0,30.0,0.9,0
964,2012-08-22,17.0,12.0,84.0,3.0,30.0,10.3,0
965,2012-08-23,18.0,13.0,87.0,5.0,29.97,10.4,0
966,2012-08-24,18.0,14.0,84.0,3.0,29.94,13.0,0
967,2012-08-25,18.0,13.0,86.0,4.0,29.97,14.3,0
968,2012-08-26,18.0,13.0,87.0,2.0,30.0,18.7,0
969,2012-08-27,18.0,13.0,88.0,3.0,30.0,9.8,0
970,2012-08-28,19.0,14.0,86.0,2.0,29.97,10.6,0
971,2012-08-29,18.0,14.0,85.0,5.0,29.97,2.7,0
972,2012-08-30,18.0,13.0,87.0,4.0,29.97,5.9,0
973,2012-08-31,19.0,13.0,85.0,2.0,29.97,2.1,0
974,2012-09-01,19.0,13.0,85.0,4.0,29.94,5.2,0
975,2012-09-02,18.0,14.0,87.0,4.0,29.97,16.3,0
976,2012-09-03,18.0,14.0,87.0,4.0,29.97,16.4,0
977,2012-09-04,18.0,13.0,81.0,4.0,29.94,4.4,0
978,2012-09-05,18.0,14.0,82.0,3.0,29.94,8.5,0
979,2012-09-06,18.0,14.0,85.0,3.0,29.97,11.6,0
980,2012-09-07,18.0,13.0,85.0,4.0,30.0,13.6,0
981,2012-09-08,18.0,13.0,86.0,4.0,29.97,5.2,0
982,2012-09-09,18.0,13.0,88.0,4.0,29.97,4.9,0
983,2012-09-10,19.0,13.0,84.0,2.0,29.97,9.9,0
984,2012-09-11,19.0,13.0,82.0,4.0,29.97,7.1,0
985,2012-09-12,18.0,12.0,83.0,5.0,29.97,2.9,0
986,2012-09-13,19.0,12.0,80.0,3.0,29.94,2.3,0
987,2012-09-14,19.0,12.0,81.0,3.0,29.97,6.6,0
988,2012-09-15,19.0,13.0,82.0,4.0,29.97,14.6,0
989,2012-09-16,18.0,12.0,79.0,4.0,29.97,1.0,0
990,2012-09-17,18.0,10.0,73.0,5.0,29.97,0.7,0
991,2012-09-18,18.0,10.0,74.0,5.0,29.97,1.4,0
992,2012-09-19,19.0,12.0,76.0,4.0,29.94,2.2,2
993,2012-09-20,19.0,11.0,73.0,4.0,29.91,0.5,2
994,2012-09-21,19.0,12.0,76.0,5.0,29.94,2.6,2
995,2012-09-22,19.0,12.0,77.0,4.0,29.94,3.8,0
996,2012-09-23,18.0,11.0,76.0,4.0,29.94,2.9,0
997,2012-09-24,19.0,12.0,77.0,4.0,29.94,17.6,0
998,2012-09-25,20.0,13.0,80.0,4.0,29.91,21.4,3
999,2012-09-26,19.0,12.0,76.0,6.0,29.91,2.0,2
1000,2012-09-27,19.0,11.0,75.0,4.0,29.94,4.1,2
1001,2012-09-28,19.0,12.0,76.0,7.0,29.97,4.2,0
1002,2012-09-29,19.0,12.0,73.0,6.0,29.97,0.9,0
1003,2012-09-30,20.0,12.0,72.0,5.0,29.94,4.6,2
1004,2012-10-01,20.0,12.0,70.0,7.0,29.94,0.5,2
1005,2012-10-02,20.0,11.0,69.0,3.0,29.94,2.0,2
1006,2012-10-03,19.0,10.0,69.0,6.0,29.94,0.3,2
1007,2012-10-04,19.0,10.0,71.0,4.0,29.91,1.7,2
1008,2012-10-05,19.0,11.0,75.0,8.0,29.88,5.9,2
1009,2012-10-06,19.0,11.0,73.0,10.0,29.91,4.5,2
1010,2012-10-07,19.0,11.0,73.0,11.0,29.91,2.5,2
1011,2012-10-08,20.0,11.0,71.0,8.0,29.91,0.1,2
1012,2012-10-09,20.0,10.0,66.0,5.0,29.88,3.6,2
1013,2012-10-10,19.0,12.0,72.0,6.0,29.88,8.2,2
1014,2012-10-11,20.0,12.0,72.0,6.0,29.88,4.4,2
1015,2012-10-12,19.0,12.0,76.0,4.0,29.91,12.7,2
1016,2012-10-13,18.0,13.0,83.0,4.0,29.94,33.2,3
1017,2012-10-14,19.0,14.0,83.0,4.0,29.91,28.1,3
1018,2012-10-15,19.0,13.0,79.0,9.0,29.91,10.9,2
1019,2012-10-16,18.0,11.0,72.0,11.0,29.91,0.0,2
1020,2012-10-17,19.0,11.0,69.0,13.0,29.91,0.5,2
1021,2012-10-18,19.0,12.0,76.0,12.0,29.88,3.6,2
1022,2012-10-19,19.0,13.0,77.0,13.0,29.88,1.9,2
1023,2012-10-20,19.0,12.0,75.0,15.0,29.88,1.3,2
1024,2012-10-21,19.0,13.0,76.0,13.0,29.88,0.9,2
1025,2012-10-22,19.0,11.0,72.0,12.0,29.88,0.3,2
1026,2012-10-23,19.0,11.0,71.0,10.0,29.88,1.3,2
1027,2012-10-24,19.0,12.0,78.0,7.0,29.88,11.8,2
1028,2012-10-25,20.0,13.0,79.0,6.0,29.88,9.0,2
1029,2012-10-26,19.0,14.0,82.0,4.0,29.91,28.8,3
1030,2012-10-27,20.0,13.0,78.0,4.0,29.88,8.9,2
1031,2012-10-28,19.0,13.0,79.0,5.0,29.91,9.3,2
1032,2012-10-29,18.0,13.0,82.0,5.0,29.91,14.1,0
1033,2012-10-30,19.0,13.0,79.0,4.0,29.88,17.3,2
1034,2012-10-31,19.0,14.0,82.0,5.0,29.88,16.9,2
1035,2012-11-01,18.0,14.0,84.0,5.0,29.91,26.2,3
1036,2012-11-02,18.0,13.0,82.0,6.0,29.91,13.4,2
1037,2012-11-03,18.0,13.0,79.0,7.0,29.94,6.2,0
1038,2012-11-04,18.0,12.0,80.0,9.0,29.91,12.5,2
1039,2012-11-05,18.0,12.0,82.0,4.0,29.94,16.9,0
1040,2012-11-06,18.0,12.0,78.0,6.0,29.94,3.0,0
1041,2012-11-07,18.0,12.0,79.0,5.0,29.91,9.6,2
1042,2012-11-08,19.0,13.0,78.0,5.0,29.88,18.5,2
1043,2012-11-09,19.0,14.0,80.0,7.0,29.88,17.7,2
1044,2012-11-10,19.0,13.0,80.0,9.0,29.91,12.0,2
1045,2012-11-11,18.0,11.0,75.0,11.0,29.94,0.6,2
1046,2012-11-12,18.0,10.0,72.0,10.0,29.94,0.1,2
1047,2012-11-13,19.0,13.0,77.0,10.0,29.91,6.4,2
1048,2012-11-14,20.0,14.0,77.0,8.0,29.91,5.8,2
1049,2012-11-15,20.0,13.0,75.0,6.0,29.88,2.7,2
1050,2012-11-16,20.0,13.0,76.0,6.0,29.91,9.3,2
1051,2012-11-17,20.0,14.0,79.0,11.0,29.91,4.5,2
1052,2012-11-18,20.0,14.0,78.0,13.0,29.91,4.8,2
1053,2012-11-19,19.0,13.0,77.0,12.0,29.91,5.2,2
1054,2012-11-20,20.0,13.0,75.0,8.0,29.91,5.0,2
1055,2012-11-21,20.0,12.0,72.0,10.0,29.91,0.3,2
1056,2012-11-22,19.0,11.0,71.0,8.0,29.91,0.6,2
1057,2012-11-23,18.0,10.0,70.0,11.0,29.91,0.1,2
1058,2012-11-24,19.0,11.0,71.0,10.0,29.88,0.0,2
1059,2012-11-25,20.0,11.0,68.0,9.0,29.91,1.2,2
1060,2012-11-26,19.0,10.0,67.0,8.0,29.91,1.4,2
1061,2012-11-27,20.0,11.0,71.0,7.0,29.91,0.7,2
1062,2012-11-28,19.0,12.0,77.0,4.0,29.94,13.8,0
1063,2012-11-29,19.0,13.0,79.0,6.0,29.91,12.2,2
1064,2012-11-30,20.0,13.0,74.0,13.0,29.91,0.5,2
1065,2012-12-01,18.0,11.0,71.0,17.0,29.91,0.0,2
1066,2012-12-02,19.0,12.0,74.0,14.0,29.91,2.3,2
1067,2012-12-03,18.0,12.0,75.0,12.0,29.91,1.9,2
1068,2012-12-04,19.0,12.0,76.0,6.0,29.85,3.5,2
1069,2012-12-05,20.0,12.0,74.0,5.0,29.85,5.6,2
1070,2012-12-06,19.0,12.0,73.0,7.0,29.91,5.7,2
1071,2012-12-07,19.0,11.0,73.0,7.0,29.94,2.8,2
1072,2012-12-08,18.0,11.0,72.0,9.0,29.91,2.7,2
1073,2012-12-09,18.0,9.0,68.0,9.0,29.91,0.0,2
1074,2012-12-10,18.0,8.0,61.0,10.0,29.88,0.0,1
1075,2012-12-11,18.0,9.0,64.0,8.0,29.91,0.1,2
1076,2012-12-12,19.0,10.0,67.0,10.0,29.91,2.2,2
1077,2012-12-13,20.0,12.0,72.0,14.0,29.88,1.7,2
1078,2012-12-14,20.0,13.0,76.0,14.0,29.88,5.1,2
1079,2012-12-15,19.0,13.0,75.0,16.0,29.88,1.6,2
1080,2012-12-16,19.0,12.0,74.0,8.0,29.91,3.8,2
1081,2012-12-17,18.0,11.0,71.0,8.0,29.88,2.2,2
1082,2012-12-18,19.0,12.0,76.0,14.0,29.88,4.1,2
1083,2012-12-19,18.0,10.0,70.0,20.0,29.88,0.0,2
1084,2012-12-20,18.0,8.0,60.0,13.0,29.88,0.0,1
1085,2012-12-21,19.0,10.0,70.0,7.0,29.88,9.2,2
1086,2012-12-22,18.0,11.0,72.0,6.0,29.91,7.6,2
1087,2012-12-23,19.0,11.0,72.0,6.0,29.94,5.2,2
1088,2012-12-24,19.0,12.0,73.0,5.0,29.94,5.7,2
1089,2012-12-25,18.0,11.0,73.0,7.0,29.91,11.3,2
1090,2012-12-26,18.0,12.0,76.0,5.0,29.91,11.3,2
1091,2012-12-27,19.0,13.0,78.0,6.0,29.91,15.2,2
1092,2012-12-28,19.0,14.0,79.0,5.0,29.88,17.1,2
1093,2012-12-29,17.0,13.0,84.0,4.0,29.91,15.8,0
1094,2012-12-30,18.0,11.0,76.0,8.0,29.91,5.9,2
1095,2012-12-31,19.0,11.0,73.0,7.0,29.91,1.2,2
1096,2013-01-01,19.0,12.0,73.0,8.0,29.91,5.6,2
1097,2013-01-02,19.0,12.0,72.0,7.0,29.91,6.9,2
1098,2013-01-03,18.0,10.0,71.0,11.0,29.94,0.3,2
1099,2013-01-04,18.0,7.0,59.0,10.0,29.97,0.0,1
1100,2013-01-05,19.0,9.0,64.0,7.0,29.94,0.0,2
1101,2013-01-06,19.0,11.0,72.0,4.0,29.94,11.9,2
1102,2013-01-07,19.0,11.0,70.0,6.0,29.97,8.2,0
1103,2013-01-08,19.0,10.0,70.0,7.0,29.97,0.3,2
1104,2013-01-09,19.0,10.0,68.0,6.0,29.97,0.4,2
1105,2013-01-10,19.0,10.0,68.0,5.0,29.94,0.1,2
1106,2013-01-11,19.0,10.0,65.0,8.0,29.94,0.1,2
1107,2013-01-12,20.0,10.0,62.0,14.0,29.91,0.0,1
1108,2013-01-13,19.0,10.0,63.0,15.0,29.91,0.0,1
1109,2013-01-14,18.0,9.0,63.0,19.0,29.88,0.0,1
1110,2013-01-15,18.0,11.0,71.0,16.0,29.91,0.3,2
1111,2013-01-16,19.0,10.0,69.0,18.0,29.91,0.0,1
1112,2013-01-17,19.0,11.0,69.0,14.0,29.91,6.4,2
1113,2013-01-18,19.0,9.0,63.0,13.0,29.91,0.0,1
1114,2013-01-19,20.0,9.0,59.0,13.0,29.94,0.0,1
1115,2013-01-20,20.0,7.0,51.0,12.0,29.94,0.0,1
1116,2013-01-21,20.0,4.0,44.0,14.0,29.97,0.0,1
1117,2013-01-22,19.0,5.0,48.0,13.0,29.97,0.0,1
1118,2013-01-23,21.0,7.0,52.0,13.0,29.94,0.0,1
1119,2013-01-24,21.0,8.0,55.0,12.0,29.91,0.0,1
1120,2013-01-25,20.0,11.0,64.0,10.0,29.91,4.2,2
1121,2013-01-26,21.0,9.0,56.0,9.0,29.91,0.0,1
1122,2013-01-27,21.0,10.0,56.0,10.0,29.91,0.2,1
1123,2013-01-28,21.0,10.0,59.0,7.0,29.94,0.3,1
1124,2013-01-29,22.0,10.0,58.0,4.0,29.91,6.6,1
1125,2013-01-30,20.0,13.0,71.0,6.0,29.88,13.8,2
1126,2013-01-31,20.0,13.0,71.0,6.0,29.91,9.1,2
1127,2013-02-01,19.0,13.0,73.0,6.0,29.94,13.6,2
1128,2013-02-02,20.0,13.0,71.0,9.0,29.94,3.7,2
1129,2013-02-03,20.0,10.0,62.0,13.0,29.91,0.0,1
1130,2013-02-04,20.0,8.0,56.0,17.0,29.94,0.0,1
1131,2013-02-05,21.0,9.0,56.0,14.0,29.94,0.0,1
1132,2013-02-06,21.0,10.0,60.0,13.0,29.94,0.0,1
1133,2013-02-07,20.0,9.0,60.0,13.0,29.91,0.1,1
1134,2013-02-08,20.0,8.0,58.0,12.0,29.88,0.0,1
1135,2013-02-09,20.0,6.0,53.0,10.0,29.88,0.0,1
1136,2013-02-10,21.0,7.0,47.0,8.0,29.85,0.0,1
1137,2013-02-11,21.0,9.0,56.0,10.0,29.85,1.1,1
1138,2013-02-12,21.0,9.0,57.0,9.0,29.83,0.0,1
1139,2013-02-13,21.0,11.0,62.0,8.0,29.85,4.6,2
1140,2013-02-14,20.0,9.0,61.0,9.0,29.88,0.3,1
1141,2013-02-15,20.0,6.0,51.0,9.0,29.88,0.1,1
1142,2013-02-16,21.0,6.0,47.0,9.0,29.88,0.0,1
1143,2013-02-17,22.0,6.0,43.0,9.0,29.85,0.0,1
1144,2013-02-18,22.0,6.0,46.0,10.0,29.83,0.0,1
1145,2013-02-19,21.0,5.0,46.0,11.0,29.85,0.0,1
1146,2013-02-20,21.0,4.0,43.0,6.0,29.91,0.0,1
1147,2013-02-21,21.0,8.0,57.0,6.0,29.91,0.0,1
1148,2013-02-22,22.0,8.0,52.0,11.0,29.91,0.1,1
1149,2013-02-23,21.0,7.0,50.0,16.0,29.91,0.0,1
1150,2013-02-24,21.0,4.0,42.0,20.0,29.91,0.0,1
1151,2013-02-25,21.0,8.0,52.0,18.0,29.91,0.1,1
1152,2013-02-26,21.0,8.0,55.0,19.0,29.94,0.0,1
1153,2013-02-27,21.0,8.0,55.0,17.0,29.94,0.0,1
1154,2013-02-28,21.0,6.0,46.0,11.0,29.94,0.0,1
1155,2013-03-01,22.0,4.0,41.0,9.0,29.91,0.0,1
1156,2013-03-02,21.0,4.0,40.0,11.0,29.91,0.0,1
1157,2013-03-03,23.0,7.0,48.0,10.0,29.91,0.0,1
1158,2013-03-04,22.0,7.0,49.0,11.0,29.91,0.0,1
1159,2013-03-05,23.0,9.0,54.0,10.0,29.91,0.1,1
1160,2013-03-06,23.0,9.0,53.0,8.0,29.88,0.2,1
1161,2013-03-07,22.0,10.0,57.0,5.0,29.88,1.0,1
1162,2013-03-08,22.0,12.0,64.0,8.0,29.91,3.4,2
1163,2013-03-09,22.0,10.0,60.0,11.0,29.91,0.2,1
1164,2013-03-10,22.0,9.0,56.0,7.0,29.91,0.6,1
1165,2013-03-11,22.0,10.0,61.0,6.0,29.88,1.8,1
1166,2013-03-12,22.0,11.0,61.0,7.0,29.88,1.7,1
1167,2013-03-13,22.0,9.0,57.0,13.0,29.88,0.1,1
1168,2013-03-14,21.0,9.0,62.0,13.0,29.91,0.4,1
1169,2013-03-15,21.0,10.0,61.0,14.0,29.91,1.3,1
1170,2013-03-16,22.0,11.0,62.0,16.0,29.91,0.3,1
1171,2013-03-17,22.0,12.0,67.0,9.0,29.88,7.3,2
1172,2013-03-18,22.0,12.0,66.0,6.0,29.85,2.1,2
1173,2013-03-19,20.0,14.0,75.0,4.0,29.85,35.9,3
1174,2013-03-20,20.0,15.0,79.0,5.0,29.88,28.9,3
1175,2013-03-21,21.0,13.0,73.0,7.0,29.88,5.6,2
1176,2013-03-22,21.0,13.0,73.0,9.0,29.85,4.2,2
1177,2013-03-23,20.0,12.0,69.0,10.0,29.85,1.6,2
1178,2013-03-24,21.0,12.0,66.0,9.0,29.85,1.0,2
1179,2013-03-25,21.0,12.0,68.0,6.0,29.88,4.0,2
1180,2013-03-26,21.0,12.0,72.0,6.0,29.88,6.4,2
1181,2013-03-27,20.0,13.0,76.0,4.0,29.91,17.7,2
1182,2013-03-28,19.0,14.0,80.0,5.0,29.94,17.4,0
1183,2013-03-29,19.0,13.0,79.0,3.0,29.94,16.4,0
1184,2013-03-30,19.0,14.0,81.0,5.0,29.91,35.2,3
1185,2013-03-31,17.0,14.0,86.0,5.0,29.94,39.3,3
1186,2013-04-01,18.0,13.0,82.0,5.0,30.0,8.3,0
1187,2013-04-02,19.0,13.0,79.0,3.0,29.97,4.8,0
1188,2013-04-03,21.0,14.0,78.0,3.0,29.91,9.0,2
1189,2013-04-04,21.0,14.0,76.0,4.0,29.91,11.9,2
1190,2013-04-05,20.0,14.0,77.0,3.0,29.91,9.5,2
1191,2013-04-06,20.0,14.0,80.0,4.0,29.88,12.1,2
1192,2013-04-07,18.0,14.0,87.0,4.0,29.91,19.4,3
1193,2013-04-08,19.0,14.0,82.0,8.0,29.94,33.8,3
1194,2013-04-09,20.0,13.0,81.0,4.0,29.91,12.3,2
1195,2013-04-10,19.0,13.0,81.0,3.0,29.91,18.5,3
1196,2013-04-11,18.0,14.0,85.0,4.0,29.88,19.3,3
1197,2013-04-12,16.0,14.0,90.0,6.0,29.94,42.6,3
1198,2013-04-13,18.0,14.0,85.0,4.0,29.97,19.5,0
1199,2013-04-14,17.0,14.0,88.0,4.0,29.97,7.2,0
1200,2013-04-15,20.0,14.0,79.0,7.0,29.91,10.6,2
1201,2013-04-16,20.0,14.0,81.0,7.0,29.88,11.5,2
1202,2013-04-17,19.0,14.0,81.0,5.0,29.88,12.2,2
1203,2013-04-18,19.0,14.0,83.0,3.0,29.88,16.2,2
1204,2013-04-19,20.0,14.0,80.0,4.0,29.88,10.2,2
1205,2013-04-20,19.0,13.0,80.0,5.0,29.91,6.7,2
1206,2013-04-21,19.0,13.0,81.0,3.0,29.88,5.9,2
1207,2013-04-22,20.0,14.0,83.0,5.0,29.88,11.4,2
1208,2013-04-23,20.0,14.0,81.0,4.0,29.88,6.3,2
1209,2013-04-24,19.0,13.0,79.0,8.0,29.91,0.9,2
1210,2013-04-25,19.0,13.0,80.0,3.0,29.94,8.2,0
1211,2013-04-26,19.0,14.0,81.0,5.0,29.94,12.8,0
1212,2013-04-27,19.0,15.0,87.0,2.0,29.91,31.9,3
1213,2013-04-28,19.0,14.0,82.0,4.0,29.88,5.4,2
1214,2013-04-29,19.0,14.0,83.0,5.0,29.91,13.0,2
1215,2013-04-30,18.0,14.0,86.0,3.0,29.94,25.7,3
1216,2013-05-01,18.0,14.0,87.0,4.0,29.94,24.5,3
1217,2013-05-02,17.0,14.0,90.0,3.0,29.91,54.7,3
1218,2013-05-03,18.0,14.0,89.0,5.0,29.94,8.6,0
1219,2013-05-04,19.0,14.0,84.0,3.0,29.91,13.2,0
1220,2013-05-05,19.0,14.0,85.0,3.0,29.94,19.7,3
1221,2013-05-06,19.0,16.0,89.0,3.0,29.97,68.2,3
1222,2013-05-07,18.0,16.0,90.0,4.0,29.97,53.0,3
1223,2013-05-08,19.0,15.0,89.0,4.0,29.97,44.0,3
1224,2013-05-09,18.0,14.0,89.0,4.0,29.97,12.9,0
1225,2013-05-10,19.0,14.0,85.0,4.0,29.97,6.6,0
1226,2013-05-11,19.0,14.0,85.0,3.0,29.97,7.1,0
1227,2013-05-12,19.0,14.0,82.0,5.0,30.0,1.9,0
1228,2013-05-13,19.0,12.0,79.0,4.0,30.0,0.4,0
1229,2013-05-14,19.0,13.0,82.0,3.0,29.97,4.1,0
1230,2013-05-15,19.0,12.0,81.0,4.0,29.94,0.4,0
1231,2013-05-16,18.0,10.0,77.0,5.0,29.94,0.0,0
1232,2013-05-17,18.0,10.0,73.0,6.0,29.97,0.0,0
1233,2013-05-18,18.0,11.0,75.0,5.0,29.97,0.2,0
1234,2013-05-19,18.0,11.0,81.0,3.0,29.97,1.2,0
1235,2013-05-20,18.0,12.0,82.0,2.0,29.94,2.2,0
1236,2013-05-21,18.0,12.0,81.0,3.0,29.97,3.1,0
1237,2013-05-22,18.0,12.0,83.0,2.0,29.97,1.2,0
1238,2013-05-23,19.0,13.0,82.0,3.0,29.97,0.7,0
1239,2013-05-24,19.0,12.0,79.0,3.0,29.97,0.5,0
1240,2013-05-25,19.0,12.0,79.0,2.0,29.97,1.2,0
1241,2013-05-26,19.0,12.0,80.0,3.0,29.97,5.5,0
1242,2013-05-27,19.0,13.0,81.0,3.0,29.94,1.6,0
1243,2013-05-28,19.0,12.0,76.0,5.0,29.91,0.1,2
1244,2013-05-29,18.0,11.0,77.0,4.0,29.91,0.8,2
1245,2013-05-30,18.0,11.0,81.0,3.0,29.94,4.2,0
1246,2013-05-31,18.0,11.0,81.0,3.0,29.94,2.3,0
1247,2013-06-01,18.0,12.0,82.0,3.0,29.97,1.7,0
1248,2013-06-02,18.0,12.0,80.0,4.0,29.94,0.9,0
1249,2013-06-03,18.0,12.0,84.0,3.0,29.94,4.1,0
1250,2013-06-04,18.0,12.0,84.0,2.0,29.94,1.6,0
1251,2013-06-05,18.0,12.0,85.0,2.0,29.97,2.1,0
1252,2013-06-06,18.0,13.0,84.0,3.0,30.0,12.4,0
1253,2013-06-07,18.0,14.0,89.0,4.0,30.03,12.9,0
1254,2013-06-08,17.0,14.0,90.0,4.0,29.97,6.5,0
1255,2013-06-09,17.0,12.0,87.0,3.0,29.97,3.0,0
1256,2013-06-10,18.0,13.0,87.0,2.0,29.97,9.1,0
1257,2013-06-11,18.0,13.0,86.0,3.0,30.0,9.4,0
1258,2013-06-12,17.0,14.0,89.0,3.0,29.97,16.2,0
1259,2013-06-13,17.0,15.0,92.0,3.0,29.97,29.8,3
1260,2013-06-14,18.0,14.0,88.0,4.0,29.97,16.7,0
1261,2013-06-15,17.0,15.0,92.0,4.0,29.97,49.0,3
1262,2013-06-16,18.0,14.0,89.0,6.0,29.97,2.5,0
1263,2013-06-17,17.0,14.0,89.0,6.0,29.97,1.4,0
1264,2013-06-18,16.0,14.0,93.0,5.0,29.97,5.3,0
1265,2013-06-19,17.0,15.0,93.0,3.0,29.97,12.6,0
1266,2013-06-20,16.0,14.0,95.0,3.0,30.0,37.6,3
1267,2013-06-21,18.0,14.0,89.0,4.0,30.0,1.7,0
1268,2013-06-22,18.0,12.0,84.0,5.0,30.0,0.2,0
1269,2013-06-23,18.0,12.0,82.0,3.0,30.0,0.2,0
1270,2013-06-24,18.0,12.0,84.0,2.0,30.0,1.8,0
1271,2013-06-25,17.0,12.0,87.0,2.0,29.97,2.4,0
1272,2013-06-26,17.0,12.0,87.0,2.0,29.97,2.0,0
1273,2013-06-27,18.0,13.0,87.0,3.0,29.94,5.7,0
1274,2013-06-28,18.0,13.0,86.0,3.0,29.94,3.2,0
1275,2013-06-29,18.0,12.0,86.0,3.0,29.94,1.6,0
1276,2013-06-30,18.0,12.0,86.0,3.0,30.0,3.6,0
1277,2013-07-01,17.0,12.0,87.0,4.0,30.0,2.2,0
1278,2013-07-02,17.0,11.0,84.0,3.0,29.97,0.9,0
1279,2013-07-03,18.0,12.0,85.0,4.0,29.94,3.6,0
1280,2013-07-04,17.0,12.0,85.0,4.0,29.94,0.8,0
1281,2013-07-05,17.0,12.0,84.0,3.0,29.97,0.7,0
1282,2013-07-06,18.0,12.0,83.0,4.0,29.97,6.3,0
1283,2013-07-07,18.0,12.0,84.0,3.0,29.97,4.8,0
1284,2013-07-08,17.0,12.0,86.0,3.0,30.0,3.4,0
1285,2013-07-09,17.0,12.0,87.0,5.0,30.0,1.2,0
1286,2013-07-10,17.0,11.0,83.0,5.0,29.97,1.0,0
1287,2013-07-11,17.0,12.0,85.0,6.0,29.97,11.9,0
1288,2013-07-12,17.0,12.0,85.0,4.0,29.97,2.3,0
1289,2013-07-13,17.0,13.0,87.0,4.0,30.0,2.6,0
1290,2013-07-14,17.0,12.0,82.0,6.0,29.97,1.9,0
1291,2013-07-15,18.0,11.0,78.0,5.0,29.97,0.5,0
1292,2013-07-16,18.0,10.0,74.0,5.0,30.0,0.1,0
1293,2013-07-17,18.0,9.0,71.0,6.0,30.0,0.1,0
1294,2013-07-18,17.0,10.0,76.0,5.0,30.0,0.5,0
1295,2013-07-19,18.0,13.0,83.0,4.0,29.97,5.1,0
1296,2013-07-20,18.0,12.0,85.0,4.0,29.94,2.4,0
1297,2013-07-21,17.0,13.0,86.0,4.0,29.94,2.2,0
1298,2013-07-22,17.0,13.0,87.0,4.0,29.94,7.8,0
1299,2013-07-23,18.0,14.0,87.0,4.0,29.94,29.8,3
1300,2013-07-24,18.0,13.0,87.0,3.0,29.97,3.8,0
1301,2013-07-25,18.0,14.0,88.0,4.0,30.0,4.1,0
1302,2013-07-26,17.0,13.0,87.0,3.0,30.0,3.8,0
1303,2013-07-27,17.0,12.0,85.0,5.0,29.97,1.2,0
1304,2013-07-28,18.0,12.0,83.0,4.0,30.0,0.9,0
1305,2013-07-29,18.0,13.0,84.0,3.0,30.0,7.7,0
1306,2013-07-30,17.0,13.0,89.0,4.0,30.0,10.9,0
1307,2013-07-31,17.0,14.0,89.0,3.0,30.0,12.4,0
1308,2013-08-01,17.0,14.0,87.0,2.0,30.03,10.0,0
1309,2013-08-02,18.0,13.0,86.0,4.0,30.03,5.4,0
1310,2013-08-03,16.0,13.0,90.0,4.0,30.0,2.8,0
1311,2013-08-04,17.0,13.0,88.0,3.0,30.0,8.0,0
1312,2013-08-05,17.0,13.0,87.0,2.0,29.97,12.8,0
1313,2013-08-06,17.0,14.0,90.0,4.0,29.97,20.8,3
1314,2013-08-07,18.0,14.0,90.0,5.0,29.94,27.5,3
1315,2013-08-08,17.0,13.0,87.0,5.0,29.94,8.5,0
1316,2013-08-09,18.0,13.0,86.0,4.0,29.94,6.2,0
1317,2013-08-10,18.0,14.0,86.0,4.0,29.94,5.6,0
1318,2013-08-11,18.0,13.0,85.0,4.0,29.94,1.6,0
1319,2013-08-12,18.0,13.0,84.0,4.0,29.94,1.8,0
1320,2013-08-13,18.0,13.0,84.0,3.0,29.94,8.9,0
1321,2013-08-14,18.0,13.0,85.0,3.0,29.91,10.2,0
1322,2013-08-15,18.0,13.0,83.0,4.0,29.91,2.9,0
1323,2013-08-16,19.0,13.0,83.0,4.0,29.91,5.1,2
1324,2013-08-17,18.0,13.0,86.0,3.0,29.91,11.1,0
1325,2013-08-18,18.0,14.0,85.0,4.0,29.91,2.0,0
1326,2013-08-19,18.0,14.0,86.0,3.0,29.94,20.0,3
1327,2013-08-20,18.0,15.0,89.0,3.0,29.94,11.8,0
1328,2013-08-21,18.0,15.0,91.0,4.0,29.94,18.1,3
1329,2013-08-22,18.0,14.0,87.0,4.0,29.94,12.7,0
1330,2013-08-23,18.0,14.0,86.0,4.0,29.94,8.7,0
1331,2013-08-24,18.0,13.0,85.0,5.0,29.97,3.4,0
1332,2013-08-25,18.0,12.0,86.0,3.0,29.97,3.4,0
1333,2013-08-26,17.0,12.0,84.0,3.0,29.94,7.1,0
1334,2013-08-27,17.0,12.0,85.0,3.0,29.97,1.7,0
1335,2013-08-28,18.0,13.0,84.0,3.0,29.97,4.3,0
1336,2013-08-29,18.0,12.0,83.0,4.0,29.97,2.3,0
1337,2013-08-30,18.0,13.0,84.0,3.0,29.94,16.0,0
1338,2013-08-31,18.0,14.0,85.0,4.0,29.91,20.4,3
1339,2013-09-01,17.0,13.0,85.0,3.0,29.94,9.5,0
1340,2013-09-02,18.0,12.0,82.0,3.0,29.94,3.6,0
1341,2013-09-03,17.0,12.0,86.0,5.0,29.97,19.3,0
1342,2013-09-04,17.0,12.0,85.0,2.0,29.97,9.3,0
1343,2013-09-05,18.0,13.0,81.0,3.0,29.97,6.4,0
1344,2013-09-06,17.0,12.0,83.0,4.0,29.94,16.1,0
1345,2013-09-07,18.0,13.0,84.0,6.0,29.97,7.1,0
1346,2013-09-08,18.0,12.0,81.0,4.0,29.97,3.1,0
1347,2013-09-09,19.0,12.0,78.0,4.0,29.94,1.9,0
1348,2013-09-10,18.0,13.0,81.0,4.0,29.94,9.8,0
1349,2013-09-11,19.0,13.0,79.0,5.0,29.91,1.3,2
1350,2013-09-12,19.0,12.0,74.0,3.0,29.91,1.2,2
1351,2013-09-13,19.0,12.0,73.0,5.0,29.94,1.3,2
1352,2013-09-14,19.0,12.0,77.0,4.0,29.97,3.7,0
1353,2013-09-15,20.0,13.0,75.0,4.0,29.97,3.0,0
1354,2013-09-16,20.0,12.0,72.0,4.0,29.94,0.7,2
1355,2013-09-17,19.0,13.0,77.0,5.0,29.91,10.8,2
1356,2013-09-18,19.0,15.0,85.0,4.0,29.94,33.5,3
1357,2013-09-19,19.0,15.0,87.0,4.0,29.94,31.8,3
1358,2013-09-20,19.0,14.0,85.0,2.0,29.91,20.3,3
1359,2013-09-21,19.0,13.0,80.0,5.0,29.91,6.4,2
1360,2013-09-22,19.0,12.0,76.0,6.0,29.91,1.5,2
1361,2013-09-23,19.0,13.0,79.0,4.0,29.91,9.3,2
1362,2013-09-24,19.0,14.0,83.0,3.0,29.94,15.9,0
1363,2013-09-25,18.0,14.0,85.0,4.0,29.97,20.7,3
1364,2013-09-26,18.0,12.0,82.0,4.0,29.97,9.5,0
1365,2013-09-27,19.0,13.0,79.0,5.0,29.94,4.4,0
1366,2013-09-28,20.0,12.0,73.0,8.0,29.88,1.9,2
1367,2013-09-29,20.0,12.0,73.0,6.0,29.94,2.9,2
1368,2013-09-30,20.0,12.0,75.0,5.0,29.94,5.7,2
1369,2013-10-01,19.0,12.0,76.0,5.0,29.91,3.3,2
1370,2013-10-02,19.0,12.0,76.0,3.0,29.91,9.5,2
1371,2013-10-03,19.0,13.0,79.0,5.0,29.91,10.9,2
1372,2013-10-04,19.0,11.0,75.0,7.0,29.94,0.2,2
1373,2013-10-05,19.0,11.0,70.0,6.0,29.91,1.0,2
1374,2013-10-06,19.0,13.0,77.0,3.0,29.94,9.3,0
1375,2013-10-07,19.0,14.0,81.0,4.0,29.97,20.2,0
1376,2013-10-08,17.0,15.0,88.0,3.0,29.94,34.3,3
1377,2013-10-09,16.0,14.0,87.0,6.0,29.94,31.4,3
1378,2013-10-10,18.0,14.0,81.0,8.0,29.94,11.8,0
1379,2013-10-11,19.0,12.0,73.0,9.0,29.94,0.5,2
1380,2013-10-12,19.0,12.0,72.0,9.0,29.94,0.6,2
1381,2013-10-13,19.0,11.0,68.0,6.0,29.94,2.2,2
1382,2013-10-14,20.0,12.0,71.0,7.0,29.94,6.3,2
1383,2013-10-15,19.0,11.0,72.0,8.0,29.97,0.6,2
1384,2013-10-16,19.0,11.0,70.0,5.0,29.94,2.6,2
1385,2013-10-17,18.0,11.0,76.0,5.0,29.94,9.1,0
1386,2013-10-18,18.0,12.0,76.0,5.0,29.91,11.9,2
1387,2013-10-19,18.0,11.0,75.0,7.0,29.91,7.6,2
1388,2013-10-20,18.0,10.0,71.0,9.0,29.91,0.5,2
1389,2013-10-21,19.0,10.0,67.0,8.0,29.88,0.3,2
1390,2013-10-22,19.0,12.0,73.0,6.0,29.91,8.7,2
1391,2013-10-23,20.0,12.0,72.0,8.0,29.91,1.3,2
1392,2013-10-24,20.0,12.0,69.0,6.0,29.91,2.8,2
1393,2013-10-25,19.0,13.0,74.0,5.0,29.91,5.5,2
1394,2013-10-26,19.0,13.0,78.0,5.0,29.91,13.6,2
1395,2013-10-27,19.0,12.0,76.0,5.0,29.91,12.3,2
1396,2013-10-28,19.0,12.0,77.0,5.0,29.94,13.2,2
1397,2013-10-29,18.0,13.0,79.0,6.0,29.91,14.2,2
1398,2013-10-30,19.0,13.0,76.0,6.0,29.91,7.8,2
1399,2013-10-31,19.0,13.0,75.0,8.0,29.91,5.7,2
1400,2013-11-01,18.0,11.0,74.0,11.0,29.88,0.8,2
1401,2013-11-02,19.0,12.0,75.0,12.0,29.85,2.6,2
1402,2013-11-03,18.0,12.0,77.0,14.0,29.85,1.9,2
1403,2013-11-04,19.0,12.0,75.0,16.0,29.88,0.5,2
1404,2013-11-05,19.0,11.0,74.0,11.0,29.91,1.7,2
1405,2013-11-06,19.0,12.0,77.0,9.0,29.91,7.4,2
1406,2013-11-07,18.0,13.0,80.0,9.0,29.91,6.8,2
1407,2013-11-08,19.0,14.0,80.0,8.0,29.91,12.4,2
1408,2013-11-09,19.0,14.0,81.0,6.0,29.88,13.3,2
1409,2013-11-10,19.0,13.0,80.0,5.0,29.88,17.8,2
1410,2013-11-11,19.0,13.0,80.0,5.0,29.88,26.1,3
1411,2013-11-12,18.0,13.0,82.0,4.0,29.88,13.0,2
1412,2013-11-13,19.0,13.0,75.0,6.0,29.88,3.7,2
1413,2013-11-14,19.0,13.0,78.0,7.0,29.85,2.7,2
1414,2013-11-15,19.0,12.0,77.0,4.0,29.85,7.6,2
1415,2013-11-16,18.0,13.0,82.0,5.0,29.94,26.3,3
1416,2013-11-17,18.0,13.0,80.0,6.0,29.91,11.2,2
1417,2013-11-18,18.0,12.0,76.0,8.0,29.85,5.0,2
1418,2013-11-19,19.0,12.0,76.0,8.0,29.85,8.7,2
1419,2013-11-20,18.0,11.0,76.0,11.0,29.85,4.3,2
1420,2013-11-21,19.0,11.0,72.0,9.0,29.85,0.0,2
1421,2013-11-22,19.0,11.0,71.0,6.0,29.85,5.5,2
1422,2013-11-23,19.0,13.0,73.0,8.0,29.88,6.4,2
1423,2013-11-24,19.0,11.0,69.0,11.0,29.88,0.2,2
1424,2013-11-25,19.0,12.0,75.0,14.0,29.88,2.9,2
1425,2013-11-26,18.0,11.0,74.0,16.0,29.88,0.2,2
1426,2013-11-27,17.0,10.0,74.0,16.0,29.94,0.5,2
1427,2013-11-28,17.0,9.0,70.0,15.0,29.97,0.0,2
1428,2013-11-29,18.0,10.0,73.0,11.0,29.91,2.4,2
1429,2013-11-30,19.0,12.0,76.0,12.0,29.91,3.5,2
1430,2013-12-01,19.0,13.0,76.0,15.0,29.91,2.7,2
1431,2013-12-02,19.0,12.0,72.0,18.0,29.94,0.0,2
1432,2013-12-03,19.0,12.0,73.0,11.0,29.91,6.5,2
1433,2013-12-04,19.0,14.0,78.0,7.0,29.91,17.7,2
1434,2013-12-05,19.0,12.0,76.0,7.0,29.91,6.9,2
1435,2013-12-06,19.0,11.0,73.0,7.0,29.88,3.2,2
1436,2013-12-07,19.0,10.0,63.0,8.0,29.94,0.0,2
1437,2013-12-08,19.0,8.0,60.0,8.0,29.94,0.0,1
1438,2013-12-09,18.0,8.0,60.0,6.0,29.94,1.8,2
1439,2013-12-10,18.0,9.0,64.0,5.0,29.91,3.6,2
1440,2013-12-11,18.0,11.0,72.0,5.0,29.88,3.7,2
1441,2013-12-12,17.0,12.0,81.0,4.0,29.91,26.7,3
1442,2013-12-13,17.0,13.0,85.0,4.0,29.97,11.0,0
1443,2013-12-14,17.0,13.0,84.0,2.0,29.97,20.9,0
1444,2013-12-15,17.0,12.0,82.0,6.0,29.97,12.8,0
1445,2013-12-16,18.0,13.0,80.0,8.0,29.94,11.9,0
1446,2013-12-17,17.0,13.0,82.0,9.0,29.94,9.8,0
1447,2013-12-18,19.0,12.0,74.0,10.0,29.91,0.3,2
1448,2013-12-19,19.0,11.0,69.0,11.0,29.91,0.0,2
1449,2013-12-20,18.0,11.0,73.0,14.0,29.91,0.3,2
1450,2013-12-21,18.0,11.0,72.0,14.0,29.94,0.0,2
1451,2013-12-22,18.0,10.0,69.0,10.0,29.94,0.0,2
1452,2013-12-23,19.0,11.0,71.0,8.0,29.91,0.8,2
1453,2013-12-24,19.0,10.0,68.0,13.0,29.91,0.0,2
1454,2013-12-25,18.0,9.0,67.0,16.0,29.94,0.0,1
1455,2013-12-26,18.0,8.0,66.0,15.0,29.97,0.0,1
1456,2013-12-27,18.0,10.0,70.0,12.0,29.97,1.5,2
1457,2013-12-28,18.0,10.0,71.0,11.0,29.97,3.1,2
1458,2013-12-29,20.0,11.0,71.0,11.0,29.91,0.5,2
1459,2013-12-30,20.0,11.0,70.0,8.0,29.91,5.3,2
1460,2013-12-31,20.0,12.0,73.0,7.0,29.91,7.6,2
1461,2014-01-01,20.0,13.0,75.0,6.0,29.91,8.6,2
1462,2014-01-02,20.0,12.0,71.0,9.0,29.91,0.6,2
1463,2014-01-03,20.0,10.0,65.0,12.0,29.91,0.0,1
1464,2014-01-04,19.0,10.0,63.0,12.0,29.91,0.0,2
1465,2014-01-05,20.0,9.0,60.0,13.0,29.91,0.0,1
1466,2014-01-06,20.0,8.0,55.0,11.0,29.88,0.0,1
1467,2014-01-07,20.0,8.0,56.0,9.0,29.85,0.1,1
1468,2014-01-08,19.0,9.0,63.0,7.0,29.88,0.3,2
1469,2014-01-09,19.0,10.0,67.0,8.0,29.94,5.8,2
1470,2014-01-10,19.0,9.0,63.0,12.0,29.94,0.0,1
1471,2014-01-11,19.0,5.0,53.0,12.0,29.97,0.0,1
1472,2014-01-12,19.0,5.0,49.0,8.0,29.97,0.0,1
1473,2014-01-13,20.0,7.0,54.0,10.0,29.94,0.0,1
1474,2014-01-14,20.0,8.0,56.0,14.0,29.94,0.0,1
1475,2014-01-15,19.0,7.0,56.0,12.0,29.97,0.0,1
1476,2014-01-16,20.0,7.0,52.0,10.0,30.0,0.0,1
1477,2014-01-17,20.0,8.0,55.0,10.0,29.97,0.0,1
1478,2014-01-18,21.0,8.0,55.0,8.0,29.94,0.0,1
1479,2014-01-19,20.0,9.0,56.0,7.0,29.94,0.5,1
1480,2014-01-20,21.0,11.0,59.0,9.0,29.94,0.5,1
1481,2014-01-21,20.0,11.0,67.0,9.0,29.94,0.5,2
1482,2014-01-22,20.0,10.0,63.0,11.0,29.94,0.5,1
1483,2014-01-23,21.0,10.0,63.0,13.0,29.91,0.0,1
1484,2014-01-24,20.0,9.0,63.0,13.0,29.88,0.0,1
1485,2014-01-25,20.0,7.0,53.0,9.0,29.88,0.0,1
1486,2014-01-26,21.0,6.0,47.0,7.0,29.88,0.0,1
1487,2014-01-27,21.0,7.0,49.0,7.0,29.88,0.1,1
1488,2014-01-28,21.0,7.0,51.0,12.0,29.88,0.0,1
1489,2014-01-29,22.0,9.0,57.0,13.0,29.91,0.0,1
1490,2014-01-30,21.0,9.0,55.0,16.0,29.91,0.0,1
1491,2014-01-31,22.0,7.0,52.0,16.0,29.88,0.0,1
1492,2014-02-01,21.0,7.0,53.0,10.0,29.88,0.0,1
1493,2014-02-02,21.0,7.0,49.0,8.0,29.85,0.0,1
1494,2014-02-03,20.0,5.0,45.0,7.0,29.85,0.0,1
1495,2014-02-04,21.0,8.0,53.0,10.0,29.85,0.3,1
1496,2014-02-05,22.0,9.0,56.0,6.0,29.83,3.6,1
1497,2014-02-06,21.0,10.0,62.0,5.0,29.83,3.6,2
1498,2014-02-07,20.0,11.0,66.0,5.0,29.88,8.0,2
1499,2014-02-08,20.0,11.0,67.0,6.0,29.88,9.9,2
1500,2014-02-09,19.0,11.0,68.0,7.0,29.88,9.6,2
1501,2014-02-10,19.0,11.0,67.0,5.0,29.88,10.1,2
1502,2014-02-11,19.0,11.0,67.0,6.0,29.88,8.7,2
1503,2014-02-12,19.0,9.0,62.0,7.0,29.85,1.9,2
1504,2014-02-13,21.0,8.0,55.0,5.0,29.85,0.0,1
1505,2014-02-14,21.0,6.0,45.0,6.0,29.88,0.0,1
1506,2014-02-15,21.0,8.0,52.0,8.0,29.85,0.1,1
1507,2014-02-16,21.0,12.0,64.0,7.0,29.85,8.3,2
1508,2014-02-17,19.0,13.0,75.0,5.0,29.88,20.0,2
1509,2014-02-18,19.0,13.0,72.0,7.0,29.91,16.4,2
1510,2014-02-19,20.0,13.0,71.0,10.0,29.88,20.6,2
1511,2014-02-20,18.0,13.0,77.0,9.0,29.94,20.9,3
1512,2014-02-21,19.0,11.0,70.0,11.0,29.94,2.0,2
1513,2014-02-22,20.0,9.0,63.0,15.0,29.91,0.1,1
1514,2014-02-23,20.0,9.0,58.0,13.0,29.85,0.1,1
1515,2014-02-24,21.0,10.0,60.0,12.0,29.85,0.4,1
1516,2014-02-25,21.0,11.0,65.0,13.0,29.85,0.8,1
1517,2014-02-26,20.0,10.0,62.0,16.0,29.88,0.2,1
1518,2014-02-27,20.0,10.0,61.0,17.0,29.88,0.0,1
1519,2014-02-28,21.0,10.0,58.0,16.0,29.88,0.0,1
1520,2014-03-01,21.0,8.0,55.0,13.0,29.88,0.0,1
1521,2014-03-02,20.0,7.0,55.0,16.0,29.88,0.0,1
1522,2014-03-03,21.0,6.0,50.0,14.0,29.88,0.0,1
1523,2014-03-04,21.0,6.0,49.0,12.0,29.88,0.0,1
1524,2014-03-05,21.0,8.0,50.0,9.0,29.88,0.0,1
1525,2014-03-06,21.0,10.0,57.0,10.0,29.88,0.5,1
1526,2014-03-07,21.0,9.0,58.0,12.0,29.88,0.0,1
1527,2014-03-08,20.0,7.0,55.0,16.0,29.88,0.0,1
1528,2014-03-09,21.0,8.0,56.0,17.0,29.85,0.0,1
1529,2014-03-10,21.0,8.0,56.0,15.0,29.85,0.0,1
1530,2014-03-11,22.0,11.0,61.0,7.0,29.88,1.2,1
1531,2014-03-12,21.0,10.0,63.0,4.0,29.91,1.6,2
1532,2014-03-13,20.0,11.0,71.0,3.0,29.94,10.5,2
1533,2014-03-14,18.0,13.0,80.0,6.0,29.94,32.6,3
1534,2014-03-15,18.0,13.0,79.0,5.0,29.97,15.2,0
1535,2014-03-16,20.0,13.0,72.0,9.0,29.91,2.5,2
1536,2014-03-17,20.0,12.0,70.0,16.0,29.91,0.4,2
1537,2014-03-18,20.0,12.0,69.0,18.0,29.94,0.4,2
1538,2014-03-19,20.0,11.0,63.0,19.0,29.91,0.0,1
1539,2014-03-20,19.0,8.0,59.0,15.0,29.94,0.0,1
1540,2014-03-21,20.0,7.0,55.0,10.0,29.91,0.0,1
1541,2014-03-22,21.0,9.0,59.0,5.0,29.88,0.1,1
1542,2014-03-23,21.0,10.0,64.0,5.0,29.85,2.1,2
1543,2014-03-24,21.0,11.0,65.0,10.0,29.88,1.3,2
1544,2014-03-25,21.0,11.0,65.0,9.0,29.91,1.4,2
1545,2014-03-26,21.0,11.0,67.0,9.0,29.91,2.1,2
1546,2014-03-27,21.0,13.0,71.0,6.0,29.88,8.8,2
1547,2014-03-28,21.0,13.0,72.0,7.0,29.88,3.6,2
1548,2014-03-29,20.0,12.0,71.0,7.0,29.88,4.1,2
1549,2014-03-30,21.0,13.0,70.0,6.0,29.88,2.3,2
1550,2014-03-31,20.0,10.0,66.0,6.0,29.91,1.5,2
1551,2014-04-01,20.0,11.0,70.0,3.0,29.91,1.9,2
1552,2014-04-02,20.0,10.0,67.0,6.0,29.91,0.2,2
1553,2014-04-03,21.0,12.0,69.0,5.0,29.91,5.6,2
1554,2014-04-04,21.0,12.0,69.0,5.0,29.91,2.9,2
1555,2014-04-05,21.0,11.0,69.0,5.0,29.91,1.7,2
1556,2014-04-06,20.0,12.0,73.0,7.0,29.91,10.4,2
1557,2014-04-07,19.0,12.0,75.0,9.0,29.94,11.0,2
1558,2014-04-08,19.0,10.0,68.0,10.0,29.97,0.7,2
1559,2014-04-09,19.0,8.0,62.0,10.0,29.97,0.0,1
1560,2014-04-10,19.0,6.0,57.0,9.0,29.94,0.0,1
1561,2014-04-11,20.0,11.0,69.0,7.0,29.91,6.1,2
1562,2014-04-12,20.0,12.0,72.0,11.0,29.91,0.6,2
1563,2014-04-13,20.0,12.0,75.0,9.0,29.91,7.4,2
1564,2014-04-14,20.0,12.0,75.0,9.0,29.91,2.7,2
1565,2014-04-15,20.0,13.0,75.0,9.0,29.88,6.6,2
1566,2014-04-16,20.0,12.0,73.0,10.0,29.91,0.8,2
1567,2014-04-17,20.0,12.0,73.0,8.0,29.91,5.2,2
1568,2014-04-18,19.0,13.0,76.0,10.0,29.91,2.7,2
1569,2014-04-19,19.0,13.0,77.0,12.0,29.94,3.1,2
1570,2014-04-20,20.0,12.0,73.0,12.0,29.91,0.6,2
1571,2014-04-21,19.0,9.0,65.0,9.0,29.88,0.0,2
1572,2014-04-22,19.0,10.0,68.0,8.0,29.91,2.0,2
1573,2014-04-23,20.0,9.0,66.0,11.0,29.91,0.0,1
1574,2014-04-24,20.0,12.0,73.0,10.0,29.91,2.0,2
1575,2014-04-25,19.0,11.0,72.0,10.0,29.91,1.9,2
1576,2014-04-26,19.0,11.0,72.0,10.0,29.94,0.2,2
1577,2014-04-27,20.0,8.0,63.0,9.0,29.91,0.0,1
1578,2014-04-28,20.0,8.0,63.0,6.0,29.94,0.0,1
1579,2014-04-29,21.0,9.0,64.0,6.0,29.91,0.0,1
1580,2014-04-30,21.0,11.0,69.0,4.0,29.91,1.5,2
1581,2014-05-01,21.0,12.0,71.0,6.0,29.88,1.8,2
1582,2014-05-02,20.0,12.0,74.0,5.0,29.91,3.2,2
1583,2014-05-03,21.0,13.0,76.0,4.0,29.94,4.5,2
1584,2014-05-04,20.0,12.0,76.0,4.0,29.91,3.3,2
1585,2014-05-05,21.0,12.0,74.0,3.0,29.88,1.7,2
1586,2014-05-06,20.0,12.0,75.0,3.0,29.88,1.7,2
1587,2014-05-07,21.0,13.0,78.0,3.0,29.88,8.6,2
1588,2014-05-08,20.0,14.0,80.0,3.0,29.88,4.6,2
1589,2014-05-09,19.0,14.0,84.0,2.0,29.91,18.0,3
1590,2014-05-10,19.0,15.0,87.0,2.0,29.91,20.0,3
1591,2014-05-11,19.0,15.0,87.0,4.0,29.91,22.1,3
1592,2014-05-12,20.0,13.0,80.0,5.0,29.91,3.0,2
1593,2014-05-13,20.0,12.0,78.0,2.0,29.97,3.5,0
1594,2014-05-14,19.0,11.0,76.0,5.0,29.94,1.0,2
1595,2014-05-15,19.0,12.0,77.0,5.0,29.88,0.5,2
1596,2014-05-16,19.0,12.0,77.0,4.0,29.88,0.4,2
1597,2014-05-17,20.0,11.0,74.0,5.0,29.91,0.3,2
1598,2014-05-18,19.0,11.0,76.0,3.0,29.97,3.8,0
1599,2014-05-19,19.0,12.0,79.0,3.0,29.97,6.4,0
1600,2014-05-20,19.0,12.0,80.0,6.0,29.94,3.0,2
1601,2014-05-21,19.0,13.0,82.0,4.0,29.94,7.6,0
1602,2014-05-22,19.0,13.0,83.0,3.0,29.97,2.3,0
1603,2014-05-23,19.0,13.0,83.0,3.0,29.94,7.5,0
1604,2014-05-24,19.0,14.0,85.0,2.0,29.97,2.9,0
1605,2014-05-25,18.0,13.0,84.0,2.0,30.0,1.6,0
1606,2014-05-26,18.0,12.0,83.0,3.0,29.97,9.0,0
1607,2014-05-27,19.0,13.0,84.0,3.0,29.94,16.9,0
1608,2014-05-28,18.0,13.0,85.0,3.0,29.91,17.6,3
1609,2014-05-29,18.0,14.0,89.0,2.0,29.94,15.9,0
1610,2014-05-30,19.0,13.0,83.0,3.0,29.94,5.0,0
1611,2014-05-31,18.0,13.0,86.0,3.0,29.94,10.8,0
1612,2014-06-01,19.0,14.0,85.0,2.0,29.91,13.9,0
1613,2014-06-02,20.0,13.0,81.0,4.0,29.91,1.2,2
1614,2014-06-03,19.0,13.0,78.0,4.0,29.88,1.1,2
1615,2014-06-04,19.0,13.0,80.0,4.0,29.88,2.4,2
1616,2014-06-05,18.0,13.0,85.0,2.0,29.94,7.6,0
1617,2014-06-06,19.0,13.0,85.0,2.0,29.94,9.1,0
1618,2014-06-07,19.0,12.0,80.0,3.0,29.91,3.5,2
1619,2014-06-08,18.0,13.0,83.0,4.0,29.91,1.3,0
1620,2014-06-09,18.0,13.0,86.0,3.0,29.94,2.2,0
1621,2014-06-10,18.0,13.0,86.0,4.0,29.97,20.1,0
1622,2014-06-11,17.0,13.0,89.0,2.0,30.0,14.9,0
1623,2014-06-12,17.0,13.0,87.0,3.0,29.97,5.0,0
1624,2014-06-13,18.0,14.0,89.0,4.0,29.94,15.8,0
1625,2014-06-14,19.0,14.0,87.0,2.0,29.94,4.9,0
1626,2014-06-15,18.0,13.0,86.0,3.0,30.0,5.0,0
1627,2014-06-16,19.0,12.0,82.0,3.0,30.0,1.6,0
1628,2014-06-17,19.0,12.0,79.0,3.0,30.0,0.9,0
1629,2014-06-18,19.0,12.0,78.0,3.0,30.0,0.5,0
1630,2014-06-19,19.0,13.0,84.0,5.0,30.0,0.9,0
1631,2014-06-20,17.0,13.0,86.0,4.0,30.0,3.1,0
1632,2014-06-21,18.0,14.0,88.0,4.0,30.03,13.9,0
1633,2014-06-22,18.0,12.0,83.0,4.0,30.03,3.7,0
1634,2014-06-23,18.0,12.0,81.0,3.0,30.06,1.2,0
1635,2014-06-24,18.0,11.0,81.0,2.0,30.03,0.3,0
1636,2014-06-25,18.0,12.0,84.0,2.0,30.0,1.5,0
1637,2014-06-26,18.0,12.0,84.0,3.0,30.0,1.2,0
1638,2014-06-27,18.0,11.0,81.0,3.0,30.0,0.5,0
1639,2014-06-28,18.0,11.0,80.0,3.0,30.0,0.5,0
1640,2014-06-29,18.0,12.0,83.0,2.0,29.97,2.1,0
1641,2014-06-30,18.0,11.0,81.0,3.0,29.97,0.9,0
1642,2014-07-01,17.0,11.0,83.0,3.0,30.03,3.1,0
1643,2014-07-02,17.0,11.0,82.0,3.0,30.03,1.2,0
1644,2014-07-03,18.0,10.0,79.0,3.0,30.03,0.7,0
1645,2014-07-04,18.0,11.0,83.0,3.0,29.97,3.0,0
1646,2014-07-05,18.0,12.0,83.0,3.0,29.97,4.0,0
1647,2014-07-06,18.0,13.0,84.0,3.0,30.0,6.8,0
1648,2014-07-07,18.0,12.0,85.0,3.0,30.03,3.0,0
1649,2014-07-08,18.0,12.0,85.0,5.0,30.03,1.4,0
1650,2014-07-09,18.0,13.0,81.0,6.0,30.03,0.6,0
1651,2014-07-10,18.0,13.0,83.0,5.0,30.06,2.4,0
1652,2014-07-11,17.0,13.0,86.0,2.0,30.06,1.4,0
1653,2014-07-12,17.0,13.0,86.0,5.0,30.06,6.7,0
1654,2014-07-13,18.0,12.0,85.0,3.0,30.03,4.3,0
1655,2014-07-14,18.0,12.0,85.0,3.0,30.0,2.0,0
1656,2014-07-15,18.0,13.0,85.0,3.0,30.0,6.7,0
1657,2014-07-16,18.0,13.0,86.0,5.0,30.0,1.6,0
1658,2014-07-17,18.0,12.0,85.0,4.0,30.0,6.3,0
1659,2014-07-18,18.0,13.0,86.0,2.0,29.97,9.9,0
1660,2014-07-19,18.0,12.0,83.0,3.0,30.0,2.8,0
1661,2014-07-20,18.0,12.0,82.0,4.0,30.03,2.9,0
1662,2014-07-21,18.0,13.0,85.0,3.0,30.03,8.0,0
1663,2014-07-22,17.0,14.0,84.0,4.0,30.0,4.2,0
1664,2014-07-23,18.0,15.0,87.0,3.0,29.97,6.9,0
1665,2014-07-24,17.0,14.0,90.0,3.0,30.0,1.2,0
1666,2014-07-25,15.0,14.0,92.0,3.0,30.0,7.1,0
1667,2014-07-26,18.0,14.0,86.0,3.0,29.97,7.3,0
1668,2014-07-27,19.0,13.0,86.0,3.0,30.0,4.0,0
1669,2014-07-28,18.0,13.0,85.0,4.0,30.0,5.5,0
1670,2014-07-29,19.0,13.0,84.0,2.0,30.0,2.6,0
1671,2014-07-30,18.0,12.0,82.0,2.0,30.0,1.2,0
1672,2014-07-31,18.0,13.0,84.0,3.0,30.03,3.2,0
1673,2014-08-01,18.0,13.0,84.0,3.0,30.0,6.7,0
1674,2014-08-02,17.0,13.0,88.0,3.0,30.0,11.2,0
1675,2014-08-03,18.0,14.0,89.0,2.0,30.0,34.4,3
1676,2014-08-04,17.0,15.0,92.0,3.0,30.0,18.1,0
1677,2014-08-05,16.0,14.0,92.0,4.0,30.0,20.2,0
1678,2014-08-06,18.0,14.0,87.0,3.0,29.97,14.8,0
1679,2014-08-07,15.0,14.0,94.0,4.0,30.0,7.1,0
1680,2014-08-08,15.0,14.0,94.0,3.0,30.03,17.9,0
1681,2014-08-09,17.0,13.0,86.0,4.0,30.0,2.9,0
1682,2014-08-10,18.0,14.0,86.0,4.0,30.0,25.5,3
1683,2014-08-11,16.0,12.0,89.0,3.0,29.97,2.9,0
1684,2014-08-12,17.0,14.0,90.0,5.0,29.94,11.5,0
1685,2014-08-13,18.0,13.0,87.0,3.0,29.97,6.3,0
1686,2014-08-14,17.0,12.0,86.0,3.0,30.0,4.5,0
1687,2014-08-15,18.0,12.0,83.0,4.0,30.0,1.5,0
1688,2014-08-16,18.0,12.0,82.0,3.0,30.0,2.5,0
1689,2014-08-17,18.0,12.0,83.0,2.0,29.97,2.4,0
1690,2014-08-18,18.0,13.0,84.0,3.0,29.97,7.6,0
1691,2014-08-19,17.0,13.0,86.0,5.0,30.0,6.2,0
1692,2014-08-20,18.0,12.0,82.0,3.0,29.97,3.3,0
1693,2014-08-21,18.0,12.0,80.0,3.0,29.94,3.5,0
1694,2014-08-22,19.0,12.0,81.0,3.0,29.94,2.0,0
1695,2014-08-23,18.0,12.0,82.0,4.0,29.94,7.0,0
1696,2014-08-24,16.0,14.0,92.0,4.0,29.94,20.5,3
1697,2014-08-25,18.0,13.0,82.0,4.0,29.94,4.1,0
1698,2014-08-26,18.0,13.0,85.0,4.0,29.97,14.3,0
1699,2014-08-27,18.0,14.0,87.0,3.0,29.94,13.5,0
1700,2014-08-28,19.0,14.0,86.0,3.0,29.91,10.5,0
1701,2014-08-29,19.0,14.0,85.0,4.0,29.94,12.6,0
1702,2014-08-30,18.0,13.0,83.0,5.0,29.97,9.1,0
1703,2014-08-31,17.0,14.0,89.0,4.0,29.97,18.8,0
1704,2014-09-01,17.0,15.0,91.0,3.0,29.94,23.6,3
1705,2014-09-02,18.0,14.0,88.0,4.0,29.94,9.9,0
1706,2014-09-03,16.0,14.0,91.0,4.0,29.97,29.6,3
1707,2014-09-04,17.0,14.0,90.0,3.0,29.94,6.1,0
1708,2014-09-05,18.0,14.0,89.0,2.0,29.94,3.7,0
1709,2014-09-06,18.0,14.0,89.0,4.0,29.97,14.3,0
1710,2014-09-07,18.0,13.0,83.0,4.0,30.0,3.1,0
1711,2014-09-08,18.0,13.0,82.0,2.0,30.03,2.9,0
1712,2014-09-09,19.0,12.0,78.0,3.0,30.0,0.7,0
1713,2014-09-10,18.0,12.0,77.0,3.0,29.97,0.9,0
1714,2014-09-11,19.0,12.0,78.0,3.0,29.97,1.0,0
1715,2014-09-12,19.0,11.0,75.0,4.0,29.94,0.2,2
1716,2014-09-13,19.0,12.0,75.0,4.0,29.94,0.8,2
1717,2014-09-14,19.0,11.0,76.0,4.0,29.97,1.7,0
1718,2014-09-15,19.0,11.0,73.0,5.0,29.94,0.2,2
1719,2014-09-16,19.0,11.0,74.0,3.0,29.94,0.9,2
1720,2014-09-17,18.0,11.0,78.0,4.0,29.91,0.8,2
1721,2014-09-18,19.0,12.0,76.0,5.0,29.94,0.7,2
1722,2014-09-19,19.0,12.0,78.0,4.0,29.94,3.7,0
1723,2014-09-20,19.0,13.0,81.0,4.0,29.94,14.0,0
1724,2014-09-21,19.0,13.0,81.0,4.0,29.94,13.4,0
1725,2014-09-22,20.0,13.0,80.0,3.0,29.94,12.1,0
1726,2014-09-23,19.0,13.0,80.0,4.0,29.91,4.9,2
1727,2014-09-24,19.0,13.0,81.0,3.0,29.97,13.1,0
1728,2014-09-25,19.0,13.0,79.0,5.0,29.94,5.4,0
1729,2014-09-26,19.0,13.0,79.0,4.0,29.94,7.5,0
1730,2014-09-27,19.0,12.0,76.0,5.0,29.94,2.6,2
1731,2014-09-28,19.0,11.0,75.0,5.0,29.97,0.4,0
1732,2014-09-29,19.0,10.0,70.0,5.0,29.94,0.0,2
1733,2014-09-30,19.0,9.0,63.0,3.0,29.91,0.0,2
1734,2014-10-01,19.0,11.0,74.0,3.0,29.91,4.9,2
1735,2014-10-02,20.0,13.0,77.0,3.0,29.94,10.5,2
1736,2014-10-03,18.0,13.0,84.0,5.0,29.94,28.1,3
1737,2014-10-04,19.0,14.0,83.0,4.0,29.94,13.2,0
1738,2014-10-05,19.0,13.0,82.0,2.0,29.94,10.6,0
1739,2014-10-06,19.0,13.0,76.0,6.0,29.94,2.3,2
1740,2014-10-07,19.0,12.0,72.0,5.0,29.94,1.5,2
1741,2014-10-08,20.0,12.0,73.0,4.0,29.91,3.9,2
1742,2014-10-09,20.0,12.0,72.0,6.0,29.91,0.7,2
1743,2014-10-10,20.0,11.0,67.0,8.0,29.91,0.0,2
1744,2014-10-11,20.0,11.0,67.0,5.0,29.91,3.9,2
1745,2014-10-12,20.0,12.0,73.0,4.0,29.94,5.1,2
1746,2014-10-13,19.0,12.0,75.0,4.0,29.94,8.5,2
1747,2014-10-14,19.0,14.0,80.0,5.0,29.91,18.9,3
1748,2014-10-15,18.0,13.0,84.0,4.0,29.94,31.9,3
1749,2014-10-16,17.0,14.0,88.0,3.0,29.94,40.5,3
1750,2014-10-17,18.0,13.0,83.0,4.0,29.94,20.3,3
1751,2014-10-18,19.0,13.0,81.0,8.0,29.91,9.6,2
1752,2014-10-19,19.0,13.0,80.0,7.0,29.88,6.1,2
1753,2014-10-20,18.0,14.0,82.0,4.0,29.91,23.8,3
1754,2014-10-21,18.0,15.0,88.0,2.0,29.94,32.0,3
1755,2014-10-22,19.0,14.0,82.0,6.0,29.94,7.9,0
1756,2014-10-23,19.0,14.0,80.0,6.0,29.94,4.3,0
1757,2014-10-24,19.0,14.0,81.0,7.0,29.91,5.0,2
1758,2014-10-25,19.0,13.0,78.0,6.0,29.91,3.9,2
1759,2014-10-26,19.0,13.0,76.0,6.0,29.91,6.4,2
1760,2014-10-27,19.0,13.0,79.0,7.0,29.94,5.7,2
1761,2014-10-28,19.0,13.0,77.0,6.0,29.91,4.2,2
1762,2014-10-29,20.0,13.0,76.0,7.0,29.88,5.7,2
1763,2014-10-30,19.0,13.0,79.0,9.0,29.88,8.5,2
1764,2014-10-31,19.0,12.0,75.0,9.0,29.88,2.1,2
1765,2014-11-01,19.0,11.0,71.0,10.0,29.88,0.1,2
1766,2014-11-02,18.0,11.0,73.0,6.0,29.91,6.4,2
1767,2014-11-03,18.0,12.0,79.0,9.0,29.97,12.6,0
1768,2014-11-04,19.0,12.0,76.0,13.0,29.97,0.7,2
1769,2014-11-05,18.0,10.0,72.0,14.0,29.97,0.0,2
1770,2014-11-06,18.0,11.0,73.0,11.0,29.97,0.2,2
1771,2014-11-07,19.0,11.0,71.0,7.0,29.97,2.4,2
1772,2014-11-08,19.0,12.0,75.0,7.0,29.94,9.3,2
1773,2014-11-09,18.0,11.0,72.0,10.0,29.94,0.2,2
1774,2014-11-10,18.0,12.0,78.0,14.0,29.91,3.5,2
1775,2014-11-11,18.0,12.0,78.0,12.0,29.91,3.5,2
1776,2014-11-12,18.0,11.0,74.0,11.0,29.88,0.9,2
1777,2014-11-13,19.0,11.0,74.0,10.0,29.88,2.5,2
1778,2014-11-14,18.0,12.0,76.0,10.0,29.91,4.8,2
1779,2014-11-15,18.0,12.0,79.0,8.0,29.94,7.3,0
1780,2014-11-16,18.0,11.0,76.0,8.0,29.91,1.0,2
1781,2014-11-17,18.0,11.0,72.0,10.0,29.88,0.3,2
1782,2014-11-18,18.0,9.0,66.0,14.0,29.88,0.0,2
1783,2014-11-19,18.0,11.0,73.0,14.0,29.88,1.8,2
1784,2014-11-20,18.0,12.0,77.0,7.0,29.94,11.9,0
1785,2014-11-21,17.0,13.0,84.0,5.0,30.0,7.0,0
1786,2014-11-22,19.0,13.0,79.0,9.0,29.97,4.4,0
1787,2014-11-23,19.0,13.0,77.0,5.0,29.97,1.8,0
1788,2014-11-24,20.0,13.0,77.0,6.0,29.91,2.3,2
1789,2014-11-25,20.0,13.0,76.0,4.0,29.91,2.7,2
1790,2014-11-26,20.0,13.0,75.0,5.0,29.88,2.6,2
1791,2014-11-27,19.0,13.0,78.0,5.0,29.91,4.3,2
1792,2014-11-28,19.0,13.0,78.0,8.0,29.94,3.8,2
1793,2014-11-29,19.0,12.0,75.0,6.0,29.94,1.7,2
1794,2014-11-30,19.0,13.0,79.0,6.0,29.94,3.8,2
1795,2014-12-01,17.0,14.0,85.0,6.0,29.91,6.4,0
1796,2014-12-02,19.0,14.0,82.0,11.0,29.88,3.4,2
1797,2014-12-03,18.0,13.0,79.0,17.0,29.94,0.1,2
1798,2014-12-04,18.0,11.0,74.0,20.0,29.97,0.0,2
1799,2014-12-05,18.0,10.0,72.0,14.0,29.97,0.0,2
1800,2014-12-06,19.0,11.0,69.0,8.0,29.94,0.0,2
1801,2014-12-07,19.0,12.0,73.0,7.0,29.91,2.4,2
1802,2014-12-08,19.0,11.0,71.0,10.0,29.91,0.0,2
1803,2014-12-09,19.0,11.0,71.0,13.0,29.94,0.0,2
1804,2014-12-10,19.0,11.0,72.0,16.0,29.94,0.0,2
1805,2014-12-11,19.0,10.0,69.0,15.0,29.94,0.0,2
1806,2014-12-12,19.0,10.0,66.0,13.0,29.94,0.0,2
1807,2014-12-13,19.0,8.0,60.0,11.0,29.97,0.0,1
1808,2014-12-14,19.0,9.0,62.0,11.0,29.94,0.0,1
1809,2014-12-15,20.0,11.0,67.0,10.0,29.94,1.3,2
1810,2014-12-16,20.0,10.0,68.0,10.0,29.94,0.0,2
1811,2014-12-17,20.0,10.0,66.0,7.0,29.97,0.4,2
1812,2014-12-18,20.0,10.0,65.0,6.0,29.97,0.0,2
1813,2014-12-19,20.0,10.0,63.0,11.0,29.97,0.0,1
1814,2014-12-20,20.0,9.0,62.0,10.0,29.97,0.0,1
1815,2014-12-21,19.0,10.0,66.0,6.0,29.94,2.0,2
1816,2014-12-22,19.0,11.0,68.0,5.0,29.94,1.1,2
1817,2014-12-23,19.0,12.0,72.0,6.0,29.94,3.3,2
1818,2014-12-24,19.0,12.0,74.0,7.0,29.97,3.3,0
1819,2014-12-25,19.0,12.0,75.0,8.0,29.97,3.0,0
1820,2014-12-26,19.0,11.0,71.0,9.0,29.97,0.1,2
1821,2014-12-27,19.0,12.0,70.0,8.0,29.94,0.9,2
1822,2014-12-28,20.0,10.0,64.0,11.0,29.97,0.0,2
1823,2014-12-29,20.0,9.0,61.0,11.0,29.94,0.0,1
1824,2014-12-30,20.0,8.0,59.0,10.0,29.91,0.0,1
1825,2014-12-31,20.0,8.0,56.0,10.0,29.91,0.0,1
1826,2015-01-01,19.0,5.0,48.0,11.0,29.94,0.0,1
1827,2015-01-02,19.0,2.0,40.0,12.0,29.97,0.0,1
1828,2015-01-03,19.0,2.0,39.0,9.0,29.97,0.0,1
1829,2015-01-04,20.0,2.0,36.0,6.0,29.94,0.0,1
1830,2015-01-05,19.0,3.0,40.0,5.0,29.94,0.0,1
1831,2015-01-06,19.0,4.0,45.0,7.0,29.94,0.0,1
1832,2015-01-07,19.0,6.0,50.0,6.0,29.97,0.1,1
1833,2015-01-08,19.0,8.0,59.0,9.0,29.97,0.0,1
1834,2015-01-09,19.0,8.0,61.0,7.0,29.97,0.0,1
1835,2015-01-10,19.0,9.0,63.0,4.0,29.97,0.2,2
1836,2015-01-11,19.0,9.0,57.0,7.0,29.94,0.2,2
1837,2015-01-12,20.0,9.0,57.0,8.0,29.94,0.4,1
1838,2015-01-13,20.0,10.0,61.0,12.0,29.97,0.0,1
1839,2015-01-14,19.0,7.0,55.0,14.0,29.97,0.0,1
1840,2015-01-15,20.0,2.0,36.0,11.0,29.94,0.0,1
1841,2015-01-16,20.0,1.0,33.0,8.0,29.91,0.0,1
1842,2015-01-17,21.0,2.0,37.0,4.0,29.91,0.0,1
1843,2015-01-18,20.0,2.0,37.0,6.0,29.94,0.0,1
1844,2015-01-19,20.0,7.0,50.0,3.0,29.94,0.0,1
1845,2015-01-20,19.0,7.0,49.0,7.0,29.94,0.4,1
1846,2015-01-21,20.0,9.0,58.0,15.0,29.97,0.0,1
1847,2015-01-22,20.0,11.0,66.0,16.0,29.97,3.3,2
1848,2015-01-23,21.0,9.0,58.0,13.0,29.91,0.0,1
1849,2015-01-24,20.0,10.0,61.0,15.0,29.88,0.0,1
1850,2015-01-25,20.0,8.0,57.0,14.0,29.91,0.0,1
1851,2015-01-26,20.0,5.0,51.0,15.0,29.94,0.0,1
1852,2015-01-27,21.0,6.0,45.0,9.0,29.91,0.0,1
1853,2015-01-28,21.0,6.0,46.0,10.0,29.88,0.1,1
1854,2015-01-29,20.0,3.0,41.0,13.0,29.88,0.0,1
1855,2015-01-30,20.0,3.0,43.0,12.0,29.94,0.0,1
1856,2015-01-31,21.0,5.0,45.0,11.0,29.94,0.4,1
1857,2015-02-01,21.0,6.0,48.0,11.0,29.91,0.2,1
1858,2015-02-02,21.0,9.0,53.0,15.0,29.88,0.8,1
1859,2015-02-03,21.0,7.0,51.0,14.0,29.91,0.0,1
1860,2015-02-04,21.0,8.0,55.0,17.0,29.91,0.5,1
1861,2015-02-05,21.0,7.0,56.0,15.0,29.91,0.4,1
1862,2015-02-06,22.0,7.0,50.0,13.0,29.91,0.0,1
1863,2015-02-07,21.0,7.0,49.0,20.0,29.88,0.0,1
1864,2015-02-08,22.0,4.0,44.0,16.0,29.88,0.0,1
1865,2015-02-09,21.0,3.0,42.0,14.0,29.88,0.0,1
1866,2015-02-10,21.0,4.0,45.0,17.0,29.91,0.0,1
1867,2015-02-11,21.0,3.0,44.0,14.0,29.94,0.0,1
1868,2015-02-12,22.0,4.0,40.0,11.0,29.91,0.0,1
1869,2015-02-13,22.0,3.0,35.0,11.0,29.88,0.0,1
1870,2015-02-14,22.0,5.0,41.0,7.0,29.88,0.9,1
1871,2015-02-15,19.0,11.0,65.0,9.0,29.94,10.1,2
1872,2015-02-16,20.0,11.0,64.0,5.0,29.94,2.3,2
1873,2015-02-17,20.0,12.0,66.0,9.0,29.94,9.6,2
1874,2015-02-18,21.0,10.0,61.0,7.0,29.91,2.5,2
1875,2015-02-19,21.0,10.0,58.0,9.0,29.88,2.4,1
1876,2015-02-20,22.0,10.0,57.0,8.0,29.85,0.7,1
1877,2015-02-21,22.0,8.0,51.0,12.0,29.85,0.0,1
1878,2015-02-22,22.0,8.0,52.0,14.0,29.85,0.2,1
1879,2015-02-23,22.0,8.0,47.0,10.0,29.88,1.3,1
1880,2015-02-24,21.0,10.0,57.0,8.0,29.88,3.6,1
1881,2015-02-25,21.0,9.0,56.0,7.0,29.88,4.3,1
1882,2015-02-26,21.0,5.0,44.0,10.0,29.85,0.9,1
1883,2015-02-27,22.0,8.0,50.0,15.0,29.85,1.4,1
1884,2015-02-28,21.0,5.0,42.0,17.0,29.85,0.0,1
1885,2015-03-01,21.0,5.0,44.0,7.0,29.88,1.0,1
1886,2015-03-02,22.0,5.0,45.0,14.0,29.88,0.0,1
1887,2015-03-03,22.0,1.0,34.0,18.0,29.88,0.0,1
1888,2015-03-04,22.0,3.0,38.0,18.0,29.91,0.0,1
1889,2015-03-05,21.0,4.0,39.0,12.0,29.88,2.1,1
1890,2015-03-06,22.0,2.0,37.0,14.0,29.91,0.0,1
1891,2015-03-07,22.0,3.0,37.0,17.0,29.91,0.0,1
1892,2015-03-08,22.0,3.0,35.0,20.0,29.91,0.0,1
1893,2015-03-09,22.0,2.0,32.0,25.0,29.88,0.0,1
1894,2015-03-10,19.0,5.0,47.0,21.0,29.88,0.0,1
1895,2015-03-11,22.0,8.0,54.0,11.0,29.88,0.2,1
1896,2015-03-12,22.0,9.0,54.0,11.0,29.88,0.4,1
1897,2015-03-13,22.0,8.0,55.0,11.0,29.88,0.8,1
1898,2015-03-14,22.0,9.0,56.0,10.0,29.88,1.2,1
1899,2015-03-15,21.0,9.0,59.0,10.0,29.91,2.0,1
1900,2015-03-16,21.0,9.0,60.0,10.0,29.91,3.0,1
1901,2015-03-17,21.0,10.0,61.0,9.0,29.88,3.9,1
1902,2015-03-18,21.0,10.0,60.0,9.0,29.88,3.0,1
1903,2015-03-19,23.0,9.0,52.0,13.0,29.83,2.5,1
1904,2015-03-20,22.0,7.0,47.0,15.0,29.85,0.7,1
1905,2015-03-21,22.0,11.0,60.0,16.0,29.88,11.0,1
1906,2015-03-22,21.0,10.0,62.0,16.0,29.88,4.4,1
1907,2015-03-23,20.0,12.0,72.0,14.0,29.88,23.4,2
1908,2015-03-24,19.0,12.0,74.0,12.0,29.88,18.9,2
1909,2015-03-25,20.0,11.0,68.0,10.0,29.91,19.0,2
1910,2015-03-26,18.0,13.0,83.0,12.0,29.94,18.3,2
1911,2015-03-27,20.0,12.0,75.0,17.0,29.91,15.1,2
1912,2015-03-28,20.0,12.0,73.0,13.0,29.91,13.7,2
1913,2015-03-29,19.0,13.0,76.0,8.0,29.91,10.6,2
1914,2015-03-30,19.0,14.0,79.0,3.0,29.94,19.8,3
1915,2015-03-31,19.0,13.0,78.0,5.0,29.94,29.9,3
1916,2015-04-01,20.0,12.0,73.0,5.0,29.94,12.6,2
1917,2015-04-02,21.0,12.0,66.0,9.0,29.88,8.3,2
1918,2015-04-03,20.0,12.0,70.0,9.0,29.85,21.7,2
1919,2015-04-04,16.0,14.0,91.0,8.0,29.91,29.0,3
1920,2015-04-05,19.0,14.0,80.0,4.0,29.91,17.8,3
1921,2015-04-06,19.0,13.0,79.0,5.0,29.91,26.5,3
1922,2015-04-07,18.0,13.0,79.0,6.0,29.94,10.7,0
1923,2015-04-08,19.0,13.0,79.0,3.0,29.91,19.0,3
1924,2015-04-09,17.0,13.0,84.0,7.0,29.91,20.0,3
1925,2015-04-10,19.0,10.0,68.0,10.0,29.94,1.4,2
1926,2015-04-11,19.0,9.0,65.0,9.0,29.97,1.8,2
1927,2015-04-12,20.0,10.0,64.0,12.0,29.97,0.1,1
1928,2015-04-13,20.0,12.0,71.0,7.0,29.91,2.8,2
1929,2015-04-14,20.0,13.0,76.0,7.0,29.91,3.1,2
1930,2015-04-15,20.0,13.0,76.0,6.0,29.91,4.9,2
1931,2015-04-16,19.0,13.0,74.0,4.0,29.94,7.1,0
1932,2015-04-17,17.0,13.0,79.0,9.0,30.0,9.0,0
1933,2015-04-18,18.0,13.0,81.0,7.0,29.97,13.2,0
1934,2015-04-19,18.0,13.0,84.0,4.0,29.94,18.3,0
1935,2015-04-20,19.0,13.0,79.0,6.0,29.94,29.7,3
1936,2015-04-21,18.0,12.0,76.0,10.0,29.94,14.0,2
1937,2015-04-22,18.0,13.0,79.0,4.0,29.97,12.1,0
1938,2015-04-23,18.0,13.0,81.0,3.0,29.97,33.6,3
1939,2015-04-24,20.0,13.0,73.0,8.0,29.94,11.4,2
1940,2015-04-25,20.0,12.0,72.0,7.0,29.91,7.0,2
1941,2015-04-26,18.0,13.0,83.0,7.0,29.94,1.5,0
1942,2015-04-27,16.0,14.0,92.0,7.0,30.03,21.0,0
1943,2015-04-28,19.0,14.0,81.0,4.0,29.91,2.8,2
1944,2015-04-29,19.0,13.0,79.0,6.0,29.94,6.9,2
1945,2015-04-30,19.0,13.0,81.0,7.0,29.94,21.2,3
1946,2015-05-01,18.0,13.0,84.0,6.0,29.91,19.8,3
1947,2015-05-02,18.0,13.0,82.0,8.0,29.94,14.7,0
1948,2015-05-03,18.0,12.0,80.0,6.0,29.91,16.8,2
1949,2015-05-04,18.0,12.0,78.0,6.0,29.94,4.6,0
1950,2015-05-05,19.0,12.0,78.0,5.0,29.91,9.0,2
1951,2015-05-06,18.0,13.0,84.0,5.0,29.91,13.7,0
1952,2015-05-07,17.0,14.0,87.0,4.0,29.97,5.3,0
1953,2015-05-08,18.0,14.0,85.0,3.0,30.0,9.6,0
1954,2015-05-09,17.0,14.0,89.0,5.0,30.0,4.9,0
1955,2015-05-10,18.0,14.0,81.0,4.0,29.97,9.6,0
1956,2015-05-11,19.0,13.0,81.0,3.0,29.97,7.7,0
1957,2015-05-12,19.0,12.0,79.0,3.0,29.97,2.5,0
1958,2015-05-13,19.0,12.0,77.0,4.0,29.97,2.9,0
1959,2015-05-14,19.0,13.0,81.0,8.0,29.94,12.8,2
1960,2015-05-15,19.0,13.0,76.0,10.0,29.94,7.2,2
1961,2015-05-16,19.0,12.0,80.0,6.0,29.94,9.3,2
1962,2015-05-17,20.0,14.0,81.0,3.0,29.94,16.0,0
1963,2015-05-18,19.0,14.0,82.0,4.0,29.94,22.6,3
1964,2015-05-19,20.0,14.0,79.0,4.0,29.94,9.8,2
1965,2015-05-20,19.0,12.0,76.0,5.0,29.97,3.5,0
1966,2015-05-21,18.0,10.0,71.0,6.0,30.0,0.3,0
1967,2015-05-22,18.0,11.0,77.0,4.0,30.0,4.2,0
1968,2015-05-23,18.0,12.0,78.0,2.0,29.97,3.8,0
1969,2015-05-24,18.0,12.0,79.0,2.0,29.97,2.6,0
1970,2015-05-25,19.0,12.0,79.0,3.0,29.97,3.4,0
1971,2015-05-26,18.0,13.0,81.0,4.0,29.97,3.2,0
1972,2015-05-27,19.0,12.0,77.0,4.0,29.94,1.6,0
1973,2015-05-28,19.0,12.0,77.0,4.0,29.94,5.8,0
1974,2015-05-29,19.0,13.0,80.0,5.0,29.91,5.4,2
1975,2015-05-30,18.0,13.0,80.0,4.0,29.94,11.8,0
1976,2015-05-31,19.0,12.0,78.0,8.0,29.91,6.1,2
1977,2015-06-01,17.0,13.0,86.0,4.0,29.91,8.8,0
1978,2015-06-02,18.0,14.0,89.0,3.0,29.94,5.8,0
1979,2015-06-03,18.0,13.0,82.0,3.0,29.94,1.4,0
1980,2015-06-04,17.0,13.0,85.0,5.0,29.94,10.4,0
1981,2015-06-05,19.0,13.0,81.0,3.0,29.91,9.0,2
1982,2015-06-06,18.0,12.0,78.0,4.0,29.94,2.5,0
1983,2015-06-07,18.0,10.0,75.0,5.0,29.97,0.9,0
1984,2015-06-08,18.0,12.0,78.0,4.0,29.94,2.8,0
1985,2015-06-09,18.0,12.0,79.0,3.0,29.97,6.4,0
1986,2015-06-10,18.0,12.0,80.0,3.0,29.97,5.4,0
1987,2015-06-11,18.0,14.0,84.0,6.0,29.97,7.8,0
1988,2015-06-12,18.0,13.0,81.0,3.0,29.97,2.4,0
1989,2015-06-13,18.0,12.0,80.0,5.0,29.97,2.3,0
1990,2015-06-14,18.0,12.0,82.0,6.0,29.97,3.1,0
1991,2015-06-15,15.0,12.0,87.0,3.0,29.97,0.9,0
1992,2015-06-16,18.0,13.0,82.0,5.0,29.94,8.8,0
1993,2015-06-17,18.0,13.0,78.0,7.0,29.88,2.1,2
1994,2015-06-18,18.0,13.0,83.0,4.0,29.91,12.0,0
1995,2015-06-19,18.0,13.0,85.0,3.0,29.97,3.4,0
1996,2015-06-20,17.0,12.0,81.0,4.0,30.0,0.9,0
1997,2015-06-21,18.0,12.0,82.0,4.0,30.0,7.9,0
1998,2015-06-22,17.0,11.0,81.0,4.0,30.03,6.9,0
1999,2015-06-23,16.0,13.0,89.0,4.0,30.06,16.5,0
2000,2015-06-24,18.0,12.0,80.0,3.0,30.06,8.1,0
2001,2015-06-25,18.0,12.0,82.0,5.0,30.06,5.7,0
2002,2015-06-26,17.0,13.0,87.0,3.0,30.03,12.9,0
2003,2015-06-27,18.0,13.0,81.0,3.0,30.03,8.9,0
2004,2015-06-28,19.0,13.0,80.0,5.0,30.03,5.9,0
2005,2015-06-29,18.0,12.0,77.0,3.0,30.0,1.8,0
2006,2015-06-30,18.0,12.0,78.0,5.0,29.97,2.4,0
2007,2015-07-01,18.0,12.0,79.0,6.0,29.97,3.1,0
2008,2015-07-02,17.0,12.0,83.0,5.0,30.0,4.3,0
2009,2015-07-03,17.0,10.0,76.0,7.0,30.0,1.5,0
2010,2015-07-04,17.0,9.0,71.0,7.0,30.03,0.3,0
2011,2015-07-05,18.0,8.0,64.0,9.0,30.03,0.0,0
2012,2015-07-06,18.0,8.0,65.0,5.0,30.03,3.9,0
2013,2015-07-07,18.0,11.0,72.0,7.0,30.0,9.3,0
2014,2015-07-08,18.0,10.0,74.0,5.0,30.0,4.6,0
2015,2015-07-09,19.0,10.0,74.0,4.0,30.0,1.3,0
2016,2015-07-10,19.0,10.0,68.0,6.0,30.0,0.1,0
2017,2015-07-11,18.0,10.0,71.0,6.0,30.0,1.7,0
2018,2015-07-12,18.0,12.0,79.0,5.0,29.97,8.1,0
2019,2015-07-13,18.0,12.0,80.0,6.0,30.0,5.7,0
2020,2015-07-14,19.0,11.0,73.0,4.0,29.97,2.5,0
2021,2015-07-15,18.0,11.0,74.0,4.0,29.97,1.4,0
2022,2015-07-16,19.0,11.0,74.0,4.0,29.97,3.1,0
2023,2015-07-17,18.0,12.0,78.0,6.0,29.97,4.8,0
2024,2015-07-18,18.0,12.0,79.0,4.0,29.97,6.0,0
2025,2015-07-19,18.0,13.0,81.0,6.0,29.97,11.9,0
2026,2015-07-20,17.0,14.0,87.0,6.0,29.97,17.5,0
2027,2015-07-21,17.0,13.0,85.0,4.0,29.97,4.5,0
2028,2015-07-22,17.0,13.0,86.0,4.0,30.0,18.1,0
2029,2015-07-23,18.0,13.0,84.0,4.0,30.0,9.8,0
2030,2015-07-24,18.0,13.0,82.0,6.0,30.0,10.7,0
2031,2015-07-25,18.0,13.0,80.0,5.0,29.97,7.9,0
2032,2015-07-26,17.0,13.0,81.0,5.0,29.97,8.9,0
2033,2015-07-27,19.0,12.0,76.0,5.0,29.94,5.6,2
2034,2015-07-28,18.0,12.0,78.0,4.0,29.94,2.3,0
2035,2015-07-29,17.0,12.0,83.0,4.0,29.97,8.5,0
2036,2015-07-30,17.0,11.0,82.0,4.0,30.0,2.1,0
2037,2015-07-31,19.0,12.0,79.0,5.0,29.97,1.2,0
2038,2015-08-01,18.0,12.0,80.0,4.0,29.97,5.1,0
2039,2015-08-02,18.0,12.0,79.0,7.0,30.0,13.6,0
2040,2015-08-03,18.0,11.0,78.0,4.0,29.97,3.3,0
2041,2015-08-04,18.0,12.0,80.0,3.0,29.97,4.1,0
2042,2015-08-05,18.0,12.0,79.0,6.0,29.97,5.0,0
2043,2015-08-06,17.0,12.0,79.0,5.0,29.97,11.9,0
2044,2015-08-07,18.0,13.0,81.0,4.0,29.94,9.9,0
2045,2015-08-08,17.0,12.0,81.0,4.0,29.97,5.6,0
2046,2015-08-09,17.0,12.0,83.0,5.0,29.97,10.6,0
2047,2015-08-10,18.0,11.0,75.0,4.0,29.97,1.7,0
2048,2015-08-11,19.0,10.0,67.0,5.0,29.94,0.3,2
2049,2015-08-12,19.0,12.0,74.0,5.0,29.97,1.4,0
2050,2015-08-13,19.0,11.0,73.0,5.0,29.97,2.4,0
2051,2015-08-14,19.0,11.0,69.0,6.0,29.97,2.5,2
2052,2015-08-15,19.0,10.0,68.0,4.0,29.97,0.8,0
2053,2015-08-16,19.0,12.0,73.0,6.0,30.0,2.3,0
2054,2015-08-17,18.0,11.0,70.0,6.0,29.97,2.7,0
2055,2015-08-18,17.0,11.0,79.0,6.0,29.94,4.6,0
2056,2015-08-19,19.0,12.0,75.0,5.0,29.91,5.2,2
2057,2015-08-20,19.0,11.0,73.0,6.0,29.94,4.2,2
2058,2015-08-21,19.0,11.0,70.0,5.0,29.94,4.1,2
2059,2015-08-22,19.0,13.0,76.0,6.0,29.91,33.1,3
2060,2015-08-23,19.0,12.0,73.0,6.0,29.94,7.9,2
2061,2015-08-24,18.0,9.0,67.0,7.0,29.97,2.7,2
2062,2015-08-25,18.0,10.0,73.0,5.0,29.97,1.8,0
2063,2015-08-26,19.0,10.0,70.0,5.0,29.97,4.0,0
2064,2015-08-27,19.0,9.0,63.0,7.0,29.94,1.2,2
2065,2015-08-28,19.0,9.0,64.0,6.0,29.94,1.4,2
2066,2015-08-29,19.0,10.0,66.0,5.0,29.94,0.6,2
2067,2015-08-30,19.0,11.0,72.0,7.0,29.97,15.1,0
2068,2015-08-31,19.0,13.0,74.0,5.0,29.97,16.2,0
2069,2015-09-01,18.0,13.0,83.0,4.0,29.94,4.2,0
2070,2015-09-02,21.0,12.0,69.0,6.0,29.94,5.5,2
2071,2015-09-03,18.0,13.0,80.0,7.0,29.97,21.3,3
2072,2015-09-04,16.0,13.0,85.0,3.0,30.0,3.3,0
2073,2015-09-05,18.0,13.0,80.0,4.0,29.97,2.5,0
2074,2015-09-06,18.0,13.0,80.0,4.0,29.97,2.9,0
2075,2015-09-07,21.0,10.0,61.0,6.0,29.94,0.3,2
2076,2015-09-08,19.0,11.0,68.0,6.0,29.91,1.8,2
2077,2015-09-09,19.0,11.0,70.0,5.0,29.91,2.6,2
2078,2015-09-10,20.0,10.0,63.0,6.0,29.94,6.3,2
2079,2015-09-11,19.0,9.0,61.0,9.0,29.94,2.0,2
2080,2015-09-12,20.0,10.0,63.0,7.0,29.94,4.3,2
2081,2015-09-13,19.0,11.0,70.0,5.0,29.97,7.5,0
2082,2015-09-14,19.0,11.0,69.0,6.0,29.97,3.9,2
2083,2015-09-15,19.0,11.0,68.0,8.0,29.94,7.1,2
2084,2015-09-16,16.0,10.0,72.0,8.0,29.97,0.6,0
2085,2015-09-17,19.0,12.0,74.0,4.0,29.94,2.2,2
2086,2015-09-18,19.0,13.0,75.0,4.0,29.94,2.0,0
2087,2015-09-19,19.0,13.0,76.0,4.0,29.94,2.5,0
2088,2015-09-20,19.0,12.0,73.0,5.0,29.94,2.5,2
2089,2015-09-21,19.0,9.0,63.0,5.0,29.94,8.4,2
2090,2015-09-22,18.0,10.0,70.0,6.0,29.94,4.5,2
2091,2015-09-23,20.0,11.0,70.0,5.0,29.97,7.0,2
2092,2015-09-24,19.0,10.0,68.0,7.0,29.94,1.7,2
2093,2015-09-25,19.0,9.0,62.0,7.0,29.91,10.5,2
2094,2015-09-26,20.0,10.0,63.0,7.0,29.88,7.1,2
2095,2015-09-27,19.0,10.0,64.0,5.0,29.91,6.9,2
2096,2015-09-28,20.0,8.0,59.0,6.0,29.91,1.6,1
2097,2015-09-29,21.0,9.0,55.0,7.0,29.88,0.2,1
2098,2015-09-30,21.0,9.0,57.0,10.0,29.85,1.7,1
2099,2015-10-01,20.0,12.0,72.0,8.0,29.88,11.4,2
2100,2015-10-02,19.0,11.0,68.0,16.0,29.88,3.0,2
2101,2015-10-03,20.0,9.0,59.0,20.0,29.94,0.0,1
2102,2015-10-04,20.0,10.0,65.0,16.0,29.97,4.5,1
2103,2015-10-05,20.0,9.0,60.0,15.0,29.94,0.0,1
2104,2015-10-06,21.0,8.0,55.0,10.0,29.94,0.0,1
2105,2015-10-07,20.0,9.0,58.0,7.0,29.94,6.2,1
2106,2015-10-08,20.0,9.0,62.0,8.0,29.91,0.8,1
2107,2015-10-09,20.0,9.0,61.0,10.0,29.91,1.5,1
2108,2015-10-10,20.0,11.0,68.0,10.0,29.91,17.7,2
2109,2015-10-11,20.0,13.0,73.0,6.0,29.94,13.9,2
2110,2015-10-12,20.0,11.0,67.0,5.0,29.97,11.6,2
2111,2015-10-13,20.0,12.0,68.0,7.0,29.94,12.5,2
2112,2015-10-14,20.0,11.0,67.0,10.0,29.91,9.2,2
2113,2015-10-15,20.0,12.0,69.0,13.0,29.91,12.2,2
2114,2015-10-16,20.0,12.0,69.0,11.0,29.88,10.1,2
2115,2015-10-17,20.0,13.0,73.0,12.0,29.94,8.2,2
2116,2015-10-18,20.0,12.0,72.0,8.0,29.97,5.9,2
2117,2015-10-19,20.0,12.0,72.0,7.0,29.97,12.5,2
2118,2015-10-20,20.0,12.0,71.0,8.0,29.94,8.2,2
2119,2015-10-21,20.0,11.0,66.0,11.0,29.91,6.6,2
2120,2015-10-22,20.0,12.0,71.0,11.0,29.91,20.5,2
2121,2015-10-23,20.0,13.0,71.0,10.0,29.91,26.8,2
2122,2015-10-24,21.0,13.0,65.0,7.0,29.88,17.0,2
2123,2015-10-25,21.0,13.0,70.0,4.0,29.94,10.1,2
2124,2015-10-26,19.0,14.0,79.0,4.0,29.97,23.0,3
2125,2015-10-27,19.0,12.0,74.0,7.0,29.94,9.4,2
2126,2015-10-28,20.0,12.0,69.0,8.0,29.88,9.6,2
2127,2015-10-29,19.0,13.0,74.0,6.0,29.88,12.3,2
2128,2015-10-30,19.0,13.0,77.0,5.0,29.91,16.2,2
2129,2015-10-31,19.0,12.0,74.0,6.0,29.91,13.7,2
2130,2015-11-01,19.0,13.0,77.0,7.0,29.91,13.9,2
2131,2015-11-02,19.0,13.0,77.0,3.0,29.91,5.0,2
2132,2015-11-03,19.0,13.0,77.0,6.0,29.91,17.5,2
2133,2015-11-04,19.0,13.0,80.0,11.0,29.91,31.6,3
2134,2015-11-05,19.0,13.0,77.0,7.0,29.97,13.0,0
2135,2015-11-06,19.0,12.0,74.0,8.0,29.94,7.7,2
2136,2015-11-07,20.0,13.0,74.0,8.0,29.91,14.1,2
2137,2015-11-08,19.0,13.0,76.0,6.0,29.94,14.7,2
2138,2015-11-09,18.0,13.0,79.0,4.0,29.97,17.6,0
2139,2015-11-10,18.0,13.0,79.0,6.0,29.97,12.3,0
2140,2015-11-11,18.0,12.0,79.0,5.0,29.94,3.5,0
2141,2015-11-12,19.0,12.0,75.0,10.0,29.94,5.4,2
2142,2015-11-13,19.0,11.0,69.0,12.0,29.94,2.0,2
2143,2015-11-14,19.0,12.0,73.0,10.0,29.91,10.7,2
2144,2015-11-15,20.0,13.0,73.0,15.0,29.88,5.3,2
2145,2015-11-16,18.0,13.0,77.0,10.0,29.91,23.3,3
2146,2015-11-17,17.0,15.0,87.0,4.0,29.94,61.7,3
2147,2015-11-18,19.0,13.0,78.0,8.0,29.91,11.3,2
2148,2015-11-19,20.0,13.0,74.0,11.0,29.88,4.5,2
2149,2015-11-20,20.0,13.0,74.0,10.0,29.88,7.1,2
2150,2015-11-21,19.0,13.0,77.0,9.0,29.85,13.0,2
2151,2015-11-22,19.0,12.0,74.0,13.0,29.88,5.9,2
2152,2015-11-23,20.0,11.0,67.0,12.0,29.91,4.5,2
2153,2015-11-24,19.0,13.0,75.0,8.0,29.91,10.8,2
2154,2015-11-25,18.0,12.0,76.0,5.0,29.88,8.0,2
2155,2015-11-26,18.0,12.0,77.0,8.0,29.91,18.1,2
2156,2015-11-27,17.0,12.0,82.0,11.0,29.94,8.3,0
2157,2015-11-28,18.0,11.0,75.0,15.0,29.97,0.1,2
2158,2015-11-29,19.0,12.0,76.0,14.0,29.97,6.2,2
2159,2015-11-30,19.0,12.0,76.0,10.0,29.97,14.4,2
2160,2015-12-01,18.0,12.0,76.0,6.0,29.97,7.5,0
2161,2015-12-02,19.0,12.0,74.0,8.0,29.97,11.3,0
2162,2015-12-03,19.0,12.0,70.0,8.0,29.94,4.8,2
2163,2015-12-04,20.0,12.0,62.0,10.0,29.94,4.3,2
2164,2015-12-05,20.0,12.0,72.0,8.0,29.94,5.3,2
2165,2015-12-06,19.0,12.0,72.0,6.0,29.97,5.4,0
2166,2015-12-07,19.0,12.0,73.0,6.0,29.97,5.4,0
2167,2015-12-08,19.0,12.0,76.0,6.0,29.97,13.9,0
2168,2015-12-09,19.0,12.0,73.0,7.0,29.97,7.1,0
2169,2015-12-10,18.0,12.0,77.0,7.0,29.97,9.5,0
2170,2015-12-11,18.0,11.0,74.0,6.0,29.97,2.7,0
2171,2015-12-12,19.0,12.0,72.0,7.0,29.94,5.2,2
2172,2015-12-13,18.0,13.0,77.0,7.0,29.94,18.9,0
2173,2015-12-14,15.0,13.0,86.0,5.0,29.97,15.5,0
2174,2015-12-15,16.0,12.0,81.0,5.0,29.97,7.0,0
2175,2015-12-16,18.0,12.0,75.0,8.0,29.97,7.0,0
2176,2015-12-17,19.0,12.0,77.0,13.0,29.97,10.3,2
2177,2015-12-18,20.0,10.0,66.0,11.0,29.94,0.4,2
2178,2015-12-19,19.0,9.0,62.0,13.0,29.91,0.0,1
2179,2015-12-20,19.0,9.0,60.0,13.0,29.91,0.0,1
2180,2015-12-21,19.0,10.0,67.0,10.0,29.97,1.8,2
2181,2015-12-22,20.0,10.0,63.0,9.0,29.97,1.0,2
2182,2015-12-23,20.0,10.0,64.0,14.0,29.97,0.0,1
2183,2015-12-24,18.0,10.0,68.0,16.0,30.0,0.0,2
2184,2015-12-25,18.0,10.0,70.0,11.0,30.0,6.7,0
2185,2015-12-26,19.0,12.0,71.0,11.0,29.97,6.0,2
2186,2015-12-27,19.0,12.0,76.0,9.0,29.94,17.2,2
2187,2015-12-28,18.0,11.0,74.0,18.0,29.97,0.8,2
2188,2015-12-29,19.0,10.0,65.0,9.0,29.94,0.6,2
2189,2015-12-30,19.0,8.0,60.0,10.0,29.97,0.0,1
2190,2015-12-31,20.0,9.0,59.0,8.0,29.94,0.0,1
2191,2016-01-01,20.0,9.0,60.0,10.0,29.97,0.0,1
2192,2016-01-02,21.0,10.0,59.0,13.0,29.97,0.0,1
2193,2016-01-03,21.0,11.0,63.0,18.0,29.91,0.0,1
2194,2016-01-04,20.0,9.0,58.0,9.0,29.94,0.1,1
2195,2016-01-05,21.0,10.0,56.0,19.0,29.94,0.0,1
2196,2016-01-06,21.0,11.0,64.0,16.0,29.94,0.0,1
2197,2016-01-07,20.0,11.0,65.0,13.0,29.97,1.2,2
2198,2016-01-08,21.0,10.0,61.0,10.0,29.97,0.0,1
2199,2016-01-09,21.0,12.0,65.0,10.0,29.94,10.3,2
2200,2016-01-10,19.0,13.0,71.0,6.0,29.94,13.5,2
2201,2016-01-11,20.0,12.0,71.0,8.0,29.97,5.6,2
2202,2016-01-12,19.0,12.0,72.0,9.0,29.94,7.4,2
2203,2016-01-13,20.0,11.0,66.0,11.0,29.91,2.1,2
2204,2016-01-14,19.0,12.0,72.0,11.0,29.91,21.9,2
2205,2016-01-15,19.0,14.0,77.0,5.0,29.94,27.1,3
2206,2016-01-16,18.0,14.0,79.0,6.0,29.91,33.4,3
2207,2016-01-17,19.0,14.0,76.0,8.0,29.91,23.6,3
2208,2016-01-18,18.0,14.0,79.0,4.0,29.94,34.5,3
2209,2016-01-19,18.0,14.0,80.0,6.0,29.91,24.3,3
2210,2016-01-20,18.0,14.0,81.0,8.0,29.94,20.4,3
2211,2016-01-21,20.0,13.0,75.0,9.0,29.91,12.0,2
2212,2016-01-22,19.0,12.0,73.0,8.0,29.91,5.4,2
2213,2016-01-23,19.0,10.0,66.0,8.0,29.94,0.9,2
2214,2016-01-24,20.0,8.0,57.0,5.0,30.0,0.0,1
2215,2016-01-25,20.0,10.0,62.0,5.0,30.0,1.0,2
2216,2016-01-26,20.0,11.0,65.0,5.0,30.0,0.4,0
2217,2016-01-27,20.0,11.0,64.0,4.0,30.0,0.5,0
2218,2016-01-28,19.0,8.0,55.0,4.0,29.97,0.0,1
2219,2016-01-29,19.0,5.0,44.0,8.0,29.97,0.0,1
2220,2016-01-30,19.0,9.0,56.0,11.0,29.97,0.3,1
2221,2016-01-31,19.0,10.0,63.0,8.0,29.94,0.2,2
2222,2016-02-01,20.0,10.0,62.0,14.0,29.94,0.3,1
2223,2016-02-02,20.0,8.0,55.0,12.0,29.94,0.8,1
2224,2016-02-03,20.0,5.0,47.0,10.0,29.97,0.0,1
2225,2016-02-04,21.0,6.0,47.0,11.0,29.94,0.0,1
2226,2016-02-05,21.0,6.0,45.0,15.0,29.94,0.0,1
2227,2016-02-06,22.0,7.0,46.0,11.0,29.94,0.0,1
2228,2016-02-07,21.0,8.0,48.0,8.0,29.94,0.2,1
2229,2016-02-08,21.0,12.0,62.0,7.0,29.94,4.2,2
2230,2016-02-09,22.0,10.0,57.0,5.0,29.94,0.6,1
2231,2016-02-10,21.0,12.0,65.0,8.0,29.91,1.3,2
2232,2016-02-11,21.0,12.0,65.0,7.0,29.94,4.1,2
2233,2016-02-12,21.0,10.0,59.0,8.0,29.91,2.6,1
2234,2016-02-13,21.0,9.0,52.0,13.0,29.91,0.0,1
2235,2016-02-14,21.0,7.0,48.0,11.0,29.91,0.5,1
2236,2016-02-15,21.0,7.0,50.0,13.0,29.94,0.0,1
2237,2016-02-16,21.0,4.0,43.0,15.0,29.94,0.0,1
2238,2016-02-17,22.0,6.0,43.0,8.0,29.94,0.0,1
2239,2016-02-18,22.0,9.0,47.0,7.0,29.88,1.3,1
2240,2016-02-19,22.0,8.0,49.0,15.0,29.88,0.1,1
2241,2016-02-20,21.0,7.0,49.0,16.0,29.91,0.0,1
2242,2016-02-21,21.0,7.0,47.0,12.0,29.91,0.0,1
2243,2016-02-22,22.0,5.0,43.0,10.0,29.91,0.0,1
2244,2016-02-23,22.0,3.0,35.0,15.0,29.91,0.0,1
2245,2016-02-24,22.0,7.0,44.0,14.0,29.88,0.0,1
2246,2016-02-25,22.0,8.0,52.0,12.0,29.91,0.0,1
2247,2016-02-26,22.0,10.0,54.0,13.0,29.88,1.7,1
2248,2016-02-27,21.0,11.0,59.0,16.0,29.91,0.8,1
2249,2016-02-28,22.0,11.0,60.0,23.0,29.94,0.2,1
2250,2016-02-29,22.0,12.0,60.0,23.0,29.94,0.0,1
2251,2016-03-01,22.0,12.0,60.0,16.0,29.91,7.2,1
2252,2016-03-02,22.0,13.0,65.0,13.0,29.88,18.1,2
2253,2016-03-03,22.0,13.0,66.0,14.0,29.88,10.5,2
2254,2016-03-04,23.0,11.0,57.0,21.0,29.91,0.3,1
2255,2016-03-05,22.0,9.0,54.0,16.0,29.91,0.0,1
2256,2016-03-06,23.0,11.0,55.0,8.0,29.88,2.4,1
2257,2016-03-07,22.0,12.0,57.0,8.0,29.85,21.3,2
2258,2016-03-08,21.0,14.0,67.0,6.0,29.88,22.6,2
2259,2016-03-09,18.0,13.0,76.0,8.0,29.94,3.5,2
2260,2016-03-10,21.0,11.0,65.0,9.0,29.91,4.9,2
2261,2016-03-11,22.0,10.0,58.0,22.0,29.88,0.0,1
2262,2016-03-12,22.0,10.0,55.0,24.0,29.91,0.0,1
2263,2016-03-13,22.0,7.0,46.0,23.0,29.91,0.0,1
2264,2016-03-14,23.0,5.0,38.0,18.0,29.91,0.0,1
2265,2016-03-15,23.0,4.0,38.0,15.0,29.94,0.0,1
2266,2016-03-16,23.0,3.0,35.0,12.0,29.94,0.0,1
2267,2016-03-17,23.0,8.0,49.0,8.0,29.94,0.4,1
2268,2016-03-18,23.0,11.0,56.0,5.0,29.94,5.5,1
2269,2016-03-19,23.0,11.0,55.0,12.0,29.91,4.5,1
2270,2016-03-20,23.0,10.0,55.0,14.0,29.91,0.0,1
2271,2016-03-21,24.0,8.0,46.0,11.0,29.91,0.1,1
2272,2016-03-22,22.0,11.0,61.0,6.0,29.91,5.0,2
2273,2016-03-23,21.0,11.0,63.0,6.0,29.88,6.8,2
2274,2016-03-24,22.0,10.0,59.0,13.0,29.88,0.9,1
2275,2016-03-25,22.0,10.0,54.0,21.0,29.91,0.0,1
2276,2016-03-26,22.0,7.0,49.0,17.0,29.94,0.0,1
2277,2016-03-27,22.0,8.0,51.0,12.0,29.94,0.8,1
2278,2016-03-28,22.0,9.0,56.0,8.0,29.91,0.4,1
2279,2016-03-29,23.0,9.0,51.0,10.0,29.88,0.1,1
2280,2016-03-30,23.0,11.0,59.0,12.0,29.88,4.9,1
2281,2016-03-31,22.0,11.0,60.0,9.0,29.88,1.8,1
2282,2016-04-01,20.0,14.0,71.0,6.0,29.85,24.4,2
2283,2016-04-02,20.0,15.0,78.0,3.0,29.91,16.9,2
2284,2016-04-03,21.0,13.0,72.0,6.0,29.94,8.1,2
2285,2016-04-04,18.0,15.0,84.0,4.0,29.97,16.1,0
2286,2016-04-05,20.0,14.0,75.0,6.0,29.91,7.3,2
2287,2016-04-06,21.0,14.0,74.0,10.0,29.88,22.5,2
2288,2016-04-07,21.0,12.0,69.0,16.0,29.88,0.1,2
2289,2016-04-08,21.0,12.0,66.0,4.0,29.94,4.7,2
2290,2016-04-09,21.0,12.0,64.0,4.0,29.94,11.5,2
2291,2016-04-10,21.0,11.0,66.0,5.0,29.91,4.9,2
2292,2016-04-11,21.0,11.0,66.0,7.0,29.94,5.9,2
2293,2016-04-12,21.0,13.0,72.0,9.0,29.91,9.7,2
2294,2016-04-13,20.0,13.0,74.0,7.0,29.91,4.6,2
2295,2016-04-14,20.0,13.0,76.0,7.0,29.91,3.1,2
2296,2016-04-15,20.0,13.0,76.0,6.0,29.91,4.9,2
2297,2016-04-16,20.0,13.0,77.0,7.0,29.91,4.2,2
2298,2016-04-17,19.0,13.0,78.0,7.0,29.91,2.9,2
2299,2016-04-18,19.0,14.0,79.0,7.0,29.91,5.2,2
2300,2016-04-19,19.0,13.0,78.0,6.0,29.91,5.0,2
2301,2016-04-20,20.0,13.0,77.0,7.0,29.91,3.0,2
2302,2016-04-21,20.0,13.0,74.0,10.0,29.94,3.3,2
2303,2016-04-22,21.0,11.0,67.0,12.0,29.94,0.4,2
2304,2016-04-23,19.0,12.0,72.0,9.0,29.91,24.6,2
2305,2016-04-24,20.0,14.0,81.0,5.0,29.85,39.5,3
2306,2016-04-25,19.0,15.0,85.0,6.0,29.85,31.6,3
2307,2016-04-26,17.0,15.0,91.0,6.0,29.91,46.6,3
2308,2016-04-27,19.0,14.0,84.0,4.0,29.91,16.2,3
2309,2016-04-28,17.0,14.0,88.0,4.0,29.94,7.6,0
2310,2016-04-29,16.0,14.0,92.0,5.0,29.91,23.1,3
2311,2016-04-30,17.0,15.0,91.0,4.0,29.94,52.6,3
2312,2016-05-01,18.0,15.0,90.0,3.0,29.94,35.2,3
2313,2016-05-02,19.0,15.0,88.0,3.0,29.94,25.4,3
2314,2016-05-03,20.0,14.0,82.0,5.0,29.91,6.9,2
2315,2016-05-04,20.0,13.0,77.0,8.0,29.91,5.8,2
2316,2016-05-05,19.0,14.0,82.0,5.0,29.94,19.8,3
2317,2016-05-06,18.0,15.0,89.0,6.0,29.97,15.0,0
2318,2016-05-07,18.0,14.0,85.0,6.0,29.97,8.6,0
2319,2016-05-08,19.0,14.0,85.0,6.0,29.97,14.1,0
2320,2016-05-09,19.0,14.0,81.0,6.0,29.97,4.3,0
2321,2016-05-10,18.0,14.0,85.0,3.0,30.0,29.6,3
2322,2016-05-11,18.0,15.0,87.0,3.0,30.0,38.2,3
2323,2016-05-12,18.0,15.0,87.0,3.0,29.97,17.4,0
2324,2016-05-13,18.0,14.0,88.0,3.0,29.94,13.3,0
2325,2016-05-14,19.0,14.0,84.0,4.0,29.97,4.7,0
2326,2016-05-15,19.0,14.0,85.0,5.0,30.0,10.2,0
2327,2016-05-16,18.0,14.0,85.0,5.0,30.0,5.7,0
2328,2016-05-17,18.0,14.0,87.0,6.0,30.0,1.7,0
2329,2016-05-18,18.0,14.0,84.0,6.0,30.0,6.1,0
2330,2016-05-19,19.0,14.0,83.0,4.0,29.94,2.5,0
2331,2016-05-20,19.0,14.0,83.0,4.0,29.94,2.4,0
2332,2016-05-21,18.0,13.0,83.0,4.0,29.94,5.1,0
2333,2016-05-22,18.0,13.0,83.0,6.0,30.0,1.6,0
2334,2016-05-23,17.0,12.0,83.0,5.0,30.06,3.4,0
2335,2016-05-24,18.0,12.0,84.0,5.0,30.03,3.9,0
2336,2016-05-25,18.0,13.0,85.0,4.0,30.03,1.5,0
2337,2016-05-26,15.0,12.0,88.0,3.0,30.03,0.1,0
2338,2016-05-27,12.0,11.0,91.0,3.0,30.03,0.0,0
2339,2016-05-28,11.0,10.0,90.0,5.0,30.03,0.2,0
2340,2016-05-29,18.0,11.0,79.0,6.0,30.0,6.6,0
2341,2016-05-30,17.0,11.0,80.0,5.0,29.97,0.8,0
2342,2016-05-31,16.0,10.0,76.0,4.0,30.03,0.7,0
2343,2016-06-01,19.0,13.0,81.0,3.0,29.97,0.9,0
2344,2016-06-02,18.0,9.0,71.0,4.0,30.03,0.1,0
2345,2016-06-03,18.0,9.0,67.0,5.0,29.97,0.0,0
2346,2016-06-04,18.0,10.0,72.0,4.0,29.97,0.7,0
2347,2016-06-05,18.0,11.0,75.0,4.0,30.0,2.5,0
2348,2016-06-06,18.0,11.0,74.0,4.0,30.0,2.7,0
2349,2016-06-07,19.0,11.0,75.0,4.0,30.03,1.3,0
2350,2016-06-08,18.0,11.0,77.0,4.0,30.0,1.9,0
2351,2016-06-09,18.0,12.0,78.0,4.0,30.0,3.3,0
2352,2016-06-10,15.0,12.0,84.0,5.0,30.06,1.6,0
2353,2016-06-11,17.0,11.0,76.0,5.0,30.0,1.2,0
2354,2016-06-12,19.0,11.0,75.0,4.0,30.03,4.6,0
2355,2016-06-13,18.0,11.0,74.0,4.0,30.0,3.0,0
2356,2016-06-14,18.0,11.0,77.0,3.0,30.03,3.0,0
2357,2016-06-15,15.0,11.0,81.0,3.0,30.09,0.2,0
2358,2016-06-16,18.0,13.0,83.0,4.0,29.97,1.5,0
2359,2016-06-17,17.0,13.0,86.0,5.0,30.0,7.4,0
2360,2016-06-18,15.0,14.0,91.0,4.0,30.03,33.6,3
2361,2016-06-19,17.0,13.0,86.0,3.0,30.03,14.3,0
2362,2016-06-20,17.0,13.0,86.0,5.0,30.0,8.8,0
2363,2016-06-21,17.0,13.0,88.0,4.0,30.03,17.4,0
2364,2016-06-22,15.0,13.0,94.0,3.0,30.06,33.5,3
2365,2016-06-23,16.0,13.0,91.0,4.0,30.06,11.7,0
2366,2016-06-24,17.0,14.0,90.0,2.0,30.0,22.1,0
2367,2016-06-25,17.0,13.0,90.0,3.0,30.0,7.4,0
2368,2016-06-26,17.0,12.0,82.0,6.0,30.03,1.9,0
2369,2016-06-27,17.0,12.0,86.0,4.0,30.03,1.2,0
2370,2016-06-28,17.0,12.0,85.0,5.0,30.03,4.3,0
2371,2016-06-29,17.0,12.0,85.0,4.0,30.03,3.7,0
2372,2016-06-30,17.0,12.0,82.0,6.0,30.03,1.0,0
2373,2016-07-01,17.0,13.0,84.0,5.0,30.06,2.6,0
2374,2016-07-02,18.0,12.0,83.0,4.0,30.03,5.2,0
2375,2016-07-03,18.0,12.0,83.0,5.0,30.03,3.3,0
2376,2016-07-04,18.0,13.0,86.0,6.0,30.03,7.2,0
2377,2016-07-05,17.0,13.0,86.0,4.0,30.0,3.3,0
2378,2016-07-06,17.0,12.0,81.0,5.0,30.0,2.0,0
2379,2016-07-07,18.0,13.0,83.0,5.0,30.0,5.5,0
2380,2016-07-08,17.0,12.0,82.0,5.0,30.03,3.4,0
2381,2016-07-09,17.0,13.0,87.0,5.0,30.0,6.3,0
2382,2016-07-10,18.0,14.0,85.0,4.0,30.0,11.1,0
2383,2016-07-11,16.0,13.0,87.0,5.0,30.0,6.3,0
2384,2016-07-12,15.0,13.0,93.0,3.0,30.03,35.5,3
2385,2016-07-13,17.0,13.0,87.0,5.0,30.0,9.6,0
2386,2016-07-14,16.0,13.0,89.0,4.0,30.0,8.5,0
2387,2016-07-15,17.0,12.0,86.0,3.0,29.97,3.5,0
2388,2016-07-16,17.0,12.0,84.0,3.0,29.97,2.4,0
2389,2016-07-17,18.0,12.0,83.0,3.0,30.0,3.4,0
2390,2016-07-18,18.0,13.0,83.0,5.0,30.0,1.7,0
2391,2016-07-19,18.0,13.0,84.0,4.0,30.0,1.7,0
2392,2016-07-20,17.0,14.0,86.0,4.0,30.0,2.0,0
2393,2016-07-21,17.0,14.0,87.0,3.0,30.0,2.7,0
2394,2016-07-22,17.0,14.0,88.0,4.0,30.0,2.7,0
2395,2016-07-23,18.0,14.0,87.0,4.0,29.97,3.5,0
2396,2016-07-24,17.0,14.0,88.0,4.0,29.97,3.6,0
2397,2016-07-25,17.0,14.0,89.0,4.0,30.0,2.9,0
2398,2016-07-26,17.0,14.0,87.0,3.0,30.0,4.7,0
2399,2016-07-27,18.0,13.0,85.0,4.0,30.0,3.9,0
2400,2016-07-28,17.0,12.0,85.0,6.0,29.97,4.8,0
2401,2016-07-29,17.0,13.0,85.0,6.0,29.97,5.0,0
2402,2016-07-30,17.0,12.0,85.0,6.0,29.97,2.0,0
2403,2016-07-31,18.0,12.0,80.0,5.0,29.97,1.2,0
2404,2016-08-01,18.0,12.0,81.0,5.0,29.97,3.7,0
2405,2016-08-02,18.0,12.0,81.0,7.0,29.97,1.9,0
2406,2016-08-03,19.0,12.0,76.0,6.0,29.94,1.0,2
2407,2016-08-04,17.0,12.0,82.0,6.0,29.94,3.8,0
2408,2016-08-05,18.0,13.0,83.0,4.0,29.97,5.6,0
2409,2016-08-06,16.0,14.0,91.0,6.0,30.0,28.0,3
2410,2016-08-07,17.0,14.0,90.0,3.0,30.0,45.6,3
2411,2016-08-08,16.0,14.0,90.0,3.0,30.03,25.2,3
2412,2016-08-09,16.0,13.0,88.0,4.0,30.03,9.4,0
2413,2016-08-10,16.0,13.0,89.0,3.0,30.03,17.5,0
2414,2016-08-11,17.0,12.0,83.0,3.0,30.03,5.9,0
2415,2016-08-12,17.0,12.0,82.0,4.0,29.97,4.9,0
2416,2016-08-13,17.0,12.0,82.0,8.0,29.97,2.0,0
2417,2016-08-14,18.0,12.0,79.0,8.0,29.97,2.9,0
2418,2016-08-15,18.0,12.0,81.0,6.0,30.0,4.9,0
2419,2016-08-16,18.0,12.0,78.0,6.0,30.0,2.4,0
2420,2016-08-17,18.0,10.0,73.0,6.0,29.97,3.3,0
2421,2016-08-18,18.0,10.0,75.0,3.0,29.97,1.2,0
2422,2016-08-19,17.0,11.0,80.0,4.0,29.97,1.6,0
2423,2016-08-20,18.0,12.0,79.0,6.0,29.97,6.8,0
2424,2016-08-21,18.0,12.0,77.0,5.0,29.97,5.7,0
2425,2016-08-22,19.0,13.0,79.0,4.0,29.97,2.7,0
2426,2016-08-23,18.0,12.0,79.0,4.0,29.97,9.8,0
2427,2016-08-24,18.0,13.0,79.0,6.0,29.94,14.9,0
2428,2016-08-25,17.0,11.0,77.0,3.0,29.97,5.5,0
2429,2016-08-26,18.0,11.0,75.0,3.0,29.97,3.5,0
2430,2016-08-27,17.0,9.0,72.0,7.0,30.0,0.2,0
2431,2016-08-28,17.0,9.0,70.0,5.0,30.0,1.1,0
2432,2016-08-29,18.0,10.0,75.0,4.0,30.0,3.1,0
2433,2016-08-30,16.0,10.0,76.0,5.0,29.97,1.5,0
2434,2016-08-31,19.0,12.0,64.0,5.0,29.97,0.1,2
2435,2016-09-01,18.0,11.0,74.0,5.0,29.97,6.1,0
2436,2016-09-02,18.0,12.0,78.0,3.0,29.97,11.3,0
2437,2016-09-03,18.0,12.0,79.0,3.0,29.97,8.4,0
2438,2016-09-04,18.0,11.0,79.0,4.0,29.97,3.8,0
2439,2016-09-05,18.0,10.0,72.0,8.0,30.0,0.5,0
2440,2016-09-06,18.0,10.0,73.0,8.0,30.0,3.7,0
2441,2016-09-07,19.0,10.0,71.0,5.0,29.97,4.6,0
2442,2016-09-08,18.0,11.0,73.0,4.0,29.97,2.7,0
2443,2016-09-09,18.0,11.0,73.0,6.0,29.97,4.7,0
2444,2016-09-10,19.0,10.0,69.0,7.0,30.0,3.8,0
2445,2016-09-11,19.0,10.0,69.0,7.0,29.97,3.4,2
2446,2016-09-12,18.0,11.0,73.0,7.0,29.97,6.7,0
2447,2016-09-13,19.0,11.0,71.0,5.0,29.94,1.3,2
2448,2016-09-14,19.0,11.0,74.0,4.0,29.94,14.4,2
2449,2016-09-15,19.0,12.0,78.0,7.0,29.91,8.4,2
2450,2016-09-16,19.0,12.0,75.0,5.0,29.94,5.8,2
2451,2016-09-17,19.0,11.0,71.0,5.0,29.97,3.8,0
2452,2016-09-18,18.0,11.0,73.0,5.0,29.97,10.3,0
2453,2016-09-19,18.0,12.0,78.0,5.0,29.94,10.0,0
2454,2016-09-20,18.0,12.0,79.0,5.0,29.94,17.2,0
2455,2016-09-21,18.0,13.0,80.0,7.0,29.94,23.1,3
2456,2016-09-22,18.0,10.0,70.0,8.0,29.97,1.4,0
2457,2016-09-23,19.0,9.0,63.0,8.0,29.94,0.1,2
2458,2016-09-24,18.0,11.0,75.0,4.0,29.94,11.6,0
2459,2016-09-25,19.0,12.0,78.0,4.0,29.91,14.2,2
2460,2016-09-26,18.0,14.0,83.0,4.0,29.91,14.5,0
2461,2016-09-27,18.0,14.0,83.0,3.0,29.94,21.2,3
2462,2016-09-28,18.0,11.0,75.0,8.0,29.97,6.0,0
2463,2016-09-29,19.0,12.0,76.0,5.0,29.97,9.8,0
2464,2016-09-30,19.0,12.0,78.0,5.0,29.91,13.3,2
2465,2016-10-01,19.0,13.0,79.0,4.0,29.85,19.1,2
2466,2016-10-02,19.0,13.0,78.0,4.0,29.88,28.5,3
2467,2016-10-03,18.0,13.0,80.0,3.0,29.94,15.1,0
2468,2016-10-04,18.0,13.0,79.0,8.0,29.94,17.5,0
2469,2016-10-05,19.0,12.0,77.0,6.0,29.91,6.4,2
2470,2016-10-06,19.0,12.0,72.0,10.0,29.88,3.6,2
2471,2016-10-07,19.0,11.0,71.0,10.0,29.88,2.2,2
2472,2016-10-08,19.0,10.0,68.0,11.0,29.91,0.2,2
2473,2016-10-09,19.0,11.0,70.0,14.0,29.94,1.5,2
2474,2016-10-10,19.0,10.0,71.0,10.0,29.94,3.8,2
2475,2016-10-11,19.0,10.0,69.0,7.0,29.94,2.1,2
2476,2016-10-12,19.0,8.0,63.0,9.0,29.94,0.1,1
2477,2016-10-13,19.0,10.0,67.0,7.0,29.94,2.0,2
2478,2016-10-14,19.0,8.0,58.0,8.0,29.94,0.9,1
2479,2016-10-15,19.0,10.0,65.0,9.0,29.91,3.7,2
2480,2016-10-16,19.0,8.0,59.0,10.0,29.91,1.3,1
2481,2016-10-17,20.0,10.0,64.0,11.0,29.91,5.0,2
2482,2016-10-18,19.0,10.0,67.0,10.0,29.91,5.1,2
2483,2016-10-19,20.0,9.0,62.0,7.0,29.91,4.5,2
2484,2016-10-20,19.0,9.0,64.0,6.0,29.91,4.8,2
2485,2016-10-21,18.0,11.0,76.0,5.0,29.94,10.0,0
2486,2016-10-22,18.0,13.0,78.0,6.0,29.97,26.4,3
2487,2016-10-23,18.0,13.0,80.0,5.0,29.94,31.9,3
2488,2016-10-24,18.0,12.0,76.0,5.0,29.91,28.8,3
2489,2016-10-25,17.0,12.0,80.0,7.0,29.88,15.9,2
2490,2016-10-26,19.0,12.0,74.0,11.0,29.85,7.6,2
2491,2016-10-27,19.0,12.0,71.0,11.0,29.88,4.2,2
2492,2016-10-28,18.0,11.0,74.0,13.0,29.94,2.4,2
2493,2016-10-29,18.0,10.0,71.0,14.0,29.94,0.2,2
2494,2016-10-30,19.0,10.0,65.0,11.0,29.91,0.5,2
2495,2016-10-31,18.0,10.0,66.0,13.0,29.94,0.1,2
2496,2016-11-01,19.0,10.0,66.0,12.0,29.94,0.7,2
2497,2016-11-02,19.0,11.0,71.0,10.0,29.94,12.7,2
2498,2016-11-03,19.0,11.0,73.0,12.0,29.97,7.5,2
2499,2016-11-04,19.0,10.0,68.0,10.0,30.0,2.3,2
2500,2016-11-05,19.0,11.0,73.0,9.0,30.0,15.0,0
2501,2016-11-06,19.0,11.0,70.0,10.0,29.97,5.9,2
2502,2016-11-07,18.0,9.0,66.0,9.0,29.97,0.7,2
2503,2016-11-08,18.0,10.0,70.0,9.0,29.97,1.8,2
2504,2016-11-09,18.0,11.0,72.0,12.0,30.0,3.1,0
2505,2016-11-10,19.0,12.0,73.0,15.0,29.94,4.6,2
2506,2016-11-11,19.0,9.0,61.0,15.0,29.91,0.0,1
2507,2016-11-12,19.0,7.0,55.0,14.0,29.88,0.0,1
2508,2016-11-13,19.0,8.0,56.0,14.0,29.91,0.0,1
2509,2016-11-14,18.0,10.0,68.0,15.0,29.94,0.6,2
2510,2016-11-15,19.0,11.0,72.0,18.0,29.91,2.5,2
2511,2016-11-16,19.0,12.0,73.0,17.0,29.88,6.2,2
2512,2016-11-17,18.0,12.0,78.0,14.0,29.88,11.9,2
2513,2016-11-18,19.0,12.0,78.0,14.0,29.91,6.7,2
2514,2016-11-19,18.0,12.0,78.0,14.0,29.94,7.9,2
2515,2016-11-20,19.0,12.0,74.0,16.0,29.91,1.8,2
2516,2016-11-21,19.0,13.0,76.0,15.0,29.88,10.9,2
2517,2016-11-22,19.0,13.0,75.0,12.0,29.91,12.8,2
2518,2016-11-23,18.0,12.0,79.0,6.0,29.94,10.6,0
2519,2016-11-24,19.0,11.0,75.0,4.0,29.94,3.6,2
2520,2016-11-25,18.0,12.0,79.0,4.0,29.91,33.4,3
2521,2016-11-26,18.0,14.0,84.0,4.0,29.91,31.9,3
2522,2016-11-27,19.0,13.0,78.0,6.0,29.91,11.5,2
2523,2016-11-28,18.0,11.0,74.0,10.0,29.88,1.7,2
2524,2016-11-29,18.0,12.0,77.0,14.0,29.91,6.7,2
2525,2016-11-30,18.0,12.0,76.0,15.0,29.94,1.0,2
2526,2016-12-01,19.0,11.0,71.0,11.0,29.97,3.3,2
2527,2016-12-02,19.0,11.0,71.0,9.0,29.97,6.8,2
2528,2016-12-03,17.0,12.0,79.0,15.0,29.97,7.7,0
2529,2016-12-04,18.0,12.0,76.0,19.0,29.97,0.6,2
2530,2016-12-05,18.0,10.0,66.0,17.0,29.94,2.0,2
2531,2016-12-06,19.0,8.0,60.0,14.0,29.91,0.0,1
2532,2016-12-07,19.0,10.0,66.0,9.0,29.94,0.1,2
2533,2016-12-08,19.0,10.0,67.0,10.0,29.97,0.6,2
2534,2016-12-09,19.0,9.0,64.0,10.0,29.97,0.0,2
2535,2016-12-10,19.0,10.0,67.0,8.0,29.94,5.2,2
2536,2016-12-11,19.0,12.0,75.0,9.0,29.94,12.4,2
2537,2016-12-12,18.0,12.0,78.0,13.0,29.94,13.5,2
2538,2016-12-13,18.0,10.0,72.0,18.0,29.91,0.1,2
2539,2016-12-14,18.0,8.0,62.0,15.0,29.94,0.0,1
2540,2016-12-15,18.0,7.0,59.0,9.0,29.97,0.0,1
2541,2016-12-16,19.0,8.0,61.0,7.0,29.97,2.4,2
2542,2016-12-17,18.0,7.0,59.0,12.0,29.94,0.8,1
2543,2016-12-18,19.0,7.0,56.0,16.0,29.91,0.0,1
2544,2016-12-19,19.0,7.0,56.0,15.0,29.91,0.0,1
2545,2016-12-20,19.0,7.0,52.0,16.0,29.91,0.0,1
2546,2016-12-21,19.0,9.0,63.0,15.0,29.91,0.0,1
2547,2016-12-22,19.0,10.0,66.0,19.0,29.94,0.0,1
2548,2016-12-23,18.0,9.0,62.0,21.0,29.91,0.0,1
2549,2016-12-24,19.0,10.0,65.0,22.0,29.88,0.0,1
2550,2016-12-25,19.0,10.0,67.0,17.0,29.91,0.6,1
2551,2016-12-26,19.0,9.0,63.0,18.0,29.91,0.1,1
2552,2016-12-27,20.0,9.0,61.0,14.0,29.91,2.4,1
2553,2016-12-28,20.0,11.0,66.0,11.0,29.91,2.0,2
2554,2016-12-29,19.0,10.0,65.0,6.0,29.94,1.6,2
2555,2016-12-30,20.0,10.0,64.0,7.0,29.94,5.3,2
2556,2016-12-31,19.0,11.0,66.0,11.0,29.91,1.3,2
2557,2017-01-01,20.0,8.0,58.0,14.0,29.91,0.1,1
2558,2017-01-02,20.0,9.0,60.0,10.0,29.94,0.4,1
2559,2017-01-03,20.0,6.0,54.0,13.0,29.97,0.0,1
2560,2017-01-04,20.0,4.0,43.0,16.0,29.94,0.0,1
2561,2017-01-05,20.0,7.0,51.0,18.0,29.91,0.0,1
2562,2017-01-06,20.0,5.0,47.0,16.0,29.91,0.0,1
2563,2017-01-07,20.0,7.0,53.0,11.0,29.94,0.4,1
2564,2017-01-08,20.0,6.0,47.0,6.0,29.91,0.1,1
2565,2017-01-09,21.0,3.0,36.0,6.0,29.88,0.0,1
2566,2017-01-10,20.0,7.0,49.0,11.0,29.88,0.0,1
2567,2017-01-11,19.0,4.0,45.0,18.0,29.88,0.0,1
2568,2017-01-12,19.0,2.0,41.0,18.0,29.94,0.0,1
2569,2017-01-13,20.0,3.0,41.0,10.0,29.91,0.0,1
2570,2017-01-14,19.0,6.0,51.0,7.0,29.88,1.6,1
2571,2017-01-15,20.0,7.0,53.0,12.0,29.88,0.0,1
2572,2017-01-16,21.0,1.0,36.0,16.0,29.88,0.0,1
2573,2017-01-17,21.0,2.0,40.0,16.0,29.88,0.0,1
2574,2017-01-18,21.0,5.0,46.0,16.0,29.91,0.0,1
2575,2017-01-19,20.0,5.0,46.0,13.0,29.94,0.0,1
2576,2017-01-20,20.0,7.0,52.0,8.0,29.91,0.1,1
2577,2017-01-21,21.0,5.0,44.0,11.0,29.91,0.2,1
2578,2017-01-22,21.0,6.0,49.0,14.0,29.91,0.0,1
2579,2017-01-23,21.0,5.0,48.0,16.0,29.91,0.0,1
2580,2017-01-24,21.0,4.0,46.0,15.0,29.91,0.0,1
2581,2017-01-25,22.0,6.0,47.0,13.0,29.91,0.0,1
2582,2017-01-26,21.0,6.0,50.0,13.0,29.97,0.2,1
2583,2017-01-27,21.0,5.0,47.0,11.0,29.97,0.3,1
2584,2017-01-28,20.0,7.0,51.0,7.0,29.94,1.3,1
2585,2017-01-29,20.0,10.0,66.0,6.0,29.97,6.7,2
2586,2017-01-30,20.0,9.0,64.0,5.0,29.94,0.4,2
2587,2017-01-31,19.0,11.0,68.0,5.0,29.94,9.0,2
2588,2017-02-01,20.0,9.0,63.0,10.0,29.91,0.1,1
2589,2017-02-02,21.0,10.0,60.0,12.0,29.91,0.7,1
2590,2017-02-03,20.0,8.0,59.0,10.0,29.94,3.6,1
2591,2017-02-04,20.0,10.0,64.0,10.0,29.97,8.6,2
2592,2017-02-05,20.0,9.0,58.0,16.0,29.94,0.0,1
2593,2017-02-06,20.0,8.0,58.0,17.0,29.91,0.0,1
2594,2017-02-07,21.0,6.0,50.0,12.0,29.88,0.1,1
2595,2017-02-08,21.0,6.0,51.0,12.0,29.88,0.0,1
2596,2017-02-09,21.0,6.0,47.0,14.0,29.88,0.0,1
2597,2017-02-10,21.0,2.0,38.0,13.0,29.85,0.0,1
2598,2017-02-11,22.0,6.0,47.0,15.0,29.85,0.0,1
2599,2017-02-12,22.0,5.0,44.0,15.0,29.88,0.0,1
2600,2017-02-13,22.0,5.0,41.0,12.0,29.88,0.0,1
2601,2017-02-14,22.0,8.0,52.0,14.0,29.88,0.0,1
2602,2017-02-15,21.0,9.0,56.0,18.0,29.91,0.1,1
2603,2017-02-16,21.0,11.0,61.0,16.0,29.91,6.5,1
2604,2017-02-17,21.0,9.0,61.0,9.0,29.94,1.5,1
2605,2017-02-18,21.0,10.0,64.0,6.0,29.94,5.4,2
2606,2017-02-19,20.0,11.0,66.0,10.0,29.97,8.1,2
2607,2017-02-20,20.0,10.0,63.0,15.0,29.94,0.6,1
2608,2017-02-21,20.0,10.0,63.0,10.0,29.91,2.7,2
2609,2017-02-22,19.0,9.0,65.0,4.0,29.94,4.8,2
2610,2017-02-23,20.0,8.0,57.0,7.0,29.91,0.2,1
2611,2017-02-24,20.0,9.0,62.0,8.0,29.91,4.7,2
2612,2017-02-25,20.0,11.0,69.0,8.0,29.94,6.1,2
2613,2017-02-26,19.0,9.0,66.0,8.0,29.91,0.4,2
2614,2017-02-27,20.0,10.0,67.0,5.0,29.88,4.9,2
2615,2017-02-28,20.0,9.0,65.0,8.0,29.88,0.8,2
2616,2017-03-01,20.0,9.0,59.0,12.0,29.91,0.2,1
2617,2017-03-02,21.0,7.0,55.0,9.0,29.91,3.1,1
2618,2017-03-03,21.0,10.0,61.0,8.0,29.88,8.1,2
2619,2017-03-04,21.0,10.0,62.0,8.0,29.88,2.4,1
2620,2017-03-05,21.0,8.0,58.0,9.0,29.85,0.4,1
2621,2017-03-06,22.0,7.0,49.0,7.0,29.85,2.6,1
2622,2017-03-07,21.0,8.0,53.0,7.0,29.85,0.4,1
2623,2017-03-08,22.0,6.0,44.0,9.0,29.83,0.0,1
2624,2017-03-09,21.0,9.0,57.0,5.0,29.88,4.8,1
2625,2017-03-10,22.0,9.0,57.0,9.0,29.85,0.6,1
2626,2017-03-11,22.0,4.0,42.0,19.0,29.85,0.0,1
2627,2017-03-12,22.0,6.0,43.0,17.0,29.88,0.0,1
2628,2017-03-13,23.0,6.0,46.0,14.0,29.88,0.0,1
2629,2017-03-14,23.0,5.0,40.0,10.0,29.88,0.4,1
2630,2017-03-15,21.0,11.0,65.0,7.0,29.85,11.6,2
2631,2017-03-16,21.0,11.0,69.0,9.0,29.88,12.7,2
2632,2017-03-17,19.0,12.0,74.0,4.0,29.94,8.5,2
2633,2017-03-18,21.0,9.0,56.0,11.0,29.91,0.0,1
2634,2017-03-19,22.0,10.0,56.0,10.0,29.91,2.8,1
2635,2017-03-20,22.0,9.0,57.0,10.0,29.91,2.2,1
2636,2017-03-21,22.0,10.0,59.0,7.0,29.91,2.4,1
2637,2017-03-22,21.0,9.0,57.0,11.0,29.88,1.3,1
2638,2017-03-23,22.0,8.0,55.0,10.0,29.88,1.4,1
2639,2017-03-24,21.0,9.0,61.0,7.0,29.91,4.8,1
2640,2017-03-25,20.0,11.0,68.0,6.0,29.94,7.5,2
2641,2017-03-26,20.0,12.0,71.0,5.0,29.94,8.5,2
2642,2017-03-27,21.0,11.0,66.0,7.0,29.94,6.3,2
2643,2017-03-28,21.0,11.0,64.0,8.0,29.91,5.6,2
2644,2017-03-29,21.0,10.0,62.0,13.0,29.91,0.6,1
2645,2017-03-30,20.0,9.0,62.0,15.0,29.91,0.0,1
2646,2017-03-31,21.0,9.0,59.0,10.0,29.97,0.1,1
2647,2017-04-01,21.0,7.0,53.0,12.0,29.94,0.0,1
2648,2017-04-02,21.0,5.0,47.0,15.0,29.94,0.0,1
2649,2017-04-03,22.0,7.0,48.0,12.0,29.91,0.0,1
2650,2017-04-04,22.0,9.0,57.0,9.0,29.94,4.2,1
2651,2017-04-05,21.0,9.0,57.0,9.0,29.91,1.9,1
2652,2017-04-06,21.0,11.0,66.0,11.0,29.88,12.0,2
2653,2017-04-07,20.0,11.0,69.0,11.0,29.91,12.8,2
2654,2017-04-08,20.0,12.0,75.0,12.0,29.91,14.7,2
2655,2017-04-09,20.0,11.0,67.0,16.0,29.91,0.2,1
2656,2017-04-10,21.0,11.0,66.0,15.0,29.88,3.9,1
2657,2017-04-11,20.0,9.0,63.0,15.0,29.85,3.2,1
2658,2017-04-12,21.0,10.0,63.0,17.0,29.88,0.2,1
2659,2017-04-13,21.0,9.0,58.0,16.0,29.91,0.0,1
2660,2017-04-14,22.0,8.0,55.0,14.0,29.91,0.4,1
2661,2017-04-15,22.0,9.0,56.0,8.0,29.91,0.1,1
2662,2017-04-16,20.0,11.0,64.0,3.0,29.91,8.9,2
2663,2017-04-17,19.0,13.0,76.0,5.0,29.91,23.7,3
2664,2017-04-18,18.0,14.0,85.0,5.0,29.97,39.4,3
2665,2017-04-19,20.0,13.0,77.0,8.0,29.91,19.1,2
2666,2017-04-20,19.0,13.0,78.0,10.0,29.91,6.6,2
2667,2017-04-21,19.0,12.0,76.0,12.0,29.91,9.1,2
2668,2017-04-22,20.0,12.0,75.0,11.0,29.91,8.5,2
2669,2017-04-23,19.0,12.0,78.0,10.0,29.94,19.5,2
2670,2017-04-24,19.0,12.0,74.0,10.0,29.94,9.5,2
2671,2017-04-25,19.0,11.0,73.0,5.0,29.94,1.2,2
2672,2017-04-26,19.0,10.0,68.0,6.0,29.94,1.2,2
2673,2017-04-27,19.0,11.0,72.0,7.0,29.94,15.0,2
2674,2017-04-28,19.0,12.0,75.0,5.0,29.97,10.7,0
2675,2017-04-29,16.0,13.0,88.0,5.0,29.97,11.0,0
2676,2017-04-30,18.0,14.0,84.0,5.0,30.0,10.2,0
2677,2017-05-01,15.0,14.0,93.0,5.0,30.0,58.5,3
2678,2017-05-02,19.0,14.0,84.0,3.0,29.97,33.5,3
2679,2017-05-03,19.0,13.0,82.0,6.0,29.94,17.5,0
2680,2017-05-04,18.0,13.0,82.0,9.0,29.91,11.3,2
2681,2017-05-05,19.0,13.0,82.0,9.0,29.94,3.7,2
2682,2017-05-06,18.0,12.0,83.0,8.0,29.94,23.4,3
2683,2017-05-07,18.0,13.0,86.0,5.0,29.94,8.0,0
2684,2017-05-08,18.0,13.0,83.0,8.0,29.97,9.2,0
2685,2017-05-09,19.0,13.0,82.0,10.0,29.94,3.6,2
2686,2017-05-10,18.0,13.0,81.0,12.0,29.91,2.3,2
2687,2017-05-11,18.0,12.0,81.0,8.0,29.94,4.2,0
2688,2017-05-12,19.0,13.0,80.0,5.0,29.97,5.4,0
2689,2017-05-13,19.0,13.0,80.0,4.0,29.94,11.5,0
2690,2017-05-14,18.0,12.0,79.0,3.0,29.94,1.9,0
2691,2017-05-15,18.0,13.0,81.0,3.0,29.97,5.7,0
2692,2017-05-16,18.0,13.0,83.0,4.0,29.97,8.6,0
2693,2017-05-17,18.0,13.0,82.0,3.0,29.94,8.6,0
2694,2017-05-18,18.0,12.0,82.0,2.0,29.97,8.4,0
2695,2017-05-19,17.0,12.0,81.0,4.0,30.03,5.5,0
2696,2017-05-20,18.0,12.0,79.0,5.0,30.03,2.0,0
2697,2017-05-21,19.0,12.0,78.0,5.0,29.97,1.9,0
2698,2017-05-22,19.0,11.0,75.0,5.0,29.94,1.5,2
2699,2017-05-23,19.0,11.0,74.0,6.0,29.97,3.6,0
2700,2017-05-24,18.0,10.0,74.0,5.0,29.97,2.7,0
2701,2017-05-25,19.0,11.0,72.0,4.0,29.94,4.0,2
2702,2017-05-26,19.0,11.0,75.0,3.0,29.94,1.8,2
2703,2017-05-27,19.0,13.0,82.0,5.0,29.97,11.7,0
2704,2017-05-28,18.0,13.0,83.0,6.0,30.0,8.3,0
2705,2017-05-29,18.0,13.0,81.0,4.0,30.0,10.0,0
2706,2017-05-30,18.0,14.0,85.0,4.0,30.03,36.6,3
2707,2017-05-31,18.0,13.0,83.0,4.0,30.03,3.8,0
2708,2017-06-01,18.0,12.0,83.0,4.0,30.03,5.5,0
2709,2017-06-02,19.0,12.0,77.0,4.0,30.0,2.1,0
2710,2017-06-03,19.0,10.0,71.0,4.0,30.0,1.0,0
2711,2017-06-04,19.0,10.0,71.0,3.0,30.0,0.7,0
2712,2017-06-05,19.0,11.0,73.0,2.0,29.97,0.3,0
2713,2017-06-06,19.0,10.0,71.0,4.0,29.97,2.4,0
2714,2017-06-07,19.0,11.0,75.0,3.0,29.97,2.2,0
2715,2017-06-08,19.0,12.0,78.0,3.0,29.94,3.6,0
2716,2017-06-09,19.0,11.0,78.0,3.0,29.97,2.9,0
2717,2017-06-10,19.0,10.0,71.0,5.0,29.97,0.4,0
2718,2017-06-11,19.0,10.0,70.0,6.0,29.94,1.7,2
2719,2017-06-12,19.0,10.0,72.0,6.0,29.94,2.8,2
2720,2017-06-13,18.0,10.0,75.0,5.0,29.94,2.7,0
2721,2017-06-14,18.0,12.0,81.0,3.0,29.94,6.8,0
2722,2017-06-15,18.0,11.0,79.0,4.0,29.97,2.6,0
2723,2017-06-16,18.0,12.0,80.0,6.0,29.97,6.5,0
2724,2017-06-17,18.0,11.0,77.0,5.0,29.94,4.8,0
2725,2017-06-18,17.0,9.0,74.0,4.0,29.94,2.8,0
2726,2017-06-19,18.0,10.0,74.0,4.0,29.97,3.2,0
2727,2017-06-20,18.0,11.0,79.0,4.0,29.97,7.9,0
2728,2017-06-21,18.0,12.0,80.0,4.0,29.97,2.7,0
2729,2017-06-22,18.0,11.0,74.0,6.0,29.97,0.9,0
2730,2017-06-23,18.0,10.0,73.0,5.0,29.97,0.8,0
2731,2017-06-24,18.0,9.0,68.0,7.0,29.97,0.7,0
2732,2017-06-25,18.0,9.0,73.0,4.0,29.97,0.6,0
2733,2017-06-26,18.0,11.0,78.0,3.0,29.97,2.5,0
2734,2017-06-27,18.0,11.0,77.0,4.0,29.97,5.5,0
2735,2017-06-28,18.0,11.0,76.0,4.0,29.97,5.1,0
2736,2017-06-29,18.0,11.0,78.0,4.0,30.0,1.8,0
2737,2017-06-30,17.0,12.0,81.0,4.0,30.0,2.7,0
2738,2017-07-01,18.0,13.0,82.0,5.0,29.97,7.6,0
2739,2017-07-02,18.0,13.0,81.0,5.0,29.97,2.6,0
2740,2017-07-03,18.0,12.0,82.0,5.0,29.97,8.2,0
2741,2017-07-04,17.0,13.0,84.0,4.0,30.0,13.8,0
2742,2017-07-05,17.0,11.0,80.0,3.0,30.0,6.0,0
2743,2017-07-06,17.0,12.0,83.0,3.0,30.03,6.0,0
2744,2017-07-07,17.0,11.0,81.0,3.0,30.03,3.0,0
2745,2017-07-08,18.0,10.0,73.0,4.0,30.0,0.4,0
2746,2017-07-09,17.0,11.0,80.0,5.0,30.0,4.8,0
2747,2017-07-10,17.0,12.0,82.0,5.0,29.97,6.5,0
2748,2017-07-11,18.0,12.0,78.0,6.0,30.0,2.5,0
2749,2017-07-12,17.0,12.0,82.0,6.0,30.03,2.7,0
2750,2017-07-13,18.0,12.0,80.0,5.0,30.0,2.5,0
2751,2017-07-14,18.0,12.0,82.0,4.0,30.0,2.3,0
2752,2017-07-15,18.0,12.0,82.0,4.0,30.0,5.6,0
2753,2017-07-16,18.0,12.0,81.0,5.0,30.0,4.8,0
2754,2017-07-17,18.0,11.0,78.0,3.0,30.0,3.0,0
2755,2017-07-18,18.0,11.0,75.0,8.0,30.03,3.0,0
2756,2017-07-19,18.0,11.0,76.0,3.0,30.03,3.1,0
2757,2017-07-20,18.0,14.0,84.0,4.0,30.0,14.1,0
2758,2017-07-21,18.0,13.0,84.0,3.0,29.97,14.4,0
2759,2017-07-22,18.0,14.0,85.0,5.0,29.97,16.8,0
2760,2017-07-23,18.0,14.0,86.0,4.0,29.97,19.6,0
2761,2017-07-24,17.0,14.0,87.0,4.0,29.97,24.8,3
2762,2017-07-25,17.0,14.0,87.0,4.0,30.0,26.4,3
2763,2017-07-26,18.0,14.0,84.0,3.0,30.0,16.8,0
2764,2017-07-27,17.0,14.0,88.0,3.0,30.0,21.7,0
2765,2017-07-28,18.0,14.0,85.0,4.0,30.0,22.6,3
2766,2017-07-29,19.0,13.0,79.0,3.0,30.0,5.2,0
2767,2017-07-30,19.0,14.0,83.0,3.0,29.97,17.8,0
2768,2017-07-31,19.0,14.0,81.0,3.0,29.97,18.7,0
2769,2017-08-01,18.0,13.0,78.0,4.0,30.03,9.3,0
2770,2017-08-02,16.0,13.0,87.0,3.0,30.06,14.4,0
2771,2017-08-03,19.0,13.0,79.0,2.0,30.03,8.0,0
2772,2017-08-04,19.0,13.0,76.0,3.0,29.97,7.1,0
2773,2017-08-05,19.0,13.0,73.0,3.0,29.97,6.5,0
2774,2017-08-06,19.0,12.0,74.0,4.0,29.97,7.6,0
2775,2017-08-07,19.0,13.0,81.0,4.0,29.97,13.7,0
2776,2017-08-08,17.0,14.0,88.0,3.0,30.0,22.1,0
2777,2017-08-09,18.0,14.0,87.0,3.0,30.0,34.4,3
2778,2017-08-10,18.0,14.0,86.0,4.0,29.97,27.1,3
2779,2017-08-11,17.0,13.0,84.0,3.0,30.0,13.9,0
2780,2017-08-12,17.0,14.0,87.0,3.0,30.0,15.8,0
2781,2017-08-13,17.0,14.0,86.0,3.0,29.97,14.7,0
2782,2017-08-14,19.0,13.0,79.0,3.0,29.97,10.7,0
2783,2017-08-15,19.0,13.0,77.0,3.0,29.94,5.5,0
2784,2017-08-16,18.0,13.0,81.0,3.0,29.91,18.4,3
2785,2017-08-17,19.0,13.0,77.0,4.0,29.91,10.9,2
2786,2017-08-18,19.0,11.0,71.0,4.0,29.94,6.2,2
2787,2017-08-19,20.0,10.0,66.0,5.0,29.94,0.8,2
2788,2017-08-20,20.0,10.0,62.0,4.0,29.94,1.5,2
2789,2017-08-21,20.0,11.0,67.0,3.0,29.91,5.7,2
2790,2017-08-22,19.0,13.0,74.0,4.0,29.91,8.1,2
2791,2017-08-23,19.0,13.0,78.0,4.0,29.94,3.8,0
2792,2017-08-24,19.0,13.0,77.0,3.0,29.91,6.1,2
2793,2017-08-25,19.0,13.0,82.0,3.0,29.91,6.7,2
2794,2017-08-26,20.0,12.0,73.0,4.0,29.91,6.8,2
2795,2017-08-27,21.0,12.0,71.0,3.0,29.91,3.4,2
2796,2017-08-28,19.0,13.0,79.0,4.0,29.91,6.1,2
2797,2017-08-29,18.0,14.0,82.0,3.0,29.91,10.4,0
2798,2017-08-30,18.0,14.0,86.0,2.0,29.97,10.7,0
2799,2017-08-31,18.0,14.0,86.0,4.0,29.97,18.5,0
2800,2017-09-01,18.0,14.0,85.0,3.0,29.97,19.9,0
2801,2017-09-02,17.0,14.0,87.0,3.0,29.97,31.0,3
2802,2017-09-03,18.0,13.0,83.0,4.0,29.94,24.8,3
2803,2017-09-04,18.0,14.0,83.0,2.0,30.0,11.4,0
2804,2017-09-05,18.0,12.0,79.0,3.0,30.03,8.3,0
2805,2017-09-06,18.0,13.0,80.0,3.0,30.0,17.0,0
2806,2017-09-07,18.0,13.0,81.0,3.0,29.97,19.5,0
2807,2017-09-08,19.0,12.0,73.0,3.0,29.94,7.0,0
2808,2017-09-09,20.0,12.0,72.0,4.0,29.91,3.1,2
2809,2017-09-10,19.0,13.0,76.0,4.0,29.94,7.7,0
2810,2017-09-11,20.0,13.0,74.0,2.0,29.91,12.3,2
2811,2017-09-12,19.0,13.0,77.0,3.0,29.91,16.2,2
2812,2017-09-13,20.0,12.0,71.0,5.0,29.91,3.8,2
2813,2017-09-14,20.0,13.0,75.0,3.0,29.94,13.1,2
2814,2017-09-15,19.0,13.0,80.0,3.0,29.97,10.3,0
2815,2017-09-16,20.0,13.0,75.0,4.0,29.94,11.6,2
2816,2017-09-17,20.0,13.0,72.0,3.0,29.94,12.8,2
2817,2017-09-18,21.0,13.0,74.0,3.0,29.97,6.7,2
2818,2017-09-19,20.0,12.0,70.0,5.0,29.97,2.3,2
2819,2017-09-20,19.0,11.0,68.0,5.0,29.97,4.3,0
2820,2017-09-21,19.0,11.0,68.0,4.0,29.94,7.7,2
2821,2017-09-22,19.0,13.0,77.0,3.0,29.94,16.7,0
2822,2017-09-23,19.0,13.0,78.0,4.0,29.97,22.0,3
2823,2017-09-24,20.0,12.0,70.0,3.0,29.97,11.7,0
2824,2017-09-25,20.0,12.0,68.0,4.0,29.91,6.9,2
2825,2017-09-26,20.0,10.0,64.0,6.0,29.91,1.8,2
2826,2017-09-27,20.0,8.0,56.0,9.0,29.94,0.0,1
2827,2017-09-28,20.0,8.0,52.0,9.0,29.94,0.0,1
2828,2017-09-29,20.0,9.0,58.0,5.0,29.91,0.6,1
2829,2017-09-30,20.0,12.0,67.0,3.0,29.94,8.7,2
2830,2017-10-01,20.0,11.0,66.0,4.0,29.94,0.2,2
2831,2017-10-02,20.0,10.0,62.0,6.0,29.91,0.2,2
2832,2017-10-03,20.0,9.0,58.0,6.0,29.88,0.2,1
2833,2017-10-04,21.0,6.0,47.0,8.0,29.91,0.0,1
2834,2017-10-05,21.0,4.0,41.0,6.0,29.94,0.0,1
2835,2017-10-06,14.0,8.0,66.0,4.0,29.91,0.0,0
2836,2017-10-07,21.0,9.0,57.0,5.0,29.88,0.8,1
2837,2017-10-08,21.0,10.0,59.0,5.0,29.85,0.2,2
2838,2017-10-09,21.0,11.0,63.0,5.0,29.85,5.0,2
2839,2017-10-10,20.0,12.0,71.0,5.0,29.88,3.9,2
2840,2017-10-11,20.0,13.0,75.0,3.0,29.91,10.8,2
2841,2017-10-12,18.0,13.0,82.0,5.0,29.91,47.6,3
2842,2017-10-13,16.0,13.0,87.0,4.0,29.94,45.1,3
2843,2017-10-14,17.0,13.0,84.0,7.0,29.94,13.4,0
2844,2017-10-15,18.0,12.0,78.0,4.0,29.97,14.0,0
2845,2017-10-16,19.0,13.0,76.0,3.0,29.97,11.2,0
2846,2017-10-17,19.0,13.0,77.0,4.0,29.94,16.8,0
2847,2017-10-18,20.0,13.0,76.0,4.0,29.94,23.6,3
2848,2017-10-19,18.0,14.0,84.0,3.0,29.97,28.0,3
2849,2017-10-20,19.0,13.0,81.0,4.0,29.97,25.5,3
2850,2017-10-21,18.0,14.0,83.0,4.0,29.97,26.3,3
2851,2017-10-22,19.0,13.0,77.0,4.0,29.94,16.4,0
2852,2017-10-23,20.0,12.0,70.0,4.0,29.94,8.0,2
2853,2017-10-24,20.0,13.0,73.0,3.0,29.91,10.1,2
2854,2017-10-25,19.0,12.0,73.0,7.0,29.91,7.8,2
2855,2017-10-26,19.0,12.0,73.0,12.0,29.91,0.7,2
2856,2017-10-27,20.0,11.0,66.0,11.0,29.88,0.0,2
2857,2017-10-28,20.0,11.0,67.0,10.0,29.88,0.1,2
2858,2017-10-29,20.0,11.0,66.0,13.0,29.88,0.0,2
2859,2017-10-30,20.0,10.0,66.0,11.0,29.91,0.0,2
2860,2017-10-31,20.0,10.0,62.0,8.0,29.94,0.0,2
2861,2017-11-01,20.0,10.0,62.0,7.0,29.94,0.9,2
2862,2017-11-02,20.0,10.0,60.0,6.0,29.91,2.1,2
2863,2017-11-03,20.0,11.0,65.0,6.0,29.88,1.7,2
2864,2017-11-04,19.0,12.0,72.0,5.0,29.91,11.9,2
2865,2017-11-05,19.0,13.0,77.0,3.0,29.94,11.9,0
2866,2017-11-06,19.0,13.0,78.0,5.0,29.88,11.7,2
2867,2017-11-07,19.0,13.0,78.0,5.0,29.91,13.5,2
2868,2017-11-08,19.0,13.0,78.0,7.0,29.94,13.5,2
2869,2017-11-09,19.0,13.0,78.0,8.0,29.91,15.7,2
2870,2017-11-10,19.0,12.0,77.0,9.0,29.88,6.8,2
2871,2017-11-11,19.0,11.0,71.0,9.0,29.88,2.3,2
2872,2017-11-12,19.0,12.0,74.0,9.0,29.91,5.2,2
2873,2017-11-13,19.0,11.0,71.0,10.0,29.91,0.1,2
2874,2017-11-14,19.0,11.0,69.0,11.0,29.88,0.0,2
2875,2017-11-15,19.0,10.0,64.0,13.0,29.88,0.0,2
2876,2017-11-16,19.0,11.0,67.0,9.0,29.88,0.9,2
2877,2017-11-17,19.0,11.0,71.0,9.0,29.88,3.1,2
2878,2017-11-18,18.0,11.0,70.0,9.0,29.91,3.3,2
2879,2017-11-19,19.0,10.0,66.0,10.0,29.91,0.0,2
2880,2017-11-20,19.0,8.0,60.0,8.0,29.94,0.0,1
2881,2017-11-21,19.0,9.0,63.0,6.0,29.91,0.0,2
2882,2017-11-22,18.0,11.0,71.0,5.0,29.88,4.5,2
2883,2017-11-23,19.0,11.0,71.0,5.0,29.88,8.0,2
2884,2017-11-24,19.0,12.0,73.0,4.0,29.91,10.6,2
2885,2017-11-25,19.0,10.0,67.0,7.0,29.94,0.5,2
2886,2017-11-26,19.0,9.0,65.0,11.0,30.0,0.3,2
2887,2017-11-27,20.0,9.0,61.0,11.0,29.97,0.0,1
2888,2017-11-28,19.0,10.0,66.0,8.0,29.97,0.0,2
2889,2017-11-29,20.0,11.0,67.0,8.0,29.97,0.1,2
2890,2017-11-30,19.0,10.0,69.0,10.0,29.94,1.6,2
2891,2017-12-01,19.0,9.0,64.0,9.0,29.94,0.7,2
2892,2017-12-02,19.0,8.0,57.0,7.0,29.91,0.2,1
2893,2017-12-03,20.0,8.0,56.0,7.0,29.94,0.3,1
2894,2017-12-04,20.0,7.0,55.0,8.0,29.94,0.4,1
2895,2017-12-05,19.0,10.0,63.0,7.0,29.91,0.6,2
2896,2017-12-06,19.0,11.0,69.0,5.0,29.91,6.3,2
2897,2017-12-07,19.0,11.0,69.0,7.0,29.88,1.0,2
2898,2017-12-08,19.0,12.0,71.0,8.0,29.85,5.1,2
2899,2017-12-09,20.0,11.0,66.0,9.0,29.85,0.8,2
2900,2017-12-10,19.0,8.0,58.0,11.0,29.91,0.0,1
2901,2017-12-11,20.0,8.0,55.0,10.0,29.94,0.0,1
2902,2017-12-12,20.0,8.0,60.0,10.0,29.97,0.0,1
2903,2017-12-13,20.0,6.0,52.0,10.0,29.97,0.0,1
2904,2017-12-14,20.0,9.0,60.0,6.0,29.94,6.1,2
2905,2017-12-15,19.0,11.0,67.0,4.0,29.94,0.3,2
2906,2017-12-16,20.0,11.0,67.0,5.0,29.91,1.7,2
2907,2017-12-17,20.0,11.0,66.0,7.0,29.91,1.2,2
2908,2017-12-18,19.0,10.0,65.0,12.0,29.91,0.6,2
2909,2017-12-19,20.0,10.0,63.0,15.0,29.91,0.0,1
2910,2017-12-20,20.0,9.0,57.0,16.0,29.94,0.0,1
2911,2017-12-21,20.0,7.0,53.0,14.0,29.97,0.0,1
2912,2017-12-22,20.0,8.0,53.0,13.0,29.94,0.0,1
2913,2017-12-23,20.0,7.0,53.0,10.0,29.91,0.0,1
2914,2017-12-24,20.0,7.0,50.0,9.0,29.91,0.8,1
2915,2017-12-25,20.0,8.0,51.0,8.0,29.91,0.4,1
2916,2017-12-26,21.0,7.0,48.0,10.0,29.91,0.0,1
2917,2017-12-27,21.0,6.0,47.0,10.0,29.88,0.0,1
2918,2017-12-28,21.0,7.0,51.0,10.0,29.88,0.0,1
2919,2017-12-29,20.0,8.0,53.0,8.0,29.91,0.0,1
2920,2017-12-30,20.0,7.0,52.0,7.0,29.94,0.0,1
2921,2017-12-31,19.0,8.0,57.0,5.0,29.94,0.3,1
2922,2018-01-01,21.0,7.0,51.0,4.0,29.91,0.0,1
2923,2018-01-02,20.0,10.0,66.0,4.0,29.88,0.1,2
2924,2018-01-03,19.0,9.0,60.0,3.0,29.88,0.0,2
2925,2018-01-04,18.0,9.0,60.0,2.0,29.94,0.3,2
2926,2018-01-05,20.0,9.0,59.0,3.0,29.91,0.0,2
2927,2018-01-06,20.0,7.0,51.0,2.0,29.88,0.0,1
2928,2018-01-07,20.0,7.0,51.0,4.0,29.91,0.0,1
2929,2018-01-08,20.0,5.0,42.0,4.0,29.94,0.0,1
2930,2018-01-09,20.0,5.0,44.0,4.0,29.94,0.0,1
2931,2018-01-10,19.0,6.0,46.0,4.0,29.94,0.0,1
2932,2018-01-11,18.0,8.0,61.0,6.0,29.94,1.0,2
2933,2018-01-12,20.0,8.0,54.0,8.0,29.91,0.1,1
2934,2018-01-13,19.0,8.0,56.0,6.0,29.91,0.5,1
2935,2018-01-14,21.0,6.0,49.0,5.0,29.91,0.2,1
2936,2018-01-15,21.0,2.0,35.0,5.0,29.94,0.0,1
2937,2018-01-16,22.0,5.0,42.0,4.0,29.94,0.2,1
2938,2018-01-17,21.0,4.0,39.0,6.0,29.88,0.2,1
2939,2018-01-18,21.0,5.0,44.0,5.0,29.88,0.0,1
2940,2018-01-19,20.0,7.0,53.0,5.0,29.88,0.1,1
2941,2018-01-20,19.0,9.0,58.0,6.0,29.91,0.5,2
2942,2018-01-21,21.0,6.0,50.0,8.0,29.91,0.5,1
2943,2018-01-22,21.0,3.0,39.0,12.0,29.91,0.0,1
2944,2018-01-23,21.0,4.0,42.0,9.0,29.88,0.0,1
2945,2018-01-24,20.0,8.0,53.0,6.0,29.88,0.6,1
2946,2018-01-25,18.0,10.0,68.0,4.0,29.91,1.9,2
2947,2018-01-26,20.0,9.0,61.0,4.0,29.91,0.7,2
2948,2018-01-27,21.0,6.0,48.0,8.0,29.88,0.0,1
2949,2018-01-28,21.0,5.0,46.0,8.0,29.88,0.0,1
2950,2018-01-29,22.0,4.0,41.0,6.0,29.88,0.0,1
2951,2018-01-30,21.0,5.0,43.0,5.0,29.91,1.0,1
2952,2018-01-31,20.0,8.0,50.0,6.0,29.91,0.4,1
2953,2018-02-01,21.0,8.0,52.0,11.0,29.88,0.0,1
2954,2018-02-02,21.0,7.0,48.0,14.0,29.88,0.0,1
2955,2018-02-03,22.0,4.0,42.0,12.0,29.91,0.0,1
2956,2018-02-04,21.0,4.0,40.0,8.0,29.88,0.0,1
2957,2018-02-05,21.0,7.0,46.0,10.0,29.88,0.1,1
2958,2018-02-06,21.0,8.0,52.0,10.0,29.88,0.2,1
2959,2018-02-07,22.0,7.0,49.0,12.0,29.85,0.4,1
2960,2018-02-08,22.0,0.0,34.0,12.0,29.88,0.0,1
2961,2018-02-09,22.0,-1.0,31.0,11.0,29.88,0.0,1
2962,2018-02-10,21.0,2.0,35.0,14.0,29.85,0.0,1
2963,2018-02-11,21.0,6.0,50.0,14.0,29.88,0.0,1
2964,2018-02-12,21.0,7.0,52.0,14.0,29.91,0.1,1
2965,2018-02-13,22.0,7.0,49.0,16.0,29.94,0.0,1
2966,2018-02-14,22.0,8.0,50.0,15.0,29.91,0.0,1
2967,2018-02-15,22.0,7.0,50.0,16.0,29.91,0.0,1
2968,2018-02-16,22.0,7.0,48.0,16.0,29.91,0.0,1
2969,2018-02-17,22.0,8.0,52.0,12.0,29.91,0.1,1
2970,2018-02-18,22.0,9.0,52.0,9.0,29.85,0.2,1
2971,2018-02-19,22.0,9.0,53.0,7.0,29.85,1.6,1
2972,2018-02-20,22.0,11.0,59.0,6.0,29.85,3.0,1
2973,2018-02-21,21.0,10.0,59.0,5.0,29.85,3.0,2
2974,2018-02-22,22.0,9.0,55.0,6.0,29.8,1.0,1
2975,2018-02-23,23.0,8.0,48.0,10.0,29.8,0.0,1
2976,2018-02-24,23.0,6.0,47.0,9.0,29.85,1.8,1
2977,2018-02-25,22.0,9.0,55.0,4.0,29.88,5.2,1
2978,2018-02-26,22.0,9.0,54.0,5.0,29.88,1.7,1
2979,2018-02-27,22.0,9.0,54.0,4.0,29.88,7.1,1
2980,2018-02-28,21.0,11.0,65.0,5.0,29.88,5.9,2
2981,2018-03-01,18.0,13.0,77.0,5.0,29.91,20.3,3
2982,2018-03-02,18.0,13.0,81.0,6.0,29.91,21.3,3
2983,2018-03-03,18.0,13.0,78.0,3.0,29.91,16.9,0
2984,2018-03-04,17.0,13.0,82.0,3.0,29.94,23.7,3
2985,2018-03-05,18.0,12.0,72.0,5.0,29.94,5.7,0
2986,2018-03-06,19.0,10.0,66.0,5.0,29.94,1.4,2
2987,2018-03-07,19.0,10.0,66.0,7.0,29.94,0.0,2
2988,2018-03-08,20.0,10.0,61.0,6.0,29.94,0.6,2
2989,2018-03-09,20.0,10.0,59.0,6.0,29.91,0.2,2
2990,2018-03-10,21.0,10.0,55.0,5.0,29.88,2.3,1
2991,2018-03-11,20.0,11.0,65.0,6.0,29.91,6.6,2
2992,2018-03-12,19.0,13.0,73.0,5.0,29.94,9.4,2
2993,2018-03-13,19.0,13.0,76.0,4.0,29.94,15.2,0
2994,2018-03-14,19.0,13.0,75.0,4.0,29.91,10.5,2
2995,2018-03-15,18.0,13.0,81.0,5.0,29.91,17.7,3
2996,2018-03-16,16.0,14.0,90.0,4.0,29.97,37.5,3
2997,2018-03-17,20.0,13.0,76.0,3.0,29.91,12.1,2
2998,2018-03-18,19.0,13.0,71.0,5.0,29.85,10.8,2
2999,2018-03-19,19.0,13.0,76.0,5.0,29.91,16.6,2
3000,2018-03-20,19.0,12.0,73.0,11.0,29.91,3.7,2
3001,2018-03-21,19.0,11.0,69.0,12.0,29.94,1.2,2
3002,2018-03-22,20.0,10.0,65.0,8.0,29.94,1.1,2
3003,2018-03-23,20.0,9.0,60.0,6.0,29.91,1.0,2
3004,2018-03-24,21.0,11.0,63.0,6.0,29.88,1.8,2
3005,2018-03-25,20.0,11.0,67.0,5.0,29.91,6.6,2
3006,2018-03-26,19.0,11.0,69.0,9.0,29.94,0.5,2
3007,2018-03-27,20.0,11.0,67.0,11.0,29.88,0.2,2
3008,2018-03-28,20.0,10.0,63.0,11.0,29.88,0.3,1
3009,2018-03-29,20.0,11.0,65.0,10.0,29.91,0.2,2
3010,2018-03-30,20.0,9.0,61.0,9.0,29.94,0.0,1
3011,2018-03-31,20.0,9.0,59.0,8.0,29.88,0.0,1
3012,2018-04-01,20.0,11.0,68.0,6.0,29.85,0.8,2
3013,2018-04-02,20.0,11.0,68.0,6.0,29.83,0.2,2
3014,2018-04-03,20.0,11.0,68.0,10.0,29.83,0.2,2
3015,2018-04-04,20.0,11.0,67.0,7.0,29.88,0.2,2
3016,2018-04-05,19.0,12.0,73.0,3.0,29.88,3.1,2
3017,2018-04-06,19.0,13.0,75.0,5.0,29.85,3.9,2
3018,2018-04-07,20.0,13.0,75.0,5.0,29.88,5.8,2
3019,2018-04-08,19.0,13.0,76.0,2.0,29.94,3.2,0
3020,2018-04-09,19.0,13.0,75.0,5.0,29.94,2.5,2
3021,2018-04-10,20.0,13.0,75.0,4.0,29.88,9.1,2
3022,2018-04-11,21.0,13.0,73.0,3.0,29.88,12.8,2
3023,2018-04-12,20.0,13.0,77.0,2.0,29.91,12.1,2
3024,2018-04-13,20.0,14.0,78.0,4.0,29.91,22.8,3
3025,2018-04-14,16.0,14.0,89.0,6.0,29.97,27.7,3
3026,2018-04-15,18.0,13.0,83.0,5.0,29.97,11.9,0
3027,2018-04-16,17.0,13.0,89.0,6.0,30.0,24.5,3
3028,2018-04-17,15.0,13.0,91.0,3.0,30.03,19.0,0
3029,2018-04-18,18.0,13.0,84.0,3.0,30.0,17.3,0
3030,2018-04-19,17.0,13.0,87.0,4.0,30.0,30.0,3
3031,2018-04-20,19.0,13.0,79.0,4.0,29.94,8.0,0
3032,2018-04-21,19.0,14.0,83.0,3.0,29.94,24.3,3
3033,2018-04-22,18.0,14.0,86.0,4.0,29.94,22.0,3
3034,2018-04-23,18.0,13.0,85.0,3.0,29.97,6.9,0
3035,2018-04-24,18.0,14.0,88.0,3.0,29.94,25.0,3
3036,2018-04-25,18.0,13.0,82.0,5.0,29.94,16.3,0
3037,2018-04-26,19.0,12.0,76.0,4.0,29.94,7.3,0
3038,2018-04-27,20.0,13.0,77.0,3.0,29.94,12.4,2
3039,2018-04-28,20.0,14.0,79.0,3.0,29.94,13.4,0
3040,2018-04-29,20.0,13.0,78.0,3.0,29.94,4.3,2
3041,2018-04-30,20.0,13.0,77.0,3.0,29.94,15.6,2
3042,2018-05-01,18.0,14.0,84.0,3.0,29.97,22.8,3
3043,2018-05-02,17.0,13.0,87.0,2.0,30.0,26.0,3
3044,2018-05-03,19.0,12.0,73.0,4.0,29.94,5.8,2
3045,2018-05-04,20.0,12.0,74.0,5.0,29.91,1.5,2
3046,2018-05-05,20.0,12.0,73.0,6.0,29.91,5.2,2
3047,2018-05-06,19.0,13.0,76.0,4.0,29.94,6.4,0
3048,2018-05-07,20.0,13.0,78.0,4.0,29.97,6.3,0
3049,2018-05-08,19.0,12.0,75.0,4.0,29.94,3.9,2
3050,2018-05-09,19.0,12.0,76.0,4.0,29.91,6.0,2
3051,2018-05-10,19.0,12.0,73.0,5.0,29.94,2.1,2
3052,2018-05-11,19.0,12.0,73.0,5.0,29.94,4.0,2
3053,2018-05-12,20.0,11.0,69.0,5.0,29.94,1.7,2
3054,2018-05-13,20.0,12.0,71.0,4.0,29.91,2.8,2
3055,2018-05-14,20.0,13.0,74.0,6.0,29.91,10.0,2
3056,2018-05-15,20.0,12.0,73.0,6.0,29.91,8.0,2
3057,2018-05-16,18.0,14.0,86.0,5.0,29.97,14.6,0
3058,2018-05-17,19.0,13.0,79.0,3.0,29.97,7.6,0
3059,2018-05-18,20.0,13.0,79.0,2.0,29.91,12.4,2
3060,2018-05-19,18.0,15.0,89.0,4.0,29.94,29.2,3
3061,2018-05-20,18.0,15.0,87.0,3.0,29.91,33.9,3
3062,2018-05-21,18.0,15.0,87.0,3.0,29.94,45.9,3
3063,2018-05-22,15.0,14.0,95.0,3.0,30.0,43.2,3
3064,2018-05-23,17.0,14.0,88.0,3.0,30.0,20.8,0
3065,2018-05-24,18.0,14.0,87.0,3.0,29.97,23.7,3
3066,2018-05-25,18.0,14.0,86.0,2.0,29.94,20.3,3
3067,2018-05-26,19.0,12.0,78.0,3.0,29.94,3.5,0
3068,2018-05-27,19.0,12.0,75.0,3.0,29.97,6.4,0
3069,2018-05-28,19.0,13.0,78.0,2.0,30.0,9.9,0
3070,2018-05-29,19.0,13.0,78.0,2.0,29.97,9.1,0
3071,2018-05-30,19.0,13.0,77.0,2.0,29.97,1.8,0
3072,2018-05-31,19.0,11.0,72.0,3.0,30.0,1.8,0
3073,2018-06-01,19.0,12.0,76.0,2.0,30.0,2.3,0
3074,2018-06-02,19.0,14.0,83.0,3.0,30.0,13.1,0
3075,2018-06-03,18.0,14.0,88.0,4.0,29.97,9.8,0
3076,2018-06-04,17.0,15.0,91.0,4.0,29.94,31.9,3
3077,2018-06-05,14.0,14.0,98.0,4.0,30.0,56.6,3
3078,2018-06-06,15.0,14.0,94.0,3.0,30.06,26.9,3
3079,2018-06-07,17.0,14.0,91.0,3.0,30.03,23.7,0
3080,2018-06-08,16.0,14.0,91.0,2.0,30.03,38.6,3
3081,2018-06-09,18.0,14.0,89.0,2.0,30.03,17.7,0
3082,2018-06-10,18.0,14.0,86.0,2.0,30.03,13.1,0
3083,2018-06-11,19.0,13.0,81.0,1.0,30.03,3.0,0
3084,2018-06-12,18.0,12.0,76.0,4.0,30.06,0.7,0
3085,2018-06-13,19.0,12.0,77.0,3.0,30.03,1.0,0
3086,2018-06-14,18.0,13.0,81.0,3.0,30.03,7.3,0
3087,2018-06-15,18.0,12.0,80.0,3.0,30.0,5.7,0
3088,2018-06-16,17.0,13.0,86.0,4.0,30.03,14.0,0
3089,2018-06-17,17.0,13.0,87.0,3.0,30.0,13.5,0
3090,2018-06-18,18.0,13.0,85.0,2.0,29.97,12.6,0
3091,2018-06-19,18.0,13.0,82.0,3.0,29.97,4.0,0
3092,2018-06-20,18.0,12.0,81.0,5.0,30.03,2.0,0
3093,2018-06-21,18.0,11.0,75.0,5.0,30.06,0.4,0
3094,2018-06-22,18.0,11.0,72.0,3.0,30.03,2.9,0
3095,2018-06-23,18.0,12.0,79.0,2.0,30.03,5.3,0
3096,2018-06-24,17.0,12.0,84.0,3.0,30.0,7.1,0
3097,2018-06-25,17.0,13.0,87.0,2.0,29.97,16.5,0
3098,2018-06-26,18.0,13.0,83.0,2.0,29.97,11.7,0
3099,2018-06-27,17.0,13.0,84.0,2.0,29.97,18.2,0
3100,2018-06-28,17.0,13.0,84.0,3.0,29.97,14.1,0
3101,2018-06-29,18.0,13.0,82.0,2.0,29.94,8.5,0
3102,2018-06-30,17.0,13.0,84.0,4.0,29.94,11.2,0
3103,2018-07-01,17.0,13.0,82.0,3.0,29.94,12.8,0
3104,2018-07-02,17.0,14.0,89.0,2.0,29.94,28.8,3
3105,2018-07-03,18.0,13.0,81.0,2.0,29.97,10.8,0
3106,2018-07-04,18.0,12.0,79.0,4.0,30.0,7.5,0
3107,2018-07-05,17.0,13.0,85.0,4.0,30.03,10.2,0
3108,2018-07-06,17.0,12.0,80.0,3.0,30.03,2.8,0
3109,2018-07-07,18.0,12.0,76.0,3.0,30.03,3.4,0
3110,2018-07-08,17.0,12.0,79.0,3.0,30.03,4.3,0
3111,2018-07-09,16.0,13.0,87.0,4.0,30.03,9.5,0
3112,2018-07-10,17.0,14.0,88.0,5.0,30.03,22.7,0
3113,2018-07-11,17.0,13.0,87.0,3.0,30.06,15.6,0
3114,2018-07-12,17.0,13.0,83.0,3.0,30.06,13.3,0
3115,2018-07-13,18.0,13.0,83.0,2.0,30.03,11.1,0
3116,2018-07-14,17.0,14.0,87.0,3.0,30.0,20.4,0
3117,2018-07-15,18.0,14.0,84.0,4.0,30.0,14.6,0
3118,2018-07-16,19.0,12.0,76.0,4.0,30.03,4.7,0
3119,2018-07-17,18.0,11.0,75.0,4.0,30.03,6.1,0
3120,2018-07-18,17.0,12.0,80.0,5.0,30.0,0.9,0
3121,2018-07-19,18.0,13.0,80.0,4.0,30.0,5.1,0
3122,2018-07-20,17.0,13.0,83.0,3.0,30.0,9.3,0
3123,2018-07-21,19.0,13.0,78.0,3.0,30.0,5.9,0
3124,2018-07-22,19.0,13.0,77.0,3.0,30.0,6.7,0
3125,2018-07-23,18.0,13.0,78.0,3.0,30.0,8.7,0
3126,2018-07-24,17.0,13.0,85.0,4.0,30.0,8.6,0
3127,2018-07-25,17.0,13.0,82.0,2.0,30.0,8.6,0
3128,2018-07-26,18.0,13.0,81.0,3.0,30.0,18.9,0
3129,2018-07-27,18.0,12.0,75.0,3.0,30.03,7.0,0
3130,2018-07-28,19.0,11.0,73.0,2.0,30.03,4.1,0
3131,2018-07-29,18.0,12.0,78.0,4.0,30.0,6.8,0
3132,2018-07-30,18.0,13.0,79.0,3.0,30.0,10.9,0
3133,2018-07-31,19.0,13.0,79.0,2.0,29.97,20.1,0
3134,2018-08-01,19.0,12.0,73.0,3.0,29.97,5.2,0
3135,2018-08-02,20.0,10.0,67.0,4.0,29.97,0.1,2
3136,2018-08-03,20.0,9.0,61.0,3.0,30.0,0.2,0
3137,2018-08-04,19.0,11.0,70.0,4.0,30.0,0.2,0
3138,2018-08-05,19.0,10.0,68.0,3.0,30.0,5.8,0
3139,2018-08-06,19.0,11.0,70.0,5.0,30.03,5.6,0
3140,2018-08-07,18.0,10.0,70.0,3.0,30.0,2.1,0
3141,2018-08-08,19.0,10.0,64.0,4.0,30.0,0.2,0
3142,2018-08-09,19.0,11.0,70.0,3.0,30.03,2.6,0
3143,2018-08-10,19.0,12.0,73.0,4.0,30.03,8.5,0
3144,2018-08-11,18.0,12.0,79.0,5.0,30.0,9.3,0
3145,2018-08-12,18.0,11.0,71.0,5.0,30.03,7.0,0
3146,2018-08-13,18.0,12.0,72.0,3.0,30.03,8.8,0
3147,2018-08-14,19.0,11.0,73.0,4.0,30.03,7.7,0
3148,2018-08-15,18.0,13.0,76.0,4.0,30.0,3.5,0
3149,2018-08-16,18.0,12.0,74.0,4.0,30.03,0.9,0
3150,2018-08-17,18.0,13.0,78.0,5.0,30.0,11.5,0
3151,2018-08-18,18.0,13.0,81.0,4.0,29.94,9.9,0
3152,2018-08-19,18.0,13.0,81.0,4.0,29.94,12.9,0
3153,2018-08-20,18.0,14.0,82.0,2.0,29.97,12.6,0
3154,2018-08-21,18.0,14.0,85.0,3.0,29.97,23.6,3
3155,2018-08-22,19.0,13.0,80.0,2.0,29.97,11.1,0
3156,2018-08-23,18.0,13.0,81.0,2.0,29.94,13.5,0
3157,2018-08-24,18.0,14.0,85.0,2.0,29.97,20.5,3
3158,2018-08-25,18.0,14.0,86.0,2.0,30.0,42.4,3
3159,2018-08-26,18.0,13.0,82.0,3.0,29.97,15.1,0
3160,2018-08-27,18.0,14.0,86.0,4.0,29.94,19.9,3
3161,2018-08-28,18.0,14.0,83.0,3.0,29.94,16.5,0
3162,2018-08-29,18.0,13.0,82.0,4.0,29.97,16.7,0
3163,2018-08-30,17.0,14.0,90.0,3.0,29.94,53.0,3
3164,2018-08-31,18.0,14.0,84.0,3.0,29.91,21.3,3
3165,2018-09-01,18.0,14.0,84.0,3.0,29.94,17.9,0
3166,2018-09-02,18.0,14.0,83.0,2.0,29.91,18.6,3
3167,2018-09-03,17.0,14.0,83.0,3.0,29.91,11.1,0
3168,2018-09-04,18.0,13.0,82.0,3.0,29.94,16.1,0
3169,2018-09-05,18.0,13.0,77.0,5.0,29.97,12.2,0
3170,2018-09-06,19.0,11.0,68.0,5.0,29.94,1.0,2
3171,2018-09-07,19.0,10.0,65.0,6.0,29.94,1.9,2
3172,2018-09-08,19.0,10.0,65.0,5.0,29.94,3.9,2
3173,2018-09-09,19.0,10.0,65.0,4.0,29.94,2.4,2
3174,2018-09-10,20.0,10.0,64.0,3.0,29.94,3.5,2
3175,2018-09-11,20.0,10.0,65.0,6.0,29.94,0.5,2
3176,2018-09-12,19.0,8.0,59.0,6.0,29.94,0.5,1
3177,2018-09-13,19.0,8.0,59.0,5.0,29.94,0.1,2
3178,2018-09-14,20.0,10.0,62.0,3.0,29.94,1.2,2
3179,2018-09-15,20.0,10.0,62.0,4.0,29.94,0.4,2
3180,2018-09-16,20.0,10.0,60.0,3.0,29.91,3.2,2
3181,2018-09-17,20.0,10.0,62.0,3.0,29.91,0.4,2
3182,2018-09-18,21.0,10.0,61.0,4.0,29.88,1.5,2
3183,2018-09-19,20.0,10.0,59.0,4.0,29.91,0.2,2
3184,2018-09-20,21.0,8.0,55.0,5.0,29.94,0.0,1
3185,2018-09-21,21.0,10.0,62.0,4.0,29.91,1.3,2
3186,2018-09-22,20.0,11.0,66.0,5.0,29.91,3.1,2
3187,2018-09-23,20.0,9.0,59.0,7.0,29.91,0.8,1
3188,2018-09-24,20.0,7.0,52.0,9.0,29.91,0.0,1
3189,2018-09-25,20.0,9.0,57.0,7.0,29.91,0.0,1
3190,2018-09-26,19.0,9.0,60.0,5.0,29.94,2.1,2
3191,2018-09-27,20.0,10.0,64.0,5.0,29.91,0.5,2
3192,2018-09-28,21.0,9.0,60.0,9.0,29.88,0.1,1
3193,2018-09-29,20.0,8.0,56.0,8.0,29.88,0.2,1
3194,2018-09-30,20.0,11.0,65.0,4.0,29.91,3.2,2
3195,2018-10-01,20.0,9.0,59.0,6.0,29.88,0.9,1
3196,2018-10-02,19.0,9.0,59.0,5.0,29.91,1.3,2
3197,2018-10-03,20.0,8.0,56.0,7.0,29.94,0.0,1
3198,2018-10-04,20.0,9.0,58.0,7.0,29.94,0.0,1
3199,2018-10-05,21.0,8.0,54.0,8.0,29.94,0.0,1
3200,2018-10-06,21.0,10.0,61.0,5.0,29.91,2.6,2
3201,2018-10-07,20.0,11.0,68.0,5.0,29.91,8.7,2
3202,2018-10-08,20.0,12.0,72.0,5.0,29.91,14.9,2
3203,2018-10-09,20.0,12.0,68.0,5.0,29.88,10.5,2
3204,2018-10-10,19.0,12.0,72.0,6.0,29.91,9.3,2
3205,2018-10-11,20.0,11.0,67.0,5.0,29.91,1.7,2
3206,2018-10-12,20.0,10.0,64.0,4.0,29.91,2.6,2
3207,2018-10-13,21.0,10.0,58.0,6.0,29.91,0.1,1
3208,2018-10-14,20.0,10.0,63.0,5.0,29.91,4.4,2
3209,2018-10-15,20.0,12.0,70.0,4.0,29.94,12.1,2
3210,2018-10-16,19.0,13.0,74.0,5.0,29.94,17.4,2
3211,2018-10-17,19.0,12.0,76.0,6.0,29.91,15.0,2
3212,2018-10-18,20.0,12.0,71.0,6.0,29.88,9.6,2
3213,2018-10-19,19.0,13.0,76.0,4.0,29.91,14.2,2
3214,2018-10-20,19.0,11.0,70.0,8.0,29.94,2.6,2
3215,2018-10-21,19.0,9.0,60.0,13.0,29.94,0.0,1
3216,2018-10-22,19.0,8.0,55.0,14.0,29.94,0.0,1
3217,2018-10-23,19.0,9.0,59.0,12.0,29.94,0.0,1
3218,2018-10-24,19.0,9.0,59.0,8.0,29.97,0.0,2
3219,2018-10-25,19.0,9.0,61.0,7.0,29.94,1.1,2
3220,2018-10-26,19.0,11.0,68.0,8.0,29.94,3.4,2
3221,2018-10-27,19.0,11.0,71.0,5.0,29.97,2.4,0
3222,2018-10-28,19.0,12.0,71.0,6.0,29.97,5.9,0
3223,2018-10-29,19.0,11.0,72.0,9.0,29.91,2.8,2
3224,2018-10-30,20.0,11.0,68.0,9.0,29.91,1.4,2
3225,2018-10-31,20.0,9.0,58.0,9.0,29.88,0.0,1
3226,2018-11-01,20.0,12.0,68.0,10.0,29.91,1.8,2
3227,2018-11-02,20.0,12.0,71.0,8.0,29.91,3.2,2
3228,2018-11-03,20.0,12.0,72.0,9.0,29.91,7.7,2
3229,2018-11-04,20.0,11.0,70.0,7.0,29.91,0.4,2
3230,2018-11-05,20.0,11.0,67.0,4.0,29.91,1.3,2
3231,2018-11-06,20.0,10.0,65.0,6.0,29.91,1.7,2
3232,2018-11-07,20.0,11.0,65.0,7.0,29.91,1.6,2
3233,2018-11-08,21.0,12.0,69.0,6.0,29.94,5.6,2
3234,2018-11-09,20.0,12.0,70.0,5.0,29.91,14.3,2
3235,2018-11-10,20.0,12.0,72.0,4.0,29.94,11.7,2
3236,2018-11-11,19.0,11.0,71.0,6.0,29.94,5.1,2
3237,2018-11-12,20.0,10.0,66.0,10.0,29.94,0.7,2
3238,2018-11-13,19.0,12.0,73.0,9.0,29.88,6.5,2
3239,2018-11-14,20.0,12.0,70.0,10.0,29.85,1.5,2
3240,2018-11-15,19.0,12.0,75.0,7.0,29.88,8.7,2
3241,2018-11-16,20.0,12.0,69.0,6.0,29.94,4.9,2
3242,2018-11-17,21.0,10.0,62.0,5.0,29.94,1.3,2
3243,2018-11-18,20.0,11.0,68.0,5.0,29.94,4.2,2
3244,2018-11-19,19.0,12.0,74.0,8.0,29.94,8.2,2
3245,2018-11-20,20.0,12.0,72.0,10.0,29.94,2.3,2
3246,2018-11-21,20.0,11.0,68.0,8.0,29.94,2.8,2
3247,2018-11-22,19.0,10.0,67.0,9.0,29.91,1.7,2
3248,2018-11-23,19.0,10.0,65.0,9.0,29.94,0.3,2
3249,2018-11-24,20.0,8.0,59.0,11.0,29.94,0.0,1
3250,2018-11-25,20.0,10.0,61.0,13.0,29.94,0.0,1
3251,2018-11-26,20.0,11.0,66.0,13.0,29.91,0.0,2
3252,2018-11-27,20.0,11.0,64.0,13.0,29.91,0.0,2
3253,2018-11-28,20.0,11.0,64.0,13.0,29.91,0.0,2
3254,2018-11-29,20.0,11.0,66.0,16.0,29.91,0.0,1
3255,2018-11-30,19.0,10.0,63.0,20.0,29.91,0.0,1
3256,2018-12-01,20.0,10.0,64.0,18.0,29.88,0.0,1
3257,2018-12-02,20.0,11.0,68.0,8.0,29.88,2.9,2
3258,2018-12-03,20.0,11.0,69.0,9.0,29.88,1.2,2
3259,2018-12-04,20.0,11.0,69.0,8.0,29.91,2.4,2
3260,2018-12-05,20.0,11.0,66.0,10.0,29.91,0.2,2
3261,2018-12-06,20.0,9.0,62.0,6.0,29.91,0.5,2
3262,2018-12-07,21.0,9.0,60.0,10.0,29.85,0.1,1
3263,2018-12-08,20.0,11.0,66.0,7.0,29.91,4.8,2
3264,2018-12-09,20.0,10.0,67.0,4.0,29.97,7.5,2
3265,2018-12-10,18.0,12.0,76.0,3.0,30.0,18.0,0
3266,2018-12-11,17.0,12.0,82.0,3.0,30.03,18.8,0
3267,2018-12-12,19.0,12.0,75.0,4.0,30.03,3.1,0
3268,2018-12-13,19.0,11.0,71.0,8.0,30.03,2.5,0
3269,2018-12-14,19.0,11.0,70.0,7.0,30.03,2.3,0
3270,2018-12-15,19.0,11.0,70.0,8.0,30.0,1.7,0
3271,2018-12-16,20.0,10.0,65.0,7.0,30.0,0.5,2
3272,2018-12-17,20.0,8.0,57.0,7.0,30.0,0.1,1
3273,2018-12-18,21.0,9.0,57.0,6.0,29.97,0.1,1
3274,2018-12-19,19.0,10.0,63.0,5.0,29.97,0.9,2
3275,2018-12-20,20.0,10.0,63.0,7.0,29.94,0.2,2
3276,2018-12-21,20.0,10.0,63.0,7.0,29.94,0.7,2
3277,2018-12-22,19.0,10.0,66.0,5.0,29.91,1.9,2
3278,2018-12-23,19.0,11.0,69.0,6.0,29.91,1.7,2
3279,2018-12-24,20.0,10.0,63.0,9.0,29.94,0.0,2
3280,2018-12-25,19.0,9.0,61.0,12.0,29.94,0.0,1
3281,2018-12-26,20.0,8.0,59.0,12.0,29.94,0.0,1
3282,2018-12-27,20.0,8.0,56.0,12.0,29.94,0.0,1
3283,2018-12-28,20.0,9.0,61.0,9.0,29.94,0.1,1
3284,2018-12-29,20.0,9.0,60.0,7.0,29.94,0.8,1
3285,2018-12-30,20.0,10.0,63.0,8.0,29.94,0.4,2
3286,2018-12-31,20.0,9.0,62.0,10.0,29.97,0.0,1
3287,2019-01-01,20.0,8.0,57.0,17.0,30.0,0.0,1
3288,2019-01-02,21.0,7.0,51.0,13.0,30.0,0.1,1
3289,2019-01-03,21.0,10.0,58.0,20.0,29.97,0.3,1
3290,2019-01-04,20.0,12.0,70.0,26.0,29.97,1.8,1
3291,2019-01-05,20.0,11.0,63.0,28.0,29.97,0.1,1
3292,2019-01-06,21.0,9.0,58.0,22.0,29.94,1.2,1
3293,2019-01-07,20.0,4.0,44.0,16.0,29.94,0.0,1
3294,2019-01-08,19.0,7.0,52.0,19.0,29.91,0.1,1
3295,2019-01-09,21.0,5.0,47.0,20.0,29.91,0.0,1
3296,2019-01-10,21.0,5.0,45.0,22.0,29.94,0.0,1
3297,2019-01-11,20.0,6.0,47.0,23.0,29.91,0.0,1
3298,2019-01-12,21.0,6.0,46.0,26.0,29.91,0.0,1
3299,2019-01-13,21.0,8.0,51.0,22.0,29.91,0.0,1
3300,2019-01-14,20.0,9.0,58.0,15.0,29.91,0.5,1
3301,2019-01-15,19.0,10.0,64.0,9.0,29.94,0.6,2
3302,2019-01-16,20.0,10.0,67.0,9.0,29.97,3.3,2
3303,2019-01-17,21.0,10.0,62.0,7.0,29.94,0.6,2
3304,2019-01-18,21.0,10.0,56.0,9.0,29.94,0.5,1
3305,2019-01-19,20.0,10.0,60.0,9.0,29.94,0.6,2
3306,2019-01-20,20.0,9.0,60.0,9.0,29.97,0.1,1
3307,2019-01-21,20.0,9.0,59.0,9.0,29.97,0.4,1
3308,2019-01-22,21.0,9.0,55.0,12.0,29.91,1.0,1
3309,2019-01-23,21.0,8.0,54.0,10.0,29.94,0.4,1
3310,2019-01-24,21.0,8.0,56.0,14.0,29.94,0.7,1
3311,2019-01-25,22.0,8.0,53.0,15.0,29.94,1.2,1
3312,2019-01-26,22.0,6.0,45.0,17.0,29.94,0.0,1
3313,2019-01-27,22.0,7.0,50.0,16.0,29.94,0.0,1
3314,2019-01-28,22.0,6.0,43.0,20.0,29.91,0.0,1
3315,2019-01-29,22.0,6.0,49.0,18.0,29.91,0.0,1
3316,2019-01-30,22.0,3.0,39.0,19.0,29.91,0.0,1
3317,2019-01-31,22.0,5.0,45.0,19.0,29.94,0.0,1
3318,2019-02-01,22.0,6.0,45.0,19.0,29.94,0.0,1
3319,2019-02-02,23.0,3.0,36.0,18.0,29.91,0.0,1
3320,2019-02-03,22.0,4.0,36.0,13.0,29.91,0.0,1
3321,2019-02-04,23.0,6.0,41.0,16.0,29.88,0.0,1
3322,2019-02-05,22.0,8.0,46.0,21.0,29.91,0.1,1
3323,2019-02-06,22.0,8.0,47.0,20.0,29.91,0.6,1
3324,2019-02-07,23.0,7.0,46.0,16.0,29.91,0.3,1
3325,2019-02-08,22.0,9.0,52.0,13.0,29.91,0.2,1
3326,2019-02-09,23.0,9.0,47.0,18.0,29.88,0.4,1
3327,2019-02-10,22.0,8.0,49.0,24.0,29.88,0.2,1
3328,2019-02-11,23.0,4.0,41.0,18.0,29.91,0.0,1
3329,2019-02-12,22.0,3.0,39.0,19.0,29.88,0.0,1
3330,2019-02-13,22.0,6.0,44.0,25.0,29.91,0.0,1
3331,2019-02-14,22.0,7.0,47.0,23.0,29.97,0.0,1
3332,2019-02-15,22.0,6.0,47.0,15.0,29.97,0.4,1
3333,2019-02-16,22.0,8.0,52.0,14.0,29.97,0.7,1
3334,2019-02-17,22.0,8.0,52.0,17.0,29.94,0.0,1
3335,2019-02-18,23.0,3.0,38.0,15.0,29.91,0.0,1
3336,2019-02-19,23.0,9.0,53.0,9.0,29.88,0.7,1
3337,2019-02-20,23.0,10.0,55.0,15.0,29.88,3.7,1
3338,2019-02-21,21.0,10.0,61.0,19.0,29.94,3.3,1
3339,2019-02-22,21.0,9.0,55.0,18.0,29.91,3.4,1
3340,2019-02-23,20.0,10.0,65.0,12.0,29.94,8.5,2
3341,2019-02-24,20.0,10.0,65.0,11.0,29.94,4.0,2
3342,2019-02-25,21.0,9.0,60.0,13.0,29.94,2.7,1
3343,2019-02-26,22.0,5.0,45.0,25.0,29.91,0.0,1
3344,2019-02-27,22.0,5.0,41.0,25.0,29.88,0.0,1
3345,2019-02-28,23.0,5.0,40.0,19.0,29.91,0.0,1
3346,2019-03-01,24.0,6.0,40.0,13.0,29.91,0.1,1
3347,2019-03-02,22.0,10.0,54.0,8.0,29.91,3.6,1
3348,2019-03-03,22.0,10.0,56.0,6.0,29.94,6.4,1
3349,2019-03-04,22.0,10.0,58.0,8.0,29.94,0.5,1
3350,2019-03-05,21.0,11.0,64.0,13.0,29.94,8.4,2
3351,2019-03-06,22.0,8.0,52.0,10.0,29.94,0.0,1
3352,2019-03-07,21.0,9.0,55.0,8.0,29.94,1.2,1
3353,2019-03-08,21.0,8.0,48.0,13.0,29.94,0.0,1
3354,2019-03-09,22.0,8.0,54.0,23.0,29.94,0.1,1
3355,2019-03-10,22.0,3.0,38.0,20.0,29.94,0.0,1
3356,2019-03-11,23.0,4.0,39.0,16.0,29.94,0.0,1
3357,2019-03-12,23.0,5.0,40.0,18.0,29.91,0.1,1
3358,2019-03-13,23.0,4.0,37.0,21.0,29.94,0.0,1
3359,2019-03-14,22.0,5.0,43.0,23.0,29.94,0.0,1
3360,2019-03-15,22.0,6.0,45.0,21.0,29.91,0.0,1
3361,2019-03-16,23.0,6.0,44.0,19.0,29.88,0.0,1
3362,2019-03-17,23.0,6.0,43.0,17.0,29.91,0.1,1
3363,2019-03-18,23.0,4.0,38.0,20.0,29.91,0.1,1
3364,2019-03-19,23.0,6.0,42.0,20.0,29.88,0.0,1
3365,2019-03-20,23.0,6.0,43.0,18.0,29.85,0.0,1
3366,2019-03-21,24.0,5.0,40.0,18.0,29.88,0.0,1
3367,2019-03-22,24.0,5.0,40.0,19.0,29.88,0.2,1
3368,2019-03-23,23.0,5.0,41.0,21.0,29.85,0.0,1
3369,2019-03-24,23.0,5.0,44.0,20.0,29.85,0.0,1
3370,2019-03-25,23.0,7.0,47.0,12.0,29.88,0.0,1
3371,2019-03-26,23.0,10.0,53.0,9.0,29.94,3.4,1
3372,2019-03-27,22.0,11.0,60.0,13.0,29.97,9.7,1
3373,2019-03-28,20.0,12.0,69.0,15.0,30.0,2.5,2
3374,2019-03-29,22.0,9.0,56.0,13.0,29.94,0.4,1
3375,2019-03-30,22.0,8.0,53.0,13.0,29.91,0.0,1
3376,2019-03-31,23.0,8.0,51.0,12.0,29.91,1.1,1
3377,2019-04-01,22.0,8.0,50.0,12.0,29.91,0.0,1
3378,2019-04-02,22.0,9.0,54.0,14.0,29.91,3.0,1
3379,2019-04-03,22.0,8.0,52.0,13.0,29.91,8.6,1
3380,2019-04-04,21.0,10.0,58.0,13.0,29.91,3.4,1
3381,2019-04-05,22.0,9.0,55.0,19.0,29.88,0.3,1
3382,2019-04-06,23.0,7.0,51.0,21.0,29.88,0.0,1
3383,2019-04-07,23.0,9.0,55.0,16.0,29.88,0.3,1
3384,2019-04-08,23.0,11.0,59.0,9.0,29.88,4.3,1
3385,2019-04-09,21.0,11.0,62.0,9.0,29.88,10.2,2
3386,2019-04-10,21.0,11.0,64.0,12.0,29.88,0.6,1
3387,2019-04-11,22.0,9.0,58.0,11.0,29.88,0.9,1
3388,2019-04-12,22.0,11.0,61.0,12.0,29.85,3.6,1
3389,2019-04-13,21.0,12.0,69.0,8.0,29.88,3.3,2
3390,2019-04-14,21.0,11.0,66.0,12.0,29.88,4.1,2
3391,2019-04-15,21.0,10.0,61.0,11.0,29.91,5.7,1
3392,2019-04-16,21.0,10.0,63.0,12.0,29.94,6.1,1
3393,2019-04-17,22.0,10.0,59.0,9.0,29.94,4.2,1
3394,2019-04-18,22.0,9.0,56.0,11.0,29.94,2.4,1
3395,2019-04-19,23.0,8.0,51.0,12.0,29.91,0.2,1
3396,2019-04-20,22.0,12.0,65.0,7.0,29.91,3.4,2
3397,2019-04-21,22.0,12.0,66.0,8.0,29.88,2.4,2
3398,2019-04-22,21.0,13.0,72.0,7.0,29.88,12.6,2
3399,2019-04-23,21.0,14.0,78.0,8.0,29.94,15.4,2
3400,2019-04-24,21.0,12.0,70.0,7.0,29.97,1.4,2
3401,2019-04-25,21.0,12.0,66.0,7.0,29.94,0.3,2
3402,2019-04-26,20.0,13.0,77.0,10.0,29.94,15.8,2
3403,2019-04-27,18.0,14.0,86.0,5.0,29.97,29.2,3
3404,2019-04-28,21.0,13.0,71.0,9.0,29.97,3.6,2
3405,2019-04-29,21.0,12.0,66.0,12.0,29.94,0.5,2
3406,2019-04-30,21.0,11.0,65.0,19.0,29.94,0.4,1
3407,2019-05-01,20.0,10.0,65.0,21.0,29.94,0.3,1
3408,2019-05-02,21.0,8.0,56.0,16.0,29.97,3.7,1
3409,2019-05-03,21.0,11.0,63.0,11.0,29.94,2.0,2
3410,2019-05-04,21.0,12.0,68.0,11.0,29.91,3.5,2
3411,2019-05-05,20.0,13.0,76.0,11.0,29.91,12.2,2
3412,2019-05-06,21.0,12.0,72.0,17.0,29.94,2.9,2
3413,2019-05-07,21.0,10.0,64.0,11.0,29.94,0.8,1
3414,2019-05-08,20.0,12.0,71.0,9.0,29.94,8.9,2
3415,2019-05-09,20.0,13.0,77.0,6.0,29.91,16.2,2
3416,2019-05-10,20.0,13.0,75.0,4.0,29.91,13.2,2
3417,2019-05-11,20.0,12.0,73.0,12.0,29.91,5.7,2
3418,2019-05-12,20.0,12.0,73.0,10.0,29.91,2.0,2
3419,2019-05-13,20.0,13.0,74.0,9.0,29.91,7.4,2
3420,2019-05-14,20.0,13.0,75.0,11.0,29.91,3.8,2
3421,2019-05-15,21.0,12.0,70.0,12.0,29.94,0.9,2
3422,2019-05-16,21.0,11.0,69.0,11.0,29.94,2.4,2
3423,2019-05-17,20.0,12.0,73.0,10.0,29.94,3.9,2
3424,2019-05-18,21.0,12.0,71.0,8.0,29.91,5.4,2
3425,2019-05-19,20.0,12.0,75.0,6.0,29.94,6.6,2
3426,2019-05-20,19.0,13.0,82.0,6.0,29.97,21.6,3
3427,2019-05-21,19.0,13.0,79.0,4.0,29.97,11.4,0
3428,2019-05-22,20.0,12.0,75.0,8.0,29.94,5.7,2
3429,2019-05-23,20.0,12.0,74.0,9.0,29.94,6.2,2
3430,2019-05-24,18.0,13.0,83.0,9.0,29.97,9.1,0
3431,2019-05-25,19.0,13.0,79.0,8.0,29.97,7.4,0
3432,2019-05-26,19.0,12.0,77.0,9.0,29.94,4.5,2
3433,2019-05-27,19.0,12.0,75.0,10.0,29.91,2.5,2
3434,2019-05-28,19.0,12.0,74.0,8.0,29.94,4.6,2
3435,2019-05-29,19.0,12.0,76.0,7.0,29.94,6.2,2
3436,2019-05-30,20.0,12.0,74.0,7.0,29.94,4.6,2
3437,2019-05-31,20.0,13.0,78.0,6.0,29.91,7.4,2
3438,2019-06-01,19.0,14.0,85.0,7.0,29.91,19.6,3
3439,2019-06-02,19.0,14.0,85.0,6.0,29.94,23.8,3
3440,2019-06-03,17.0,15.0,90.0,6.0,29.97,44.1,3
3441,2019-06-04,18.0,14.0,89.0,6.0,29.97,20.7,3
3442,2019-06-05,18.0,14.0,88.0,6.0,29.97,21.9,3
3443,2019-06-06,19.0,14.0,81.0,3.0,29.97,3.0,0
3444,2019-06-07,19.0,13.0,80.0,4.0,29.97,4.9,0
3445,2019-06-08,18.0,14.0,87.0,5.0,30.0,10.9,0
3446,2019-06-09,17.0,14.0,91.0,6.0,30.03,14.3,0
3447,2019-06-10,17.0,14.0,89.0,6.0,30.0,16.9,0
3448,2019-06-11,16.0,13.0,91.0,6.0,30.03,7.1,0
3449,2019-06-12,17.0,14.0,88.0,4.0,30.03,14.0,0
3450,2019-06-13,18.0,14.0,86.0,5.0,30.0,7.0,0
3451,2019-06-14,18.0,13.0,83.0,3.0,30.0,2.5,0
3452,2019-06-15,18.0,14.0,87.0,5.0,29.97,4.6,0
3453,2019-06-16,17.0,14.0,86.0,4.0,30.0,6.1,0
3454,2019-06-17,17.0,14.0,88.0,3.0,30.03,8.6,0
3455,2019-06-18,18.0,13.0,83.0,6.0,30.03,3.3,0
3456,2019-06-19,18.0,13.0,81.0,4.0,30.03,3.6,0
3457,2019-06-20,18.0,14.0,84.0,4.0,30.0,8.2,0
3458,2019-06-21,18.0,14.0,85.0,5.0,30.0,8.4,0
3459,2019-06-22,19.0,14.0,83.0,6.0,29.97,2.2,0
3460,2019-06-23,18.0,13.0,85.0,5.0,29.97,9.0,0
3461,2019-06-24,17.0,13.0,87.0,4.0,29.97,3.9,0
3462,2019-06-25,17.0,14.0,87.0,5.0,29.94,16.7,0
3463,2019-06-26,18.0,14.0,87.0,5.0,29.97,10.6,0
3464,2019-06-27,18.0,13.0,81.0,5.0,30.0,1.3,0
3465,2019-06-28,18.0,14.0,86.0,5.0,29.97,6.5,0
3466,2019-06-29,18.0,14.0,84.0,3.0,29.97,12.9,0
3467,2019-06-30,18.0,14.0,86.0,3.0,30.0,13.3,0
3468,2019-07-01,18.0,14.0,84.0,4.0,29.97,12.8,0
3469,2019-07-02,18.0,14.0,86.0,4.0,29.94,23.6,3
3470,2019-07-03,18.0,14.0,84.0,4.0,29.94,11.8,0
3471,2019-07-04,17.0,14.0,86.0,4.0,29.97,15.5,0
3472,2019-07-05,18.0,13.0,79.0,5.0,29.94,2.2,0
3473,2019-07-06,19.0,13.0,77.0,5.0,29.94,2.4,2
3474,2019-07-07,18.0,13.0,82.0,7.0,29.94,3.7,0
3475,2019-07-08,18.0,13.0,78.0,6.0,29.97,2.8,0
3476,2019-07-09,19.0,12.0,74.0,6.0,29.97,1.3,0
3477,2019-07-10,18.0,12.0,75.0,4.0,29.94,3.5,0
3478,2019-07-11,18.0,13.0,83.0,6.0,29.94,13.8,0
3479,2019-07-12,17.0,13.0,84.0,5.0,30.0,10.9,0
3480,2019-07-13,17.0,13.0,87.0,6.0,30.03,15.6,0
3481,2019-07-14,18.0,13.0,81.0,4.0,30.0,5.8,0
3482,2019-07-15,18.0,13.0,82.0,8.0,29.97,6.2,0
3483,2019-07-16,18.0,12.0,80.0,5.0,30.0,3.6,0
3484,2019-07-17,18.0,12.0,81.0,4.0,30.03,3.0,0
3485,2019-07-18,18.0,12.0,80.0,7.0,30.0,2.2,0
3486,2019-07-19,18.0,13.0,80.0,5.0,29.97,2.1,0
3487,2019-07-20,18.0,13.0,81.0,5.0,29.97,2.1,0
3488,2019-07-21,18.0,13.0,81.0,7.0,29.97,3.2,0
3489,2019-07-22,17.0,14.0,86.0,6.0,29.97,5.9,0
3490,2019-07-23,17.0,14.0,89.0,7.0,29.97,8.6,0
3491,2019-07-24,17.0,13.0,86.0,7.0,29.94,5.9,0
3492,2019-07-25,18.0,13.0,83.0,5.0,29.97,3.8,0
3493,2019-07-26,18.0,14.0,85.0,7.0,29.94,8.6,0
3494,2019-07-27,19.0,13.0,80.0,6.0,29.94,4.8,2
3495,2019-07-28,17.0,13.0,83.0,7.0,29.94,2.2,0
3496,2019-07-29,18.0,12.0,79.0,6.0,29.97,1.0,0
3497,2019-07-30,17.0,13.0,84.0,6.0,29.97,4.5,0
3498,2019-07-31,17.0,13.0,84.0,2.0,29.97,4.5,0
3499,2019-08-01,16.0,14.0,91.0,6.0,30.0,26.8,3
3500,2019-08-02,19.0,13.0,80.0,9.0,29.97,5.3,0
3501,2019-08-03,19.0,12.0,73.0,7.0,29.97,1.7,0
3502,2019-08-04,19.0,11.0,68.0,7.0,29.97,0.2,2
3503,2019-08-05,18.0,12.0,74.0,3.0,30.0,6.3,0
3504,2019-08-06,18.0,12.0,75.0,6.0,30.0,2.2,0
3505,2019-08-07,19.0,13.0,78.0,5.0,30.0,9.4,0
3506,2019-08-08,18.0,14.0,83.0,6.0,29.97,20.0,0
3507,2019-08-09,18.0,14.0,82.0,4.0,30.0,4.2,0
3508,2019-08-10,18.0,14.0,84.0,5.0,30.03,12.7,0
3509,2019-08-11,17.0,15.0,92.0,5.0,30.0,31.5,3
3510,2019-08-12,17.0,14.0,87.0,5.0,29.97,16.3,0
3511,2019-08-13,17.0,14.0,86.0,6.0,29.97,13.0,0
3512,2019-08-14,18.0,14.0,86.0,5.0,30.0,15.1,0
3513,2019-08-15,18.0,15.0,87.0,5.0,30.0,26.0,3
3514,2019-08-16,17.0,14.0,89.0,6.0,30.0,25.3,3
3515,2019-08-17,18.0,14.0,85.0,5.0,29.97,12.7,0
3516,2019-08-18,18.0,14.0,86.0,5.0,29.94,22.2,3
3517,2019-08-19,17.0,14.0,86.0,4.0,29.94,14.7,0
3518,2019-08-20,18.0,13.0,81.0,5.0,29.94,9.4,0
3519,2019-08-21,18.0,14.0,85.0,4.0,30.0,20.9,0
3520,2019-08-22,18.0,14.0,86.0,4.0,29.97,20.9,3
3521,2019-08-23,18.0,14.0,83.0,5.0,30.0,16.3,0
3522,2019-08-24,18.0,14.0,84.0,4.0,30.0,14.1,0
3523,2019-08-25,18.0,13.0,80.0,6.0,29.97,8.0,0
3524,2019-08-26,19.0,13.0,77.0,7.0,29.97,3.8,0
3525,2019-08-27,18.0,13.0,83.0,4.0,30.0,5.9,0
3526,2019-08-28,18.0,13.0,79.0,4.0,29.97,5.4,0
3527,2019-08-29,19.0,13.0,80.0,4.0,29.97,21.5,3
3528,2019-08-30,18.0,14.0,84.0,7.0,29.94,25.9,3
3529,2019-08-31,18.0,14.0,85.0,6.0,29.91,28.3,3
3530,2019-09-01,18.0,14.0,84.0,7.0,29.94,20.3,3
3531,2019-09-02,18.0,14.0,84.0,6.0,29.94,27.9,3
3532,2019-09-03,19.0,14.0,84.0,5.0,29.97,22.6,3
3533,2019-09-04,19.0,14.0,83.0,4.0,29.94,16.2,0
3534,2019-09-05,18.0,14.0,83.0,4.0,29.94,11.3,0
3535,2019-09-06,19.0,14.0,81.0,5.0,29.97,7.7,0
3536,2019-09-07,18.0,14.0,82.0,5.0,29.97,9.6,0
3537,2019-09-08,17.0,14.0,88.0,7.0,29.97,14.2,0
3538,2019-09-09,18.0,13.0,85.0,6.0,29.97,11.3,0
3539,2019-09-10,18.0,12.0,79.0,5.0,29.97,7.5,0
3540,2019-09-11,18.0,14.0,84.0,6.0,29.97,13.3,0
3541,2019-09-12,18.0,13.0,83.0,5.0,29.97,17.6,0
3542,2019-09-13,20.0,13.0,73.0,6.0,29.97,2.8,2
3543,2019-09-14,20.0,12.0,72.0,6.0,29.94,4.0,2
3544,2019-09-15,20.0,12.0,71.0,10.0,29.94,0.9,2
3545,2019-09-16,20.0,11.0,66.0,8.0,29.91,0.3,2
3546,2019-09-17,20.0,11.0,63.0,7.0,29.88,0.1,2
3547,2019-09-18,19.0,11.0,66.0,6.0,29.91,0.5,2
3548,2019-09-19,19.0,11.0,68.0,8.0,29.91,0.4,2
3549,2019-09-20,20.0,11.0,66.0,8.0,29.91,0.2,2
3550,2019-09-21,20.0,12.0,70.0,6.0,29.91,5.0,2
3551,2019-09-22,19.0,13.0,74.0,6.0,29.94,9.3,2
3552,2019-09-23,20.0,13.0,72.0,4.0,29.94,10.4,2
3553,2019-09-24,19.0,14.0,78.0,5.0,29.91,19.6,3
3554,2019-09-25,19.0,13.0,79.0,8.0,29.88,16.7,2
3555,2019-09-26,19.0,14.0,82.0,4.0,29.91,26.6,3
3556,2019-09-27,18.0,15.0,88.0,7.0,29.97,51.0,3
3557,2019-09-28,18.0,14.0,83.0,7.0,29.94,19.2,3
3558,2019-09-29,20.0,13.0,75.0,5.0,29.88,7.6,2
3559,2019-09-30,19.0,13.0,75.0,5.0,29.88,4.9,2
3560,2019-10-01,19.0,13.0,79.0,6.0,29.88,12.4,2
3561,2019-10-02,18.0,14.0,83.0,12.0,29.91,13.7,2
3562,2019-10-03,19.0,12.0,74.0,18.0,29.88,1.7,2
3563,2019-10-04,19.0,12.0,70.0,12.0,29.88,1.4,2
3564,2019-10-05,19.0,13.0,78.0,10.0,29.91,5.3,2
3565,2019-10-06,18.0,13.0,79.0,11.0,29.91,6.9,2
3566,2019-10-07,18.0,14.0,83.0,11.0,29.88,11.7,2
3567,2019-10-08,18.0,12.0,73.0,13.0,29.88,4.0,2
3568,2019-10-09,19.0,12.0,72.0,14.0,29.88,5.2,2
3569,2019-10-10,18.0,14.0,83.0,14.0,29.88,7.8,2
3570,2019-10-11,18.0,13.0,84.0,17.0,29.88,5.0,2
3571,2019-10-12,18.0,13.0,85.0,16.0,29.85,15.5,2
3572,2019-10-13,18.0,13.0,80.0,13.0,29.88,6.2,2
3573,2019-10-14,18.0,13.0,80.0,11.0,29.91,9.1,2
3574,2019-10-15,19.0,12.0,75.0,14.0,29.88,0.5,2
3575,2019-10-16,19.0,12.0,72.0,15.0,29.88,1.0,2
3576,2019-10-17,18.0,13.0,78.0,13.0,29.91,13.6,2
3577,2019-10-18,18.0,13.0,81.0,9.0,29.91,17.6,2
3578,2019-10-19,18.0,13.0,82.0,10.0,29.88,13.2,2
3579,2019-10-20,18.0,14.0,84.0,11.0,29.91,17.4,2
3580,2019-10-21,18.0,14.0,85.0,13.0,29.88,20.7,2
3581,2019-10-22,18.0,14.0,85.0,10.0,29.88,20.1,3
3582,2019-10-23,18.0,14.0,84.0,15.0,29.88,17.0,2
3583,2019-10-24,18.0,13.0,80.0,18.0,29.91,7.0,2
3584,2019-10-25,18.0,12.0,78.0,17.0,29.88,1.0,2
3585,2019-10-26,18.0,13.0,83.0,15.0,29.88,10.7,2
3586,2019-10-27,19.0,13.0,77.0,12.0,29.88,2.3,2
3587,2019-10-28,19.0,13.0,76.0,7.0,29.85,11.1,2
3588,2019-10-29,19.0,14.0,82.0,7.0,29.88,18.9,2
3589,2019-10-30,18.0,13.0,82.0,13.0,29.88,12.2,2
3590,2019-10-31,18.0,12.0,74.0,15.0,29.91,4.7,2
3591,2019-11-01,18.0,13.0,78.0,10.0,29.91,11.6,2
3592,2019-11-02,19.0,12.0,75.0,9.0,29.88,3.6,2
3593,2019-11-03,19.0,12.0,74.0,12.0,29.94,2.8,2
3594,2019-11-04,19.0,11.0,72.0,13.0,29.94,0.9,2
3595,2019-11-05,18.0,12.0,76.0,11.0,29.91,8.7,2
3596,2019-11-06,19.0,13.0,77.0,9.0,29.88,9.0,2
3597,2019-11-07,19.0,13.0,79.0,13.0,29.88,14.8,2
3598,2019-11-08,19.0,13.0,79.0,14.0,29.91,8.0,2
3599,2019-11-09,18.0,13.0,82.0,15.0,29.91,16.7,2
3600,2019-11-10,19.0,13.0,77.0,14.0,29.85,3.1,2
3601,2019-11-11,19.0,14.0,81.0,14.0,29.83,8.9,2
3602,2019-11-12,18.0,14.0,83.0,19.0,29.83,7.8,2
3603,2019-11-13,17.0,14.0,85.0,20.0,29.85,11.6,2
3604,2019-11-14,19.0,12.0,75.0,17.0,29.91,0.3,2
3605,2019-11-15,19.0,12.0,72.0,16.0,29.88,0.5,2
3606,2019-11-16,19.0,11.0,71.0,18.0,29.85,0.0,2
3607,2019-11-17,19.0,12.0,70.0,18.0,29.83,0.0,2
3608,2019-11-18,19.0,11.0,68.0,20.0,29.88,0.0,1
3609,2019-11-19,19.0,11.0,69.0,15.0,29.88,0.0,2
3610,2019-11-20,17.0,12.0,76.0,16.0,29.88,2.7,2
3611,2019-11-21,19.0,12.0,74.0,10.0,29.85,5.8,2
3612,2019-11-22,20.0,13.0,75.0,7.0,29.85,10.1,2
3613,2019-11-23,16.0,14.0,91.0,14.0,29.91,57.3,3
3614,2019-11-24,16.0,13.0,89.0,12.0,29.97,9.4,0
3615,2019-11-25,15.0,13.0,90.0,6.0,29.97,20.0,0
3616,2019-11-26,16.0,13.0,89.0,11.0,29.94,10.2,0
3617,2019-11-27,17.0,12.0,78.0,21.0,29.91,0.4,2
3618,2019-11-28,18.0,12.0,77.0,19.0,29.91,5.2,2
3619,2019-11-29,18.0,13.0,79.0,10.0,29.94,13.0,2
3620,2019-11-30,18.0,14.0,84.0,11.0,29.91,31.6,3
3621,2019-12-01,16.0,14.0,91.0,14.0,29.91,43.2,3
3622,2019-12-02,18.0,14.0,87.0,14.0,29.88,22.3,3
3623,2019-12-03,17.0,14.0,87.0,9.0,29.88,33.6,3
3624,2019-12-04,16.0,14.0,92.0,9.0,29.91,62.7,3
3625,2019-12-05,16.0,14.0,91.0,6.0,29.91,20.7,3
3626,2019-12-06,18.0,14.0,85.0,11.0,29.88,14.5,2
3627,2019-12-07,18.0,13.0,80.0,16.0,29.85,3.7,2
3628,2019-12-08,19.0,13.0,73.0,15.0,29.88,2.5,2
3629,2019-12-09,19.0,13.0,77.0,13.0,29.88,2.4,2
3630,2019-12-10,15.0,14.0,90.0,17.0,29.94,10.5,0
3631,2019-12-11,18.0,13.0,83.0,17.0,29.91,4.1,2
3632,2019-12-12,18.0,13.0,79.0,13.0,29.91,3.8,2
3633,2019-12-13,19.0,13.0,76.0,12.0,29.94,5.4,2
3634,2019-12-14,19.0,13.0,76.0,14.0,29.94,6.4,2
3635,2019-12-15,18.0,14.0,82.0,17.0,29.94,10.3,2
3636,2019-12-16,19.0,13.0,79.0,15.0,29.91,7.0,2
3637,2019-12-17,19.0,12.0,74.0,12.0,29.91,3.8,2
3638,2019-12-18,18.0,11.0,71.0,18.0,29.91,0.0,2
3639,2019-12-19,17.0,8.0,64.0,20.0,29.94,0.0,1
3640,2019-12-20,18.0,8.0,59.0,17.0,29.94,0.0,1
3641,2019-12-21,18.0,11.0,71.0,10.0,29.94,8.0,2
3642,2019-12-22,19.0,14.0,82.0,13.0,29.94,15.3,2
3643,2019-12-23,18.0,14.0,85.0,14.0,29.94,23.0,3
3644,2019-12-24,18.0,14.0,85.0,10.0,29.94,25.8,3
3645,2019-12-25,18.0,15.0,85.0,11.0,29.91,15.8,2
3646,2019-12-26,17.0,14.0,84.0,11.0,29.91,19.3,3
3647,2019-12-27,19.0,13.0,77.0,10.0,29.88,0.7,2
3648,2019-12-28,19.0,13.0,76.0,9.0,29.88,6.1,2
3649,2019-12-29,19.0,13.0,75.0,10.0,29.88,2.1,2
3650,2019-12-30,18.0,11.0,71.0,18.0,29.91,0.3,2
3651,2019-12-31,18.0,11.0,71.0,19.0,29.94,0.1,2
3652,2020-01-01,19.0,10.0,63.0,18.0,29.91,0.0,1
3653,2020-01-02,19.0,10.0,63.0,21.0,29.91,0.0,1
3654,2020-01-03,19.0,11.0,70.0,21.0,29.94,0.0,1
3655,2020-01-04,19.0,11.0,67.0,23.0,29.94,0.2,1
3656,2020-01-05,19.0,10.0,63.0,16.0,29.88,0.0,1
3657,2020-01-06,20.0,10.0,59.0,16.0,29.88,0.0,1
3658,2020-01-07,19.0,12.0,69.0,16.0,29.91,0.8,2
3659,2020-01-08,19.0,12.0,72.0,17.0,29.91,0.7,2
3660,2020-01-09,19.0,9.0,60.0,16.0,29.91,0.0,1
3661,2020-01-10,20.0,9.0,56.0,13.0,29.88,0.0,1
3662,2020-01-11,20.0,9.0,58.0,10.0,29.91,0.0,1
3663,2020-01-12,19.0,10.0,62.0,8.0,29.91,4.5,2
3664,2020-01-13,18.0,10.0,68.0,6.0,29.94,1.9,2
3665,2020-01-14,19.0,9.0,61.0,18.0,29.91,0.6,1
3666,2020-01-15,20.0,11.0,64.0,19.0,29.88,0.0,1
3667,2020-01-16,19.0,11.0,65.0,13.0,29.91,0.0,2
3668,2020-01-17,20.0,11.0,62.0,12.0,29.91,0.5,2
3669,2020-01-18,21.0,9.0,51.0,11.0,29.88,0.3,1
3670,2020-01-19,21.0,8.0,50.0,8.0,29.91,0.4,1
3671,2020-01-20,21.0,7.0,47.0,7.0,29.91,0.0,1
3672,2020-01-21,21.0,8.0,49.0,12.0,29.88,0.0,1
3673,2020-01-22,22.0,8.0,48.0,9.0,29.88,0.0,1
3674,2020-01-23,20.0,8.0,51.0,9.0,29.91,0.0,1
3675,2020-01-24,20.0,10.0,62.0,14.0,29.94,0.1,1
3676,2020-01-25,20.0,11.0,65.0,16.0,29.94,0.2,1
3677,2020-01-26,20.0,12.0,67.0,19.0,29.94,1.4,2
3678,2020-01-27,19.0,12.0,73.0,16.0,29.91,0.9,2
3679,2020-01-28,16.0,14.0,90.0,9.0,29.94,21.5,3
3680,2020-01-29,15.0,13.0,91.0,7.0,30.03,100.2,3
3681,2020-01-30,17.0,13.0,86.0,5.0,30.0,43.5,3
3682,2020-01-31,17.0,13.0,84.0,7.0,29.97,38.0,3
3683,2020-02-01,17.0,14.0,83.0,7.0,29.94,36.5,3
3684,2020-02-02,18.0,13.0,82.0,8.0,29.94,12.7,0
3685,2020-02-03,18.0,13.0,79.0,13.0,29.94,13.7,2
3686,2020-02-04,19.0,12.0,74.0,16.0,29.94,1.1,2
3687,2020-02-05,19.0,11.0,69.0,15.0,29.91,0.0,2
3688,2020-02-06,19.0,11.0,69.0,19.0,29.94,1.3,2
3689,2020-02-07,19.0,10.0,62.0,19.0,29.97,0.2,1
3690,2020-02-08,19.0,10.0,62.0,21.0,29.97,0.0,1
3691,2020-02-09,19.0,8.0,57.0,21.0,29.97,0.0,1
3692,2020-02-10,19.0,8.0,54.0,19.0,29.94,0.0,1
3693,2020-02-11,21.0,9.0,54.0,9.0,29.91,0.0,1
3694,2020-02-12,21.0,9.0,50.0,7.0,29.88,0.0,1
3695,2020-02-13,20.0,12.0,68.0,20.0,29.91,2.3,1
3696,2020-02-14,19.0,12.0,67.0,27.0,29.91,1.6,1
3697,2020-02-15,19.0,11.0,65.0,24.0,29.91,0.0,1
3698,2020-02-16,20.0,11.0,67.0,22.0,29.91,0.3,1
3699,2020-02-17,21.0,11.0,62.0,18.0,29.88,1.0,1
3700,2020-02-18,21.0,11.0,61.0,20.0,29.88,0.0,1
3701,2020-02-19,21.0,10.0,58.0,17.0,29.91,0.0,1
3702,2020-02-20,21.0,9.0,54.0,16.0,29.88,0.0,1
3703,2020-02-21,22.0,10.0,56.0,19.0,29.85,0.0,1
3704,2020-02-22,22.0,10.0,58.0,22.0,29.88,0.0,1
3705,2020-02-23,21.0,11.0,59.0,24.0,29.85,0.0,1
3706,2020-02-24,21.0,7.0,47.0,22.0,29.88,0.0,1
3707,2020-02-25,21.0,8.0,47.0,12.0,29.88,0.0,1
3708,2020-02-26,21.0,11.0,58.0,13.0,29.88,0.2,1
3709,2020-02-27,21.0,11.0,61.0,16.0,29.88,0.0,1
3710,2020-02-28,21.0,11.0,58.0,17.0,29.88,0.0,1
3711,2020-02-29,21.0,11.0,63.0,8.0,29.88,3.0,2
3712,2020-03-01,22.0,11.0,57.0,9.0,29.88,0.2,1
3713,2020-03-02,19.0,12.0,69.0,7.0,29.91,9.8,2
3714,2020-03-03,20.0,12.0,67.0,11.0,29.94,1.2,2
3715,2020-03-04,18.0,12.0,70.0,10.0,29.94,7.6,2
3716,2020-03-05,20.0,12.0,71.0,7.0,29.97,8.0,2
3717,2020-03-06,21.0,10.0,58.0,11.0,29.91,0.4,1
3718,2020-03-07,22.0,11.0,57.0,12.0,29.88,0.1,1
3719,2020-03-08,22.0,12.0,62.0,17.0,29.85,0.6,1
3720,2020-03-09,21.0,13.0,66.0,17.0,29.85,0.3,2
3721,2020-03-10,21.0,12.0,64.0,13.0,29.85,0.0,2
3722,2020-03-11,21.0,11.0,62.0,14.0,29.85,0.3,1
3723,2020-03-12,21.0,10.0,59.0,14.0,29.85,0.0,1
3724,2020-03-13,21.0,9.0,56.0,16.0,29.85,0.0,1
3725,2020-03-14,21.0,8.0,53.0,12.0,29.88,0.0,1
3726,2020-03-15,22.0,11.0,57.0,6.0,29.85,0.1,1
3727,2020-03-16,21.0,13.0,67.0,8.0,29.85,7.1,2
3728,2020-03-17,21.0,12.0,66.0,15.0,29.85,0.7,2
3729,2020-03-18,21.0,11.0,60.0,17.0,29.88,0.2,1
3730,2020-03-19,20.0,11.0,67.0,14.0,29.91,2.2,2
3731,2020-03-20,20.0,12.0,69.0,16.0,29.91,0.4,2
3732,2020-03-21,21.0,12.0,66.0,18.0,29.88,0.8,1
3733,2020-03-22,21.0,10.0,58.0,17.0,29.91,0.0,1
3734,2020-03-23,21.0,10.0,56.0,12.0,29.91,0.0,1
3735,2020-03-24,21.0,11.0,62.0,9.0,29.88,0.3,2
3736,2020-03-25,20.0,14.0,75.0,6.0,29.85,25.5,2
3737,2020-03-26,18.0,14.0,81.0,8.0,29.85,58.0,3
3738,2020-03-27,17.0,14.0,84.0,11.0,29.91,69.0,3
3739,2020-03-28,18.0,13.0,80.0,13.0,29.94,18.9,2
3740,2020-03-29,19.0,13.0,74.0,11.0,29.94,10.5,2
3741,2020-03-30,20.0,13.0,74.0,11.0,29.91,3.8,2
3742,2020-03-31,20.0,12.0,69.0,14.0,29.91,0.0,2
3743,2020-04-01,20.0,11.0,67.0,16.0,29.91,0.0,1
3744,2020-04-02,20.0,11.0,67.0,16.0,29.91,0.2,1
3745,2020-04-03,20.0,10.0,61.0,19.0,29.88,0.0,1
3746,2020-04-04,20.0,11.0,64.0,17.0,29.88,0.0,1
3747,2020-04-05,20.0,10.0,62.0,18.0,29.94,0.0,1
3748,2020-04-06,20.0,10.0,63.0,18.0,29.94,0.0,1
3749,2020-04-07,20.0,11.0,65.0,13.0,29.91,0.0,2
3750,2020-04-08,21.0,10.0,62.0,16.0,29.91,0.0,1
3751,2020-04-09,21.0,9.0,57.0,17.0,29.91,0.0,1
3752,2020-04-10,20.0,13.0,73.0,13.0,29.91,4.9,2
3753,2020-04-11,21.0,10.0,58.0,9.0,29.88,0.0,1
3754,2020-04-12,21.0,10.0,60.0,8.0,29.88,0.1,1
3755,2020-04-13,21.0,13.0,69.0,6.0,29.88,1.9,2
3756,2020-04-14,20.0,14.0,76.0,8.0,29.91,10.9,2
3757,2020-04-15,21.0,13.0,73.0,5.0,29.91,4.6,2
3758,2020-04-16,20.0,14.0,77.0,6.0,29.88,18.6,2
3759,2020-04-17,20.0,14.0,79.0,7.0,29.85,31.0,3
3760,2020-04-18,20.0,14.0,80.0,8.0,29.88,75.4,3
3761,2020-04-19,16.0,14.0,93.0,9.0,29.94,71.0,3
3762,2020-04-20,17.0,14.0,85.0,4.0,29.94,15.6,0
3763,2020-04-21,18.0,13.0,82.0,7.0,29.94,24.1,3
3764,2020-04-22,17.0,14.0,88.0,10.0,29.91,86.7,3
3765,2020-04-23,17.0,14.0,86.0,11.0,29.94,9.0,0
3766,2020-04-24,17.0,14.0,86.0,8.0,29.94,13.1,0
3767,2020-04-25,17.0,14.0,88.0,9.0,29.94,65.4,3
3768,2020-04-26,19.0,14.0,81.0,7.0,29.94,17.1,0
3769,2020-04-27,18.0,14.0,85.0,6.0,29.97,44.8,3
3770,2020-04-28,19.0,14.0,81.0,11.0,29.94,10.0,2
3771,2020-04-29,18.0,14.0,84.0,6.0,29.97,29.4,3
3772,2020-04-30,18.0,14.0,87.0,5.0,30.0,26.4,3
3773,2020-05-01,18.0,14.0,83.0,5.0,30.0,16.1,0
3774,2020-05-02,19.0,14.0,82.0,6.0,29.94,24.5,3
3775,2020-05-03,17.0,15.0,91.0,6.0,29.97,45.0,3
3776,2020-05-04,18.0,14.0,86.0,8.0,29.97,42.8,3
3777,2020-05-05,19.0,15.0,86.0,8.0,29.97,51.9,3
3778,2020-05-06,20.0,14.0,80.0,5.0,29.94,15.3,2
3779,2020-05-07,19.0,14.0,81.0,5.0,29.91,18.7,3
3780,2020-05-08,19.0,15.0,86.0,3.0,29.94,29.3,3
3781,2020-05-09,19.0,14.0,83.0,5.0,29.94,18.6,3
3782,2020-05-10,19.0,15.0,85.0,6.0,29.94,32.1,3
3783,2020-05-11,18.0,15.0,86.0,7.0,29.94,29.7,3
3784,2020-05-12,18.0,14.0,85.0,7.0,29.97,15.6,0
3785,2020-05-13,19.0,13.0,81.0,12.0,29.97,2.2,2
3786,2020-05-14,19.0,12.0,72.0,14.0,29.97,0.0,2
3787,2020-05-15,19.0,11.0,70.0,10.0,29.94,0.1,2
3788,2020-05-16,19.0,13.0,76.0,7.0,29.94,3.8,2
3789,2020-05-17,18.0,14.0,85.0,4.0,29.97,11.7,0
3790,2020-05-18,19.0,14.0,84.0,6.0,29.97,17.9,0
3791,2020-05-19,18.0,13.0,80.0,7.0,29.97,1.8,0
3792,2020-05-20,19.0,13.0,79.0,5.0,29.97,0.4,0
3793,2020-05-21,19.0,13.0,79.0,5.0,30.0,1.7,0
3794,2020-05-22,17.0,14.0,86.0,3.0,30.0,21.6,0
3795,2020-05-23,18.0,15.0,89.0,5.0,30.03,29.2,3
3796,2020-05-24,18.0,13.0,82.0,6.0,29.97,3.1,0
3797,2020-05-25,19.0,10.0,68.0,7.0,29.97,0.0,2
3798,2020-05-26,19.0,11.0,71.0,7.0,29.97,0.0,2
3799,2020-05-27,19.0,13.0,77.0,6.0,29.97,0.5,0
3800,2020-05-28,19.0,12.0,76.0,6.0,29.97,0.3,0
3801,2020-05-29,19.0,12.0,75.0,6.0,29.97,0.6,0
3802,2020-05-30,19.0,13.0,76.0,6.0,29.94,1.8,2
3803,2020-05-31,19.0,13.0,76.0,5.0,30.0,0.7,0
3804,2020-06-01,19.0,13.0,79.0,5.0,30.0,1.3,0
3805,2020-06-02,18.0,13.0,80.0,6.0,29.97,3.3,0
3806,2020-06-03,18.0,13.0,81.0,5.0,29.94,4.8,0
3807,2020-06-04,19.0,14.0,84.0,5.0,29.97,13.3,0
3808,2020-06-05,18.0,14.0,83.0,4.0,30.0,19.3,0
3809,2020-06-06,17.0,14.0,87.0,5.0,30.0,23.2,3
3810,2020-06-07,18.0,14.0,85.0,7.0,29.97,12.6,0
3811,2020-06-08,17.0,14.0,90.0,6.0,29.94,48.5,3
3812,2020-06-09,16.0,13.0,90.0,6.0,29.97,52.7,3
3813,2020-06-10,18.0,13.0,85.0,7.0,29.97,11.8,0
3814,2020-06-11,18.0,12.0,78.0,5.0,29.97,0.5,0
3815,2020-06-12,17.0,13.0,85.0,5.0,29.97,2.7,0
3816,2020-06-13,17.0,12.0,82.0,5.0,29.97,2.7,0
3817,2020-06-14,16.0,13.0,87.0,6.0,30.0,5.9,0
3818,2020-06-15,16.0,13.0,89.0,5.0,30.03,25.5,3
3819,2020-06-16,17.0,13.0,86.0,3.0,30.0,6.5,0
3820,2020-06-17,18.0,13.0,84.0,4.0,29.97,1.5,0
3821,2020-06-18,18.0,13.0,82.0,6.0,30.0,1.3,0
3822,2020-06-19,17.0,13.0,86.0,4.0,30.0,2.2,0
3823,2020-06-20,17.0,13.0,86.0,5.0,30.0,4.6,0
3824,2020-06-21,17.0,13.0,85.0,6.0,29.97,6.7,0
3825,2020-06-22,17.0,13.0,84.0,3.0,29.97,3.9,0
3826,2020-06-23,18.0,13.0,83.0,3.0,29.97,2.9,0
3827,2020-06-24,17.0,13.0,82.0,5.0,29.97,4.8,0
3828,2020-06-25,18.0,13.0,82.0,2.0,29.94,19.1,0
3829,2020-06-26,17.0,13.0,83.0,3.0,29.94,8.0,0
3830,2020-06-27,18.0,13.0,82.0,4.0,29.91,8.6,0
3831,2020-06-28,18.0,13.0,79.0,5.0,29.94,2.1,0
3832,2020-06-29,18.0,13.0,81.0,4.0,29.94,4.9,0
3833,2020-06-30,18.0,12.0,78.0,4.0,29.94,2.8,0
3834,2020-07-01,17.0,12.0,81.0,5.0,29.94,3.6,0
3835,2020-07-02,17.0,12.0,81.0,4.0,29.91,6.2,0
3836,2020-07-03,17.0,13.0,84.0,2.0,29.94,2.9,0
3837,2020-07-04,17.0,13.0,85.0,3.0,29.94,7.1,0
3838,2020-07-05,17.0,14.0,88.0,5.0,29.91,18.3,3
3839,2020-07-06,16.0,14.0,87.0,4.0,29.91,6.9,0
3840,2020-07-07,16.0,13.0,89.0,6.0,29.94,3.6,0
3841,2020-07-08,17.0,13.0,84.0,7.0,29.94,8.0,0
3842,2020-07-09,17.0,12.0,80.0,7.0,29.94,10.9,0
3843,2020-07-10,18.0,13.0,80.0,4.0,29.91,15.6,0
3844,2020-07-11,16.0,13.0,88.0,3.0,29.97,15.3,0
3845,2020-07-12,18.0,13.0,81.0,4.0,29.94,5.1,0
3846,2020-07-13,17.0,13.0,83.0,4.0,29.91,9.3,0
3847,2020-07-14,17.0,14.0,87.0,3.0,29.91,27.3,3
3848,2020-07-15,17.0,13.0,84.0,4.0,29.94,6.5,0
3849,2020-07-16,17.0,13.0,88.0,4.0,29.97,29.9,3
3850,2020-07-17,15.0,13.0,92.0,4.0,29.97,5.5,0
3851,2020-07-18,16.0,12.0,86.0,5.0,29.97,1.9,0
3852,2020-07-19,14.0,11.0,83.0,3.0,29.97,1.8,0
3853,2020-07-20,16.0,13.0,85.0,5.0,29.94,9.5,0
3854,2020-07-21,16.0,13.0,88.0,5.0,29.94,11.1,0
3855,2020-07-22,16.0,13.0,88.0,9.0,29.91,8.2,0
3856,2020-07-23,16.0,13.0,87.0,8.0,29.91,4.8,0
3857,2020-07-24,17.0,13.0,84.0,8.0,29.91,5.9,0
3858,2020-07-25,17.0,12.0,82.0,7.0,29.91,3.1,0
3859,2020-07-26,17.0,12.0,80.0,7.0,29.94,2.5,0
3860,2020-07-27,17.0,13.0,83.0,7.0,29.94,9.0,0
3861,2020-07-28,17.0,13.0,84.0,6.0,29.94,12.7,0
3862,2020-07-29,18.0,14.0,83.0,6.0,29.94,24.3,3
3863,2020-07-30,17.0,13.0,80.0,8.0,29.97,15.1,0
3864,2020-07-31,18.0,12.0,77.0,6.0,29.97,4.8,0
3865,2020-08-01,18.0,13.0,78.0,6.0,29.97,7.2,0
3866,2020-08-02,18.0,12.0,77.0,8.0,29.97,1.1,0
3867,2020-08-03,16.0,11.0,79.0,6.0,30.0,0.4,0
3868,2020-08-04,17.0,12.0,80.0,5.0,30.0,11.6,0
3869,2020-08-05,17.0,14.0,86.0,5.0,29.97,23.6,3
3870,2020-08-06,17.0,13.0,84.0,6.0,29.97,16.5,0
3871,2020-08-07,17.0,13.0,82.0,5.0,30.0,5.2,0
3872,2020-08-08,17.0,14.0,86.0,7.0,30.0,5.8,0
3873,2020-08-09,17.0,14.0,86.0,6.0,29.94,8.8,0
3874,2020-08-10,18.0,13.0,84.0,7.0,29.94,5.8,0
3875,2020-08-11,19.0,13.0,77.0,6.0,29.94,1.8,2
3876,2020-08-12,17.0,13.0,83.0,4.0,29.94,10.8,0
3877,2020-08-13,18.0,14.0,82.0,6.0,29.91,5.0,2
3878,2020-08-14,18.0,14.0,84.0,3.0,29.91,20.3,3
3879,2020-08-15,18.0,14.0,82.0,5.0,29.85,6.8,2
3880,2020-08-16,18.0,14.0,83.0,5.0,29.85,13.9,2
3881,2020-08-17,18.0,14.0,83.0,6.0,29.88,6.3,2
3882,2020-08-18,18.0,13.0,82.0,5.0,29.88,8.6,2
3883,2020-08-19,18.0,14.0,85.0,7.0,29.88,30.3,3
3884,2020-08-20,18.0,14.0,85.0,11.0,29.85,13.1,2
3885,2020-08-21,18.0,13.0,82.0,10.0,29.88,9.0,2
3886,2020-08-22,18.0,13.0,81.0,4.0,29.91,8.1,0
3887,2020-08-23,18.0,13.0,81.0,4.0,29.88,10.0,2
3888,2020-08-24,18.0,13.0,82.0,4.0,29.88,7.0,2
3889,2020-08-25,18.0,14.0,83.0,6.0,29.94,30.4,3
3890,2020-08-26,18.0,13.0,81.0,6.0,29.94,15.9,0
3891,2020-08-27,18.0,13.0,77.0,3.0,29.94,7.9,0
3892,2020-08-28,18.0,13.0,78.0,3.0,29.88,8.9,2
3893,2020-08-29,18.0,13.0,81.0,5.0,29.85,18.2,2
3894,2020-08-30,18.0,13.0,81.0,5.0,29.88,19.5,3
3895,2020-08-31,18.0,13.0,81.0,5.0,29.91,30.4,3
3896,2020-09-01,18.0,13.0,80.0,6.0,29.91,21.0,3
3897,2020-09-02,18.0,12.0,73.0,8.0,29.91,4.6,2
3898,2020-09-03,18.0,12.0,76.0,5.0,29.91,9.5,2
3899,2020-09-04,18.0,13.0,80.0,5.0,29.94,4.0,0
3900,2020-09-05,18.0,12.0,77.0,4.0,29.88,4.2,2
3901,2020-09-06,17.0,13.0,80.0,5.0,29.85,16.9,2
3902,2020-09-07,16.0,13.0,86.0,5.0,29.88,17.1,3
3903,2020-09-08,17.0,14.0,89.0,6.0,29.94,34.6,3
3904,2020-09-09,17.0,13.0,82.0,4.0,29.94,4.8,0
3905,2020-09-10,18.0,13.0,78.0,3.0,29.88,13.5,2
3906,2020-09-11,18.0,13.0,80.0,4.0,29.88,6.9,2
3907,2020-09-12,18.0,14.0,84.0,8.0,29.91,19.1,3
3908,2020-09-13,18.0,13.0,77.0,5.0,29.94,3.4,0
3909,2020-09-14,18.0,11.0,71.0,7.0,29.94,1.1,2
3910,2020-09-15,18.0,12.0,73.0,6.0,29.91,1.1,2
3911,2020-09-16,19.0,13.0,73.0,5.0,29.88,1.5,2
3912,2020-09-17,20.0,11.0,69.0,9.0,29.88,1.7,2
3913,2020-09-18,20.0,11.0,67.0,10.0,29.88,0.8,2
3914,2020-09-19,20.0,11.0,70.0,8.0,29.88,3.1,2
3915,2020-09-20,18.0,12.0,74.0,6.0,29.88,9.5,2
3916,2020-09-21,18.0,13.0,79.0,7.0,29.88,16.8,2
3917,2020-09-22,19.0,13.0,76.0,6.0,29.91,8.4,2
3918,2020-09-23,19.0,13.0,77.0,6.0,29.91,19.6,2
3919,2020-09-24,18.0,13.0,78.0,6.0,29.91,13.5,2
3920,2020-09-25,18.0,14.0,84.0,5.0,29.91,29.0,3
3921,2020-09-26,17.0,14.0,85.0,3.0,29.88,26.1,3
3922,2020-09-27,19.0,12.0,76.0,11.0,29.85,2.7,2
3923,2020-09-28,19.0,11.0,69.0,15.0,29.85,0.0,2
3924,2020-09-29,19.0,11.0,67.0,11.0,29.88,0.0,2
3925,2020-09-30,19.0,12.0,71.0,7.0,29.85,7.9,2
3926,2020-10-01,19.0,13.0,76.0,7.0,29.85,9.8,2
3927,2020-10-02,20.0,11.0,70.0,7.0,29.88,1.2,2
3928,2020-10-03,20.0,11.0,66.0,7.0,29.88,0.2,2
3929,2020-10-04,19.0,11.0,68.0,7.0,29.91,1.3,2
3930,2020-10-05,19.0,12.0,71.0,8.0,29.91,1.8,2
3931,2020-10-06,19.0,12.0,74.0,11.0,29.91,5.4,2
3932,2020-10-07,20.0,12.0,73.0,12.0,29.91,7.8,2
3933,2020-10-08,18.0,11.0,69.0,11.0,29.91,2.3,2
3934,2020-10-09,17.0,12.0,77.0,14.0,29.91,7.5,2
3935,2020-10-10,18.0,13.0,78.0,11.0,29.91,28.7,3
3936,2020-10-11,18.0,13.0,80.0,12.0,29.91,42.8,3
3937,2020-10-12,18.0,13.0,80.0,15.0,29.88,16.4,2
3938,2020-10-13,19.0,13.0,77.0,11.0,29.88,16.9,2
3939,2020-10-14,19.0,13.0,79.0,12.0,29.91,19.2,2
3940,2020-10-15,19.0,11.0,71.0,12.0,29.94,0.4,2
3941,2020-10-16,19.0,12.0,74.0,6.0,29.88,6.4,2
3942,2020-10-17,19.0,13.0,76.0,6.0,29.88,20.1,2
3943,2020-10-18,17.0,14.0,85.0,9.0,29.88,52.8,3
3944,2020-10-19,18.0,14.0,84.0,9.0,29.91,32.1,3
3945,2020-10-20,18.0,13.0,81.0,15.0,29.85,10.4,2
3946,2020-10-21,18.0,13.0,79.0,13.0,29.88,6.9,2
3947,2020-10-22,19.0,14.0,80.0,12.0,29.91,11.5,2
3948,2020-10-23,19.0,13.0,73.0,8.0,29.88,4.3,2
3949,2020-10-24,19.0,13.0,78.0,8.0,29.88,28.2,3
3950,2020-10-25,19.0,13.0,78.0,10.0,29.85,19.3,2
3951,2020-10-26,19.0,13.0,78.0,14.0,29.85,11.1,2
3952,2020-10-27,18.0,13.0,79.0,11.0,29.85,4.3,2
3953,2020-10-28,18.0,13.0,78.0,14.0,29.85,3.9,2
3954,2020-10-29,17.0,13.0,83.0,18.0,29.88,9.8,2
3955,2020-10-30,18.0,13.0,80.0,12.0,29.91,7.0,2
3956,2020-10-31,18.0,13.0,81.0,13.0,29.91,7.7,2
3957,2020-11-01,18.0,10.0,71.0,15.0,29.88,0.0,2
3958,2020-11-02,18.0,11.0,72.0,19.0,29.91,0.0,2
3959,2020-11-03,18.0,13.0,76.0,21.0,29.91,2.4,2
3960,2020-11-04,18.0,13.0,81.0,19.0,29.91,7.5,2
3961,2020-11-05,19.0,13.0,80.0,18.0,29.88,6.6,2
3962,2020-11-06,19.0,14.0,80.0,14.0,29.88,28.4,3
3963,2020-11-07,18.0,14.0,82.0,10.0,29.91,47.5,3
3964,2020-11-08,19.0,13.0,78.0,13.0,29.91,7.3,2
3965,2020-11-09,18.0,14.0,83.0,15.0,29.94,18.0,2
3966,2020-11-10,18.0,11.0,72.0,21.0,29.91,0.0,2
3967,2020-11-11,18.0,12.0,79.0,17.0,29.91,3.5,2
3968,2020-11-12,18.0,12.0,75.0,19.0,29.94,0.0,2
3969,2020-11-13,18.0,12.0,73.0,19.0,29.91,0.0,2
3970,2020-11-14,18.0,13.0,76.0,18.0,29.88,3.5,2
3971,2020-11-15,19.0,12.0,74.0,19.0,29.85,0.4,2
3972,2020-11-16,18.0,12.0,77.0,17.0,29.88,4.0,2
3973,2020-11-17,18.0,11.0,69.0,17.0,29.88,0.0,2
3974,2020-11-18,18.0,9.0,63.0,22.0,29.88,0.0,1
3975,2020-11-19,19.0,11.0,71.0,14.0,29.88,2.0,2
3976,2020-11-20,19.0,12.0,71.0,16.0,29.88,0.3,2
3977,2020-11-21,19.0,11.0,69.0,18.0,29.88,0.0,2
3978,2020-11-22,19.0,11.0,68.0,18.0,29.88,0.0,2
3979,2020-11-23,20.0,11.0,66.0,14.0,29.91,0.2,2
3980,2020-11-24,20.0,11.0,67.0,12.0,29.88,1.5,2
3981,2020-11-25,19.0,13.0,75.0,10.0,29.88,25.9,2
3982,2020-11-26,20.0,13.0,75.0,8.0,29.88,13.0,2
3983,2020-11-27,19.0,13.0,74.0,10.0,29.88,2.1,2
3984,2020-11-28,18.0,14.0,82.0,15.0,29.88,21.3,2
3985,2020-11-29,18.0,13.0,78.0,15.0,29.88,4.0,2
3986,2020-11-30,18.0,11.0,72.0,9.0,29.91,0.1,2
3987,2020-12-01,19.0,8.0,59.0,11.0,29.91,0.0,1
3988,2020-12-02,18.0,9.0,63.0,17.0,29.88,0.0,1
3989,2020-12-03,18.0,9.0,65.0,21.0,29.91,0.0,1
3990,2020-12-04,18.0,9.0,65.0,18.0,29.91,0.0,1
3991,2020-12-05,19.0,10.0,67.0,16.0,29.94,0.0,1
3992,2020-12-06,19.0,9.0,59.0,14.0,29.94,0.0,1
3993,2020-12-07,19.0,10.0,64.0,14.0,29.94,0.0,2
3994,2020-12-08,19.0,11.0,67.0,16.0,29.94,0.5,2
3995,2020-12-09,19.0,10.0,65.0,18.0,29.91,0.0,1
3996,2020-12-10,18.0,8.0,59.0,22.0,29.91,0.0,1
3997,2020-12-11,19.0,8.0,59.0,19.0,29.91,0.0,1
3998,2020-12-12,19.0,7.0,54.0,17.0,29.91,0.0,1
3999,2020-12-13,19.0,7.0,58.0,18.0,29.91,0.0,1
4000,2020-12-14,19.0,7.0,56.0,16.0,29.91,0.0,1
4001,2020-12-15,19.0,5.0,49.0,15.0,29.88,0.0,1
4002,2020-12-16,20.0,5.0,43.0,15.0,29.88,0.0,1
4003,2020-12-17,19.0,7.0,51.0,15.0,29.88,0.0,1
4004,2020-12-18,20.0,6.0,47.0,19.0,29.88,0.0,1
4005,2020-12-19,19.0,7.0,53.0,15.0,29.88,0.0,1
4006,2020-12-20,19.0,9.0,60.0,19.0,29.91,0.0,1
4007,2020-12-21,19.0,10.0,65.0,17.0,29.91,0.1,1
4008,2020-12-22,19.0,8.0,59.0,19.0,29.91,0.0,1
4009,2020-12-23,19.0,9.0,60.0,20.0,29.88,0.0,1
4010,2020-12-24,20.0,9.0,59.0,14.0,29.85,0.1,1
4011,2020-12-25,20.0,9.0,56.0,11.0,29.85,0.0,1
4012,2020-12-26,20.0,8.0,55.0,20.0,29.85,0.0,1
4013,2020-12-27,20.0,6.0,48.0,21.0,29.85,0.0,1
4014,2020-12-28,20.0,5.0,45.0,21.0,29.85,0.0,1
4015,2020-12-29,20.0,7.0,53.0,20.0,29.88,0.0,1
4016,2020-12-30,20.0,9.0,59.0,18.0,29.85,0.0,1
4017,2020-12-31,19.0,11.0,66.0,17.0,29.85,1.8,2
