time,temperature,dew_point,humidity,wind_speed,pressure,precipitation,temperature_raw,dew_point_raw,humidity_raw,wind_speed_raw,pressure_raw,precipitation_raw
2010-01-01,29.0,20.0,63.0,5.0,29.83,2.5,29 | 84.2,20 | 68.0,63,5 | 3.11,29.83 | 1010,2.5 | 0.1
2010-01-02,27.0,20.0,68.0,3.0,29.85,11.1,27 | 80.6,20 | 68.0,68,3 | 1.86,29.85 | 1011,11.1 | 0.44
2010-01-03,29.0,19.0,60.0,6.0,29.85,1.3,29 | 84.2,19 | 66.2,60,6 | 3.73,29.85 | 1011,1.3 | 0.05
2010-01-04,29.0,17.0,55.0,8.0,29.85,0.0,29 | 84.2,17 | 62.6,55,8 | 4.97,29.85 | 1011,0.0 | 0.0
2010-01-05,29.0,15.0,48.0,7.0,29.83,0.0,29 | 84.2,15 | 59.0,48,7 | 4.35,29.83 | 1010,0.0 | 0.0
2010-01-06,30.0,14.0,43.0,6.0,29.8,0.0,30 | 86.0,14 | 57.2,43,6 | 3.73,29.8 | 1009,0.0 | 0.0
2010-01-07,31.0,14.0,42.0,6.0,29.77,0.0,31 | 87.8,14 | 57.2,42,6 | 3.73,29.77 | 1008,0.0 | 0.0
2010-01-08,30.0,16.0,45.0,6.0,29.8,0.0,30 | 86.0,16 | 60.8,45,6 | 3.73,29.8 | 1009,0.0 | 0.0
2010-01-09,31.0,16.0,45.0,6.0,29.8,0.2,31 | 87.8,16 | 60.8,45,6 | 3.73,29.8 | 1009,0.2 | 0.01
2010-01-10,31.0,13.0,39.0,7.0,29.8,0.0,31 | 87.8,13 | 55.4,39,7 | 4.35,29.8 | 1009,0.0 | 0.0
2010-01-11,31.0,9.0,30.0,9.0,29.83,0.0,31 | 87.8,9 | 48.2,30,9 | 5.59,29.83 | 1010,0.0 | 0.0
2010-01-12,30.0,6.0,29.0,10.0,29.83,0.0,30 | 86.0,6 | 42.8,29,10 | 6.21,29.83 | 1010,0.0 | 0.0
2010-01-13,30.0,6.0,26.0,10.0,29.85,0.0,30 | 86.0,6 | 42.8,26,10 | 6.21,29.85 | 1011,0.0 | 0.0
2010-01-14,30.0,8.0,28.0,11.0,29.85,0.0,30 | 86.0,8 | 46.4,28,11 | 6.84,29.85 | 1011,0.0 | 0.0
2010-01-15,30.0,14.0,41.0,12.0,29.85,0.0,30 | 86.0,14 | 57.2,41,12 | 7.46,29.85 | 1011,0.0 | 0.0
2010-01-16,31.0,14.0,42.0,13.0,29.91,0.0,31 | 87.8,14 | 57.2,42,13 | 8.08,29.91 | 1013,0.0 | 0.0
2010-01-17,31.0,14.0,41.0,13.0,29.91,0.0,31 | 87.8,14 | 57.2,41,13 | 8.08,29.91 | 1013,0.0 | 0.0
2010-01-18,31.0,13.0,40.0,12.0,29.88,0.0,31 | 87.8,13 | 55.4,40,12 | 7.46,29.88 | 1012,0.0 | 0.0
2010-01-19,31.0,13.0,38.0,13.0,29.83,0.0,31 | 87.8,13 | 55.4,38,13 | 8.08,29.83 | 1010,0.0 | 0.0
2010-01-20,31.0,16.0,45.0,13.0,29.83,0.0,31 | 87.8,16 | 60.8,45,13 | 8.08,29.83 | 1010,0.0 | 0.0
2010-01-21,31.0,15.0,43.0,10.0,29.85,0.0,31 | 87.8,15 | 59.0,43,10 | 6.21,29.85 | 1011,0.0 | 0.0
2010-01-22,31.0,13.0,36.0,11.0,29.83,0.0,31 | 87.8,13 | 55.4,36,11 | 6.84,29.83 | 1010,0.0 | 0.0
2010-01-23,32.0,15.0,40.0,11.0,29.83,0.1,32 | 89.6,15 | 59.0,40,11 | 6.84,29.83 | 1010,0.1 | 0.0
2010-01-24,32.0,14.0,38.0,13.0,29.77,0.0,32 | 89.6,14 | 57.2,38,13 | 8.08,29.77 | 1008,0.0 | 0.0
2010-01-25,31.0,13.0,37.0,13.0,29.8,0.0,31 | 87.8,13 | 55.4,37,13 | 8.08,29.8 | 1009,0.0 | 0.0
2010-01-26,31.0,10.0,33.0,13.0,29.8,0.0,31 | 87.8,10 | 50.0,33,13 | 8.08,29.8 | 1009,0.0 | 0.0
2010-01-27,31.0,7.0,28.0,12.0,29.8,0.0,31 | 87.8,7 | 44.6,28,12 | 7.46,29.8 | 1009,0.0 | 0.0
2010-01-28,31.0,8.0,28.0,11.0,29.8,0.0,31 | 87.8,8 | 46.4,28,11 | 6.84,29.8 | 1009,0.0 | 0.0
2010-01-29,32.0,12.0,34.0,11.0,29.77,0.0,32 | 89.6,12 | 53.6,34,11 | 6.84,29.77 | 1008,0.0 | 0.0
2010-01-30,32.0,12.0,36.0,13.0,29.83,0.0,32 | 89.6,12 | 53.6,36,13 | 8.08,29.83 | 1010,0.0 | 0.0
2010-01-31,32.0,12.0,36.0,14.0,29.85,0.0,32 | 89.6,12 | 53.6,36,14 | 8.7,29.85 | 1011,0.0 | 0.0
2010-02-01,32.0,13.0,38.0,11.0,29.83,0.0,32 | 89.6,13 | 55.4,38,11 | 6.84,29.83 | 1010,0.0 | 0.0
2010-02-02,32.0,11.0,33.0,10.0,29.77,0.0,32 | 89.6,11 | 51.8,33,10 | 6.21,29.77 | 1008,0.0 | 0.0
2010-02-03,33.0,12.0,34.0,11.0,29.74,0.0,33 | 91.4,12 | 53.6,34,11 | 6.84,29.74 | 1007,0.0 | 0.0
2010-02-04,33.0,14.0,36.0,12.0,29.77,0.0,33 | 91.4,14 | 57.2,36,12 | 7.46,29.77 | 1008,0.0 | 0.0
2010-02-05,32.0,14.0,38.0,10.0,29.77,0.3,32 | 89.6,14 | 57.2,38,10 | 6.21,29.77 | 1008,0.3 | 0.01
2010-02-06,31.0,15.0,41.0,6.0,29.77,0.2,31 | 87.8,15 | 59.0,41,6 | 3.73,29.77 | 1008,0.2 | 0.01
2010-02-07,32.0,14.0,37.0,6.0,29.77,0.0,32 | 89.6,14 | 57.2,37,6 | 3.73,29.77 | 1008,0.0 | 0.0
2010-02-08,33.0,13.0,33.0,16.0,29.77,0.0,33 | 91.4,13 | 55.4,33,16 | 9.94,29.77 | 1008,0.0 | 0.0
2010-02-09,32.0,13.0,35.0,16.0,29.77,0.0,32 | 89.6,13 | 55.4,35,16 | 9.94,29.77 | 1008,0.0 | 0.0
2010-02-10,32.0,11.0,33.0,15.0,29.8,0.0,32 | 89.6,11 | 51.8,33,15 | 9.32,29.8 | 1009,0.0 | 0.0
2010-02-11,32.0,12.0,36.0,16.0,29.8,0.0,32 | 89.6,12 | 53.6,36,16 | 9.94,29.8 | 1009,0.0 | 0.0
2010-02-12,31.0,15.0,45.0,15.0,29.83,0.0,31 | 87.8,15 | 59.0,45,15 | 9.32,29.83 | 1010,0.0 | 0.0
2010-02-13,33.0,15.0,40.0,13.0,29.8,0.0,33 | 91.4,15 | 59.0,40,13 | 8.08,29.8 | 1009,0.0 | 0.0
2010-02-14,32.0,15.0,41.0,13.0,29.77,0.0,32 | 89.6,15 | 59.0,41,13 | 8.08,29.77 | 1008,0.0 | 0.0
2010-02-15,33.0,15.0,41.0,11.0,29.74,0.0,33 | 91.4,15 | 59.0,41,11 | 6.84,29.74 | 1007,0.0 | 0.0
2010-02-16,33.0,14.0,36.0,11.0,29.77,0.0,33 | 91.4,14 | 57.2,36,11 | 6.84,29.77 | 1008,0.0 | 0.0
2010-02-17,33.0,15.0,40.0,12.0,29.83,0.3,33 | 91.4,15 | 59.0,40,12 | 7.46,29.83 | 1010,0.3 | 0.01
2010-02-18,33.0,15.0,40.0,11.0,29.85,0.2,33 | 91.4,15 | 59.0,40,11 | 6.84,29.85 | 1011,0.2 | 0.01
2010-02-19,33.0,15.0,40.0,10.0,29.83,0.0,33 | 91.4,15 | 59.0,40,10 | 6.21,29.83 | 1010,0.0 | 0.0
2010-02-20,33.0,15.0,39.0,11.0,29.77,0.0,33 | 91.4,15 | 59.0,39,11 | 6.84,29.77 | 1008,0.0 | 0.0
2010-02-21,33.0,16.0,41.0,14.0,29.77,1.3,33 | 91.4,16 | 60.8,41,14 | 8.7,29.77 | 1008,1.3 | 0.05
2010-02-22,33.0,16.0,41.0,14.0,29.8,0.0,33 | 91.4,16 | 60.8,41,14 | 8.7,29.8 | 1009,0.0 | 0.0
2010-02-23,30.0,16.0,45.0,10.0,29.83,0.1,30 | 86.0,16 | 60.8,45,10 | 6.21,29.83 | 1010,0.1 | 0.0
2010-02-24,32.0,15.0,41.0,10.0,29.77,0.0,32 | 89.6,15 | 59.0,41,10 | 6.21,29.77 | 1008,0.0 | 0.0
2010-02-25,33.0,15.0,37.0,10.0,29.71,0.0,33 | 91.4,15 | 59.0,37,10 | 6.21,29.71 | 1006,0.0 | 0.0
2010-02-26,31.0,17.0,44.0,10.0,29.77,0.4,31 | 87.8,17 | 62.6,44,10 | 6.21,29.77 | 1008,0.4 | 0.02
2010-02-27,29.0,19.0,58.0,5.0,29.83,8.8,29 | 84.2,19 | 66.2,58,5 | 3.11,29.83 | 1010,8.8 | 0.35
2010-02-28,24.0,21.0,83.0,6.0,29.88,39.0,24 | 75.2,21 | 69.8,83,6 | 3.73,29.88 | 1012,39.0 | 1.54
2010-03-01,26.0,17.0,64.0,7.0,29.91,0.1,26 | 78.8,17 | 62.6,64,7 | 4.35,29.91 | 1013,0.1 | 0.0
2010-03-02,24.0,17.0,68.0,7.0,29.91,0.9,24 | 75.2,17 | 62.6,68,7 | 4.35,29.91 | 1013,0.9 | 0.04
2010-03-03,25.0,19.0,71.0,5.0,29.88,5.0,25 | 77.0,19 | 66.2,71,5 | 3.11,29.88 | 1012,5.0 | 0.2
2010-03-04,29.0,20.0,64.0,5.0,29.88,0.3,29 | 84.2,20 | 68.0,64,5 | 3.11,29.88 | 1012,0.3 | 0.01
2010-03-05,30.0,18.0,55.0,6.0,29.85,0.6,30 | 86.0,18 | 64.4,55,6 | 3.73,29.85 | 1011,0.6 | 0.02
2010-03-06,30.0,17.0,49.0,6.0,29.83,0.0,30 | 86.0,17 | 62.6,49,6 | 3.73,29.83 | 1010,0.0 | 0.0
2010-03-07,30.0,19.0,55.0,7.0,29.85,2.2,30 | 86.0,19 | 66.2,55,7 | 4.35,29.85 | 1011,2.2 | 0.09
2010-03-08,29.0,19.0,61.0,13.0,29.88,4.0,29 | 84.2,19 | 66.2,61,13 | 8.08,29.88 | 1012,4.0 | 0.16
2010-03-09,29.0,18.0,57.0,12.0,29.88,0.0,29 | 84.2,18 | 64.4,57,12 | 7.46,29.88 | 1012,0.0 | 0.0
2010-03-10,30.0,17.0,52.0,13.0,29.85,0.0,30 | 86.0,17 | 62.6,52,13 | 8.08,29.85 | 1011,0.0 | 0.0
2010-03-11,31.0,16.0,46.0,13.0,29.85,0.0,31 | 87.8,16 | 60.8,46,13 | 8.08,29.85 | 1011,0.0 | 0.0
2010-03-12,31.0,15.0,42.0,14.0,29.85,0.0,31 | 87.8,15 | 59.0,42,14 | 8.7,29.85 | 1011,0.0 | 0.0
2010-03-13,32.0,14.0,39.0,15.0,29.83,0.0,32 | 89.6,14 | 57.2,39,15 | 9.32,29.83 | 1010,0.0 | 0.0
2010-03-14,32.0,14.0,39.0,15.0,29.8,0.0,32 | 89.6,14 | 57.2,39,15 | 9.32,29.8 | 1009,0.0 | 0.0
2010-03-15,32.0,14.0,36.0,16.0,29.8,0.0,32 | 89.6,14 | 57.2,36,16 | 9.94,29.8 | 1009,0.0 | 0.0
2010-03-16,32.0,16.0,43.0,17.0,29.8,0.0,32 | 89.6,16 | 60.8,43,17 | 10.56,29.8 | 1009,0.0 | 0.0
2010-03-17,31.0,17.0,46.0,14.0,29.83,0.2,31 | 87.8,17 | 62.6,46,14 | 8.7,29.83 | 1010,0.2 | 0.01
2010-03-18,32.0,15.0,42.0,14.0,29.83,0.0,32 | 89.6,15 | 59.0,42,14 | 8.7,29.83 | 1010,0.0 | 0.0
2010-03-19,32.0,17.0,47.0,13.0,29.83,0.3,32 | 89.6,17 | 62.6,47,13 | 8.08,29.83 | 1010,0.3 | 0.01
2010-03-20,30.0,19.0,55.0,12.0,29.85,1.8,30 | 86.0,19 | 66.2,55,12 | 7.46,29.85 | 1011,1.8 | 0.07
2010-03-21,28.0,19.0,63.0,9.0,29.85,3.5,28 | 82.4,19 | 66.2,63,9 | 5.59,29.85 | 1011,3.5 | 0.14
2010-03-22,30.0,18.0,53.0,8.0,29.8,0.1,30 | 86.0,18 | 64.4,53,8 | 4.97,29.8 | 1009,0.1 | 0.0
2010-03-23,31.0,17.0,46.0,9.0,29.74,0.1,31 | 87.8,17 | 62.6,46,9 | 5.59,29.74 | 1007,0.1 | 0.0
2010-03-24,32.0,18.0,47.0,8.0,29.74,0.0,32 | 89.6,18 | 64.4,47,8 | 4.97,29.74 | 1007,0.0 | 0.0
2010-03-25,30.0,20.0,57.0,6.0,29.8,7.2,30 | 86.0,20 | 68.0,57,6 | 3.73,29.8 | 1009,7.2 | 0.28
2010-03-26,29.0,20.0,63.0,7.0,29.85,9.5,29 | 84.2,20 | 68.0,63,7 | 4.35,29.85 | 1011,9.5 | 0.37
2010-03-27,26.0,20.0,69.0,6.0,29.85,1.8,26 | 78.8,20 | 68.0,69,6 | 3.73,29.85 | 1011,1.8 | 0.07
2010-03-28,27.0,19.0,63.0,5.0,29.85,1.6,27 | 80.6,19 | 66.2,63,5 | 3.11,29.85 | 1011,1.6 | 0.06
2010-03-29,29.0,19.0,61.0,7.0,29.88,1.5,29 | 84.2,19 | 66.2,61,7 | 4.35,29.88 | 1012,1.5 | 0.06
2010-03-30,30.0,19.0,58.0,5.0,29.88,2.0,30 | 86.0,19 | 66.2,58,5 | 3.11,29.88 | 1012,2.0 | 0.08
2010-03-31,31.0,19.0,54.0,7.0,29.85,0.4,31 | 87.8,19 | 66.2,54,7 | 4.35,29.85 | 1011,0.4 | 0.02
2010-04-01,30.0,19.0,58.0,7.0,29.83,3.6,30 | 86.0,19 | 66.2,58,7 | 4.35,29.83 | 1010,3.6 | 0.14
2010-04-02,30.0,19.0,57.0,12.0,29.83,0.3,30 | 86.0,19 | 66.2,57,12 | 7.46,29.83 | 1010,0.3 | 0.01
2010-04-03,30.0,18.0,56.0,12.0,29.83,3.2,30 | 86.0,18 | 64.4,56,12 | 7.46,29.83 | 1010,3.2 | 0.13
2010-04-04,31.0,18.0,52.0,12.0,29.83,1.0,31 | 87.8,18 | 64.4,52,12 | 7.46,29.83 | 1010,1.0 | 0.04
2010-04-05,31.0,17.0,50.0,13.0,29.83,0.0,31 | 87.8,17 | 62.6,50,13 | 8.08,29.83 | 1010,0.0 | 0.0
2010-04-06,31.0,17.0,48.0,13.0,29.8,0.0,31 | 87.8,17 | 62.6,48,13 | 8.08,29.8 | 1009,0.0 | 0.0
2010-04-07,31.0,17.0,48.0,10.0,29.77,0.0,31 | 87.8,17 | 62.6,48,10 | 6.21,29.77 | 1008,0.0 | 0.0
2010-04-08,32.0,17.0,46.0,14.0,29.8,0.0,32 | 89.6,17 | 62.6,46,14 | 8.7,29.8 | 1009,0.0 | 0.0
2010-04-09,31.0,17.0,47.0,12.0,29.83,0.0,31 | 87.8,17 | 62.6,47,12 | 7.46,29.83 | 1010,0.0 | 0.0
2010-04-10,32.0,15.0,43.0,11.0,29.8,0.0,32 | 89.6,15 | 59.0,43,11 | 6.84,29.8 | 1009,0.0 | 0.0
2010-04-11,32.0,16.0,43.0,12.0,29.77,0.0,32 | 89.6,16 | 60.8,43,12 | 7.46,29.77 | 1008,0.0 | 0.0
2010-04-12,32.0,18.0,48.0,10.0,29.77,0.0,32 | 89.6,18 | 64.4,48,10 | 6.21,29.77 | 1008,0.0 | 0.0
2010-04-13,30.0,19.0,55.0,11.0,29.83,2.7,30 | 86.0,19 | 66.2,55,11 | 6.84,29.83 | 1010,2.7 | 0.11
2010-04-14,32.0,18.0,50.0,10.0,29.8,1.3,32 | 89.6,18 | 64.4,50,10 | 6.21,29.8 | 1009,1.3 | 0.05
2010-04-15,26.0,20.0,69.0,9.0,29.85,28.7,26 | 78.8,20 | 68.0,69,9 | 5.59,29.85 | 1011,28.7 | 1.13
2010-04-16,30.0,20.0,63.0,7.0,29.85,1.4,30 | 86.0,20 | 68.0,63,7 | 4.35,29.85 | 1011,1.4 | 0.06
2010-04-17,30.0,19.0,58.0,9.0,29.85,5.4,30 | 86.0,19 | 66.2,58,9 | 5.59,29.85 | 1011,5.4 | 0.21
2010-04-18,31.0,19.0,57.0,10.0,29.85,0.5,31 | 87.8,19 | 66.2,57,10 | 6.21,29.85 | 1011,0.5 | 0.02
2010-04-19,31.0,18.0,53.0,9.0,29.85,0.5,31 | 87.8,18 | 64.4,53,9 | 5.59,29.85 | 1011,0.5 | 0.02
2010-04-20,32.0,18.0,50.0,10.0,29.83,0.1,32 | 89.6,18 | 64.4,50,10 | 6.21,29.83 | 1010,0.1 | 0.0
2010-04-21,32.0,17.0,47.0,10.0,29.8,0.0,32 | 89.6,17 | 62.6,47,10 | 6.21,29.8 | 1009,0.0 | 0.0
2010-04-22,32.0,17.0,46.0,9.0,29.8,0.0,32 | 89.6,17 | 62.6,46,9 | 5.59,29.8 | 1009,0.0 | 0.0
2010-04-23,28.0,19.0,60.0,7.0,29.85,4.7,28 | 82.4,19 | 66.2,60,7 | 4.35,29.85 | 1011,4.7 | 0.19
2010-04-24,28.0,21.0,70.0,5.0,29.88,24.5,28 | 82.4,21 | 69.8,70,5 | 3.11,29.88 | 1012,24.5 | 0.96
2010-04-25,28.0,21.0,71.0,4.0,29.85,11.2,28 | 82.4,21 | 69.8,71,4 | 2.49,29.85 | 1011,11.2 | 0.44
2010-04-26,30.0,21.0,63.0,4.0,29.83,1.8,30 | 86.0,21 | 69.8,63,4 | 2.49,29.83 | 1010,1.8 | 0.07
2010-04-27,30.0,20.0,60.0,6.0,29.83,2.1,30 | 86.0,20 | 68.0,60,6 | 3.73,29.83 | 1010,2.1 | 0.08
2010-04-28,27.0,20.0,67.0,10.0,29.85,0.3,27 | 80.6,20 | 68.0,67,10 | 6.21,29.85 | 1011,0.3 | 0.01
2010-04-29,24.0,21.0,83.0,3.0,29.85,39.4,24 | 75.2,21 | 69.8,83,3 | 1.86,29.85 | 1011,39.4 | 1.55
2010-04-30,28.0,21.0,73.0,6.0,29.83,0.4,28 | 82.4,21 | 69.8,73,6 | 3.73,29.83 | 1010,0.4 | 0.02
2010-05-01,29.0,21.0,70.0,7.0,29.83,8.4,29 | 84.2,21 | 69.8,70,7 | 4.35,29.83 | 1010,8.4 | 0.33
2010-05-02,29.0,20.0,66.0,8.0,29.85,0.6,29 | 84.2,20 | 68.0,66,8 | 4.97,29.85 | 1011,0.6 | 0.02
2010-05-03,30.0,20.0,62.0,7.0,29.83,3.7,30 | 86.0,20 | 68.0,62,7 | 4.35,29.83 | 1010,3.7 | 0.15
2010-05-04,29.0,19.0,59.0,6.0,29.8,0.0,29 | 84.2,19 | 66.2,59,6 | 3.73,29.8 | 1009,0.0 | 0.0
2010-05-05,30.0,18.0,55.0,10.0,29.8,0.0,30 | 86.0,18 | 64.4,55,10 | 6.21,29.8 | 1009,0.0 | 0.0
2010-05-06,29.0,19.0,58.0,7.0,29.8,0.3,29 | 84.2,19 | 66.2,58,7 | 4.35,29.8 | 1009,0.3 | 0.01
2010-05-07,30.0,20.0,60.0,5.0,29.8,7.6,30 | 86.0,20 | 68.0,60,5 | 3.11,29.8 | 1009,7.6 | 0.3
2010-05-08,30.0,19.0,58.0,7.0,29.83,4.3,30 | 86.0,19 | 66.2,58,7 | 4.35,29.83 | 1010,4.3 | 0.17
2010-05-09,30.0,18.0,53.0,8.0,29.83,0.0,30 | 86.0,18 | 64.4,53,8 | 4.97,29.83 | 1010,0.0 | 0.0
2010-05-10,27.0,20.0,68.0,7.0,29.85,9.3,27 | 80.6,20 | 68.0,68,7 | 4.35,29.85 | 1011,9.3 | 0.37
2010-05-11,24.0,21.0,86.0,5.0,29.88,30.2,24 | 75.2,21 | 69.8,86,5 | 3.11,29.88 | 1012,30.2 | 1.19
2010-05-12,27.0,20.0,72.0,5.0,29.91,1.5,27 | 80.6,20 | 68.0,72,5 | 3.11,29.91 | 1013,1.5 | 0.06
2010-05-13,28.0,20.0,68.0,4.0,29.88,0.5,28 | 82.4,20 | 68.0,68,4 | 2.49,29.88 | 1012,0.5 | 0.02
2010-05-14,29.0,20.0,64.0,6.0,29.88,2.1,29 | 84.2,20 | 68.0,64,6 | 3.73,29.88 | 1012,2.1 | 0.08
2010-05-15,29.0,19.0,62.0,7.0,29.85,0.5,29 | 84.2,19 | 66.2,62,7 | 4.35,29.85 | 1011,0.5 | 0.02
2010-05-16,29.0,18.0,58.0,8.0,29.85,0.1,29 | 84.2,18 | 64.4,58,8 | 4.97,29.85 | 1011,0.1 | 0.0
2010-05-17,31.0,18.0,54.0,5.0,29.85,0.1,31 | 87.8,18 | 64.4,54,5 | 3.11,29.85 | 1011,0.1 | 0.0
2010-05-18,30.0,20.0,59.0,6.0,29.83,2.9,30 | 86.0,20 | 68.0,59,6 | 3.73,29.83 | 1010,2.9 | 0.11
2010-05-19,31.0,19.0,57.0,7.0,29.83,2.5,31 | 87.8,19 | 66.2,57,7 | 4.35,29.83 | 1010,2.5 | 0.1
2010-05-20,31.0,17.0,49.0,7.0,29.83,0.0,31 | 87.8,17 | 62.6,49,7 | 4.35,29.83 | 1010,0.0 | 0.0
2010-05-21,31.0,16.0,44.0,7.0,29.83,0.0,31 | 87.8,16 | 60.8,44,7 | 4.35,29.83 | 1010,0.0 | 0.0
2010-05-22,32.0,16.0,44.0,5.0,29.83,0.0,32 | 89.6,16 | 60.8,44,5 | 3.11,29.83 | 1010,0.0 | 0.0
2010-05-23,32.0,17.0,46.0,8.0,29.83,0.3,32 | 89.6,17 | 62.6,46,8 | 4.97,29.83 | 1010,0.3 | 0.01
2010-05-24,30.0,19.0,57.0,9.0,29.85,2.4,30 | 86.0,19 | 66.2,57,9 | 5.59,29.85 | 1011,2.4 | 0.09
2010-05-25,30.0,19.0,60.0,8.0,29.83,1.0,30 | 86.0,19 | 66.2,60,8 | 4.97,29.83 | 1010,1.0 | 0.04
2010-05-26,31.0,17.0,46.0,9.0,29.83,1.6,31 | 87.8,17 | 62.6,46,9 | 5.59,29.83 | 1010,1.6 | 0.06
2010-05-27,30.0,15.0,42.0,9.0,29.83,0.0,30 | 86.0,15 | 59.0,42,9 | 5.59,29.83 | 1010,0.0 | 0.0
2010-05-28,32.0,16.0,41.0,8.0,29.85,0.0,32 | 89.6,16 | 60.8,41,8 | 4.97,29.85 | 1011,0.0 | 0.0
2010-05-29,28.0,19.0,61.0,9.0,29.85,3.3,28 | 82.4,19 | 66.2,61,9 | 5.59,29.85 | 1011,3.3 | 0.13
2010-05-30,31.0,18.0,53.0,8.0,29.85,0.0,31 | 87.8,18 | 64.4,53,8 | 4.97,29.85 | 1011,0.0 | 0.0
2010-05-31,31.0,14.0,39.0,9.0,29.85,0.0,31 | 87.8,14 | 57.2,39,9 | 5.59,29.85 | 1011,0.0 | 0.0
2010-06-01,30.0,14.0,42.0,6.0,29.85,0.0,30 | 86.0,14 | 57.2,42,6 | 3.73,29.85 | 1011,0.0 | 0.0
2010-06-02,31.0,14.0,40.0,6.0,29.85,0.0,31 | 87.8,14 | 57.2,40,6 | 3.73,29.85 | 1011,0.0 | 0.0
2010-06-03,32.0,15.0,42.0,8.0,29.85,0.0,32 | 89.6,15 | 59.0,42,8 | 4.97,29.85 | 1011,0.0 | 0.0
2010-06-04,31.0,15.0,43.0,8.0,29.88,0.0,31 | 87.8,15 | 59.0,43,8 | 4.97,29.88 | 1012,0.0 | 0.0
2010-06-05,31.0,15.0,40.0,10.0,29.91,0.0,31 | 87.8,15 | 59.0,40,10 | 6.21,29.91 | 1013,0.0 | 0.0
2010-06-06,32.0,14.0,37.0,10.0,29.88,0.0,32 | 89.6,14 | 57.2,37,10 | 6.21,29.88 | 1012,0.0 | 0.0
2010-06-07,31.0,14.0,39.0,9.0,29.88,0.0,31 | 87.8,14 | 57.2,39,9 | 5.59,29.88 | 1012,0.0 | 0.0
2010-06-08,31.0,14.0,40.0,11.0,29.88,0.0,31 | 87.8,14 | 57.2,40,11 | 6.84,29.88 | 1012,0.0 | 0.0
2010-06-09,31.0,13.0,38.0,9.0,29.88,0.0,31 | 87.8,13 | 55.4,38,9 | 5.59,29.88 | 1012,0.0 | 0.0
2010-06-10,31.0,15.0,41.0,9.0,29.88,0.0,31 | 87.8,15 | 59.0,41,9 | 5.59,29.88 | 1012,0.0 | 0.0
2010-06-11,31.0,14.0,38.0,8.0,29.88,0.0,31 | 87.8,14 | 57.2,38,8 | 4.97,29.88 | 1012,0.0 | 0.0
2010-06-12,29.0,16.0,48.0,10.0,29.88,0.0,29 | 84.2,16 | 60.8,48,10 | 6.21,29.88 | 1012,0.0 | 0.0
2010-06-13,30.0,16.0,49.0,6.0,29.88,0.0,30 | 86.0,16 | 60.8,49,6 | 3.73,29.88 | 1012,0.0 | 0.0
2010-06-14,31.0,15.0,43.0,7.0,29.88,0.3,31 | 87.8,15 | 59.0,43,7 | 4.35,29.88 | 1012,0.3 | 0.01
2010-06-15,32.0,15.0,40.0,8.0,29.85,0.0,32 | 89.6,15 | 59.0,40,8 | 4.97,29.85 | 1011,0.0 | 0.0
2010-06-16,33.0,15.0,39.0,5.0,29.85,0.0,33 | 91.4,15 | 59.0,39,5 | 3.11,29.85 | 1011,0.0 | 0.0
2010-06-17,31.0,17.0,47.0,7.0,29.85,0.5,31 | 87.8,17 | 62.6,47,7 | 4.35,29.85 | 1011,0.5 | 0.02
2010-06-18,30.0,16.0,47.0,9.0,29.85,0.0,30 | 86.0,16 | 60.8,47,9 | 5.59,29.85 | 1011,0.0 | 0.0
2010-06-19,30.0,15.0,44.0,8.0,29.85,0.0,30 | 86.0,15 | 59.0,44,8 | 4.97,29.85 | 1011,0.0 | 0.0
2010-06-20,30.0,15.0,44.0,7.0,29.88,0.0,30 | 86.0,15 | 59.0,44,7 | 4.35,29.88 | 1012,0.0 | 0.0
2010-06-21,30.0,15.0,42.0,8.0,29.85,0.0,30 | 86.0,15 | 59.0,42,8 | 4.97,29.85 | 1011,0.0 | 0.0
2010-06-22,30.0,14.0,41.0,8.0,29.85,0.0,30 | 86.0,14 | 57.2,41,8 | 4.97,29.85 | 1011,0.0 | 0.0
2010-06-23,31.0,13.0,39.0,10.0,29.83,0.0,31 | 87.8,13 | 55.4,39,10 | 6.21,29.83 | 1010,0.0 | 0.0
2010-06-24,29.0,14.0,43.0,10.0,29.85,0.0,29 | 84.2,14 | 57.2,43,10 | 6.21,29.85 | 1011,0.0 | 0.0
2010-06-25,30.0,13.0,40.0,10.0,29.85,0.0,30 | 86.0,13 | 55.4,40,10 | 6.21,29.85 | 1011,0.0 | 0.0
2010-06-26,30.0,13.0,39.0,10.0,29.85,0.0,30 | 86.0,13 | 55.4,39,10 | 6.21,29.85 | 1011,0.0 | 0.0
2010-06-27,31.0,14.0,39.0,10.0,29.85,0.0,31 | 87.8,14 | 57.2,39,10 | 6.21,29.85 | 1011,0.0 | 0.0
2010-06-28,30.0,13.0,40.0,10.0,29.88,0.0,30 | 86.0,13 | 55.4,40,10 | 6.21,29.88 | 1012,0.0 | 0.0
2010-06-29,30.0,13.0,42.0,8.0,29.88,0.0,30 | 86.0,13 | 55.4,42,8 | 4.97,29.88 | 1012,0.0 | 0.0
2010-06-30,31.0,13.0,37.0,10.0,29.85,0.0,31 | 87.8,13 | 55.4,37,10 | 6.21,29.85 | 1011,0.0 | 0.0
2010-07-01,31.0,11.0,33.0,8.0,29.85,0.0,31 | 87.8,11 | 51.8,33,8 | 4.97,29.85 | 1011,0.0 | 0.0
2010-07-02,31.0,14.0,39.0,6.0,29.85,0.0,31 | 87.8,14 | 57.2,39,6 | 3.73,29.85 | 1011,0.0 | 0.0
2010-07-03,31.0,15.0,43.0,7.0,29.85,0.0,31 | 87.8,15 | 59.0,43,7 | 4.35,29.85 | 1011,0.0 | 0.0
2010-07-04,28.0,15.0,46.0,8.0,29.91,0.6,28 | 82.4,15 | 59.0,46,8 | 4.97,29.91 | 1013,0.6 | 0.02
2010-07-05,30.0,14.0,45.0,8.0,29.88,0.3,30 | 86.0,14 | 57.2,45,8 | 4.97,29.88 | 1012,0.3 | 0.01
2010-07-06,29.0,13.0,40.0,11.0,29.88,0.0,29 | 84.2,13 | 55.4,40,11 | 6.84,29.88 | 1012,0.0 | 0.0
2010-07-07,29.0,13.0,43.0,10.0,29.88,0.0,29 | 84.2,13 | 55.4,43,10 | 6.21,29.88 | 1012,0.0 | 0.0
2010-07-08,29.0,13.0,41.0,11.0,29.88,0.0,29 | 84.2,13 | 55.4,41,11 | 6.84,29.88 | 1012,0.0 | 0.0
2010-07-09,29.0,13.0,41.0,12.0,29.88,0.0,29 | 84.2,13 | 55.4,41,12 | 7.46,29.88 | 1012,0.0 | 0.0
2010-07-10,30.0,13.0,37.0,10.0,29.83,0.0,30 | 86.0,13 | 55.4,37,10 | 6.21,29.83 | 1010,0.0 | 0.0
2010-07-11,31.0,13.0,38.0,9.0,29.83,0.0,31 | 87.8,13 | 55.4,38,9 | 5.59,29.83 | 1010,0.0 | 0.0
2010-07-12,30.0,13.0,38.0,10.0,29.85,0.0,30 | 86.0,13 | 55.4,38,10 | 6.21,29.85 | 1011,0.0 | 0.0
2010-07-13,30.0,14.0,42.0,10.0,29.85,0.0,30 | 86.0,14 | 57.2,42,10 | 6.21,29.85 | 1011,0.0 | 0.0
2010-07-14,30.0,12.0,36.0,11.0,29.83,0.0,30 | 86.0,12 | 53.6,36,11 | 6.84,29.83 | 1010,0.0 | 0.0
2010-07-15,30.0,11.0,36.0,11.0,29.83,0.0,30 | 86.0,11 | 51.8,36,11 | 6.84,29.83 | 1010,0.0 | 0.0
2010-07-16,30.0,13.0,39.0,13.0,29.85,0.0,30 | 86.0,13 | 55.4,39,13 | 8.08,29.85 | 1011,0.0 | 0.0
2010-07-17,30.0,13.0,40.0,9.0,29.88,0.0,30 | 86.0,13 | 55.4,40,9 | 5.59,29.88 | 1012,0.0 | 0.0
2010-07-18,29.0,13.0,40.0,9.0,29.91,0.0,29 | 84.2,13 | 55.4,40,9 | 5.59,29.91 | 1013,0.0 | 0.0
2010-07-19,29.0,14.0,43.0,13.0,29.91,0.0,29 | 84.2,14 | 57.2,43,13 | 8.08,29.91 | 1013,0.0 | 0.0
2010-07-20,28.0,15.0,47.0,8.0,29.91,0.0,28 | 82.4,15 | 59.0,47,8 | 4.97,29.91 | 1013,0.0 | 0.0
2010-07-21,26.0,14.0,48.0,9.0,29.88,0.0,26 | 78.8,14 | 57.2,48,9 | 5.59,29.88 | 1012,0.0 | 0.0
2010-07-22,28.0,15.0,48.0,5.0,29.88,0.0,28 | 82.4,15 | 59.0,48,5 | 3.11,29.88 | 1012,0.0 | 0.0
2010-07-23,29.0,15.0,47.0,4.0,29.94,0.8,29 | 84.2,15 | 59.0,47,4 | 2.49,29.94 | 1014,0.8 | 0.03
2010-07-24,28.0,16.0,52.0,10.0,29.94,0.1,28 | 82.4,16 | 60.8,52,10 | 6.21,29.94 | 1014,0.1 | 0.0
2010-07-25,24.0,18.0,70.0,8.0,29.94,5.2,24 | 75.2,18 | 64.4,70,8 | 4.97,29.94 | 1014,5.2 | 0.2
2010-07-26,27.0,17.0,61.0,4.0,29.94,1.1,27 | 80.6,17 | 62.6,61,4 | 2.49,29.94 | 1014,1.1 | 0.04
2010-07-27,29.0,15.0,46.0,8.0,29.94,0.0,29 | 84.2,15 | 59.0,46,8 | 4.97,29.94 | 1014,0.0 | 0.0
2010-07-28,29.0,14.0,45.0,7.0,29.94,0.0,29 | 84.2,14 | 57.2,45,7 | 4.35,29.94 | 1014,0.0 | 0.0
2010-07-29,28.0,17.0,56.0,5.0,29.91,2.8,28 | 82.4,17 | 62.6,56,5 | 3.11,29.91 | 1013,2.8 | 0.11
2010-07-30,27.0,19.0,65.0,5.0,29.88,2.5,27 | 80.6,19 | 66.2,65,5 | 3.11,29.88 | 1012,2.5 | 0.1
2010-07-31,27.0,18.0,64.0,6.0,29.88,10.7,27 | 80.6,18 | 64.4,64,6 | 3.73,29.88 | 1012,10.7 | 0.42
2010-08-01,27.0,17.0,58.0,6.0,29.91,0.0,27 | 80.6,17 | 62.6,58,6 | 3.73,29.91 | 1013,0.0 | 0.0
2010-08-02,28.0,16.0,54.0,7.0,29.91,0.0,28 | 82.4,16 | 60.8,54,7 | 4.35,29.91 | 1013,0.0 | 0.0
2010-08-03,28.0,15.0,52.0,7.0,29.91,0.0,28 | 82.4,15 | 59.0,52,7 | 4.35,29.91 | 1013,0.0 | 0.0
2010-08-04,28.0,16.0,51.0,7.0,29.88,0.0,28 | 82.4,16 | 60.8,51,7 | 4.35,29.88 | 1012,0.0 | 0.0
2010-08-05,29.0,16.0,51.0,7.0,29.88,0.0,29 | 84.2,16 | 60.8,51,7 | 4.35,29.88 | 1012,0.0 | 0.0
2010-08-06,28.0,16.0,50.0,9.0,29.91,0.0,28 | 82.4,16 | 60.8,50,9 | 5.59,29.91 | 1013,0.0 | 0.0
2010-08-07,28.0,17.0,56.0,11.0,29.91,0.0,28 | 82.4,17 | 62.6,56,11 | 6.84,29.91 | 1013,0.0 | 0.0
2010-08-08,28.0,16.0,54.0,8.0,29.91,3.0,28 | 82.4,16 | 60.8,54,8 | 4.97,29.91 | 1013,3.0 | 0.12
2010-08-09,29.0,15.0,49.0,8.0,29.88,0.0,29 | 84.2,15 | 59.0,49,8 | 4.97,29.88 | 1012,0.0 | 0.0
2010-08-10,29.0,16.0,51.0,10.0,29.88,0.0,29 | 84.2,16 | 60.8,51,10 | 6.21,29.88 | 1012,0.0 | 0.0
2010-08-11,29.0,15.0,48.0,9.0,29.91,0.0,29 | 84.2,15 | 59.0,48,9 | 5.59,29.91 | 1013,0.0 | 0.0
2010-08-12,29.0,13.0,43.0,9.0,29.91,0.0,29 | 84.2,13 | 55.4,43,9 | 5.59,29.91 | 1013,0.0 | 0.0
2010-08-13,28.0,15.0,50.0,9.0,29.94,0.0,28 | 82.4,15 | 59.0,50,9 | 5.59,29.94 | 1014,0.0 | 0.0
2010-08-14,28.0,15.0,49.0,7.0,29.91,0.0,28 | 82.4,15 | 59.0,49,7 | 4.35,29.91 | 1013,0.0 | 0.0
2010-08-15,29.0,16.0,51.0,7.0,29.91,4.6,29 | 84.2,16 | 60.8,51,7 | 4.35,29.91 | 1013,4.6 | 0.18
2010-08-16,29.0,16.0,48.0,7.0,29.91,0.0,29 | 84.2,16 | 60.8,48,7 | 4.35,29.91 | 1013,0.0 | 0.0
2010-08-17,29.0,15.0,45.0,6.0,29.88,0.4,29 | 84.2,15 | 59.0,45,6 | 3.73,29.88 | 1012,0.4 | 0.02
2010-08-18,29.0,15.0,47.0,5.0,29.85,0.2,29 | 84.2,15 | 59.0,47,5 | 3.11,29.85 | 1011,0.2 | 0.01
2010-08-19,29.0,13.0,42.0,5.0,29.85,0.0,29 | 84.2,13 | 55.4,42,5 | 3.11,29.85 | 1011,0.0 | 0.0
2010-08-20,30.0,13.0,40.0,6.0,29.88,0.0,30 | 86.0,13 | 55.4,40,6 | 3.73,29.88 | 1012,0.0 | 0.0
2010-08-21,29.0,18.0,57.0,6.0,29.88,15.2,29 | 84.2,18 | 64.4,57,6 | 3.73,29.88 | 1012,15.2 | 0.6
2010-08-22,27.0,19.0,66.0,7.0,29.88,21.6,27 | 80.6,19 | 66.2,66,7 | 4.35,29.88 | 1012,21.6 | 0.85
2010-08-23,28.0,19.0,62.0,5.0,29.88,0.5,28 | 82.4,19 | 66.2,62,5 | 3.11,29.88 | 1012,0.5 | 0.02
2010-08-24,28.0,19.0,61.0,7.0,29.88,2.0,28 | 82.4,19 | 66.2,61,7 | 4.35,29.88 | 1012,2.0 | 0.08
2010-08-25,25.0,20.0,76.0,7.0,29.91,24.4,25 | 77.0,20 | 68.0,76,7 | 4.35,29.91 | 1013,24.4 | 0.96
2010-08-26,27.0,20.0,72.0,4.0,29.88,3.3,27 | 80.6,20 | 68.0,72,4 | 2.49,29.88 | 1012,3.3 | 0.13
2010-08-27,27.0,19.0,66.0,6.0,29.88,2.7,27 | 80.6,19 | 66.2,66,6 | 3.73,29.88 | 1012,2.7 | 0.11
2010-08-28,27.0,19.0,68.0,8.0,29.88,3.6,27 | 80.6,19 | 66.2,68,8 | 4.97,29.88 | 1012,3.6 | 0.14
2010-08-29,27.0,19.0,67.0,7.0,29.88,1.5,27 | 80.6,19 | 66.2,67,7 | 4.35,29.88 | 1012,1.5 | 0.06
2010-08-30,27.0,18.0,62.0,7.0,29.91,0.0,27 | 80.6,18 | 64.4,62,7 | 4.35,29.91 | 1013,0.0 | 0.0
2010-08-31,28.0,17.0,56.0,5.0,29.88,0.0,28 | 82.4,17 | 62.6,56,5 | 3.11,29.88 | 1012,0.0 | 0.0
2010-09-01,28.0,18.0,58.0,6.0,29.88,6.6,28 | 82.4,18 | 64.4,58,6 | 3.73,29.88 | 1012,6.6 | 0.26
2010-09-02,28.0,18.0,59.0,5.0,29.88,0.1,28 | 82.4,18 | 64.4,59,5 | 3.11,29.88 | 1012,0.1 | 0.0
2010-09-03,28.0,18.0,59.0,7.0,29.85,0.0,28 | 82.4,18 | 64.4,59,7 | 4.35,29.85 | 1011,0.0 | 0.0
2010-09-04,29.0,18.0,55.0,5.0,29.85,0.0,29 | 84.2,18 | 64.4,55,5 | 3.11,29.85 | 1011,0.0 | 0.0
2010-09-05,30.0,17.0,51.0,6.0,29.85,0.0,30 | 86.0,17 | 62.6,51,6 | 3.73,29.85 | 1011,0.0 | 0.0
2010-09-06,30.0,15.0,46.0,7.0,29.85,0.0,30 | 86.0,15 | 59.0,46,7 | 4.35,29.85 | 1011,0.0 | 0.0
2010-09-07,29.0,14.0,45.0,8.0,29.85,0.0,29 | 84.2,14 | 57.2,45,8 | 4.97,29.85 | 1011,0.0 | 0.0
2010-09-08,29.0,14.0,45.0,7.0,29.88,0.0,29 | 84.2,14 | 57.2,45,7 | 4.35,29.88 | 1012,0.0 | 0.0
2010-09-09,30.0,14.0,44.0,6.0,29.85,0.0,30 | 86.0,14 | 57.2,44,6 | 3.73,29.85 | 1011,0.0 | 0.0
2010-09-10,30.0,15.0,45.0,6.0,29.83,0.6,30 | 86.0,15 | 59.0,45,6 | 3.73,29.83 | 1010,0.6 | 0.02
2010-09-11,31.0,16.0,47.0,7.0,29.83,2.0,31 | 87.8,16 | 60.8,47,7 | 4.35,29.83 | 1010,2.0 | 0.08
2010-09-12,28.0,19.0,61.0,10.0,29.88,12.0,28 | 82.4,19 | 66.2,61,10 | 6.21,29.88 | 1012,12.0 | 0.47
2010-09-13,28.0,16.0,53.0,7.0,29.88,0.1,28 | 82.4,16 | 60.8,53,7 | 4.35,29.88 | 1012,0.1 | 0.0
2010-09-14,28.0,14.0,47.0,7.0,29.85,0.0,28 | 82.4,14 | 57.2,47,7 | 4.35,29.85 | 1011,0.0 | 0.0
2010-09-15,29.0,15.0,49.0,7.0,29.85,0.0,29 | 84.2,15 | 59.0,49,7 | 4.35,29.85 | 1011,0.0 | 0.0
2010-09-16,29.0,16.0,49.0,7.0,29.85,0.0,29 | 84.2,16 | 60.8,49,7 | 4.35,29.85 | 1011,0.0 | 0.0
2010-09-17,30.0,17.0,51.0,7.0,29.85,1.0,30 | 86.0,17 | 62.6,51,7 | 4.35,29.85 | 1011,1.0 | 0.04
2010-09-18,29.0,16.0,50.0,9.0,29.85,0.0,29 | 84.2,16 | 60.8,50,9 | 5.59,29.85 | 1011,0.0 | 0.0
2010-09-19,29.0,15.0,47.0,9.0,29.8,0.0,29 | 84.2,15 | 59.0,47,9 | 5.59,29.8 | 1009,0.0 | 0.0
2010-09-20,30.0,15.0,45.0,8.0,29.8,0.0,30 | 86.0,15 | 59.0,45,8 | 4.97,29.8 | 1009,0.0 | 0.0
2010-09-21,30.0,16.0,48.0,8.0,29.83,0.2,30 | 86.0,16 | 60.8,48,8 | 4.97,29.83 | 1010,0.2 | 0.01
2010-09-22,30.0,16.0,50.0,9.0,29.83,0.0,30 | 86.0,16 | 60.8,50,9 | 5.59,29.83 | 1010,0.0 | 0.0
2010-09-23,29.0,15.0,48.0,10.0,29.85,0.0,29 | 84.2,15 | 59.0,48,10 | 6.21,29.85 | 1011,0.0 | 0.0
2010-09-24,29.0,13.0,42.0,9.0,29.83,0.0,29 | 84.2,13 | 55.4,42,9 | 5.59,29.83 | 1010,0.0 | 0.0
2010-09-25,29.0,13.0,41.0,10.0,29.85,0.0,29 | 84.2,13 | 55.4,41,10 | 6.21,29.85 | 1011,0.0 | 0.0
2010-09-26,30.0,15.0,46.0,9.0,29.85,0.0,30 | 86.0,15 | 59.0,46,9 | 5.59,29.85 | 1011,0.0 | 0.0
2010-09-27,31.0,14.0,43.0,8.0,29.85,0.1,31 | 87.8,14 | 57.2,43,8 | 4.97,29.85 | 1011,0.1 | 0.0
2010-09-28,30.0,15.0,46.0,10.0,29.83,0.4,30 | 86.0,15 | 59.0,46,10 | 6.21,29.83 | 1010,0.4 | 0.02
2010-09-29,29.0,15.0,48.0,11.0,29.83,0.9,29 | 84.2,15 | 59.0,48,11 | 6.84,29.83 | 1010,0.9 | 0.04
2010-09-30,29.0,15.0,49.0,9.0,29.83,0.0,29 | 84.2,15 | 59.0,49,9 | 5.59,29.83 | 1010,0.0 | 0.0
2010-10-01,29.0,14.0,44.0,9.0,29.8,0.0,29 | 84.2,14 | 57.2,44,9 | 5.59,29.8 | 1009,0.0 | 0.0
2010-10-02,30.0,14.0,44.0,8.0,29.8,0.4,30 | 86.0,14 | 57.2,44,8 | 4.97,29.8 | 1009,0.4 | 0.02
2010-10-03,30.0,14.0,42.0,7.0,29.8,0.0,30 | 86.0,14 | 57.2,42,7 | 4.35,29.8 | 1009,0.0 | 0.0
2010-10-04,30.0,15.0,43.0,9.0,29.8,0.0,30 | 86.0,15 | 59.0,43,9 | 5.59,29.8 | 1009,0.0 | 0.0
2010-10-05,31.0,14.0,43.0,8.0,29.83,0.0,31 | 87.8,14 | 57.2,43,8 | 4.97,29.83 | 1010,0.0 | 0.0
2010-10-06,30.0,15.0,45.0,9.0,29.83,0.2,30 | 86.0,15 | 59.0,45,9 | 5.59,29.83 | 1010,0.2 | 0.01
2010-10-07,30.0,15.0,47.0,8.0,29.85,0.0,30 | 86.0,15 | 59.0,47,8 | 4.97,29.85 | 1011,0.0 | 0.0
2010-10-08,30.0,13.0,41.0,8.0,29.85,0.0,30 | 86.0,13 | 55.4,41,8 | 4.97,29.85 | 1011,0.0 | 0.0
2010-10-09,31.0,15.0,42.0,8.0,29.85,0.1,31 | 87.8,15 | 59.0,42,8 | 4.97,29.85 | 1011,0.1 | 0.0
2010-10-10,32.0,15.0,41.0,7.0,29.8,0.0,32 | 89.6,15 | 59.0,41,7 | 4.35,29.8 | 1009,0.0 | 0.0
2010-10-11,32.0,16.0,47.0,8.0,29.8,1.8,32 | 89.6,16 | 60.8,47,8 | 4.97,29.8 | 1009,1.8 | 0.07
2010-10-12,32.0,16.0,47.0,8.0,29.8,1.1,32 | 89.6,16 | 60.8,47,8 | 4.97,29.8 | 1009,1.1 | 0.04
2010-10-13,31.0,15.0,44.0,9.0,29.83,0.0,31 | 87.8,15 | 59.0,44,9 | 5.59,29.83 | 1010,0.0 | 0.0
2010-10-14,31.0,15.0,45.0,10.0,29.83,0.0,31 | 87.8,15 | 59.0,45,10 | 6.21,29.83 | 1010,0.0 | 0.0
2010-10-15,31.0,16.0,46.0,10.0,29.8,0.0,31 | 87.8,16 | 60.8,46,10 | 6.21,29.8 | 1009,0.0 | 0.0
2010-10-16,31.0,16.0,47.0,11.0,29.83,0.8,31 | 87.8,16 | 60.8,47,11 | 6.84,29.83 | 1010,0.8 | 0.03
2010-10-17,31.0,17.0,49.0,9.0,29.8,1.7,31 | 87.8,17 | 62.6,49,9 | 5.59,29.8 | 1009,1.7 | 0.07
2010-10-18,29.0,18.0,56.0,7.0,29.83,1.7,29 | 84.2,18 | 64.4,56,7 | 4.35,29.83 | 1010,1.7 | 0.07
2010-10-19,30.0,17.0,51.0,6.0,29.8,0.2,30 | 86.0,17 | 62.6,51,6 | 3.73,29.8 | 1009,0.2 | 0.01
2010-10-20,30.0,14.0,42.0,8.0,29.8,0.0,30 | 86.0,14 | 57.2,42,8 | 4.97,29.8 | 1009,0.0 | 0.0
2010-10-21,30.0,15.0,44.0,8.0,29.8,0.0,30 | 86.0,15 | 59.0,44,8 | 4.97,29.8 | 1009,0.0 | 0.0
2010-10-22,30.0,16.0,48.0,9.0,29.8,0.0,30 | 86.0,16 | 60.8,48,9 | 5.59,29.8 | 1009,0.0 | 0.0
2010-10-23,30.0,17.0,51.0,8.0,29.77,0.9,30 | 86.0,17 | 62.6,51,8 | 4.97,29.77 | 1008,0.9 | 0.04
2010-10-24,30.0,17.0,51.0,8.0,29.8,0.6,30 | 86.0,17 | 62.6,51,8 | 4.97,29.8 | 1009,0.6 | 0.02
2010-10-25,30.0,18.0,55.0,10.0,29.77,10.6,30 | 86.0,18 | 64.4,55,10 | 6.21,29.77 | 1008,10.6 | 0.42
2010-10-26,30.0,18.0,56.0,11.0,29.8,4.8,30 | 86.0,18 | 64.4,56,11 | 6.84,29.8 | 1009,4.8 | 0.19
2010-10-27,30.0,18.0,54.0,10.0,29.8,0.4,30 | 86.0,18 | 64.4,54,10 | 6.21,29.8 | 1009,0.4 | 0.02
2010-10-28,30.0,17.0,51.0,10.0,29.8,0.3,30 | 86.0,17 | 62.6,51,10 | 6.21,29.8 | 1009,0.3 | 0.01
2010-10-29,29.0,17.0,52.0,10.0,29.8,0.0,29 | 84.2,17 | 62.6,52,10 | 6.21,29.8 | 1009,0.0 | 0.0
2010-10-30,30.0,17.0,52.0,10.0,29.85,0.0,30 | 86.0,17 | 62.6,52,10 | 6.21,29.85 | 1011,0.0 | 0.0
2010-10-31,30.0,17.0,50.0,11.0,29.85,0.0,30 | 86.0,17 | 62.6,50,11 | 6.84,29.85 | 1011,0.0 | 0.0
2010-11-01,31.0,16.0,47.0,9.0,29.83,0.0,31 | 87.8,16 | 60.8,47,9 | 5.59,29.83 | 1010,0.0 | 0.0
2010-11-02,31.0,16.0,47.0,8.0,29.77,0.5,31 | 87.8,16 | 60.8,47,8 | 4.97,29.77 | 1008,0.5 | 0.02
2010-11-03,31.0,16.0,46.0,9.0,29.77,0.0,31 | 87.8,16 | 60.8,46,9 | 5.59,29.77 | 1008,0.0 | 0.0
2010-11-04,31.0,15.0,44.0,11.0,29.8,0.0,31 | 87.8,15 | 59.0,44,11 | 6.84,29.8 | 1009,0.0 | 0.0
2010-11-05,31.0,16.0,46.0,11.0,29.83,0.0,31 | 87.8,16 | 60.8,46,11 | 6.84,29.83 | 1010,0.0 | 0.0
2010-11-06,31.0,16.0,47.0,10.0,29.83,0.0,31 | 87.8,16 | 60.8,47,10 | 6.21,29.83 | 1010,0.0 | 0.0
2010-11-07,31.0,16.0,46.0,9.0,29.8,0.0,31 | 87.8,16 | 60.8,46,9 | 5.59,29.8 | 1009,0.0 | 0.0
2010-11-08,31.0,16.0,46.0,8.0,29.77,0.0,31 | 87.8,16 | 60.8,46,8 | 4.97,29.77 | 1008,0.0 | 0.0
2010-11-09,31.0,17.0,50.0,9.0,29.8,2.5,31 | 87.8,17 | 62.6,50,9 | 5.59,29.8 | 1009,2.5 | 0.1
2010-11-10,30.0,17.0,50.0,14.0,29.85,0.2,30 | 86.0,17 | 62.6,50,14 | 8.7,29.85 | 1011,0.2 | 0.01
2010-11-11,30.0,16.0,48.0,11.0,29.83,0.0,30 | 86.0,16 | 60.8,48,11 | 6.84,29.83 | 1010,0.0 | 0.0
2010-11-12,30.0,16.0,48.0,11.0,29.77,0.0,30 | 86.0,16 | 60.8,48,11 | 6.84,29.77 | 1008,0.0 | 0.0
2010-11-13,30.0,17.0,50.0,11.0,29.74,0.0,30 | 86.0,17 | 62.6,50,11 | 6.84,29.74 | 1007,0.0 | 0.0
2010-11-14,30.0,16.0,49.0,11.0,29.8,0.0,30 | 86.0,16 | 60.8,49,11 | 6.84,29.8 | 1009,0.0 | 0.0
2010-11-15,30.0,17.0,51.0,13.0,29.85,0.6,30 | 86.0,17 | 62.6,51,13 | 8.08,29.85 | 1011,0.6 | 0.02
2010-11-16,30.0,16.0,50.0,10.0,29.83,0.0,30 | 86.0,16 | 60.8,50,10 | 6.21,29.83 | 1010,0.0 | 0.0
2010-11-17,30.0,16.0,48.0,9.0,29.77,0.0,30 | 86.0,16 | 60.8,48,9 | 5.59,29.77 | 1008,0.0 | 0.0
2010-11-18,30.0,15.0,47.0,10.0,29.8,0.0,30 | 86.0,15 | 59.0,47,10 | 6.21,29.8 | 1009,0.0 | 0.0
2010-11-19,30.0,14.0,43.0,11.0,29.83,0.0,30 | 86.0,14 | 57.2,43,11 | 6.84,29.83 | 1010,0.0 | 0.0
2010-11-20,30.0,16.0,47.0,9.0,29.8,0.6,30 | 86.0,16 | 60.8,47,9 | 5.59,29.8 | 1009,0.6 | 0.02
2010-11-21,30.0,17.0,51.0,9.0,29.74,0.4,30 | 86.0,17 | 62.6,51,9 | 5.59,29.74 | 1007,0.4 | 0.02
2010-11-22,30.0,17.0,52.0,10.0,29.74,0.0,30 | 86.0,17 | 62.6,52,10 | 6.21,29.74 | 1007,0.0 | 0.0
2010-11-23,30.0,18.0,54.0,12.0,29.74,11.5,30 | 86.0,18 | 64.4,54,12 | 7.46,29.74 | 1007,11.5 | 0.45
2010-11-24,29.0,17.0,53.0,11.0,29.77,0.0,29 | 84.2,17 | 62.6,53,11 | 6.84,29.77 | 1008,0.0 | 0.0
2010-11-25,30.0,17.0,53.0,12.0,29.8,0.0,30 | 86.0,17 | 62.6,53,12 | 7.46,29.8 | 1009,0.0 | 0.0
2010-11-26,30.0,17.0,52.0,13.0,29.83,1.1,30 | 86.0,17 | 62.6,52,13 | 8.08,29.83 | 1010,1.1 | 0.04
2010-11-27,29.0,17.0,53.0,11.0,29.8,0.0,29 | 84.2,17 | 62.6,53,11 | 6.84,29.8 | 1009,0.0 | 0.0
2010-11-28,30.0,16.0,50.0,11.0,29.8,0.0,30 | 86.0,16 | 60.8,50,11 | 6.84,29.8 | 1009,0.0 | 0.0
2010-11-29,30.0,14.0,45.0,8.0,29.8,0.0,30 | 86.0,14 | 57.2,45,8 | 4.97,29.8 | 1009,0.0 | 0.0
2010-11-30,30.0,13.0,42.0,8.0,29.8,0.0,30 | 86.0,13 | 55.4,42,8 | 4.97,29.8 | 1009,0.0 | 0.0
2010-12-01,30.0,13.0,42.0,8.0,29.77,0.0,30 | 86.0,13 | 55.4,42,8 | 4.97,29.77 | 1008,0.0 | 0.0
2010-12-02,30.0,11.0,36.0,10.0,29.77,0.0,30 | 86.0,11 | 51.8,36,10 | 6.21,29.77 | 1008,0.0 | 0.0
2010-12-03,30.0,11.0,38.0,9.0,29.8,0.0,30 | 86.0,11 | 51.8,38,9 | 5.59,29.8 | 1009,0.0 | 0.0
2010-12-04,30.0,11.0,37.0,6.0,29.8,0.0,30 | 86.0,11 | 51.8,37,6 | 3.73,29.8 | 1009,0.0 | 0.0
2010-12-05,30.0,9.0,31.0,6.0,29.74,0.0,30 | 86.0,9 | 48.2,31,6 | 3.73,29.74 | 1007,0.0 | 0.0
2010-12-06,30.0,11.0,34.0,6.0,29.71,0.0,30 | 86.0,11 | 51.8,34,6 | 3.73,29.71 | 1006,0.0 | 0.0
2010-12-07,31.0,13.0,38.0,8.0,29.74,0.7,31 | 87.8,13 | 55.4,38,8 | 4.97,29.74 | 1007,0.7 | 0.03
2010-12-08,30.0,16.0,48.0,8.0,29.77,0.4,30 | 86.0,16 | 60.8,48,8 | 4.97,29.77 | 1008,0.4 | 0.02
2010-12-09,30.0,16.0,49.0,8.0,29.8,0.0,30 | 86.0,16 | 60.8,49,8 | 4.97,29.8 | 1009,0.0 | 0.0
2010-12-10,30.0,16.0,49.0,9.0,29.8,0.0,30 | 86.0,16 | 60.8,49,9 | 5.59,29.8 | 1009,0.0 | 0.0
2010-12-11,30.0,16.0,50.0,9.0,29.77,3.6,30 | 86.0,16 | 60.8,50,9 | 5.59,29.77 | 1008,3.6 | 0.14
2010-12-12,30.0,16.0,48.0,11.0,29.74,0.1,30 | 86.0,16 | 60.8,48,11 | 6.84,29.74 | 1007,0.1 | 0.0
2010-12-13,30.0,15.0,48.0,13.0,29.77,0.0,30 | 86.0,15 | 59.0,48,13 | 8.08,29.77 | 1008,0.0 | 0.0
2010-12-14,29.0,14.0,44.0,13.0,29.8,0.0,29 | 84.2,14 | 57.2,44,13 | 8.08,29.8 | 1009,0.0 | 0.0
2010-12-15,29.0,13.0,41.0,11.0,29.83,0.0,29 | 84.2,13 | 55.4,41,11 | 6.84,29.83 | 1010,0.0 | 0.0
2010-12-16,30.0,12.0,39.0,8.0,29.8,0.0,30 | 86.0,12 | 53.6,39,8 | 4.97,29.8 | 1009,0.0 | 0.0
2010-12-17,30.0,12.0,41.0,9.0,29.8,0.0,30 | 86.0,12 | 53.6,41,9 | 5.59,29.8 | 1009,0.0 | 0.0
2010-12-18,30.0,9.0,35.0,8.0,29.8,0.0,30 | 86.0,9 | 48.2,35,8 | 4.97,29.8 | 1009,0.0 | 0.0
2010-12-19,30.0,7.0,29.0,6.0,29.77,0.0,30 | 86.0,7 | 44.6,29,6 | 3.73,29.77 | 1008,0.0 | 0.0
2010-12-20,30.0,7.0,28.0,7.0,29.77,0.0,30 | 86.0,7 | 44.6,28,7 | 4.35,29.77 | 1008,0.0 | 0.0
2010-12-21,30.0,8.0,32.0,8.0,29.8,0.0,30 | 86.0,8 | 46.4,32,8 | 4.97,29.8 | 1009,0.0 | 0.0
2010-12-22,30.0,9.0,32.0,8.0,29.8,0.0,30 | 86.0,9 | 48.2,32,8 | 4.97,29.8 | 1009,0.0 | 0.0
2010-12-23,31.0,10.0,33.0,6.0,29.77,0.0,31 | 87.8,10 | 50.0,33,6 | 3.73,29.77 | 1008,0.0 | 0.0
2010-12-24,31.0,10.0,33.0,7.0,29.77,0.0,31 | 87.8,10 | 50.0,33,7 | 4.35,29.77 | 1008,0.0 | 0.0
2010-12-25,31.0,14.0,42.0,9.0,29.77,0.0,31 | 87.8,14 | 57.2,42,9 | 5.59,29.77 | 1008,0.0 | 0.0
2010-12-26,30.0,16.0,49.0,9.0,29.77,0.0,30 | 86.0,16 | 60.8,49,9 | 5.59,29.77 | 1008,0.0 | 0.0
2010-12-27,30.0,17.0,51.0,10.0,29.77,0.8,30 | 86.0,17 | 62.6,51,10 | 6.21,29.77 | 1008,0.8 | 0.03
2010-12-28,30.0,16.0,52.0,11.0,29.77,0.0,30 | 86.0,16 | 60.8,52,11 | 6.84,29.77 | 1008,0.0 | 0.0
2010-12-29,30.0,16.0,49.0,10.0,29.77,0.0,30 | 86.0,16 | 60.8,49,10 | 6.21,29.77 | 1008,0.0 | 0.0
2010-12-30,30.0,15.0,47.0,10.0,29.8,0.0,30 | 86.0,15 | 59.0,47,10 | 6.21,29.8 | 1009,0.0 | 0.0
2010-12-31,30.0,15.0,48.0,10.0,29.8,0.0,30 | 86.0,15 | 59.0,48,10 | 6.21,29.8 | 1009,0.0 | 0.0
2011-01-01,30.0,15.0,47.0,11.0,29.77,0.0,30 | 86.0,15 | 59.0,47,11 | 6.84,29.77 | 1008,0.0 | 0.0
2011-01-02,30.0,15.0,48.0,13.0,29.74,0.0,30 | 86.0,15 | 59.0,48,13 | 8.08,29.74 | 1007,0.0 | 0.0
2011-01-03,30.0,14.0,45.0,11.0,29.77,0.0,30 | 86.0,14 | 57.2,45,11 | 6.84,29.77 | 1008,0.0 | 0.0
2011-01-04,30.0,13.0,42.0,9.0,29.77,0.0,30 | 86.0,13 | 55.4,42,9 | 5.59,29.77 | 1008,0.0 | 0.0
2011-01-05,30.0,13.0,43.0,6.0,29.74,0.0,30 | 86.0,13 | 55.4,43,6 | 3.73,29.74 | 1007,0.0 | 0.0
2011-01-06,31.0,11.0,38.0,6.0,29.74,0.0,31 | 87.8,11 | 51.8,38,6 | 3.73,29.74 | 1007,0.0 | 0.0
2011-01-07,31.0,9.0,32.0,8.0,29.74,0.0,31 | 87.8,9 | 48.2,32,8 | 4.97,29.74 | 1007,0.0 | 0.0
2011-01-08,30.0,8.0,30.0,9.0,29.77,0.0,30 | 86.0,8 | 46.4,30,9 | 5.59,29.77 | 1008,0.0 | 0.0
2011-01-09,30.0,9.0,31.0,6.0,29.77,0.0,30 | 86.0,9 | 48.2,31,6 | 3.73,29.77 | 1008,0.0 | 0.0
2011-01-10,31.0,9.0,32.0,7.0,29.8,0.0,31 | 87.8,9 | 48.2,32,7 | 4.35,29.8 | 1009,0.0 | 0.0
2011-01-11,31.0,9.0,32.0,7.0,29.77,0.0,31 | 87.8,9 | 48.2,32,7 | 4.35,29.77 | 1008,0.0 | 0.0
2011-01-12,31.0,12.0,37.0,10.0,29.74,0.0,31 | 87.8,12 | 53.6,37,10 | 6.21,29.74 | 1007,0.0 | 0.0
2011-01-13,31.0,14.0,43.0,9.0,29.74,0.0,31 | 87.8,14 | 57.2,43,9 | 5.59,29.74 | 1007,0.0 | 0.0
2011-01-14,31.0,14.0,43.0,10.0,29.74,0.0,31 | 87.8,14 | 57.2,43,10 | 6.21,29.74 | 1007,0.0 | 0.0
2011-01-15,31.0,12.0,39.0,9.0,29.8,0.0,31 | 87.8,12 | 53.6,39,9 | 5.59,29.8 | 1009,0.0 | 0.0
2011-01-16,31.0,11.0,38.0,8.0,29.8,0.0,31 | 87.8,11 | 51.8,38,8 | 4.97,29.8 | 1009,0.0 | 0.0
2011-01-17,31.0,11.0,36.0,7.0,29.74,0.0,31 | 87.8,11 | 51.8,36,7 | 4.35,29.74 | 1007,0.0 | 0.0
2011-01-18,31.0,12.0,38.0,9.0,29.71,0.0,31 | 87.8,12 | 53.6,38,9 | 5.59,29.71 | 1006,0.0 | 0.0
2011-01-19,30.0,13.0,42.0,8.0,29.74,0.0,30 | 86.0,13 | 55.4,42,8 | 4.97,29.74 | 1007,0.0 | 0.0
2011-01-20,31.0,12.0,41.0,7.0,29.71,0.0,31 | 87.8,12 | 53.6,41,7 | 4.35,29.71 | 1006,0.0 | 0.0
2011-01-21,31.0,13.0,40.0,10.0,29.74,0.0,31 | 87.8,13 | 55.4,40,10 | 6.21,29.74 | 1007,0.0 | 0.0
2011-01-22,30.0,12.0,39.0,12.0,29.77,0.0,30 | 86.0,12 | 53.6,39,12 | 7.46,29.77 | 1008,0.0 | 0.0
2011-01-23,31.0,14.0,41.0,13.0,29.74,0.0,31 | 87.8,14 | 57.2,41,13 | 8.08,29.74 | 1007,0.0 | 0.0
2011-01-24,31.0,15.0,44.0,13.0,29.77,0.7,31 | 87.8,15 | 59.0,44,13 | 8.08,29.77 | 1008,0.7 | 0.03
2011-01-25,30.0,11.0,39.0,12.0,29.77,0.0,30 | 86.0,11 | 51.8,39,12 | 7.46,29.77 | 1008,0.0 | 0.0
2011-01-26,30.0,7.0,31.0,10.0,29.77,0.0,30 | 86.0,7 | 44.6,31,10 | 6.21,29.77 | 1008,0.0 | 0.0
2011-01-27,30.0,6.0,27.0,12.0,29.8,0.0,30 | 86.0,6 | 42.8,27,12 | 7.46,29.8 | 1009,0.0 | 0.0
2011-01-28,30.0,7.0,28.0,13.0,29.83,0.0,30 | 86.0,7 | 44.6,28,13 | 8.08,29.83 | 1010,0.0 | 0.0
2011-01-29,31.0,12.0,39.0,10.0,29.83,0.0,31 | 87.8,12 | 53.6,39,10 | 6.21,29.83 | 1010,0.0 | 0.0
2011-01-30,32.0,12.0,37.0,7.0,29.77,0.0,32 | 89.6,12 | 53.6,37,7 | 4.35,29.77 | 1008,0.0 | 0.0
2011-01-31,32.0,13.0,37.0,10.0,29.77,1.1,32 | 89.6,13 | 55.4,37,10 | 6.21,29.77 | 1008,1.1 | 0.04
2011-02-01,31.0,15.0,44.0,12.0,29.77,0.0,31 | 87.8,15 | 59.0,44,12 | 7.46,29.77 | 1008,0.0 | 0.0
2011-02-02,31.0,17.0,50.0,9.0,29.77,0.0,31 | 87.8,17 | 62.6,50,9 | 5.59,29.77 | 1008,0.0 | 0.0
2011-02-03,31.0,16.0,47.0,9.0,29.8,0.3,31 | 87.8,16 | 60.8,47,9 | 5.59,29.8 | 1009,0.3 | 0.01
2011-02-04,31.0,14.0,42.0,14.0,29.8,0.0,31 | 87.8,14 | 57.2,42,14 | 8.7,29.8 | 1009,0.0 | 0.0
2011-02-05,30.0,11.0,36.0,11.0,29.8,0.0,30 | 86.0,11 | 51.8,36,11 | 6.84,29.8 | 1009,0.0 | 0.0
2011-02-06,30.0,6.0,30.0,9.0,29.8,0.0,30 | 86.0,6 | 42.8,30,9 | 5.59,29.8 | 1009,0.0 | 0.0
2011-02-07,31.0,4.0,25.0,7.0,29.8,0.0,31 | 87.8,4 | 39.2,25,7 | 4.35,29.8 | 1009,0.0 | 0.0
2011-02-08,31.0,3.0,22.0,6.0,29.74,0.0,31 | 87.8,3 | 37.4,22,6 | 3.73,29.74 | 1007,0.0 | 0.0
2011-02-09,32.0,5.0,24.0,7.0,29.71,0.0,32 | 89.6,5 | 41.0,24,7 | 4.35,29.71 | 1006,0.0 | 0.0
2011-02-10,32.0,7.0,27.0,6.0,29.68,0.0,32 | 89.6,7 | 44.6,27,6 | 3.73,29.68 | 1005,0.0 | 0.0
2011-02-11,33.0,9.0,29.0,6.0,29.71,0.0,33 | 91.4,9 | 48.2,29,6 | 3.73,29.71 | 1006,0.0 | 0.0
2011-02-12,33.0,8.0,26.0,7.0,29.71,0.0,33 | 91.4,8 | 46.4,26,7 | 4.35,29.71 | 1006,0.0 | 0.0
2011-02-13,33.0,9.0,27.0,7.0,29.74,0.0,33 | 91.4,9 | 48.2,27,7 | 4.35,29.74 | 1007,0.0 | 0.0
2011-02-14,32.0,9.0,29.0,7.0,29.74,0.0,32 | 89.6,9 | 48.2,29,7 | 4.35,29.74 | 1007,0.0 | 0.0
2011-02-15,32.0,13.0,37.0,7.0,29.71,0.2,32 | 89.6,13 | 55.4,37,7 | 4.35,29.71 | 1006,0.2 | 0.01
2011-02-16,32.0,16.0,45.0,9.0,29.74,4.1,32 | 89.6,16 | 60.8,45,9 | 5.59,29.74 | 1007,4.1 | 0.16
2011-02-17,32.0,16.0,47.0,9.0,29.77,0.2,32 | 89.6,16 | 60.8,47,9 | 5.59,29.77 | 1008,0.2 | 0.01
2011-02-18,32.0,16.0,44.0,8.0,29.77,0.5,32 | 89.6,16 | 60.8,44,8 | 4.97,29.77 | 1008,0.5 | 0.02
2011-02-19,32.0,13.0,37.0,11.0,29.77,0.1,32 | 89.6,13 | 55.4,37,11 | 6.84,29.77 | 1008,0.1 | 0.0
2011-02-20,32.0,10.0,33.0,12.0,29.8,0.0,32 | 89.6,10 | 50.0,33,12 | 7.46,29.8 | 1009,0.0 | 0.0
2011-02-21,31.0,12.0,36.0,10.0,29.8,0.0,31 | 87.8,12 | 53.6,36,10 | 6.21,29.8 | 1009,0.0 | 0.0
2011-02-22,32.0,12.0,36.0,10.0,29.77,0.1,32 | 89.6,12 | 53.6,36,10 | 6.21,29.77 | 1008,0.1 | 0.0
2011-02-23,31.0,15.0,45.0,12.0,29.8,3.4,31 | 87.8,15 | 59.0,45,12 | 7.46,29.8 | 1009,3.4 | 0.13
2011-02-24,31.0,15.0,44.0,11.0,29.8,0.0,31 | 87.8,15 | 59.0,44,11 | 6.84,29.8 | 1009,0.0 | 0.0
2011-02-25,31.0,11.0,36.0,9.0,29.74,0.0,31 | 87.8,11 | 51.8,36,9 | 5.59,29.74 | 1007,0.0 | 0.0
2011-02-26,31.0,9.0,31.0,9.0,29.74,0.0,31 | 87.8,9 | 48.2,31,9 | 5.59,29.74 | 1007,0.0 | 0.0
2011-02-27,32.0,14.0,40.0,14.0,29.77,0.1,32 | 89.6,14 | 57.2,40,14 | 8.7,29.77 | 1008,0.1 | 0.0
2011-02-28,31.0,13.0,39.0,12.0,29.77,0.0,31 | 87.8,13 | 55.4,39,12 | 7.46,29.77 | 1008,0.0 | 0.0
2011-03-01,32.0,12.0,38.0,11.0,29.74,0.0,32 | 89.6,12 | 53.6,38,11 | 6.84,29.74 | 1007,0.0 | 0.0
2011-03-02,32.0,12.0,36.0,11.0,29.74,0.0,32 | 89.6,12 | 53.6,36,11 | 6.84,29.74 | 1007,0.0 | 0.0
2011-03-03,32.0,14.0,38.0,13.0,29.8,0.1,32 | 89.6,14 | 57.2,38,13 | 8.08,29.8 | 1009,0.1 | 0.0
2011-03-04,32.0,14.0,37.0,14.0,29.8,0.3,32 | 89.6,14 | 57.2,37,14 | 8.7,29.8 | 1009,0.3 | 0.01
2011-03-05,32.0,14.0,36.0,15.0,29.77,0.1,32 | 89.6,14 | 57.2,36,15 | 9.32,29.77 | 1008,0.1 | 0.0
2011-03-06,33.0,14.0,36.0,15.0,29.77,0.0,33 | 91.4,14 | 57.2,36,15 | 9.32,29.77 | 1008,0.0 | 0.0
2011-03-07,32.0,15.0,41.0,11.0,29.77,0.0,32 | 89.6,15 | 59.0,41,11 | 6.84,29.77 | 1008,0.0 | 0.0
2011-03-08,33.0,13.0,36.0,14.0,29.77,0.0,33 | 91.4,13 | 55.4,36,14 | 8.7,29.77 | 1008,0.0 | 0.0
2011-03-09,33.0,11.0,31.0,14.0,29.77,0.0,33 | 91.4,11 | 51.8,31,14 | 8.7,29.77 | 1008,0.0 | 0.0
2011-03-10,32.0,12.0,35.0,15.0,29.77,0.0,32 | 89.6,12 | 53.6,35,15 | 9.32,29.77 | 1008,0.0 | 0.0
2011-03-11,32.0,12.0,35.0,11.0,29.77,0.0,32 | 89.6,12 | 53.6,35,11 | 6.84,29.77 | 1008,0.0 | 0.0
2011-03-12,32.0,13.0,37.0,9.0,29.74,0.1,32 | 89.6,13 | 55.4,37,9 | 5.59,29.74 | 1007,0.1 | 0.0
2011-03-13,32.0,15.0,41.0,11.0,29.74,0.1,32 | 89.6,15 | 59.0,41,11 | 6.84,29.74 | 1007,0.1 | 0.0
2011-03-14,32.0,16.0,45.0,11.0,29.74,0.0,32 | 89.6,16 | 60.8,45,11 | 6.84,29.74 | 1007,0.0 | 0.0
2011-03-15,31.0,17.0,50.0,11.0,29.74,6.5,31 | 87.8,17 | 62.6,50,11 | 6.84,29.74 | 1007,6.5 | 0.26
2011-03-16,31.0,18.0,54.0,5.0,29.77,1.7,31 | 87.8,18 | 64.4,54,5 | 3.11,29.77 | 1008,1.7 | 0.07
2011-03-17,26.0,21.0,75.0,6.0,29.83,41.8,26 | 78.8,21 | 69.8,75,6 | 3.73,29.83 | 1010,41.8 | 1.65
2011-03-18,27.0,20.0,71.0,7.0,29.83,4.6,27 | 80.6,20 | 68.0,71,7 | 4.35,29.83 | 1010,4.6 | 0.18
2011-03-19,28.0,18.0,59.0,7.0,29.77,0.9,28 | 82.4,18 | 64.4,59,7 | 4.35,29.77 | 1008,0.9 | 0.04
2011-03-20,30.0,19.0,56.0,6.0,29.77,2.6,30 | 86.0,19 | 66.2,56,6 | 3.73,29.77 | 1008,2.6 | 0.1
2011-03-21,31.0,17.0,49.0,6.0,29.77,0.0,31 | 87.8,17 | 62.6,49,6 | 3.73,29.77 | 1008,0.0 | 0.0
2011-03-22,31.0,17.0,48.0,4.0,29.8,0.0,31 | 87.8,17 | 62.6,48,4 | 2.49,29.8 | 1009,0.0 | 0.0
2011-03-23,31.0,18.0,51.0,5.0,29.8,3.5,31 | 87.8,18 | 64.4,51,5 | 3.11,29.8 | 1009,3.5 | 0.14
2011-03-24,32.0,16.0,45.0,8.0,29.77,0.2,32 | 89.6,16 | 60.8,45,8 | 4.97,29.77 | 1008,0.2 | 0.01
2011-03-25,31.0,15.0,42.0,8.0,29.77,0.0,31 | 87.8,15 | 59.0,42,8 | 4.97,29.77 | 1008,0.0 | 0.0
2011-03-26,32.0,15.0,41.0,8.0,29.8,0.0,32 | 89.6,15 | 59.0,41,8 | 4.97,29.8 | 1009,0.0 | 0.0
2011-03-27,32.0,17.0,46.0,8.0,29.83,0.2,32 | 89.6,17 | 62.6,46,8 | 4.97,29.83 | 1010,0.2 | 0.01
2011-03-28,32.0,16.0,45.0,7.0,29.83,0.4,32 | 89.6,16 | 60.8,45,7 | 4.35,29.83 | 1010,0.4 | 0.02
2011-03-29,32.0,16.0,43.0,7.0,29.8,0.0,32 | 89.6,16 | 60.8,43,7 | 4.35,29.8 | 1009,0.0 | 0.0
2011-03-30,32.0,16.0,44.0,7.0,29.8,0.7,32 | 89.6,16 | 60.8,44,7 | 4.35,29.8 | 1009,0.7 | 0.03
2011-03-31,32.0,15.0,42.0,9.0,29.77,0.0,32 | 89.6,15 | 59.0,42,9 | 5.59,29.77 | 1008,0.0 | 0.0
2011-04-01,32.0,15.0,41.0,11.0,29.8,0.1,32 | 89.6,15 | 59.0,41,11 | 6.84,29.8 | 1009,0.1 | 0.0
2011-04-02,32.0,15.0,42.0,10.0,29.83,0.1,32 | 89.6,15 | 59.0,42,10 | 6.21,29.83 | 1010,0.1 | 0.0
2011-04-03,31.0,17.0,52.0,9.0,29.8,1.3,31 | 87.8,17 | 62.6,52,9 | 5.59,29.8 | 1009,1.3 | 0.05
2011-04-04,30.0,18.0,57.0,9.0,29.8,0.6,30 | 86.0,18 | 64.4,57,9 | 5.59,29.8 | 1009,0.6 | 0.02
2011-04-05,31.0,18.0,50.0,10.0,29.8,0.7,31 | 87.8,18 | 64.4,50,10 | 6.21,29.8 | 1009,0.7 | 0.03
2011-04-06,31.0,16.0,46.0,9.0,29.77,0.0,31 | 87.8,16 | 60.8,46,9 | 5.59,29.77 | 1008,0.0 | 0.0
2011-04-07,31.0,18.0,49.0,8.0,29.74,1.5,31 | 87.8,18 | 64.4,49,8 | 4.97,29.74 | 1007,1.5 | 0.06
2011-04-08,31.0,17.0,47.0,11.0,29.8,0.0,31 | 87.8,17 | 62.6,47,11 | 6.84,29.8 | 1009,0.0 | 0.0
2011-04-09,32.0,16.0,44.0,11.0,29.83,0.0,32 | 89.6,16 | 60.8,44,11 | 6.84,29.83 | 1010,0.0 | 0.0
2011-04-10,32.0,15.0,42.0,12.0,29.83,0.4,32 | 89.6,15 | 59.0,42,12 | 7.46,29.83 | 1010,0.4 | 0.02
2011-04-11,32.0,14.0,39.0,12.0,29.8,0.1,32 | 89.6,14 | 57.2,39,12 | 7.46,29.8 | 1009,0.1 | 0.0
2011-04-12,32.0,15.0,40.0,12.0,29.77,0.0,32 | 89.6,15 | 59.0,40,12 | 7.46,29.77 | 1008,0.0 | 0.0
2011-04-13,32.0,16.0,44.0,12.0,29.8,0.8,32 | 89.6,16 | 60.8,44,12 | 7.46,29.8 | 1009,0.8 | 0.03
2011-04-14,32.0,17.0,46.0,12.0,29.77,1.7,32 | 89.6,17 | 62.6,46,12 | 7.46,29.77 | 1008,1.7 | 0.07
2011-04-15,26.0,19.0,68.0,8.0,29.77,9.7,26 | 78.8,19 | 66.2,68,8 | 4.97,29.77 | 1008,9.7 | 0.38
2011-04-16,30.0,19.0,60.0,8.0,29.77,6.0,30 | 86.0,19 | 66.2,60,8 | 4.97,29.77 | 1008,6.0 | 0.24
2011-04-17,30.0,19.0,56.0,13.0,29.83,0.0,30 | 86.0,19 | 66.2,56,13 | 8.08,29.83 | 1010,0.0 | 0.0
2011-04-18,31.0,18.0,53.0,13.0,29.83,0.0,31 | 87.8,18 | 64.4,53,13 | 8.08,29.83 | 1010,0.0 | 0.0
2011-04-19,30.0,18.0,54.0,12.0,29.77,0.0,30 | 86.0,18 | 64.4,54,12 | 7.46,29.77 | 1008,0.0 | 0.0
2011-04-20,31.0,18.0,52.0,13.0,29.77,0.1,31 | 87.8,18 | 64.4,52,13 | 8.08,29.77 | 1008,0.1 | 0.0
2011-04-21,31.0,17.0,48.0,11.0,29.77,0.0,31 | 87.8,17 | 62.6,48,11 | 6.84,29.77 | 1008,0.0 | 0.0
2011-04-22,31.0,17.0,48.0,10.0,29.77,0.0,31 | 87.8,17 | 62.6,48,10 | 6.21,29.77 | 1008,0.0 | 0.0
2011-04-23,31.0,18.0,50.0,8.0,29.77,4.8,31 | 87.8,18 | 64.4,50,8 | 4.97,29.77 | 1008,4.8 | 0.19
2011-04-24,31.0,18.0,50.0,9.0,29.77,0.0,31 | 87.8,18 | 64.4,50,9 | 5.59,29.77 | 1008,0.0 | 0.0
2011-04-25,31.0,18.0,51.0,11.0,29.77,0.0,31 | 87.8,18 | 64.4,51,11 | 6.84,29.77 | 1008,0.0 | 0.0
2011-04-26,31.0,18.0,52.0,8.0,29.77,1.0,31 | 87.8,18 | 64.4,52,8 | 4.97,29.77 | 1008,1.0 | 0.04
2011-04-27,24.0,21.0,80.0,6.0,29.83,39.6,24 | 75.2,21 | 69.8,80,6 | 3.73,29.83 | 1010,39.6 | 1.56
2011-04-28,27.0,21.0,73.0,5.0,29.83,1.4,27 | 80.6,21 | 69.8,73,5 | 3.11,29.83 | 1010,1.4 | 0.06
2011-04-29,26.0,21.0,76.0,8.0,29.83,10.5,26 | 78.8,21 | 69.8,76,8 | 4.97,29.83 | 1010,10.5 | 0.41
2011-04-30,26.0,20.0,76.0,6.0,29.83,0.7,26 | 78.8,20 | 68.0,76,6 | 3.73,29.83 | 1010,0.7 | 0.03
2011-05-01,29.0,20.0,65.0,5.0,29.83,4.5,29 | 84.2,20 | 68.0,65,5 | 3.11,29.83 | 1010,4.5 | 0.18
2011-05-02,29.0,20.0,64.0,6.0,29.85,0.7,29 | 84.2,20 | 68.0,64,6 | 3.73,29.85 | 1011,0.7 | 0.03
2011-05-03,28.0,21.0,68.0,6.0,29.88,6.8,28 | 82.4,21 | 69.8,68,6 | 3.73,29.88 | 1012,6.8 | 0.27
2011-05-04,29.0,20.0,64.0,6.0,29.85,9.3,29 | 84.2,20 | 68.0,64,6 | 3.73,29.85 | 1011,9.3 | 0.37
2011-05-05,29.0,20.0,61.0,7.0,29.85,0.2,29 | 84.2,20 | 68.0,61,7 | 4.35,29.85 | 1011,0.2 | 0.01
2011-05-06,29.0,20.0,62.0,7.0,29.85,0.3,29 | 84.2,20 | 68.0,62,7 | 4.35,29.85 | 1011,0.3 | 0.01
2011-05-07,30.0,19.0,59.0,8.0,29.85,0.9,30 | 86.0,19 | 66.2,59,8 | 4.97,29.85 | 1011,0.9 | 0.04
2011-05-08,30.0,19.0,60.0,9.0,29.83,0.0,30 | 86.0,19 | 66.2,60,9 | 5.59,29.83 | 1010,0.0 | 0.0
2011-05-09,30.0,19.0,56.0,13.0,29.8,0.3,30 | 86.0,19 | 66.2,56,13 | 8.08,29.8 | 1009,0.3 | 0.01
2011-05-10,30.0,18.0,51.0,19.0,29.8,0.1,30 | 86.0,18 | 64.4,51,19 | 11.81,29.8 | 1009,0.1 | 0.0
2011-05-11,30.0,18.0,51.0,17.0,29.8,3.1,30 | 86.0,18 | 64.4,51,17 | 10.56,29.8 | 1009,3.1 | 0.12
2011-05-12,30.0,17.0,48.0,17.0,29.8,0.1,30 | 86.0,17 | 62.6,48,17 | 10.56,29.8 | 1009,0.1 | 0.0
2011-05-13,30.0,18.0,50.0,15.0,29.8,0.0,30 | 86.0,18 | 64.4,50,15 | 9.32,29.8 | 1009,0.0 | 0.0
2011-05-14,30.0,17.0,47.0,17.0,29.77,0.0,30 | 86.0,17 | 62.6,47,17 | 10.56,29.77 | 1008,0.0 | 0.0
2011-05-15,30.0,17.0,46.0,18.0,29.77,0.0,30 | 86.0,17 | 62.6,46,18 | 11.18,29.77 | 1008,0.0 | 0.0
2011-05-16,31.0,18.0,48.0,18.0,29.8,0.0,31 | 87.8,18 | 64.4,48,18 | 11.18,29.8 | 1009,0.0 | 0.0
2011-05-17,31.0,18.0,47.0,18.0,29.83,2.0,31 | 87.8,18 | 64.4,47,18 | 11.18,29.83 | 1010,2.0 | 0.08
2011-05-18,30.0,18.0,48.0,18.0,29.83,0.0,30 | 86.0,18 | 64.4,48,18 | 11.18,29.83 | 1010,0.0 | 0.0
2011-05-19,30.0,17.0,48.0,17.0,29.83,0.3,30 | 86.0,17 | 62.6,48,17 | 10.56,29.83 | 1010,0.3 | 0.01
2011-05-20,30.0,17.0,47.0,20.0,29.83,0.1,30 | 86.0,17 | 62.6,47,20 | 12.43,29.83 | 1010,0.1 | 0.0
2011-05-21,28.0,18.0,53.0,14.0,29.85,14.8,28 | 82.4,18 | 64.4,53,14 | 8.7,29.85 | 1011,14.8 | 0.58
2011-05-22,29.0,18.0,54.0,6.0,29.85,8.4,29 | 84.2,18 | 64.4,54,6 | 3.73,29.85 | 1011,8.4 | 0.33
2011-05-23,29.0,18.0,50.0,13.0,29.83,0.6,29 | 84.2,18 | 64.4,50,13 | 8.08,29.83 | 1010,0.6 | 0.02
2011-05-24,29.0,18.0,54.0,17.0,29.85,1.5,29 | 84.2,18 | 64.4,54,17 | 10.56,29.85 | 1011,1.5 | 0.06
2011-05-25,30.0,18.0,51.0,14.0,29.85,0.0,30 | 86.0,18 | 64.4,51,14 | 8.7,29.85 | 1011,0.0 | 0.0
2011-05-26,30.0,17.0,46.0,12.0,29.85,0.0,30 | 86.0,17 | 62.6,46,12 | 7.46,29.85 | 1011,0.0 | 0.0
2011-05-27,30.0,17.0,47.0,14.0,29.88,1.0,30 | 86.0,17 | 62.6,47,14 | 8.7,29.88 | 1012,1.0 | 0.04
2011-05-28,30.0,17.0,47.0,14.0,29.85,0.0,30 | 86.0,17 | 62.6,47,14 | 8.7,29.85 | 1011,0.0 | 0.0
2011-05-29,30.0,16.0,46.0,14.0,29.85,0.0,30 | 86.0,16 | 60.8,46,14 | 8.7,29.85 | 1011,0.0 | 0.0
2011-05-30,30.0,17.0,46.0,13.0,29.88,0.1,30 | 86.0,17 | 62.6,46,13 | 8.08,29.88 | 1012,0.1 | 0.0
2011-05-31,30.0,17.0,46.0,14.0,29.88,0.0,30 | 86.0,17 | 62.6,46,14 | 8.7,29.88 | 1012,0.0 | 0.0
2011-06-01,30.0,17.0,46.0,14.0,29.88,0.0,30 | 86.0,17 | 62.6,46,14 | 8.7,29.88 | 1012,0.0 | 0.0
2011-06-02,30.0,17.0,46.0,16.0,29.85,0.0,30 | 86.0,17 | 62.6,46,16 | 9.94,29.85 | 1011,0.0 | 0.0
2011-06-03,29.0,15.0,43.0,18.0,29.85,0.0,29 | 84.2,15 | 59.0,43,18 | 11.18,29.85 | 1011,0.0 | 0.0
2011-06-04,29.0,14.0,41.0,16.0,29.85,0.0,29 | 84.2,14 | 57.2,41,16 | 9.94,29.85 | 1011,0.0 | 0.0
2011-06-05,30.0,16.0,46.0,14.0,29.83,0.0,30 | 86.0,16 | 60.8,46,14 | 8.7,29.83 | 1010,0.0 | 0.0
2011-06-06,30.0,17.0,48.0,16.0,29.83,0.0,30 | 86.0,17 | 62.6,48,16 | 9.94,29.83 | 1010,0.0 | 0.0
2011-06-07,29.0,17.0,50.0,18.0,29.85,0.1,29 | 84.2,17 | 62.6,50,18 | 11.18,29.85 | 1011,0.1 | 0.0
2011-06-08,29.0,18.0,51.0,13.0,29.88,0.0,29 | 84.2,18 | 64.4,51,13 | 8.08,29.88 | 1012,0.0 | 0.0
2011-06-09,30.0,17.0,47.0,10.0,29.83,0.1,30 | 86.0,17 | 62.6,47,10 | 6.21,29.83 | 1010,0.1 | 0.0
2011-06-10,29.0,18.0,52.0,9.0,29.85,0.0,29 | 84.2,18 | 64.4,52,9 | 5.59,29.85 | 1011,0.0 | 0.0
2011-06-11,27.0,19.0,62.0,10.0,29.91,43.0,27 | 80.6,19 | 66.2,62,10 | 6.21,29.91 | 1013,43.0 | 1.69
2011-06-12,28.0,20.0,63.0,6.0,29.91,3.1,28 | 82.4,20 | 68.0,63,6 | 3.73,29.91 | 1013,3.1 | 0.12
2011-06-13,28.0,19.0,61.0,12.0,29.94,24.3,28 | 82.4,19 | 66.2,61,12 | 7.46,29.94 | 1014,24.3 | 0.96
2011-06-14,28.0,19.0,59.0,9.0,29.91,13.9,28 | 82.4,19 | 66.2,59,9 | 5.59,29.91 | 1013,13.9 | 0.55
2011-06-15,29.0,18.0,55.0,10.0,29.88,5.6,29 | 84.2,18 | 64.4,55,10 | 6.21,29.88 | 1012,5.6 | 0.22
2011-06-16,29.0,18.0,53.0,14.0,29.88,0.0,29 | 84.2,18 | 64.4,53,14 | 8.7,29.88 | 1012,0.0 | 0.0
2011-06-17,29.0,16.0,46.0,10.0,29.88,0.0,29 | 84.2,16 | 60.8,46,10 | 6.21,29.88 | 1012,0.0 | 0.0
2011-06-18,29.0,16.0,47.0,12.0,29.85,0.0,29 | 84.2,16 | 60.8,47,12 | 7.46,29.85 | 1011,0.0 | 0.0
2011-06-19,29.0,17.0,50.0,12.0,29.83,0.0,29 | 84.2,17 | 62.6,50,12 | 7.46,29.83 | 1010,0.0 | 0.0
2011-06-20,29.0,17.0,50.0,13.0,29.83,0.0,29 | 84.2,17 | 62.6,50,13 | 8.08,29.83 | 1010,0.0 | 0.0
2011-06-21,29.0,17.0,49.0,12.0,29.88,0.0,29 | 84.2,17 | 62.6,49,12 | 7.46,29.88 | 1012,0.0 | 0.0
2011-06-22,29.0,17.0,50.0,12.0,29.85,0.0,29 | 84.2,17 | 62.6,50,12 | 7.46,29.85 | 1011,0.0 | 0.0
2011-06-23,29.0,17.0,49.0,11.0,29.85,0.0,29 | 84.2,17 | 62.6,49,11 | 6.84,29.85 | 1011,0.0 | 0.0
2011-06-24,29.0,17.0,48.0,9.0,29.85,0.0,29 | 84.2,17 | 62.6,48,9 | 5.59,29.85 | 1011,0.0 | 0.0
2011-06-25,30.0,17.0,49.0,9.0,29.85,0.0,30 | 86.0,17 | 62.6,49,9 | 5.59,29.85 | 1011,0.0 | 0.0
2011-06-26,29.0,17.0,49.0,11.0,29.85,0.6,29 | 84.2,17 | 62.6,49,11 | 6.84,29.85 | 1011,0.6 | 0.02
2011-06-27,30.0,15.0,44.0,13.0,29.88,0.0,30 | 86.0,15 | 59.0,44,13 | 8.08,29.88 | 1012,0.0 | 0.0
2011-06-28,28.0,17.0,54.0,11.0,29.88,1.6,28 | 82.4,17 | 62.6,54,11 | 6.84,29.88 | 1012,1.6 | 0.06
2011-06-29,27.0,17.0,55.0,7.0,29.88,3.2,27 | 80.6,17 | 62.6,55,7 | 4.35,29.88 | 1012,3.2 | 0.13
2011-06-30,28.0,18.0,56.0,9.0,29.88,3.8,28 | 82.4,18 | 64.4,56,9 | 5.59,29.88 | 1012,3.8 | 0.15
2011-07-01,29.0,18.0,52.0,9.0,29.88,1.4,29 | 84.2,18 | 64.4,52,9 | 5.59,29.88 | 1012,1.4 | 0.06
2011-07-02,30.0,17.0,49.0,8.0,29.83,0.0,30 | 86.0,17 | 62.6,49,8 | 4.97,29.83 | 1010,0.0 | 0.0
2011-07-03,29.0,17.0,50.0,14.0,29.85,0.0,29 | 84.2,17 | 62.6,50,14 | 8.7,29.85 | 1011,0.0 | 0.0
2011-07-04,29.0,17.0,49.0,13.0,29.88,0.0,29 | 84.2,17 | 62.6,49,13 | 8.08,29.88 | 1012,0.0 | 0.0
2011-07-05,28.0,17.0,52.0,13.0,29.91,2.5,28 | 82.4,17 | 62.6,52,13 | 8.08,29.91 | 1013,2.5 | 0.1
2011-07-06,28.0,17.0,50.0,12.0,29.88,1.3,28 | 82.4,17 | 62.6,50,12 | 7.46,29.88 | 1012,1.3 | 0.05
2011-07-07,28.0,16.0,49.0,9.0,29.88,5.5,28 | 82.4,16 | 60.8,49,9 | 5.59,29.88 | 1012,5.5 | 0.22
2011-07-08,28.0,15.0,46.0,11.0,29.88,0.0,28 | 82.4,15 | 59.0,46,11 | 6.84,29.88 | 1012,0.0 | 0.0
2011-07-09,27.0,15.0,48.0,14.0,29.91,0.0,27 | 80.6,15 | 59.0,48,14 | 8.7,29.91 | 1013,0.0 | 0.0
2011-07-10,27.0,14.0,45.0,13.0,29.91,0.0,27 | 80.6,14 | 57.2,45,13 | 8.08,29.91 | 1013,0.0 | 0.0
2011-07-11,28.0,14.0,45.0,12.0,29.88,0.0,28 | 82.4,14 | 57.2,45,12 | 7.46,29.88 | 1012,0.0 | 0.0
2011-07-12,28.0,14.0,43.0,11.0,29.85,0.0,28 | 82.4,14 | 57.2,43,11 | 6.84,29.85 | 1011,0.0 | 0.0
2011-07-13,28.0,15.0,44.0,8.0,29.85,0.1,28 | 82.4,15 | 59.0,44,8 | 4.97,29.85 | 1011,0.1 | 0.0
2011-07-14,28.0,16.0,49.0,11.0,29.88,1.5,28 | 82.4,16 | 60.8,49,11 | 6.84,29.88 | 1012,1.5 | 0.06
2011-07-15,29.0,16.0,48.0,14.0,29.88,0.0,29 | 84.2,16 | 60.8,48,14 | 8.7,29.88 | 1012,0.0 | 0.0
2011-07-16,29.0,16.0,47.0,13.0,29.88,0.0,29 | 84.2,16 | 60.8,47,13 | 8.08,29.88 | 1012,0.0 | 0.0
2011-07-17,29.0,14.0,41.0,9.0,29.85,0.0,29 | 84.2,14 | 57.2,41,9 | 5.59,29.85 | 1011,0.0 | 0.0
2011-07-18,29.0,17.0,49.0,10.0,29.88,3.2,29 | 84.2,17 | 62.6,49,10 | 6.21,29.88 | 1012,3.2 | 0.13
2011-07-19,29.0,18.0,54.0,9.0,29.91,18.1,29 | 84.2,18 | 64.4,54,9 | 5.59,29.91 | 1013,18.1 | 0.71
2011-07-20,29.0,17.0,50.0,9.0,29.88,2.9,29 | 84.2,17 | 62.6,50,9 | 5.59,29.88 | 1012,2.9 | 0.11
2011-07-21,28.0,17.0,53.0,9.0,29.91,1.1,28 | 82.4,17 | 62.6,53,9 | 5.59,29.91 | 1013,1.1 | 0.04
2011-07-22,24.0,16.0,59.0,10.0,29.91,6.6,24 | 75.2,16 | 60.8,59,10 | 6.21,29.91 | 1013,6.6 | 0.26
2011-07-23,28.0,16.0,49.0,8.0,29.91,0.0,28 | 82.4,16 | 60.8,49,8 | 4.97,29.91 | 1013,0.0 | 0.0
2011-07-24,28.0,17.0,53.0,14.0,29.88,0.3,28 | 82.4,17 | 62.6,53,14 | 8.7,29.88 | 1012,0.3 | 0.01
2011-07-25,28.0,17.0,53.0,8.0,29.85,1.1,28 | 82.4,17 | 62.6,53,8 | 4.97,29.85 | 1011,1.1 | 0.04
2011-07-26,29.0,17.0,51.0,8.0,29.85,5.7,29 | 84.2,17 | 62.6,51,8 | 4.97,29.85 | 1011,5.7 | 0.22
2011-07-27,29.0,18.0,52.0,8.0,29.85,1.1,29 | 84.2,18 | 64.4,52,8 | 4.97,29.85 | 1011,1.1 | 0.04
2011-07-28,30.0,18.0,50.0,11.0,29.8,3.2,30 | 86.0,18 | 64.4,50,11 | 6.84,29.8 | 1009,3.2 | 0.13
2011-07-29,29.0,17.0,50.0,13.0,29.8,0.8,29 | 84.2,17 | 62.6,50,13 | 8.08,29.8 | 1009,0.8 | 0.03
2011-07-30,29.0,16.0,45.0,10.0,29.85,0.1,29 | 84.2,16 | 60.8,45,10 | 6.21,29.85 | 1011,0.1 | 0.0
2011-07-31,29.0,15.0,44.0,12.0,29.83,0.0,29 | 84.2,15 | 59.0,44,12 | 7.46,29.83 | 1010,0.0 | 0.0
2011-08-01,29.0,15.0,44.0,15.0,29.83,0.0,29 | 84.2,15 | 59.0,44,15 | 9.32,29.83 | 1010,0.0 | 0.0
2011-08-02,29.0,15.0,43.0,16.0,29.85,0.0,29 | 84.2,15 | 59.0,43,16 | 9.94,29.85 | 1011,0.0 | 0.0
2011-08-03,29.0,15.0,44.0,14.0,29.85,0.0,29 | 84.2,15 | 59.0,44,14 | 8.7,29.85 | 1011,0.0 | 0.0
2011-08-04,29.0,14.0,42.0,12.0,29.88,0.0,29 | 84.2,14 | 57.2,42,12 | 7.46,29.88 | 1012,0.0 | 0.0
2011-08-05,29.0,15.0,45.0,14.0,29.88,0.0,29 | 84.2,15 | 59.0,45,14 | 8.7,29.88 | 1012,0.0 | 0.0
2011-08-06,29.0,17.0,49.0,15.0,29.88,0.0,29 | 84.2,17 | 62.6,49,15 | 9.32,29.88 | 1012,0.0 | 0.0
2011-08-07,29.0,16.0,48.0,15.0,29.85,1.8,29 | 84.2,16 | 60.8,48,15 | 9.32,29.85 | 1011,1.8 | 0.07
2011-08-08,25.0,16.0,56.0,9.0,29.94,4.0,25 | 77.0,16 | 60.8,56,9 | 5.59,29.94 | 1014,4.0 | 0.16
2011-08-09,26.0,17.0,59.0,8.0,29.91,0.0,26 | 78.8,17 | 62.6,59,8 | 4.97,29.91 | 1013,0.0 | 0.0
2011-08-10,27.0,17.0,57.0,9.0,29.85,2.0,27 | 80.6,17 | 62.6,57,9 | 5.59,29.85 | 1011,2.0 | 0.08
2011-08-11,26.0,19.0,68.0,11.0,29.88,21.2,26 | 78.8,19 | 66.2,68,11 | 6.84,29.88 | 1012,21.2 | 0.83
2011-08-12,24.0,19.0,73.0,6.0,29.88,8.6,24 | 75.2,19 | 66.2,73,6 | 3.73,29.88 | 1012,8.6 | 0.34
2011-08-13,26.0,19.0,66.0,8.0,29.83,28.5,26 | 78.8,19 | 66.2,66,8 | 4.97,29.83 | 1010,28.5 | 1.12
2011-08-14,27.0,18.0,59.0,8.0,29.85,6.3,27 | 80.6,18 | 64.4,59,8 | 4.97,29.85 | 1011,6.3 | 0.25
2011-08-15,29.0,17.0,49.0,8.0,29.85,0.4,29 | 84.2,17 | 62.6,49,8 | 4.97,29.85 | 1011,0.4 | 0.02
2011-08-16,28.0,17.0,49.0,11.0,29.85,0.4,28 | 82.4,17 | 62.6,49,11 | 6.84,29.85 | 1011,0.4 | 0.02
2011-08-17,28.0,16.0,49.0,10.0,29.85,0.0,28 | 82.4,16 | 60.8,49,10 | 6.21,29.85 | 1011,0.0 | 0.0
2011-08-18,28.0,16.0,47.0,12.0,29.88,0.0,28 | 82.4,16 | 60.8,47,12 | 7.46,29.88 | 1012,0.0 | 0.0
2011-08-19,28.0,15.0,46.0,11.0,29.85,0.0,28 | 82.4,15 | 59.0,46,11 | 6.84,29.85 | 1011,0.0 | 0.0
2011-08-20,28.0,15.0,45.0,13.0,29.85,0.0,28 | 82.4,15 | 59.0,45,13 | 8.08,29.85 | 1011,0.0 | 0.0
2011-08-21,28.0,16.0,49.0,15.0,29.85,0.0,28 | 82.4,16 | 60.8,49,15 | 9.32,29.85 | 1011,0.0 | 0.0
2011-08-22,29.0,16.0,47.0,14.0,29.85,0.0,29 | 84.2,16 | 60.8,47,14 | 8.7,29.85 | 1011,0.0 | 0.0
2011-08-23,29.0,15.0,45.0,13.0,29.88,0.0,29 | 84.2,15 | 59.0,45,13 | 8.08,29.88 | 1012,0.0 | 0.0
2011-08-24,29.0,16.0,45.0,11.0,29.88,0.0,29 | 84.2,16 | 60.8,45,11 | 6.84,29.88 | 1012,0.0 | 0.0
2011-08-25,30.0,16.0,45.0,8.0,29.83,0.3,30 | 86.0,16 | 60.8,45,8 | 4.97,29.83 | 1010,0.3 | 0.01
2011-08-26,28.0,18.0,56.0,12.0,29.88,4.4,28 | 82.4,18 | 64.4,56,12 | 7.46,29.88 | 1012,4.4 | 0.17
2011-08-27,29.0,17.0,51.0,10.0,29.91,0.9,29 | 84.2,17 | 62.6,51,10 | 6.21,29.91 | 1013,0.9 | 0.04
2011-08-28,29.0,17.0,50.0,11.0,29.88,9.8,29 | 84.2,17 | 62.6,50,11 | 6.84,29.88 | 1012,9.8 | 0.39
2011-08-29,28.0,17.0,53.0,12.0,29.88,7.2,28 | 82.4,17 | 62.6,53,12 | 7.46,29.88 | 1012,7.2 | 0.28
2011-08-30,29.0,17.0,50.0,12.0,29.88,0.0,29 | 84.2,17 | 62.6,50,12 | 7.46,29.88 | 1012,0.0 | 0.0
2011-08-31,29.0,16.0,46.0,14.0,29.88,0.0,29 | 84.2,16 | 60.8,46,14 | 8.7,29.88 | 1012,0.0 | 0.0
2011-09-01,29.0,17.0,48.0,12.0,29.85,0.0,29 | 84.2,17 | 62.6,48,12 | 7.46,29.85 | 1011,0.0 | 0.0
2011-09-02,29.0,17.0,46.0,9.0,29.85,0.4,29 | 84.2,17 | 62.6,46,9 | 5.59,29.85 | 1011,0.4 | 0.02
2011-09-03,28.0,18.0,57.0,11.0,29.85,32.5,28 | 82.4,18 | 64.4,57,11 | 6.84,29.85 | 1011,32.5 | 1.28
2011-09-04,27.0,19.0,62.0,9.0,29.85,10.3,27 | 80.6,19 | 66.2,62,9 | 5.59,29.85 | 1011,10.3 | 0.41
2011-09-05,29.0,18.0,56.0,10.0,29.88,0.8,29 | 84.2,18 | 64.4,56,10 | 6.21,29.88 | 1012,0.8 | 0.03
2011-09-06,29.0,17.0,52.0,11.0,29.88,1.9,29 | 84.2,17 | 62.6,52,11 | 6.84,29.88 | 1012,1.9 | 0.07
2011-09-07,25.0,18.0,64.0,8.0,29.94,16.3,25 | 77.0,18 | 64.4,64,8 | 4.97,29.94 | 1014,16.3 | 0.64
2011-09-08,27.0,18.0,59.0,8.0,29.91,8.9,27 | 80.6,18 | 64.4,59,8 | 4.97,29.91 | 1013,8.9 | 0.35
2011-09-09,29.0,17.0,51.0,9.0,29.88,0.0,29 | 84.2,17 | 62.6,51,9 | 5.59,29.88 | 1012,0.0 | 0.0
2011-09-10,29.0,17.0,49.0,16.0,29.85,0.0,29 | 84.2,17 | 62.6,49,16 | 9.94,29.85 | 1011,0.0 | 0.0
2011-09-11,29.0,16.0,49.0,16.0,29.85,0.0,29 | 84.2,16 | 60.8,49,16 | 9.94,29.85 | 1011,0.0 | 0.0
2011-09-12,29.0,17.0,49.0,17.0,29.85,0.0,29 | 84.2,17 | 62.6,49,17 | 10.56,29.85 | 1011,0.0 | 0.0
2011-09-13,29.0,16.0,47.0,14.0,29.85,0.0,29 | 84.2,16 | 60.8,47,14 | 8.7,29.85 | 1011,0.0 | 0.0
2011-09-14,30.0,16.0,46.0,16.0,29.83,0.0,30 | 86.0,16 | 60.8,46,16 | 9.94,29.83 | 1010,0.0 | 0.0
2011-09-15,30.0,17.0,50.0,17.0,29.83,0.0,30 | 86.0,17 | 62.6,50,17 | 10.56,29.83 | 1010,0.0 | 0.0
2011-09-16,30.0,16.0,46.0,14.0,29.83,0.0,30 | 86.0,16 | 60.8,46,14 | 8.7,29.83 | 1010,0.0 | 0.0
2011-09-17,29.0,16.0,47.0,16.0,29.85,0.5,29 | 84.2,16 | 60.8,47,16 | 9.94,29.85 | 1011,0.5 | 0.02
2011-09-18,29.0,16.0,47.0,13.0,29.85,0.0,29 | 84.2,16 | 60.8,47,13 | 8.08,29.85 | 1011,0.0 | 0.0
2011-09-19,29.0,15.0,42.0,16.0,29.85,0.0,29 | 84.2,15 | 59.0,42,16 | 9.94,29.85 | 1011,0.0 | 0.0
2011-09-20,30.0,15.0,41.0,14.0,29.88,0.0,30 | 86.0,15 | 59.0,41,14 | 8.7,29.88 | 1012,0.0 | 0.0
2011-09-21,31.0,15.0,40.0,14.0,29.85,0.0,31 | 87.8,15 | 59.0,40,14 | 8.7,29.85 | 1011,0.0 | 0.0
2011-09-22,31.0,13.0,35.0,12.0,29.83,0.0,31 | 87.8,13 | 55.4,35,12 | 7.46,29.83 | 1010,0.0 | 0.0
2011-09-23,31.0,15.0,40.0,15.0,29.83,0.0,31 | 87.8,15 | 59.0,40,15 | 9.32,29.83 | 1010,0.0 | 0.0
2011-09-24,31.0,17.0,45.0,20.0,29.83,3.2,31 | 87.8,17 | 62.6,45,20 | 12.43,29.83 | 1010,3.2 | 0.13
2011-09-25,30.0,15.0,41.0,18.0,29.85,0.0,30 | 86.0,15 | 59.0,41,18 | 11.18,29.85 | 1011,0.0 | 0.0
2011-09-26,29.0,16.0,45.0,20.0,29.85,0.0,29 | 84.2,16 | 60.8,45,20 | 12.43,29.85 | 1011,0.0 | 0.0
2011-09-27,30.0,16.0,45.0,21.0,29.85,0.0,30 | 86.0,16 | 60.8,45,21 | 13.05,29.85 | 1011,0.0 | 0.0
2011-09-28,30.0,15.0,40.0,18.0,29.83,0.0,30 | 86.0,15 | 59.0,40,18 | 11.18,29.83 | 1010,0.0 | 0.0
2011-09-29,31.0,13.0,35.0,17.0,29.8,0.0,31 | 87.8,13 | 55.4,35,17 | 10.56,29.8 | 1009,0.0 | 0.0
2011-09-30,31.0,14.0,38.0,17.0,29.83,0.0,31 | 87.8,14 | 57.2,38,17 | 10.56,29.83 | 1010,0.0 | 0.0
2011-10-01,31.0,15.0,39.0,18.0,29.83,0.1,31 | 87.8,15 | 59.0,39,18 | 11.18,29.83 | 1010,0.1 | 0.0
2011-10-02,32.0,17.0,43.0,17.0,29.8,0.1,32 | 89.6,17 | 62.6,43,17 | 10.56,29.8 | 1009,0.1 | 0.0
2011-10-03,31.0,17.0,45.0,22.0,29.83,4.0,31 | 87.8,17 | 62.6,45,22 | 13.67,29.83 | 1010,4.0 | 0.16
2011-10-04,31.0,16.0,43.0,20.0,29.8,0.0,31 | 87.8,16 | 60.8,43,20 | 12.43,29.8 | 1009,0.0 | 0.0
2011-10-05,31.0,16.0,43.0,13.0,29.8,0.6,31 | 87.8,16 | 60.8,43,13 | 8.08,29.8 | 1009,0.6 | 0.02
2011-10-06,32.0,17.0,43.0,18.0,29.83,0.1,32 | 89.6,17 | 62.6,43,18 | 11.18,29.83 | 1010,0.1 | 0.0
2011-10-07,31.0,16.0,41.0,25.0,29.83,0.0,31 | 87.8,16 | 60.8,41,25 | 15.53,29.83 | 1010,0.0 | 0.0
2011-10-08,30.0,14.0,40.0,23.0,29.83,0.0,30 | 86.0,14 | 57.2,40,23 | 14.29,29.83 | 1010,0.0 | 0.0
2011-10-09,30.0,16.0,44.0,21.0,29.83,0.0,30 | 86.0,16 | 60.8,44,21 | 13.05,29.83 | 1010,0.0 | 0.0
2011-10-10,31.0,16.0,44.0,23.0,29.83,0.0,31 | 87.8,16 | 60.8,44,23 | 14.29,29.83 | 1010,0.0 | 0.0
2011-10-11,30.0,16.0,44.0,21.0,29.8,0.0,30 | 86.0,16 | 60.8,44,21 | 13.05,29.8 | 1009,0.0 | 0.0
2011-10-12,31.0,16.0,44.0,22.0,29.77,0.0,31 | 87.8,16 | 60.8,44,22 | 13.67,29.77 | 1008,0.0 | 0.0
2011-10-13,30.0,18.0,49.0,26.0,29.77,0.0,30 | 86.0,18 | 64.4,49,26 | 16.16,29.77 | 1008,0.0 | 0.0
2011-10-14,29.0,18.0,54.0,26.0,29.8,1.9,29 | 84.2,18 | 64.4,54,26 | 16.16,29.8 | 1009,1.9 | 0.07
2011-10-15,28.0,19.0,60.0,21.0,29.8,14.5,28 | 82.4,19 | 66.2,60,21 | 13.05,29.8 | 1009,14.5 | 0.57
2011-10-16,29.0,18.0,56.0,15.0,29.8,0.1,29 | 84.2,18 | 64.4,56,15 | 9.32,29.8 | 1009,0.1 | 0.0
2011-10-17,29.0,18.0,53.0,21.0,29.77,0.0,29 | 84.2,18 | 64.4,53,21 | 13.05,29.77 | 1008,0.0 | 0.0
2011-10-18,30.0,18.0,51.0,23.0,29.77,0.5,30 | 86.0,18 | 64.4,51,23 | 14.29,29.77 | 1008,0.5 | 0.02
2011-10-19,29.0,18.0,55.0,21.0,29.8,0.7,29 | 84.2,18 | 64.4,55,21 | 13.05,29.8 | 1009,0.7 | 0.03
2011-10-20,29.0,17.0,52.0,18.0,29.8,0.7,29 | 84.2,17 | 62.6,52,18 | 11.18,29.8 | 1009,0.7 | 0.03
2011-10-21,30.0,17.0,49.0,20.0,29.77,0.0,30 | 86.0,17 | 62.6,49,20 | 12.43,29.77 | 1008,0.0 | 0.0
2011-10-22,30.0,17.0,47.0,20.0,29.74,0.0,30 | 86.0,17 | 62.6,47,20 | 12.43,29.74 | 1007,0.0 | 0.0
2011-10-23,31.0,17.0,46.0,20.0,29.77,0.5,31 | 87.8,17 | 62.6,46,20 | 12.43,29.77 | 1008,0.5 | 0.02
2011-10-24,30.0,17.0,47.0,16.0,29.77,2.5,30 | 86.0,17 | 62.6,47,16 | 9.94,29.77 | 1008,2.5 | 0.1
2011-10-25,28.0,17.0,53.0,17.0,29.77,24.1,28 | 82.4,17 | 62.6,53,17 | 10.56,29.77 | 1008,24.1 | 0.95
2011-10-26,29.0,16.0,49.0,7.0,29.77,0.0,29 | 84.2,16 | 60.8,49,7 | 4.35,29.77 | 1008,0.0 | 0.0
2011-10-27,31.0,17.0,46.0,11.0,29.77,0.0,31 | 87.8,17 | 62.6,46,11 | 6.84,29.77 | 1008,0.0 | 0.0
2011-10-28,27.0,19.0,63.0,12.0,29.8,46.0,27 | 80.6,19 | 66.2,63,12 | 7.46,29.8 | 1009,46.0 | 1.81
2011-10-29,27.0,19.0,64.0,6.0,29.83,19.7,27 | 80.6,19 | 66.2,64,6 | 3.73,29.83 | 1010,19.7 | 0.78
2011-10-30,28.0,19.0,59.0,8.0,29.77,6.4,28 | 82.4,19 | 66.2,59,8 | 4.97,29.77 | 1008,6.4 | 0.25
2011-10-31,29.0,19.0,57.0,11.0,29.77,6.7,29 | 84.2,19 | 66.2,57,11 | 6.84,29.77 | 1008,6.7 | 0.26
2011-11-01,30.0,19.0,53.0,10.0,29.77,0.1,30 | 86.0,19 | 66.2,53,10 | 6.21,29.77 | 1008,0.1 | 0.0
2011-11-02,30.0,19.0,54.0,9.0,29.77,3.5,30 | 86.0,19 | 66.2,54,9 | 5.59,29.77 | 1008,3.5 | 0.14
2011-11-03,28.0,19.0,59.0,11.0,29.8,17.7,28 | 82.4,19 | 66.2,59,11 | 6.84,29.8 | 1009,17.7 | 0.7
2011-11-04,26.0,19.0,67.0,7.0,29.83,4.5,26 | 78.8,19 | 66.2,67,7 | 4.35,29.83 | 1010,4.5 | 0.18
2011-11-05,28.0,20.0,65.0,7.0,29.83,1.0,28 | 82.4,20 | 68.0,65,7 | 4.35,29.83 | 1010,1.0 | 0.04
2011-11-06,29.0,20.0,61.0,11.0,29.85,8.9,29 | 84.2,20 | 68.0,61,11 | 6.84,29.85 | 1011,8.9 | 0.35
2011-11-07,27.0,20.0,67.0,8.0,29.85,23.5,27 | 80.6,20 | 68.0,67,8 | 4.97,29.85 | 1011,23.5 | 0.93
2011-11-08,29.0,19.0,57.0,10.0,29.8,0.0,29 | 84.2,19 | 66.2,57,10 | 6.21,29.8 | 1009,0.0 | 0.0
2011-11-09,28.0,19.0,61.0,14.0,29.77,6.1,28 | 82.4,19 | 66.2,61,14 | 8.7,29.77 | 1008,6.1 | 0.24
2011-11-10,28.0,19.0,60.0,13.0,29.77,0.8,28 | 82.4,19 | 66.2,60,13 | 8.08,29.77 | 1008,0.8 | 0.03
2011-11-11,28.0,19.0,63.0,17.0,29.8,18.2,28 | 82.4,19 | 66.2,63,17 | 10.56,29.8 | 1009,18.2 | 0.72
2011-11-12,29.0,19.0,61.0,24.0,29.8,20.1,29 | 84.2,19 | 66.2,61,24 | 14.91,29.8 | 1009,20.1 | 0.79
2011-11-13,29.0,19.0,58.0,19.0,29.8,5.5,29 | 84.2,19 | 66.2,58,19 | 11.81,29.8 | 1009,5.5 | 0.22
2011-11-14,29.0,18.0,54.0,16.0,29.8,0.0,29 | 84.2,18 | 64.4,54,16 | 9.94,29.8 | 1009,0.0 | 0.0
2011-11-15,29.0,18.0,54.0,22.0,29.8,3.3,29 | 84.2,18 | 64.4,54,22 | 13.67,29.8 | 1009,3.3 | 0.13
2011-11-16,29.0,17.0,53.0,20.0,29.83,0.0,29 | 84.2,17 | 62.6,53,20 | 12.43,29.83 | 1010,0.0 | 0.0
2011-11-17,29.0,19.0,57.0,19.0,29.8,19.4,29 | 84.2,19 | 66.2,57,19 | 11.81,29.8 | 1009,19.4 | 0.76
2011-11-18,29.0,19.0,56.0,18.0,29.77,11.0,29 | 84.2,19 | 66.2,56,18 | 11.18,29.77 | 1008,11.0 | 0.43
2011-11-19,29.0,18.0,54.0,17.0,29.77,6.9,29 | 84.2,18 | 64.4,54,17 | 10.56,29.77 | 1008,6.9 | 0.27
2011-11-20,29.0,18.0,53.0,17.0,29.8,2.9,29 | 84.2,18 | 64.4,53,17 | 10.56,29.8 | 1009,2.9 | 0.11
2011-11-21,29.0,18.0,52.0,14.0,29.83,2.9,29 | 84.2,18 | 64.4,52,14 | 8.7,29.83 | 1010,2.9 | 0.11
2011-11-22,30.0,17.0,49.0,13.0,29.8,0.6,30 | 86.0,17 | 62.6,49,13 | 8.08,29.8 | 1009,0.6 | 0.02
2011-11-23,30.0,18.0,52.0,9.0,29.8,9.9,30 | 86.0,18 | 64.4,52,9 | 5.59,29.8 | 1009,9.9 | 0.39
2011-11-24,29.0,19.0,59.0,14.0,29.8,53.4,29 | 84.2,19 | 66.2,59,14 | 8.7,29.8 | 1009,53.4 | 2.1
2011-11-25,26.0,20.0,69.0,7.0,29.85,49.5,26 | 78.8,20 | 68.0,69,7 | 4.35,29.85 | 1011,49.5 | 1.95
2011-11-26,26.0,19.0,69.0,6.0,29.85,12.2,26 | 78.8,19 | 66.2,69,6 | 3.73,29.85 | 1011,12.2 | 0.48
2011-11-27,28.0,19.0,64.0,8.0,29.83,0.0,28 | 82.4,19 | 66.2,64,8 | 4.97,29.83 | 1010,0.0 | 0.0
2011-11-28,29.0,18.0,54.0,8.0,29.8,0.0,29 | 84.2,18 | 64.4,54,8 | 4.97,29.8 | 1009,0.0 | 0.0
2011-11-29,28.0,19.0,62.0,13.0,29.83,10.3,28 | 82.4,19 | 66.2,62,13 | 8.08,29.83 | 1010,10.3 | 0.41
2011-11-30,26.0,19.0,67.0,12.0,29.83,12.1,26 | 78.8,19 | 66.2,67,12 | 7.46,29.83 | 1010,12.1 | 0.48
2011-12-01,25.0,19.0,69.0,15.0,29.85,12.6,25 | 77.0,19 | 66.2,69,15 | 9.32,29.85 | 1011,12.6 | 0.5
2011-12-02,25.0,19.0,72.0,6.0,29.85,22.9,25 | 77.0,19 | 66.2,72,6 | 3.73,29.85 | 1011,22.9 | 0.9
2011-12-03,27.0,19.0,65.0,6.0,29.8,5.6,27 | 80.6,19 | 66.2,65,6 | 3.73,29.8 | 1009,5.6 | 0.22
2011-12-04,29.0,19.0,59.0,14.0,29.8,7.3,29 | 84.2,19 | 66.2,59,14 | 8.7,29.8 | 1009,7.3 | 0.29
2011-12-05,29.0,18.0,54.0,14.0,29.8,1.0,29 | 84.2,18 | 64.4,54,14 | 8.7,29.8 | 1009,1.0 | 0.04
2011-12-06,29.0,18.0,54.0,13.0,29.83,1.0,29 | 84.2,18 | 64.4,54,13 | 8.08,29.83 | 1010,1.0 | 0.04
2011-12-07,29.0,17.0,52.0,10.0,29.83,0.4,29 | 84.2,17 | 62.6,52,10 | 6.21,29.83 | 1010,0.4 | 0.02
2011-12-08,30.0,17.0,49.0,12.0,29.8,0.0,30 | 86.0,17 | 62.6,49,12 | 7.46,29.8 | 1009,0.0 | 0.0
2011-12-09,30.0,16.0,47.0,17.0,29.77,0.0,30 | 86.0,16 | 60.8,47,17 | 10.56,29.77 | 1008,0.0 | 0.0
2011-12-10,30.0,15.0,45.0,16.0,29.8,0.1,30 | 86.0,15 | 59.0,45,16 | 9.94,29.8 | 1009,0.1 | 0.0
2011-12-11,29.0,14.0,44.0,13.0,29.83,0.0,29 | 84.2,14 | 57.2,44,13 | 8.08,29.83 | 1010,0.0 | 0.0
2011-12-12,29.0,14.0,41.0,13.0,29.8,0.0,29 | 84.2,14 | 57.2,41,13 | 8.08,29.8 | 1009,0.0 | 0.0
2011-12-13,30.0,15.0,45.0,13.0,29.8,0.0,30 | 86.0,15 | 59.0,45,13 | 8.08,29.8 | 1009,0.0 | 0.0
2011-12-14,30.0,16.0,45.0,16.0,29.83,0.0,30 | 86.0,16 | 60.8,45,16 | 9.94,29.83 | 1010,0.0 | 0.0
2011-12-15,30.0,17.0,48.0,13.0,29.83,0.0,30 | 86.0,17 | 62.6,48,13 | 8.08,29.83 | 1010,0.0 | 0.0
2011-12-16,30.0,18.0,51.0,13.0,29.83,7.1,30 | 86.0,18 | 64.4,51,13 | 8.08,29.83 | 1010,7.1 | 0.28
2011-12-17,30.0,18.0,51.0,12.0,29.8,4.1,30 | 86.0,18 | 64.4,51,12 | 7.46,29.8 | 1009,4.1 | 0.16
2011-12-18,29.0,18.0,53.0,12.0,29.8,19.5,29 | 84.2,18 | 64.4,53,12 | 7.46,29.8 | 1009,19.5 | 0.77
2011-12-19,30.0,17.0,50.0,13.0,29.83,7.2,30 | 86.0,17 | 62.6,50,13 | 8.08,29.83 | 1010,7.2 | 0.28
2011-12-20,30.0,16.0,46.0,14.0,29.83,0.4,30 | 86.0,16 | 60.8,46,14 | 8.7,29.83 | 1010,0.4 | 0.02
2011-12-21,30.0,15.0,43.0,14.0,29.83,0.0,30 | 86.0,15 | 59.0,43,14 | 8.7,29.83 | 1010,0.0 | 0.0
2011-12-22,30.0,14.0,40.0,16.0,29.83,0.0,30 | 86.0,14 | 57.2,40,16 | 9.94,29.83 | 1010,0.0 | 0.0
2011-12-23,30.0,15.0,42.0,13.0,29.85,0.0,30 | 86.0,15 | 59.0,42,13 | 8.08,29.85 | 1011,0.0 | 0.0
2011-12-24,30.0,15.0,45.0,10.0,29.85,0.0,30 | 86.0,15 | 59.0,45,10 | 6.21,29.85 | 1011,0.0 | 0.0
2011-12-25,30.0,16.0,44.0,9.0,29.85,0.0,30 | 86.0,16 | 60.8,44,9 | 5.59,29.85 | 1011,0.0 | 0.0
2011-12-26,30.0,17.0,46.0,9.0,29.85,0.0,30 | 86.0,17 | 62.6,46,9 | 5.59,29.85 | 1011,0.0 | 0.0
2011-12-27,31.0,17.0,47.0,11.0,29.83,0.7,31 | 87.8,17 | 62.6,47,11 | 6.84,29.83 | 1010,0.7 | 0.03
2011-12-28,31.0,13.0,38.0,13.0,29.83,0.0,31 | 87.8,13 | 55.4,38,13 | 8.08,29.83 | 1010,0.0 | 0.0
2011-12-29,30.0,8.0,27.0,16.0,29.85,0.0,30 | 86.0,8 | 46.4,27,16 | 9.94,29.85 | 1011,0.0 | 0.0
2011-12-30,30.0,8.0,27.0,15.0,29.88,0.0,30 | 86.0,8 | 46.4,27,15 | 9.32,29.88 | 1012,0.0 | 0.0
2011-12-31,30.0,9.0,29.0,14.0,29.88,0.0,30 | 86.0,9 | 48.2,29,14 | 8.7,29.88 | 1012,0.0 | 0.0
2012-01-01,30.0,9.0,29.0,14.0,29.85,0.0,30 | 86.0,9 | 48.2,29,14 | 8.7,29.85 | 1011,0.0 | 0.0
2012-01-02,30.0,8.0,27.0,9.0,29.85,0.0,30 | 86.0,8 | 46.4,27,9 | 5.59,29.85 | 1011,0.0 | 0.0
2012-01-03,30.0,10.0,31.0,7.0,29.83,0.0,30 | 86.0,10 | 50.0,31,7 | 4.35,29.83 | 1010,0.0 | 0.0
2012-01-04,31.0,12.0,34.0,7.0,29.83,0.0,31 | 87.8,12 | 53.6,34,7 | 4.35,29.83 | 1010,0.0 | 0.0
2012-01-05,31.0,10.0,29.0,7.0,29.83,0.0,31 | 87.8,10 | 50.0,29,7 | 4.35,29.83 | 1010,0.0 | 0.0
2012-01-06,31.0,11.0,31.0,11.0,29.83,0.0,31 | 87.8,11 | 51.8,31,11 | 6.84,29.83 | 1010,0.0 | 0.0
2012-01-07,31.0,11.0,32.0,10.0,29.8,0.0,31 | 87.8,11 | 51.8,32,10 | 6.21,29.8 | 1009,0.0 | 0.0
2012-01-08,31.0,14.0,39.0,17.0,29.85,0.0,31 | 87.8,14 | 57.2,39,17 | 10.56,29.85 | 1011,0.0 | 0.0
2012-01-09,31.0,12.0,34.0,11.0,29.83,0.2,31 | 87.8,12 | 53.6,34,11 | 6.84,29.83 | 1010,0.2 | 0.01
2012-01-10,32.0,14.0,37.0,19.0,29.83,0.0,32 | 89.6,14 | 57.2,37,19 | 11.81,29.83 | 1010,0.0 | 0.0
2012-01-11,31.0,15.0,39.0,22.0,29.83,0.0,31 | 87.8,15 | 59.0,39,22 | 13.67,29.83 | 1010,0.0 | 0.0
2012-01-12,31.0,10.0,30.0,23.0,29.83,0.0,31 | 87.8,10 | 50.0,30,23 | 14.29,29.83 | 1010,0.0 | 0.0
2012-01-13,31.0,7.0,25.0,14.0,29.88,0.0,31 | 87.8,7 | 44.6,25,14 | 8.7,29.88 | 1012,0.0 | 0.0
2012-01-14,31.0,7.0,24.0,10.0,29.83,0.0,31 | 87.8,7 | 44.6,24,10 | 6.21,29.83 | 1010,0.0 | 0.0
2012-01-15,32.0,11.0,30.0,10.0,29.77,0.0,32 | 89.6,11 | 51.8,30,10 | 6.21,29.77 | 1008,0.0 | 0.0
2012-01-16,32.0,10.0,28.0,12.0,29.74,0.0,32 | 89.6,10 | 50.0,28,12 | 7.46,29.74 | 1007,0.0 | 0.0
2012-01-17,32.0,7.0,24.0,15.0,29.74,0.0,32 | 89.6,7 | 44.6,24,15 | 9.32,29.74 | 1007,0.0 | 0.0
2012-01-18,31.0,10.0,29.0,13.0,29.77,0.0,31 | 87.8,10 | 50.0,29,13 | 8.08,29.77 | 1008,0.0 | 0.0
2012-01-19,32.0,10.0,28.0,13.0,29.8,0.0,32 | 89.6,10 | 50.0,28,13 | 8.08,29.8 | 1009,0.0 | 0.0
2012-01-20,32.0,9.0,27.0,8.0,29.8,0.0,32 | 89.6,9 | 48.2,27,8 | 4.97,29.8 | 1009,0.0 | 0.0
2012-01-21,32.0,9.0,26.0,8.0,29.77,0.0,32 | 89.6,9 | 48.2,26,8 | 4.97,29.77 | 1008,0.0 | 0.0
2012-01-22,32.0,8.0,24.0,11.0,29.77,0.0,32 | 89.6,8 | 46.4,24,11 | 6.84,29.77 | 1008,0.0 | 0.0
2012-01-23,32.0,9.0,24.0,11.0,29.8,0.0,32 | 89.6,9 | 48.2,24,11 | 6.84,29.8 | 1009,0.0 | 0.0
2012-01-24,32.0,11.0,28.0,16.0,29.8,0.0,32 | 89.6,11 | 51.8,28,16 | 9.94,29.8 | 1009,0.0 | 0.0
2012-01-25,32.0,12.0,32.0,18.0,29.77,0.0,32 | 89.6,12 | 53.6,32,18 | 11.18,29.77 | 1008,0.0 | 0.0
2012-01-26,32.0,12.0,32.0,17.0,29.8,0.0,32 | 89.6,12 | 53.6,32,17 | 10.56,29.8 | 1009,0.0 | 0.0
2012-01-27,32.0,12.0,31.0,15.0,29.8,0.0,32 | 89.6,12 | 53.6,31,15 | 9.32,29.8 | 1009,0.0 | 0.0
2012-01-28,32.0,9.0,26.0,13.0,29.8,0.0,32 | 89.6,9 | 48.2,26,13 | 8.08,29.8 | 1009,0.0 | 0.0
2012-01-29,32.0,9.0,27.0,18.0,29.74,0.0,32 | 89.6,9 | 48.2,27,18 | 11.18,29.74 | 1007,0.0 | 0.0
2012-01-30,32.0,7.0,24.0,21.0,29.77,0.0,32 | 89.6,7 | 44.6,24,21 | 13.05,29.77 | 1008,0.0 | 0.0
2012-01-31,31.0,6.0,22.0,24.0,29.83,0.0,31 | 87.8,6 | 42.8,22,24 | 14.91,29.83 | 1010,0.0 | 0.0
2012-02-01,31.0,7.0,26.0,20.0,29.85,0.0,31 | 87.8,7 | 44.6,26,20 | 12.43,29.85 | 1011,0.0 | 0.0
2012-02-02,31.0,8.0,26.0,12.0,29.83,0.0,31 | 87.8,8 | 46.4,26,12 | 7.46,29.83 | 1010,0.0 | 0.0
2012-02-03,32.0,9.0,26.0,12.0,29.83,0.0,32 | 89.6,9 | 48.2,26,12 | 7.46,29.83 | 1010,0.0 | 0.0
2012-02-04,32.0,11.0,29.0,16.0,29.8,0.0,32 | 89.6,11 | 51.8,29,16 | 9.94,29.8 | 1009,0.0 | 0.0
2012-02-05,32.0,11.0,31.0,22.0,29.8,0.0,32 | 89.6,11 | 51.8,31,22 | 13.67,29.8 | 1009,0.0 | 0.0
2012-02-06,31.0,10.0,30.0,24.0,29.8,0.0,31 | 87.8,10 | 50.0,30,24 | 14.91,29.8 | 1009,0.0 | 0.0
2012-02-07,31.0,9.0,28.0,24.0,29.8,0.0,31 | 87.8,9 | 48.2,28,24 | 14.91,29.8 | 1009,0.0 | 0.0
2012-02-08,31.0,7.0,24.0,23.0,29.8,0.0,31 | 87.8,7 | 44.6,24,23 | 14.29,29.8 | 1009,0.0 | 0.0
2012-02-09,32.0,8.0,25.0,20.0,29.77,0.0,32 | 89.6,8 | 46.4,25,20 | 12.43,29.77 | 1008,0.0 | 0.0
2012-02-10,32.0,11.0,29.0,21.0,29.77,0.0,32 | 89.6,11 | 51.8,29,21 | 13.05,29.77 | 1008,0.0 | 0.0
2012-02-11,32.0,13.0,33.0,18.0,29.77,0.0,32 | 89.6,13 | 55.4,33,18 | 11.18,29.77 | 1008,0.0 | 0.0
2012-02-12,32.0,13.0,33.0,18.0,29.77,0.7,32 | 89.6,13 | 55.4,33,18 | 11.18,29.77 | 1008,0.7 | 0.03
2012-02-13,33.0,10.0,28.0,22.0,29.74,0.0,33 | 91.4,10 | 50.0,28,22 | 13.67,29.74 | 1007,0.0 | 0.0
2012-02-14,33.0,10.0,27.0,25.0,29.77,0.0,33 | 91.4,10 | 50.0,27,25 | 15.53,29.77 | 1008,0.0 | 0.0
2012-02-15,32.0,7.0,23.0,25.0,29.8,0.0,32 | 89.6,7 | 44.6,23,25 | 15.53,29.8 | 1009,0.0 | 0.0
2012-02-16,32.0,9.0,26.0,20.0,29.77,0.0,32 | 89.6,9 | 48.2,26,20 | 12.43,29.77 | 1008,0.0 | 0.0
2012-02-17,32.0,14.0,35.0,19.0,29.74,0.0,32 | 89.6,14 | 57.2,35,19 | 11.81,29.74 | 1007,0.0 | 0.0
2012-02-18,32.0,16.0,39.0,18.0,29.74,1.0,32 | 89.6,16 | 60.8,39,18 | 11.18,29.74 | 1007,1.0 | 0.04
2012-02-19,32.0,15.0,37.0,18.0,29.77,0.6,32 | 89.6,15 | 59.0,37,18 | 11.18,29.77 | 1008,0.6 | 0.02
2012-02-20,32.0,14.0,34.0,20.0,29.8,0.2,32 | 89.6,14 | 57.2,34,20 | 12.43,29.8 | 1009,0.2 | 0.01
2012-02-21,32.0,13.0,35.0,12.0,29.77,0.4,32 | 89.6,13 | 55.4,35,12 | 7.46,29.77 | 1008,0.4 | 0.02
2012-02-22,33.0,13.0,32.0,20.0,29.71,0.0,33 | 91.4,13 | 55.4,32,20 | 12.43,29.71 | 1006,0.0 | 0.0
2012-02-23,33.0,12.0,31.0,23.0,29.71,0.0,33 | 91.4,12 | 53.6,31,23 | 14.29,29.71 | 1006,0.0 | 0.0
2012-02-24,32.0,9.0,26.0,21.0,29.71,0.0,32 | 89.6,9 | 48.2,26,21 | 13.05,29.71 | 1006,0.0 | 0.0
2012-02-25,32.0,9.0,26.0,12.0,29.74,0.0,32 | 89.6,9 | 48.2,26,12 | 7.46,29.74 | 1007,0.0 | 0.0
2012-02-26,33.0,11.0,28.0,8.0,29.68,0.1,33 | 91.4,11 | 51.8,28,8 | 4.97,29.68 | 1005,0.1 | 0.0
2012-02-27,32.0,14.0,35.0,11.0,29.71,1.1,32 | 89.6,14 | 57.2,35,11 | 6.84,29.71 | 1006,1.1 | 0.04
2012-02-28,33.0,14.0,34.0,15.0,29.74,0.1,33 | 91.4,14 | 57.2,34,15 | 9.32,29.74 | 1007,0.1 | 0.0
2012-02-29,33.0,13.0,32.0,11.0,29.68,0.3,33 | 91.4,13 | 55.4,32,11 | 6.84,29.68 | 1005,0.3 | 0.01
2012-03-01,34.0,9.0,24.0,10.0,29.71,0.0,34 | 93.2,9 | 48.2,24,10 | 6.21,29.71 | 1006,0.0 | 0.0
2012-03-02,33.0,10.0,26.0,12.0,29.74,0.0,33 | 91.4,10 | 50.0,26,12 | 7.46,29.74 | 1007,0.0 | 0.0
2012-03-03,33.0,14.0,34.0,13.0,29.77,0.1,33 | 91.4,14 | 57.2,34,13 | 8.08,29.77 | 1008,0.1 | 0.0
2012-03-04,33.0,14.0,35.0,12.0,29.77,2.5,33 | 91.4,14 | 57.2,35,12 | 7.46,29.77 | 1008,2.5 | 0.1
2012-03-05,32.0,16.0,40.0,13.0,29.77,3.1,32 | 89.6,16 | 60.8,40,13 | 8.08,29.77 | 1008,3.1 | 0.12
2012-03-06,33.0,15.0,36.0,17.0,29.77,0.1,33 | 91.4,15 | 59.0,36,17 | 10.56,29.77 | 1008,0.1 | 0.0
2012-03-07,33.0,12.0,29.0,21.0,29.77,0.0,33 | 91.4,12 | 53.6,29,21 | 13.05,29.77 | 1008,0.0 | 0.0
2012-03-08,32.0,11.0,29.0,21.0,29.8,0.0,32 | 89.6,11 | 51.8,29,21 | 13.05,29.8 | 1009,0.0 | 0.0
2012-03-09,32.0,12.0,31.0,19.0,29.8,0.0,32 | 89.6,12 | 53.6,31,19 | 11.81,29.8 | 1009,0.0 | 0.0
2012-03-10,32.0,12.0,31.0,11.0,29.8,0.0,32 | 89.6,12 | 53.6,31,11 | 6.84,29.8 | 1009,0.0 | 0.0
2012-03-11,33.0,10.0,26.0,11.0,29.77,0.0,33 | 91.4,10 | 50.0,26,11 | 6.84,29.77 | 1008,0.0 | 0.0
2012-03-12,33.0,11.0,27.0,18.0,29.77,0.0,33 | 91.4,11 | 51.8,27,18 | 11.18,29.77 | 1008,0.0 | 0.0
2012-03-13,33.0,10.0,27.0,18.0,29.83,0.0,33 | 91.4,10 | 50.0,27,18 | 11.18,29.83 | 1010,0.0 | 0.0
2012-03-14,33.0,10.0,28.0,15.0,29.83,0.0,33 | 91.4,10 | 50.0,28,15 | 9.32,29.83 | 1010,0.0 | 0.0
2012-03-15,33.0,8.0,26.0,14.0,29.83,0.0,33 | 91.4,8 | 46.4,26,14 | 8.7,29.83 | 1010,0.0 | 0.0
2012-03-16,33.0,8.0,24.0,12.0,29.8,0.0,33 | 91.4,8 | 46.4,24,12 | 7.46,29.8 | 1009,0.0 | 0.0
2012-03-17,33.0,12.0,30.0,17.0,29.77,0.0,33 | 91.4,12 | 53.6,30,17 | 10.56,29.77 | 1008,0.0 | 0.0
2012-03-18,34.0,14.0,32.0,19.0,29.8,0.2,34 | 93.2,14 | 57.2,32,19 | 11.81,29.8 | 1009,0.2 | 0.01
2012-03-19,34.0,15.0,34.0,22.0,29.77,0.0,34 | 93.2,15 | 59.0,34,22 | 13.67,29.77 | 1008,0.0 | 0.0
2012-03-20,33.0,15.0,35.0,24.0,29.8,1.1,33 | 91.4,15 | 59.0,35,24 | 14.91,29.8 | 1009,1.1 | 0.04
2012-03-21,33.0,15.0,36.0,26.0,29.77,0.0,33 | 91.4,15 | 59.0,36,26 | 16.16,29.77 | 1008,0.0 | 0.0
2012-03-22,33.0,15.0,37.0,23.0,29.77,0.0,33 | 91.4,15 | 59.0,37,23 | 14.29,29.77 | 1008,0.0 | 0.0
2012-03-23,32.0,15.0,38.0,22.0,29.74,0.0,32 | 89.6,15 | 59.0,38,22 | 13.67,29.74 | 1007,0.0 | 0.0
2012-03-24,32.0,16.0,38.0,22.0,29.77,0.0,32 | 89.6,16 | 60.8,38,22 | 13.67,29.77 | 1008,0.0 | 0.0
2012-03-25,33.0,14.0,35.0,23.0,29.77,0.0,33 | 91.4,14 | 57.2,35,23 | 14.29,29.77 | 1008,0.0 | 0.0
2012-03-26,33.0,14.0,34.0,24.0,29.77,0.0,33 | 91.4,14 | 57.2,34,24 | 14.91,29.77 | 1008,0.0 | 0.0
2012-03-27,33.0,14.0,35.0,22.0,29.8,0.0,33 | 91.4,14 | 57.2,35,22 | 13.67,29.8 | 1009,0.0 | 0.0
2012-03-28,33.0,14.0,34.0,20.0,29.8,0.0,33 | 91.4,14 | 57.2,34,20 | 12.43,29.8 | 1009,0.0 | 0.0
2012-03-29,33.0,14.0,34.0,22.0,29.83,0.0,33 | 91.4,14 | 57.2,34,22 | 13.67,29.83 | 1010,0.0 | 0.0
2012-03-30,33.0,15.0,36.0,19.0,29.83,0.0,33 | 91.4,15 | 59.0,36,19 | 11.81,29.83 | 1010,0.0 | 0.0
2012-03-31,33.0,16.0,38.0,18.0,29.8,0.5,33 | 91.4,16 | 60.8,38,18 | 11.18,29.8 | 1009,0.5 | 0.02
2012-04-01,31.0,17.0,44.0,15.0,29.85,3.9,31 | 87.8,17 | 62.6,44,15 | 9.32,29.85 | 1011,3.9 | 0.15
2012-04-02,30.0,18.0,50.0,14.0,29.85,27.1,30 | 86.0,18 | 64.4,50,14 | 8.7,29.85 | 1011,27.1 | 1.07
2012-04-03,31.0,18.0,48.0,12.0,29.83,1.1,31 | 87.8,18 | 64.4,48,12 | 7.46,29.83 | 1010,1.1 | 0.04
2012-04-04,32.0,18.0,46.0,22.0,29.8,1.5,32 | 89.6,18 | 64.4,46,22 | 13.67,29.8 | 1009,1.5 | 0.06
2012-04-05,32.0,17.0,45.0,22.0,29.8,0.0,32 | 89.6,17 | 62.6,45,22 | 13.67,29.8 | 1009,0.0 | 0.0
2012-04-06,31.0,17.0,43.0,19.0,29.8,0.4,31 | 87.8,17 | 62.6,43,19 | 11.81,29.8 | 1009,0.4 | 0.02
2012-04-07,32.0,17.0,44.0,18.0,29.77,0.0,32 | 89.6,17 | 62.6,44,18 | 11.18,29.77 | 1008,0.0 | 0.0
2012-04-08,31.0,17.0,43.0,21.0,29.74,0.0,31 | 87.8,17 | 62.6,43,21 | 13.05,29.74 | 1007,0.0 | 0.0
2012-04-09,32.0,17.0,43.0,23.0,29.74,0.0,32 | 89.6,17 | 62.6,43,23 | 14.29,29.74 | 1007,0.0 | 0.0
2012-04-10,31.0,17.0,43.0,23.0,29.74,0.0,31 | 87.8,17 | 62.6,43,23 | 14.29,29.74 | 1007,0.0 | 0.0
2012-04-11,32.0,16.0,42.0,18.0,29.77,0.0,32 | 89.6,16 | 60.8,42,18 | 11.18,29.77 | 1008,0.0 | 0.0
2012-04-12,30.0,17.0,46.0,17.0,29.8,0.6,30 | 86.0,17 | 62.6,46,17 | 10.56,29.8 | 1009,0.6 | 0.02
2012-04-13,31.0,17.0,46.0,14.0,29.8,1.4,31 | 87.8,17 | 62.6,46,14 | 8.7,29.8 | 1009,1.4 | 0.06
2012-04-14,31.0,18.0,47.0,14.0,29.74,0.8,31 | 87.8,18 | 64.4,47,14 | 8.7,29.74 | 1007,0.8 | 0.03
2012-04-15,32.0,17.0,44.0,19.0,29.74,2.5,32 | 89.6,17 | 62.6,44,19 | 11.81,29.74 | 1007,2.5 | 0.1
2012-04-16,31.0,17.0,44.0,19.0,29.77,1.3,31 | 87.8,17 | 62.6,44,19 | 11.81,29.77 | 1008,1.3 | 0.05
2012-04-17,31.0,18.0,49.0,19.0,29.8,4.1,31 | 87.8,18 | 64.4,49,19 | 11.81,29.8 | 1009,4.1 | 0.16
2012-04-18,30.0,19.0,55.0,10.0,29.8,5.8,30 | 86.0,19 | 66.2,55,10 | 6.21,29.8 | 1009,5.8 | 0.23
2012-04-19,27.0,20.0,65.0,8.0,29.8,29.2,27 | 80.6,20 | 68.0,65,8 | 4.97,29.8 | 1009,29.2 | 1.15
2012-04-20,30.0,19.0,56.0,8.0,29.8,4.7,30 | 86.0,19 | 66.2,56,8 | 4.97,29.8 | 1009,4.7 | 0.19
2012-04-21,30.0,20.0,57.0,12.0,29.8,21.6,30 | 86.0,20 | 68.0,57,12 | 7.46,29.8 | 1009,21.6 | 0.85
2012-04-22,28.0,19.0,59.0,9.0,29.85,6.8,28 | 82.4,19 | 66.2,59,9 | 5.59,29.85 | 1011,6.8 | 0.27
2012-04-23,28.0,19.0,58.0,8.0,29.83,14.0,28 | 82.4,19 | 66.2,58,8 | 4.97,29.83 | 1010,14.0 | 0.55
2012-04-24,27.0,20.0,68.0,8.0,29.83,72.3,27 | 80.6,20 | 68.0,68,8 | 4.97,29.83 | 1010,72.3 | 2.85
2012-04-25,26.0,20.0,75.0,8.0,29.91,42.9,26 | 78.8,20 | 68.0,75,8 | 4.97,29.91 | 1013,42.9 | 1.69
2012-04-26,28.0,19.0,62.0,7.0,29.85,0.0,28 | 82.4,19 | 66.2,62,7 | 4.35,29.85 | 1011,0.0 | 0.0
2012-04-27,30.0,19.0,55.0,9.0,29.83,0.4,30 | 86.0,19 | 66.2,55,9 | 5.59,29.83 | 1010,0.4 | 0.02
2012-04-28,27.0,20.0,69.0,12.0,29.83,38.9,27 | 80.6,20 | 68.0,69,12 | 7.46,29.83 | 1010,38.9 | 1.53
2012-04-29,26.0,20.0,74.0,7.0,29.85,23.6,26 | 78.8,20 | 68.0,74,7 | 4.35,29.85 | 1011,23.6 | 0.93
2012-04-30,29.0,20.0,62.0,6.0,29.83,0.7,29 | 84.2,20 | 68.0,62,6 | 3.73,29.83 | 1010,0.7 | 0.03
2012-05-01,30.0,19.0,53.0,9.0,29.8,1.6,30 | 86.0,19 | 66.2,53,9 | 5.59,29.8 | 1009,1.6 | 0.06
2012-05-02,29.0,18.0,53.0,9.0,29.8,0.1,29 | 84.2,18 | 64.4,53,9 | 5.59,29.8 | 1009,0.1 | 0.0
2012-05-03,28.0,19.0,57.0,6.0,29.8,9.3,28 | 82.4,19 | 66.2,57,6 | 3.73,29.8 | 1009,9.3 | 0.37
2012-05-04,29.0,20.0,61.0,9.0,29.8,31.0,29 | 84.2,20 | 68.0,61,9 | 5.59,29.8 | 1009,31.0 | 1.22
2012-05-05,28.0,20.0,66.0,10.0,29.83,15.6,28 | 82.4,20 | 68.0,66,10 | 6.21,29.83 | 1010,15.6 | 0.61
2012-05-06,27.0,20.0,67.0,10.0,29.83,28.4,27 | 80.6,20 | 68.0,67,10 | 6.21,29.83 | 1010,28.4 | 1.12
2012-05-07,28.0,20.0,63.0,5.0,29.83,3.3,28 | 82.4,20 | 68.0,63,5 | 3.11,29.83 | 1010,3.3 | 0.13
2012-05-08,25.0,20.0,74.0,6.0,29.83,47.6,25 | 77.0,20 | 68.0,74,6 | 3.73,29.83 | 1010,47.6 | 1.87
2012-05-09,27.0,20.0,68.0,6.0,29.83,1.6,27 | 80.6,20 | 68.0,68,6 | 3.73,29.83 | 1010,1.6 | 0.06
2012-05-10,29.0,18.0,55.0,13.0,29.83,0.0,29 | 84.2,18 | 64.4,55,13 | 8.08,29.83 | 1010,0.0 | 0.0
2012-05-11,29.0,18.0,55.0,14.0,29.85,1.3,29 | 84.2,18 | 64.4,55,14 | 8.7,29.85 | 1011,1.3 | 0.05
2012-05-12,29.0,19.0,55.0,11.0,29.83,0.8,29 | 84.2,19 | 66.2,55,11 | 6.84,29.83 | 1010,0.8 | 0.03
2012-05-13,28.0,20.0,64.0,11.0,29.83,43.6,28 | 82.4,20 | 68.0,64,11 | 6.84,29.83 | 1010,43.6 | 1.72
2012-05-14,28.0,20.0,65.0,8.0,29.83,15.8,28 | 82.4,20 | 68.0,65,8 | 4.97,29.83 | 1010,15.8 | 0.62
2012-05-15,29.0,20.0,59.0,12.0,29.83,3.6,29 | 84.2,20 | 68.0,59,12 | 7.46,29.83 | 1010,3.6 | 0.14
2012-05-16,29.0,20.0,59.0,11.0,29.83,2.8,29 | 84.2,20 | 68.0,59,11 | 6.84,29.83 | 1010,2.8 | 0.11
2012-05-17,28.0,19.0,61.0,11.0,29.83,0.0,28 | 82.4,19 | 66.2,61,11 | 6.84,29.83 | 1010,0.0 | 0.0
2012-05-18,29.0,18.0,55.0,11.0,29.83,0.0,29 | 84.2,18 | 64.4,55,11 | 6.84,29.83 | 1010,0.0 | 0.0
2012-05-19,29.0,18.0,51.0,12.0,29.83,0.1,29 | 84.2,18 | 64.4,51,12 | 7.46,29.83 | 1010,0.1 | 0.0
2012-05-20,30.0,16.0,47.0,13.0,29.83,0.0,30 | 86.0,16 | 60.8,47,13 | 8.08,29.83 | 1010,0.0 | 0.0
2012-05-21,30.0,15.0,45.0,10.0,29.83,0.0,30 | 86.0,15 | 59.0,45,10 | 6.21,29.83 | 1010,0.0 | 0.0
2012-05-22,30.0,17.0,47.0,14.0,29.85,0.0,30 | 86.0,17 | 62.6,47,14 | 8.7,29.85 | 1011,0.0 | 0.0
2012-05-23,28.0,19.0,63.0,10.0,29.88,30.0,28 | 82.4,19 | 66.2,63,10 | 6.21,29.88 | 1012,30.0 | 1.18
2012-05-24,29.0,18.0,54.0,15.0,29.85,0.1,29 | 84.2,18 | 64.4,54,15 | 9.32,29.85 | 1011,0.1 | 0.0
2012-05-25,30.0,18.0,51.0,16.0,29.85,0.0,30 | 86.0,18 | 64.4,51,16 | 9.94,29.85 | 1011,0.0 | 0.0
2012-05-26,30.0,18.0,52.0,14.0,29.88,0.1,30 | 86.0,18 | 64.4,52,14 | 8.7,29.88 | 1012,0.1 | 0.0
2012-05-27,30.0,17.0,49.0,13.0,29.88,0.8,30 | 86.0,17 | 62.6,49,13 | 8.08,29.88 | 1012,0.8 | 0.03
2012-05-28,30.0,18.0,50.0,12.0,29.88,0.9,30 | 86.0,18 | 64.4,50,12 | 7.46,29.88 | 1012,0.9 | 0.04
2012-05-29,29.0,17.0,49.0,15.0,29.91,0.5,29 | 84.2,17 | 62.6,49,15 | 9.32,29.91 | 1013,0.5 | 0.02
2012-05-30,29.0,16.0,47.0,14.0,29.91,0.0,29 | 84.2,16 | 60.8,47,14 | 8.7,29.91 | 1013,0.0 | 0.0
2012-05-31,30.0,16.0,47.0,12.0,29.91,0.0,30 | 86.0,16 | 60.8,47,12 | 7.46,29.91 | 1013,0.0 | 0.0
2012-06-01,30.0,17.0,47.0,12.0,29.88,0.2,30 | 86.0,17 | 62.6,47,12 | 7.46,29.88 | 1012,0.2 | 0.01
2012-06-02,30.0,17.0,47.0,13.0,29.88,0.1,30 | 86.0,17 | 62.6,47,13 | 8.08,29.88 | 1012,0.1 | 0.0
2012-06-03,29.0,16.0,48.0,14.0,29.88,0.6,29 | 84.2,16 | 60.8,48,14 | 8.7,29.88 | 1012,0.6 | 0.02
2012-06-04,29.0,17.0,49.0,16.0,29.88,0.0,29 | 84.2,17 | 62.6,49,16 | 9.94,29.88 | 1012,0.0 | 0.0
2012-06-05,29.0,17.0,48.0,16.0,29.88,0.0,29 | 84.2,17 | 62.6,48,16 | 9.94,29.88 | 1012,0.0 | 0.0
2012-06-06,29.0,16.0,45.0,13.0,29.88,0.0,29 | 84.2,16 | 60.8,45,13 | 8.08,29.88 | 1012,0.0 | 0.0
2012-06-07,29.0,17.0,49.0,12.0,29.88,0.0,29 | 84.2,17 | 62.6,49,12 | 7.46,29.88 | 1012,0.0 | 0.0
2012-06-08,29.0,18.0,54.0,8.0,29.85,4.6,29 | 84.2,18 | 64.4,54,8 | 4.97,29.85 | 1011,4.6 | 0.18
2012-06-09,30.0,18.0,49.0,8.0,29.85,0.0,30 | 86.0,18 | 64.4,49,8 | 4.97,29.85 | 1011,0.0 | 0.0
2012-06-10,30.0,18.0,49.0,9.0,29.88,0.1,30 | 86.0,18 | 64.4,49,9 | 5.59,29.88 | 1012,0.1 | 0.0
2012-06-11,30.0,17.0,45.0,14.0,29.88,0.0,30 | 86.0,17 | 62.6,45,14 | 8.7,29.88 | 1012,0.0 | 0.0
2012-06-12,29.0,17.0,48.0,16.0,29.85,0.0,29 | 84.2,17 | 62.6,48,16 | 9.94,29.85 | 1011,0.0 | 0.0
2012-06-13,29.0,16.0,47.0,15.0,29.83,0.0,29 | 84.2,16 | 60.8,47,15 | 9.32,29.83 | 1010,0.0 | 0.0
2012-06-14,29.0,15.0,44.0,16.0,29.83,0.0,29 | 84.2,15 | 59.0,44,16 | 9.94,29.83 | 1010,0.0 | 0.0
2012-06-15,29.0,16.0,46.0,16.0,29.85,0.0,29 | 84.2,16 | 60.8,46,16 | 9.94,29.85 | 1011,0.0 | 0.0
2012-06-16,29.0,16.0,47.0,16.0,29.85,0.0,29 | 84.2,16 | 60.8,47,16 | 9.94,29.85 | 1011,0.0 | 0.0
2012-06-17,29.0,16.0,47.0,15.0,29.88,0.0,29 | 84.2,16 | 60.8,47,15 | 9.32,29.88 | 1012,0.0 | 0.0
2012-06-18,29.0,16.0,46.0,15.0,29.88,0.0,29 | 84.2,16 | 60.8,46,15 | 9.32,29.88 | 1012,0.0 | 0.0
2012-06-19,29.0,16.0,45.0,17.0,29.91,0.0,29 | 84.2,16 | 60.8,45,17 | 10.56,29.91 | 1013,0.0 | 0.0
2012-06-20,29.0,15.0,44.0,14.0,29.88,0.2,29 | 84.2,15 | 59.0,44,14 | 8.7,29.88 | 1012,0.2 | 0.01
2012-06-21,26.0,16.0,54.0,10.0,29.88,6.2,26 | 78.8,16 | 60.8,54,10 | 6.21,29.88 | 1012,6.2 | 0.24
2012-06-22,26.0,17.0,60.0,8.0,29.91,0.1,26 | 78.8,17 | 62.6,60,8 | 4.97,29.91 | 1013,0.1 | 0.0
2012-06-23,28.0,17.0,54.0,7.0,29.91,0.7,28 | 82.4,17 | 62.6,54,7 | 4.35,29.91 | 1013,0.7 | 0.03
2012-06-24,28.0,17.0,54.0,7.0,29.88,2.6,28 | 82.4,17 | 62.6,54,7 | 4.35,29.88 | 1012,2.6 | 0.1
2012-06-25,29.0,17.0,49.0,6.0,29.88,5.6,29 | 84.2,17 | 62.6,49,6 | 3.73,29.88 | 1012,5.6 | 0.22
2012-06-26,29.0,18.0,53.0,8.0,29.91,10.1,29 | 84.2,18 | 64.4,53,8 | 4.97,29.91 | 1013,10.1 | 0.4
2012-06-27,29.0,18.0,51.0,10.0,29.91,0.4,29 | 84.2,18 | 64.4,51,10 | 6.21,29.91 | 1013,0.4 | 0.02
2012-06-28,28.0,17.0,50.0,12.0,29.91,1.0,28 | 82.4,17 | 62.6,50,12 | 7.46,29.91 | 1013,1.0 | 0.04
2012-06-29,28.0,16.0,47.0,13.0,29.88,0.0,28 | 82.4,16 | 60.8,47,13 | 8.08,29.88 | 1012,0.0 | 0.0
2012-06-30,28.0,15.0,47.0,12.0,29.85,0.0,28 | 82.4,15 | 59.0,47,12 | 7.46,29.85 | 1011,0.0 | 0.0
2012-07-01,29.0,15.0,45.0,12.0,29.85,0.0,29 | 84.2,15 | 59.0,45,12 | 7.46,29.85 | 1011,0.0 | 0.0
2012-07-02,29.0,16.0,47.0,12.0,29.85,0.0,29 | 84.2,16 | 60.8,47,12 | 7.46,29.85 | 1011,0.0 | 0.0
2012-07-03,28.0,16.0,50.0,13.0,29.85,0.0,28 | 82.4,16 | 60.8,50,13 | 8.08,29.85 | 1011,0.0 | 0.0
2012-07-04,29.0,16.0,47.0,11.0,29.83,0.0,29 | 84.2,16 | 60.8,47,11 | 6.84,29.83 | 1010,0.0 | 0.0
2012-07-05,28.0,17.0,54.0,11.0,29.85,14.5,28 | 82.4,17 | 62.6,54,11 | 6.84,29.85 | 1011,14.5 | 0.57
2012-07-06,27.0,17.0,58.0,7.0,29.88,1.3,27 | 80.6,17 | 62.6,58,7 | 4.35,29.88 | 1012,1.3 | 0.05
2012-07-07,27.0,17.0,54.0,8.0,29.88,0.4,27 | 80.6,17 | 62.6,54,8 | 4.97,29.88 | 1012,0.4 | 0.02
2012-07-08,29.0,17.0,50.0,9.0,29.85,2.9,29 | 84.2,17 | 62.6,50,9 | 5.59,29.85 | 1011,2.9 | 0.11
2012-07-09,29.0,17.0,52.0,10.0,29.85,7.3,29 | 84.2,17 | 62.6,52,10 | 6.21,29.85 | 1011,7.3 | 0.29
2012-07-10,28.0,17.0,51.0,16.0,29.85,0.0,28 | 82.4,17 | 62.6,51,16 | 9.94,29.85 | 1011,0.0 | 0.0
2012-07-11,28.0,17.0,53.0,13.0,29.88,0.0,28 | 82.4,17 | 62.6,53,13 | 8.08,29.88 | 1012,0.0 | 0.0
2012-07-12,28.0,16.0,49.0,15.0,29.85,0.0,28 | 82.4,16 | 60.8,49,15 | 9.32,29.85 | 1011,0.0 | 0.0
2012-07-13,29.0,16.0,48.0,13.0,29.85,0.0,29 | 84.2,16 | 60.8,48,13 | 8.08,29.85 | 1011,0.0 | 0.0
2012-07-14,29.0,16.0,48.0,10.0,29.85,1.2,29 | 84.2,16 | 60.8,48,10 | 6.21,29.85 | 1011,1.2 | 0.05
2012-07-15,29.0,17.0,49.0,12.0,29.85,0.0,29 | 84.2,17 | 62.6,49,12 | 7.46,29.85 | 1011,0.0 | 0.0
2012-07-16,29.0,17.0,49.0,11.0,29.85,0.4,29 | 84.2,17 | 62.6,49,11 | 6.84,29.85 | 1011,0.4 | 0.02
2012-07-17,27.0,18.0,57.0,14.0,29.88,8.2,27 | 80.6,18 | 64.4,57,14 | 8.7,29.88 | 1012,8.2 | 0.32
2012-07-18,27.0,17.0,55.0,14.0,29.91,1.0,27 | 80.6,17 | 62.6,55,14 | 8.7,29.91 | 1013,1.0 | 0.04
2012-07-19,28.0,15.0,48.0,11.0,29.91,0.0,28 | 82.4,15 | 59.0,48,11 | 6.84,29.91 | 1013,0.0 | 0.0
2012-07-20,28.0,15.0,47.0,12.0,29.91,0.0,28 | 82.4,15 | 59.0,47,12 | 7.46,29.91 | 1013,0.0 | 0.0
2012-07-21,29.0,16.0,47.0,10.0,29.91,0.0,29 | 84.2,16 | 60.8,47,10 | 6.21,29.91 | 1013,0.0 | 0.0
2012-07-22,30.0,16.0,47.0,11.0,29.88,0.5,30 | 86.0,16 | 60.8,47,11 | 6.84,29.88 | 1012,0.5 | 0.02
2012-07-23,29.0,16.0,46.0,12.0,29.88,1.3,29 | 84.2,16 | 60.8,46,12 | 7.46,29.88 | 1012,1.3 | 0.05
2012-07-24,29.0,15.0,46.0,10.0,29.88,5.1,29 | 84.2,15 | 59.0,46,10 | 6.21,29.88 | 1012,5.1 | 0.2
2012-07-25,29.0,16.0,48.0,14.0,29.88,0.8,29 | 84.2,16 | 60.8,48,14 | 8.7,29.88 | 1012,0.8 | 0.03
2012-07-26,27.0,16.0,53.0,13.0,29.94,2.9,27 | 80.6,16 | 60.8,53,13 | 8.08,29.94 | 1014,2.9 | 0.11
2012-07-27,29.0,15.0,46.0,9.0,29.88,0.1,29 | 84.2,15 | 59.0,46,9 | 5.59,29.88 | 1012,0.1 | 0.0
2012-07-28,28.0,17.0,50.0,9.0,29.85,11.4,28 | 82.4,17 | 62.6,50,9 | 5.59,29.85 | 1011,11.4 | 0.45
2012-07-29,27.0,18.0,60.0,7.0,29.88,17.8,27 | 80.6,18 | 64.4,60,7 | 4.35,29.88 | 1012,17.8 | 0.7
2012-07-30,29.0,17.0,51.0,12.0,29.85,1.1,29 | 84.2,17 | 62.6,51,12 | 7.46,29.85 | 1011,1.1 | 0.04
2012-07-31,28.0,16.0,47.0,14.0,29.85,0.1,28 | 82.4,16 | 60.8,47,14 | 8.7,29.85 | 1011,0.1 | 0.0
2012-08-01,29.0,16.0,45.0,10.0,29.85,0.0,29 | 84.2,16 | 60.8,45,10 | 6.21,29.85 | 1011,0.0 | 0.0
2012-08-02,28.0,16.0,48.0,15.0,29.88,0.0,28 | 82.4,16 | 60.8,48,15 | 9.32,29.88 | 1012,0.0 | 0.0
2012-08-03,27.0,16.0,53.0,9.0,29.91,0.0,27 | 80.6,16 | 60.8,53,9 | 5.59,29.91 | 1013,0.0 | 0.0
2012-08-04,28.0,15.0,48.0,11.0,29.91,0.0,28 | 82.4,15 | 59.0,48,11 | 6.84,29.91 | 1013,0.0 | 0.0
2012-08-05,28.0,15.0,45.0,9.0,29.88,0.1,28 | 82.4,15 | 59.0,45,9 | 5.59,29.88 | 1012,0.1 | 0.0
2012-08-06,29.0,15.0,41.0,15.0,29.85,0.0,29 | 84.2,15 | 59.0,41,15 | 9.32,29.85 | 1011,0.0 | 0.0
2012-08-07,29.0,15.0,42.0,12.0,29.83,0.0,29 | 84.2,15 | 59.0,42,12 | 7.46,29.83 | 1010,0.0 | 0.0
2012-08-08,29.0,15.0,44.0,13.0,29.88,0.4,29 | 84.2,15 | 59.0,44,13 | 8.08,29.88 | 1012,0.4 | 0.02
2012-08-09,30.0,17.0,46.0,18.0,29.88,0.2,30 | 86.0,17 | 62.6,46,18 | 11.18,29.88 | 1012,0.2 | 0.01
2012-08-10,30.0,15.0,42.0,16.0,29.88,0.0,30 | 86.0,15 | 59.0,42,16 | 9.94,29.88 | 1012,0.0 | 0.0
2012-08-11,29.0,16.0,47.0,16.0,29.88,0.0,29 | 84.2,16 | 60.8,47,16 | 9.94,29.88 | 1012,0.0 | 0.0
2012-08-12,29.0,16.0,44.0,12.0,29.85,0.0,29 | 84.2,16 | 60.8,44,12 | 7.46,29.85 | 1011,0.0 | 0.0
2012-08-13,29.0,16.0,47.0,11.0,29.85,1.0,29 | 84.2,16 | 60.8,47,11 | 6.84,29.85 | 1011,1.0 | 0.04
2012-08-14,28.0,16.0,48.0,10.0,29.88,12.8,28 | 82.4,16 | 60.8,48,10 | 6.21,29.88 | 1012,12.8 | 0.5
2012-08-15,29.0,15.0,43.0,10.0,29.88,0.0,29 | 84.2,15 | 59.0,43,10 | 6.21,29.88 | 1012,0.0 | 0.0
2012-08-16,29.0,15.0,47.0,12.0,29.88,8.7,29 | 84.2,15 | 59.0,47,12 | 7.46,29.88 | 1012,8.7 | 0.34
2012-08-17,28.0,15.0,45.0,10.0,29.88,0.1,28 | 82.4,15 | 59.0,45,10 | 6.21,29.88 | 1012,0.1 | 0.0
2012-08-18,29.0,15.0,43.0,13.0,29.85,0.0,29 | 84.2,15 | 59.0,43,13 | 8.08,29.85 | 1011,0.0 | 0.0
2012-08-19,29.0,15.0,42.0,10.0,29.88,0.0,29 | 84.2,15 | 59.0,42,10 | 6.21,29.88 | 1012,0.0 | 0.0
2012-08-20,30.0,16.0,45.0,14.0,29.85,0.0,30 | 86.0,16 | 60.8,45,14 | 8.7,29.85 | 1011,0.0 | 0.0
2012-08-21,29.0,15.0,45.0,15.0,29.88,0.1,29 | 84.2,15 | 59.0,45,15 | 9.32,29.88 | 1012,0.1 | 0.0
2012-08-22,29.0,15.0,44.0,12.0,29.91,1.4,29 | 84.2,15 | 59.0,44,12 | 7.46,29.91 | 1013,1.4 | 0.06
2012-08-23,28.0,18.0,54.0,12.0,29.88,23.7,28 | 82.4,18 | 64.4,54,12 | 7.46,29.88 | 1012,23.7 | 0.93
2012-08-24,28.0,18.0,55.0,9.0,29.85,17.7,28 | 82.4,18 | 64.4,55,9 | 5.59,29.85 | 1011,17.7 | 0.7
2012-08-25,29.0,17.0,51.0,10.0,29.88,0.2,29 | 84.2,17 | 62.6,51,10 | 6.21,29.88 | 1012,0.2 | 0.01
2012-08-26,29.0,17.0,50.0,11.0,29.91,1.2,29 | 84.2,17 | 62.6,50,11 | 6.84,29.91 | 1013,1.2 | 0.05
2012-08-27,29.0,17.0,50.0,7.0,29.88,1.6,29 | 84.2,17 | 62.6,50,7 | 4.35,29.88 | 1012,1.6 | 0.06
2012-08-28,30.0,17.0,49.0,11.0,29.88,0.2,30 | 86.0,17 | 62.6,49,11 | 6.84,29.88 | 1012,0.2 | 0.01
2012-08-29,29.0,16.0,46.0,15.0,29.88,0.0,29 | 84.2,16 | 60.8,46,15 | 9.32,29.88 | 1012,0.0 | 0.0
2012-08-30,29.0,16.0,46.0,14.0,29.88,0.0,29 | 84.2,16 | 60.8,46,14 | 8.7,29.88 | 1012,0.0 | 0.0
2012-08-31,29.0,16.0,46.0,13.0,29.88,0.1,29 | 84.2,16 | 60.8,46,13 | 8.08,29.88 | 1012,0.1 | 0.0
2012-09-01,30.0,16.0,46.0,11.0,29.85,0.0,30 | 86.0,16 | 60.8,46,11 | 6.84,29.85 | 1011,0.0 | 0.0
2012-09-02,29.0,17.0,47.0,12.0,29.88,0.0,29 | 84.2,17 | 62.6,47,12 | 7.46,29.88 | 1012,0.0 | 0.0
2012-09-03,30.0,17.0,47.0,12.0,29.88,0.7,30 | 86.0,17 | 62.6,47,12 | 7.46,29.88 | 1012,0.7 | 0.03
2012-09-04,29.0,16.0,46.0,14.0,29.88,5.9,29 | 84.2,16 | 60.8,46,14 | 8.7,29.88 | 1012,5.9 | 0.23
2012-09-05,29.0,15.0,42.0,13.0,29.85,0.0,29 | 84.2,15 | 59.0,42,13 | 8.08,29.85 | 1011,0.0 | 0.0
2012-09-06,29.0,16.0,44.0,11.0,29.88,0.0,29 | 84.2,16 | 60.8,44,11 | 6.84,29.88 | 1012,0.0 | 0.0
2012-09-07,29.0,16.0,46.0,14.0,29.91,1.1,29 | 84.2,16 | 60.8,46,14 | 8.7,29.91 | 1013,1.1 | 0.04
2012-09-08,29.0,16.0,46.0,13.0,29.88,0.0,29 | 84.2,16 | 60.8,46,13 | 8.08,29.88 | 1012,0.0 | 0.0
2012-09-09,30.0,15.0,42.0,11.0,29.85,0.0,30 | 86.0,15 | 59.0,42,11 | 6.84,29.85 | 1011,0.0 | 0.0
2012-09-10,30.0,14.0,39.0,12.0,29.85,0.0,30 | 86.0,14 | 57.2,39,12 | 7.46,29.85 | 1011,0.0 | 0.0
2012-09-11,30.0,16.0,43.0,13.0,29.85,0.0,30 | 86.0,16 | 60.8,43,13 | 8.08,29.85 | 1011,0.0 | 0.0
2012-09-12,31.0,16.0,43.0,15.0,29.85,0.0,31 | 87.8,16 | 60.8,43,15 | 9.32,29.85 | 1011,0.0 | 0.0
2012-09-13,31.0,16.0,43.0,19.0,29.85,0.0,31 | 87.8,16 | 60.8,43,19 | 11.81,29.85 | 1011,0.0 | 0.0
2012-09-14,30.0,15.0,43.0,17.0,29.85,0.0,30 | 86.0,15 | 59.0,43,17 | 10.56,29.85 | 1011,0.0 | 0.0
2012-09-15,30.0,16.0,43.0,15.0,29.85,1.1,30 | 86.0,16 | 60.8,43,15 | 9.32,29.85 | 1011,1.1 | 0.04
2012-09-16,30.0,15.0,41.0,17.0,29.88,0.0,30 | 86.0,15 | 59.0,41,17 | 10.56,29.88 | 1012,0.0 | 0.0
2012-09-17,30.0,14.0,41.0,18.0,29.88,0.0,30 | 86.0,14 | 57.2,41,18 | 11.18,29.88 | 1012,0.0 | 0.0
2012-09-18,30.0,15.0,42.0,17.0,29.88,0.0,30 | 86.0,15 | 59.0,42,17 | 10.56,29.88 | 1012,0.0 | 0.0
2012-09-19,30.0,15.0,41.0,18.0,29.83,0.0,30 | 86.0,15 | 59.0,41,18 | 11.18,29.83 | 1010,0.0 | 0.0
2012-09-20,30.0,15.0,41.0,18.0,29.83,0.0,30 | 86.0,15 | 59.0,41,18 | 11.18,29.83 | 1010,0.0 | 0.0
2012-09-21,30.0,15.0,42.0,16.0,29.85,0.2,30 | 86.0,15 | 59.0,42,16 | 9.94,29.85 | 1011,0.2 | 0.01
2012-09-22,30.0,14.0,38.0,17.0,29.85,0.0,30 | 86.0,14 | 57.2,38,17 | 10.56,29.85 | 1011,0.0 | 0.0
2012-09-23,29.0,14.0,39.0,14.0,29.85,0.0,29 | 84.2,14 | 57.2,39,14 | 8.7,29.85 | 1011,0.0 | 0.0
2012-09-24,31.0,13.0,35.0,13.0,29.83,0.0,31 | 87.8,13 | 55.4,35,13 | 8.08,29.83 | 1010,0.0 | 0.0
2012-09-25,32.0,13.0,35.0,9.0,29.8,0.0,32 | 89.6,13 | 55.4,35,9 | 5.59,29.8 | 1009,0.0 | 0.0
2012-09-26,32.0,14.0,36.0,15.0,29.83,0.4,32 | 89.6,14 | 57.2,36,15 | 9.32,29.83 | 1010,0.4 | 0.02
2012-09-27,30.0,15.0,41.0,16.0,29.85,0.0,30 | 86.0,15 | 59.0,41,16 | 9.94,29.85 | 1011,0.0 | 0.0
2012-09-28,31.0,15.0,39.0,18.0,29.88,0.0,31 | 87.8,15 | 59.0,39,18 | 11.18,29.88 | 1012,0.0 | 0.0
2012-09-29,32.0,15.0,37.0,18.0,29.85,0.0,32 | 89.6,15 | 59.0,37,18 | 11.18,29.85 | 1011,0.0 | 0.0
2012-09-30,32.0,15.0,39.0,19.0,29.83,0.5,32 | 89.6,15 | 59.0,39,19 | 11.81,29.83 | 1010,0.5 | 0.02
2012-10-01,31.0,15.0,40.0,21.0,29.85,0.0,31 | 87.8,15 | 59.0,40,21 | 13.05,29.85 | 1011,0.0 | 0.0
2012-10-02,31.0,15.0,40.0,18.0,29.85,0.0,31 | 87.8,15 | 59.0,40,18 | 11.18,29.85 | 1011,0.0 | 0.0
2012-10-03,31.0,14.0,39.0,20.0,29.85,0.0,31 | 87.8,14 | 57.2,39,20 | 12.43,29.85 | 1011,0.0 | 0.0
2012-10-04,30.0,14.0,39.0,18.0,29.83,0.0,30 | 86.0,14 | 57.2,39,18 | 11.18,29.83 | 1010,0.0 | 0.0
2012-10-05,31.0,14.0,38.0,20.0,29.8,0.0,31 | 87.8,14 | 57.2,38,20 | 12.43,29.8 | 1009,0.0 | 0.0
2012-10-06,31.0,15.0,38.0,22.0,29.83,0.0,31 | 87.8,15 | 59.0,38,22 | 13.67,29.83 | 1010,0.0 | 0.0
2012-10-07,31.0,15.0,39.0,24.0,29.83,0.0,31 | 87.8,15 | 59.0,39,24 | 14.91,29.83 | 1010,0.0 | 0.0
2012-10-08,32.0,16.0,41.0,21.0,29.83,0.0,32 | 89.6,16 | 60.8,41,21 | 13.05,29.83 | 1010,0.0 | 0.0
2012-10-09,32.0,15.0,39.0,17.0,29.8,0.0,32 | 89.6,15 | 59.0,39,17 | 10.56,29.8 | 1009,0.0 | 0.0
2012-10-10,32.0,15.0,37.0,15.0,29.77,0.0,32 | 89.6,15 | 59.0,37,15 | 9.32,29.77 | 1008,0.0 | 0.0
2012-10-11,32.0,16.0,41.0,17.0,29.77,0.5,32 | 89.6,16 | 60.8,41,17 | 10.56,29.77 | 1008,0.5 | 0.02
2012-10-12,31.0,17.0,44.0,23.0,29.83,0.0,31 | 87.8,17 | 62.6,44,23 | 14.29,29.83 | 1010,0.0 | 0.0
2012-10-13,31.0,17.0,45.0,16.0,29.85,5.7,31 | 87.8,17 | 62.6,45,16 | 9.94,29.85 | 1011,5.7 | 0.22
2012-10-14,30.0,18.0,52.0,15.0,29.83,13.9,30 | 86.0,18 | 64.4,52,15 | 9.32,29.83 | 1010,13.9 | 0.55
2012-10-15,29.0,17.0,52.0,21.0,29.85,0.3,29 | 84.2,17 | 62.6,52,21 | 13.05,29.85 | 1011,0.3 | 0.01
2012-10-16,30.0,16.0,46.0,20.0,29.85,0.0,30 | 86.0,16 | 60.8,46,20 | 12.43,29.85 | 1011,0.0 | 0.0
2012-10-17,30.0,16.0,44.0,21.0,29.83,0.0,30 | 86.0,16 | 60.8,44,21 | 13.05,29.83 | 1010,0.0 | 0.0
2012-10-18,31.0,17.0,45.0,23.0,29.8,0.1,31 | 87.8,17 | 62.6,45,23 | 14.29,29.8 | 1009,0.1 | 0.0
2012-10-19,31.0,17.0,45.0,24.0,29.8,0.3,31 | 87.8,17 | 62.6,45,24 | 14.91,29.8 | 1009,0.3 | 0.01
2012-10-20,31.0,17.0,44.0,25.0,29.8,0.0,31 | 87.8,17 | 62.6,44,25 | 15.53,29.8 | 1009,0.0 | 0.0
2012-10-21,30.0,17.0,47.0,25.0,29.8,0.3,30 | 86.0,17 | 62.6,47,25 | 15.53,29.8 | 1009,0.3 | 0.01
2012-10-22,29.0,17.0,50.0,24.0,29.8,0.0,29 | 84.2,17 | 62.6,50,24 | 14.91,29.8 | 1009,0.0 | 0.0
2012-10-23,29.0,17.0,51.0,18.0,29.83,0.2,29 | 84.2,17 | 62.6,51,18 | 11.18,29.83 | 1010,0.2 | 0.01
2012-10-24,30.0,17.0,49.0,15.0,29.8,0.0,30 | 86.0,17 | 62.6,49,15 | 9.32,29.8 | 1009,0.0 | 0.0
2012-10-25,28.0,19.0,57.0,11.0,29.8,19.3,28 | 82.4,19 | 66.2,57,11 | 6.84,29.8 | 1009,19.3 | 0.76
2012-10-26,30.0,18.0,52.0,6.0,29.8,1.2,30 | 86.0,18 | 64.4,52,6 | 3.73,29.8 | 1009,1.2 | 0.05
2012-10-27,31.0,17.0,46.0,10.0,29.8,0.8,31 | 87.8,17 | 62.6,46,10 | 6.21,29.8 | 1009,0.8 | 0.03
2012-10-28,30.0,18.0,50.0,17.0,29.83,0.0,30 | 86.0,18 | 64.4,50,17 | 10.56,29.83 | 1010,0.0 | 0.0
2012-10-29,30.0,16.0,46.0,11.0,29.8,0.4,30 | 86.0,16 | 60.8,46,11 | 6.84,29.8 | 1009,0.4 | 0.02
2012-10-30,30.0,17.0,46.0,11.0,29.77,0.6,30 | 86.0,17 | 62.6,46,11 | 6.84,29.77 | 1008,0.6 | 0.02
2012-10-31,30.0,17.0,47.0,9.0,29.77,5.8,30 | 86.0,17 | 62.6,47,9 | 5.59,29.77 | 1008,5.8 | 0.23
2012-11-01,28.0,19.0,57.0,10.0,29.83,30.1,28 | 82.4,19 | 66.2,57,10 | 6.21,29.83 | 1010,30.1 | 1.19
2012-11-02,29.0,17.0,51.0,8.0,29.83,8.1,29 | 84.2,17 | 62.6,51,8 | 4.97,29.83 | 1010,8.1 | 0.32
2012-11-03,30.0,17.0,48.0,14.0,29.83,5.5,30 | 86.0,17 | 62.6,48,14 | 8.7,29.83 | 1010,5.5 | 0.22
2012-11-04,29.0,17.0,51.0,19.0,29.83,4.4,29 | 84.2,17 | 62.6,51,19 | 11.81,29.83 | 1010,4.4 | 0.17
2012-11-05,29.0,18.0,53.0,14.0,29.83,5.5,29 | 84.2,18 | 64.4,53,14 | 8.7,29.83 | 1010,5.5 | 0.22
2012-11-06,30.0,18.0,50.0,11.0,29.83,0.4,30 | 86.0,18 | 64.4,50,11 | 6.84,29.83 | 1010,0.4 | 0.02
2012-11-07,30.0,18.0,51.0,13.0,29.83,4.8,30 | 86.0,18 | 64.4,51,13 | 8.08,29.83 | 1010,4.8 | 0.19
2012-11-08,30.0,18.0,50.0,14.0,29.8,11.4,30 | 86.0,18 | 64.4,50,14 | 8.7,29.8 | 1009,11.4 | 0.45
2012-11-09,30.0,18.0,50.0,15.0,29.8,12.3,30 | 86.0,18 | 64.4,50,15 | 9.32,29.8 | 1009,12.3 | 0.48
2012-11-10,30.0,17.0,50.0,17.0,29.83,2.8,30 | 86.0,17 | 62.6,50,17 | 10.56,29.83 | 1010,2.8 | 0.11
2012-11-11,30.0,17.0,48.0,16.0,29.85,0.0,30 | 86.0,17 | 62.6,48,16 | 9.94,29.85 | 1011,0.0 | 0.0
2012-11-12,30.0,18.0,51.0,16.0,29.83,1.2,30 | 86.0,18 | 64.4,51,16 | 9.94,29.83 | 1010,1.2 | 0.05
2012-11-13,29.0,18.0,51.0,15.0,29.83,1.6,29 | 84.2,18 | 64.4,51,15 | 9.32,29.83 | 1010,1.6 | 0.06
2012-11-14,29.0,17.0,50.0,14.0,29.83,0.1,29 | 84.2,17 | 62.6,50,14 | 8.7,29.83 | 1010,0.1 | 0.0
2012-11-15,30.0,18.0,51.0,11.0,29.8,0.0,30 | 86.0,18 | 64.4,51,11 | 6.84,29.8 | 1009,0.0 | 0.0
2012-11-16,30.0,19.0,52.0,15.0,29.83,8.1,30 | 86.0,19 | 66.2,52,15 | 9.32,29.83 | 1010,8.1 | 0.32
2012-11-17,30.0,18.0,52.0,18.0,29.83,8.6,30 | 86.0,18 | 64.4,52,18 | 11.18,29.83 | 1010,8.6 | 0.34
2012-11-18,30.0,18.0,50.0,23.0,29.83,0.0,30 | 86.0,18 | 64.4,50,23 | 14.29,29.83 | 1010,0.0 | 0.0
2012-11-19,31.0,16.0,45.0,18.0,29.83,0.0,31 | 87.8,16 | 60.8,45,18 | 11.18,29.83 | 1010,0.0 | 0.0
2012-11-20,31.0,17.0,45.0,13.0,29.8,0.0,31 | 87.8,17 | 62.6,45,13 | 8.08,29.8 | 1009,0.0 | 0.0
2012-11-21,31.0,17.0,46.0,13.0,29.8,0.0,31 | 87.8,17 | 62.6,46,13 | 8.08,29.8 | 1009,0.0 | 0.0
2012-11-22,31.0,17.0,46.0,16.0,29.8,0.9,31 | 87.8,17 | 62.6,46,16 | 9.94,29.8 | 1009,0.9 | 0.04
2012-11-23,31.0,16.0,44.0,20.0,29.83,0.1,31 | 87.8,16 | 60.8,44,20 | 12.43,29.83 | 1010,0.1 | 0.0
2012-11-24,31.0,16.0,43.0,17.0,29.8,0.0,31 | 87.8,16 | 60.8,43,17 | 10.56,29.8 | 1009,0.0 | 0.0
2012-11-25,31.0,17.0,45.0,14.0,29.83,0.0,31 | 87.8,17 | 62.6,45,14 | 8.7,29.83 | 1010,0.0 | 0.0
2012-11-26,31.0,17.0,45.0,17.0,29.83,6.4,31 | 87.8,17 | 62.6,45,17 | 10.56,29.83 | 1010,6.4 | 0.25
2012-11-27,31.0,17.0,44.0,15.0,29.8,0.0,31 | 87.8,17 | 62.6,44,15 | 9.32,29.8 | 1009,0.0 | 0.0
2012-11-28,30.0,17.0,47.0,15.0,29.83,1.7,30 | 86.0,17 | 62.6,47,15 | 9.32,29.83 | 1010,1.7 | 0.07
2012-11-29,30.0,17.0,47.0,14.0,29.83,3.5,30 | 86.0,17 | 62.6,47,14 | 8.7,29.83 | 1010,3.5 | 0.14
2012-11-30,30.0,17.0,47.0,23.0,29.83,3.3,30 | 86.0,17 | 62.6,47,23 | 14.29,29.83 | 1010,3.3 | 0.13
2012-12-01,31.0,17.0,46.0,23.0,29.83,0.0,31 | 87.8,17 | 62.6,46,23 | 14.29,29.83 | 1010,0.0 | 0.0
2012-12-02,30.0,17.0,47.0,20.0,29.83,0.0,30 | 86.0,17 | 62.6,47,20 | 12.43,29.83 | 1010,0.0 | 0.0
2012-12-03,30.0,17.0,49.0,23.0,29.83,0.6,30 | 86.0,17 | 62.6,49,23 | 14.29,29.83 | 1010,0.6 | 0.02
2012-12-04,30.0,18.0,49.0,17.0,29.77,0.3,30 | 86.0,18 | 64.4,49,17 | 10.56,29.77 | 1008,0.3 | 0.01
2012-12-05,30.0,18.0,51.0,15.0,29.77,12.2,30 | 86.0,18 | 64.4,51,15 | 9.32,29.77 | 1008,12.2 | 0.48
2012-12-06,30.0,18.0,50.0,13.0,29.8,3.9,30 | 86.0,18 | 64.4,50,13 | 8.08,29.8 | 1009,3.9 | 0.15
2012-12-07,30.0,18.0,49.0,13.0,29.83,1.5,30 | 86.0,18 | 64.4,49,13 | 8.08,29.83 | 1010,1.5 | 0.06
2012-12-08,30.0,17.0,48.0,19.0,29.83,4.3,30 | 86.0,17 | 62.6,48,19 | 11.81,29.83 | 1010,4.3 | 0.17
2012-12-09,30.0,17.0,46.0,14.0,29.83,0.6,30 | 86.0,17 | 62.6,46,14 | 8.7,29.83 | 1010,0.6 | 0.02
2012-12-10,31.0,16.0,42.0,10.0,29.8,0.1,31 | 87.8,16 | 60.8,42,10 | 6.21,29.8 | 1009,0.1 | 0.0
2012-12-11,31.0,15.0,39.0,9.0,29.8,0.8,31 | 87.8,15 | 59.0,39,9 | 5.59,29.8 | 1009,0.8 | 0.03
2012-12-12,32.0,15.0,39.0,14.0,29.8,0.1,32 | 89.6,15 | 59.0,39,14 | 8.7,29.8 | 1009,0.1 | 0.0
2012-12-13,31.0,17.0,44.0,20.0,29.8,0.0,31 | 87.8,17 | 62.6,44,20 | 12.43,29.8 | 1009,0.0 | 0.0
2012-12-14,31.0,17.0,45.0,22.0,29.8,0.0,31 | 87.8,17 | 62.6,45,22 | 13.67,29.8 | 1009,0.0 | 0.0
2012-12-15,30.0,17.0,46.0,21.0,29.8,0.0,30 | 86.0,17 | 62.6,46,21 | 13.05,29.8 | 1009,0.0 | 0.0
2012-12-16,30.0,17.0,47.0,18.0,29.8,2.5,30 | 86.0,17 | 62.6,47,18 | 11.18,29.8 | 1009,2.5 | 0.1
2012-12-17,30.0,17.0,47.0,17.0,29.8,12.1,30 | 86.0,17 | 62.6,47,17 | 10.56,29.8 | 1009,12.1 | 0.48
2012-12-18,31.0,17.0,46.0,20.0,29.8,0.2,31 | 87.8,17 | 62.6,46,20 | 12.43,29.8 | 1009,0.2 | 0.01
2012-12-19,30.0,15.0,44.0,24.0,29.8,0.3,30 | 86.0,15 | 59.0,44,24 | 14.91,29.8 | 1009,0.3 | 0.01
2012-12-20,30.0,13.0,39.0,16.0,29.8,0.0,30 | 86.0,13 | 55.4,39,16 | 9.94,29.8 | 1009,0.0 | 0.0
2012-12-21,31.0,15.0,41.0,11.0,29.77,0.0,31 | 87.8,15 | 59.0,41,11 | 6.84,29.77 | 1008,0.0 | 0.0
2012-12-22,30.0,16.0,43.0,10.0,29.8,8.1,30 | 86.0,16 | 60.8,43,10 | 6.21,29.8 | 1009,8.1 | 0.32
2012-12-23,31.0,17.0,45.0,13.0,29.83,1.7,31 | 87.8,17 | 62.6,45,13 | 8.08,29.83 | 1010,1.7 | 0.07
2012-12-24,30.0,17.0,46.0,11.0,29.85,4.2,30 | 86.0,17 | 62.6,46,11 | 6.84,29.85 | 1011,4.2 | 0.17
2012-12-25,30.0,17.0,49.0,9.0,29.83,9.5,30 | 86.0,17 | 62.6,49,9 | 5.59,29.83 | 1010,9.5 | 0.37
2012-12-26,30.0,17.0,47.0,8.0,29.8,1.5,30 | 86.0,17 | 62.6,47,8 | 4.97,29.8 | 1009,1.5 | 0.06
2012-12-27,30.0,18.0,48.0,8.0,29.8,10.1,30 | 86.0,18 | 64.4,48,8 | 4.97,29.8 | 1009,10.1 | 0.4
2012-12-28,30.0,18.0,49.0,11.0,29.8,5.2,30 | 86.0,18 | 64.4,49,11 | 6.84,29.8 | 1009,5.2 | 0.2
2012-12-29,29.0,18.0,50.0,7.0,29.8,7.7,29 | 84.2,18 | 64.4,50,7 | 4.35,29.8 | 1009,7.7 | 0.3
2012-12-30,30.0,17.0,47.0,9.0,29.83,1.7,30 | 86.0,17 | 62.6,47,9 | 5.59,29.83 | 1010,1.7 | 0.07
2012-12-31,30.0,16.0,44.0,9.0,29.8,0.0,30 | 86.0,16 | 60.8,44,9 | 5.59,29.8 | 1009,0.0 | 0.0
2013-01-01,31.0,16.0,43.0,10.0,29.8,0.1,31 | 87.8,16 | 60.8,43,10 | 6.21,29.8 | 1009,0.1 | 0.0
2013-01-02,31.0,16.0,41.0,7.0,29.8,0.0,31 | 87.8,16 | 60.8,41,7 | 4.35,29.8 | 1009,0.0 | 0.0
2013-01-03,31.0,12.0,34.0,11.0,29.83,0.0,31 | 87.8,12 | 53.6,34,11 | 6.84,29.83 | 1010,0.0 | 0.0
2013-01-04,31.0,10.0,29.0,14.0,29.85,0.0,31 | 87.8,10 | 50.0,29,14 | 8.7,29.85 | 1011,0.0 | 0.0
2013-01-05,31.0,13.0,34.0,9.0,29.83,0.0,31 | 87.8,13 | 55.4,34,9 | 5.59,29.83 | 1010,0.0 | 0.0
2013-01-06,31.0,15.0,39.0,8.0,29.83,0.0,31 | 87.8,15 | 59.0,39,8 | 4.97,29.83 | 1010,0.0 | 0.0
2013-01-07,31.0,16.0,43.0,10.0,29.83,2.2,31 | 87.8,16 | 60.8,43,10 | 6.21,29.83 | 1010,2.2 | 0.09
2013-01-08,31.0,17.0,44.0,12.0,29.85,1.0,31 | 87.8,17 | 62.6,44,12 | 7.46,29.85 | 1011,1.0 | 0.04
2013-01-09,31.0,17.0,47.0,16.0,29.85,4.7,31 | 87.8,17 | 62.6,47,16 | 9.94,29.85 | 1011,4.7 | 0.19
2013-01-10,30.0,17.0,47.0,14.0,29.85,10.7,30 | 86.0,17 | 62.6,47,14 | 8.7,29.85 | 1011,10.7 | 0.42
2013-01-11,31.0,16.0,44.0,13.0,29.83,0.4,31 | 87.8,16 | 60.8,44,13 | 8.08,29.83 | 1010,0.4 | 0.02
2013-01-12,32.0,16.0,41.0,19.0,29.83,0.2,32 | 89.6,16 | 60.8,41,19 | 11.81,29.83 | 1010,0.2 | 0.01
2013-01-13,31.0,15.0,39.0,21.0,29.83,0.0,31 | 87.8,15 | 59.0,39,21 | 13.05,29.83 | 1010,0.0 | 0.0
2013-01-14,32.0,14.0,37.0,23.0,29.8,0.0,32 | 89.6,14 | 57.2,37,23 | 14.29,29.8 | 1009,0.0 | 0.0
2013-01-15,31.0,16.0,44.0,20.0,29.8,1.3,31 | 87.8,16 | 60.8,44,20 | 12.43,29.8 | 1009,1.3 | 0.05
2013-01-16,31.0,17.0,44.0,22.0,29.83,0.0,31 | 87.8,17 | 62.6,44,22 | 13.67,29.83 | 1010,0.0 | 0.0
2013-01-17,31.0,17.0,44.0,20.0,29.83,0.0,31 | 87.8,17 | 62.6,44,20 | 12.43,29.83 | 1010,0.0 | 0.0
2013-01-18,31.0,15.0,40.0,16.0,29.83,0.0,31 | 87.8,15 | 59.0,40,16 | 9.94,29.83 | 1010,0.0 | 0.0
2013-01-19,31.0,12.0,34.0,15.0,29.83,0.0,31 | 87.8,12 | 53.6,34,15 | 9.32,29.83 | 1010,0.0 | 0.0
2013-01-20,32.0,11.0,30.0,14.0,29.85,0.0,32 | 89.6,11 | 51.8,30,14 | 8.7,29.85 | 1011,0.0 | 0.0
2013-01-21,32.0,11.0,29.0,16.0,29.85,0.0,32 | 89.6,11 | 51.8,29,16 | 9.94,29.85 | 1011,0.0 | 0.0
2013-01-22,32.0,12.0,33.0,16.0,29.85,0.0,32 | 89.6,12 | 53.6,33,16 | 9.94,29.85 | 1011,0.0 | 0.0
2013-01-23,32.0,13.0,33.0,14.0,29.85,0.0,32 | 89.6,13 | 55.4,33,14 | 8.7,29.85 | 1011,0.0 | 0.0
2013-01-24,33.0,15.0,36.0,19.0,29.8,0.0,33 | 91.4,15 | 59.0,36,19 | 11.81,29.8 | 1009,0.0 | 0.0
2013-01-25,32.0,14.0,36.0,17.0,29.83,0.0,32 | 89.6,14 | 57.2,36,17 | 10.56,29.83 | 1010,0.0 | 0.0
2013-01-26,32.0,14.0,36.0,14.0,29.83,0.0,32 | 89.6,14 | 57.2,36,14 | 8.7,29.83 | 1010,0.0 | 0.0
2013-01-27,32.0,13.0,33.0,15.0,29.83,0.0,32 | 89.6,13 | 55.4,33,15 | 9.32,29.83 | 1010,0.0 | 0.0
2013-01-28,33.0,14.0,34.0,12.0,29.83,0.0,33 | 91.4,14 | 57.2,34,12 | 7.46,29.83 | 1010,0.0 | 0.0
2013-01-29,33.0,14.0,34.0,9.0,29.8,0.0,33 | 91.4,14 | 57.2,34,9 | 5.59,29.8 | 1009,0.0 | 0.0
2013-01-30,32.0,15.0,36.0,11.0,29.77,0.3,32 | 89.6,15 | 59.0,36,11 | 6.84,29.77 | 1008,0.3 | 0.01
2013-01-31,32.0,16.0,41.0,8.0,29.8,5.0,32 | 89.6,16 | 60.8,41,8 | 4.97,29.8 | 1009,5.0 | 0.2
2013-02-01,31.0,16.0,41.0,9.0,29.8,0.7,31 | 87.8,16 | 60.8,41,9 | 5.59,29.8 | 1009,0.7 | 0.03
2013-02-02,30.0,17.0,47.0,8.0,29.83,1.2,30 | 86.0,17 | 62.6,47,8 | 4.97,29.83 | 1010,1.2 | 0.05
2013-02-03,32.0,15.0,36.0,16.0,29.8,0.0,32 | 89.6,15 | 59.0,36,16 | 9.94,29.8 | 1009,0.0 | 0.0
2013-02-04,32.0,13.0,33.0,18.0,29.83,0.0,32 | 89.6,13 | 55.4,33,18 | 11.18,29.83 | 1010,0.0 | 0.0
2013-02-05,32.0,13.0,33.0,18.0,29.83,0.0,32 | 89.6,13 | 55.4,33,18 | 11.18,29.83 | 1010,0.0 | 0.0
2013-02-06,32.0,16.0,40.0,19.0,29.85,0.0,32 | 89.6,16 | 60.8,40,19 | 11.81,29.85 | 1011,0.0 | 0.0
2013-02-07,32.0,15.0,38.0,18.0,29.83,0.0,32 | 89.6,15 | 59.0,38,18 | 11.18,29.83 | 1010,0.0 | 0.0
2013-02-08,32.0,14.0,36.0,17.0,29.8,0.0,32 | 89.6,14 | 57.2,36,17 | 10.56,29.8 | 1009,0.0 | 0.0
2013-02-09,32.0,13.0,35.0,14.0,29.77,0.0,32 | 89.6,13 | 55.4,35,14 | 8.7,29.77 | 1008,0.0 | 0.0
2013-02-10,32.0,13.0,33.0,16.0,29.74,0.0,32 | 89.6,13 | 55.4,33,16 | 9.94,29.74 | 1007,0.0 | 0.0
2013-02-11,32.0,15.0,36.0,14.0,29.74,0.0,32 | 89.6,15 | 59.0,36,14 | 8.7,29.74 | 1007,0.0 | 0.0
2013-02-12,33.0,15.0,37.0,14.0,29.71,0.0,33 | 91.4,15 | 59.0,37,14 | 8.7,29.71 | 1006,0.0 | 0.0
2013-02-13,33.0,16.0,38.0,18.0,29.74,0.1,33 | 91.4,16 | 60.8,38,18 | 11.18,29.74 | 1007,0.1 | 0.0
2013-02-14,33.0,14.0,35.0,18.0,29.74,0.0,33 | 91.4,14 | 57.2,35,18 | 11.18,29.74 | 1007,0.0 | 0.0
2013-02-15,33.0,12.0,30.0,14.0,29.77,0.0,33 | 91.4,12 | 53.6,30,14 | 8.7,29.77 | 1008,0.0 | 0.0
2013-02-16,33.0,10.0,25.0,12.0,29.74,0.0,33 | 91.4,10 | 50.0,25,12 | 7.46,29.74 | 1007,0.0 | 0.0
2013-02-17,34.0,11.0,26.0,15.0,29.71,0.0,34 | 93.2,11 | 51.8,26,15 | 9.32,29.71 | 1006,0.0 | 0.0
2013-02-18,33.0,12.0,30.0,16.0,29.71,0.0,33 | 91.4,12 | 53.6,30,16 | 9.94,29.71 | 1006,0.0 | 0.0
2013-02-19,33.0,12.0,30.0,13.0,29.74,0.0,33 | 91.4,12 | 53.6,30,13 | 8.08,29.74 | 1007,0.0 | 0.0
2013-02-20,34.0,11.0,27.0,10.0,29.77,0.0,34 | 93.2,11 | 51.8,27,10 | 6.21,29.77 | 1008,0.0 | 0.0
2013-02-21,34.0,12.0,28.0,11.0,29.8,0.0,34 | 93.2,12 | 53.6,28,11 | 6.84,29.8 | 1009,0.0 | 0.0
2013-02-22,34.0,13.0,29.0,18.0,29.77,0.0,34 | 93.2,13 | 55.4,29,18 | 11.18,29.77 | 1008,0.0 | 0.0
2013-02-23,34.0,12.0,28.0,22.0,29.8,0.0,34 | 93.2,12 | 53.6,28,22 | 13.67,29.8 | 1009,0.0 | 0.0
2013-02-24,33.0,10.0,26.0,25.0,29.8,0.0,33 | 91.4,10 | 50.0,26,25 | 15.53,29.8 | 1009,0.0 | 0.0
2013-02-25,33.0,13.0,31.0,25.0,29.8,0.0,33 | 91.4,13 | 55.4,31,25 | 15.53,29.8 | 1009,0.0 | 0.0
2013-02-26,33.0,14.0,33.0,27.0,29.83,0.2,33 | 91.4,14 | 57.2,33,27 | 16.78,29.83 | 1010,0.2 | 0.01
2013-02-27,33.0,13.0,32.0,23.0,29.85,0.0,33 | 91.4,13 | 55.4,32,23 | 14.29,29.85 | 1011,0.0 | 0.0
2013-02-28,33.0,13.0,32.0,18.0,29.83,0.0,33 | 91.4,13 | 55.4,32,18 | 11.18,29.83 | 1010,0.0 | 0.0
2013-03-01,33.0,13.0,32.0,15.0,29.8,0.0,33 | 91.4,13 | 55.4,32,15 | 9.32,29.8 | 1009,0.0 | 0.0
2013-03-02,33.0,13.0,32.0,17.0,29.8,0.0,33 | 91.4,13 | 55.4,32,17 | 10.56,29.8 | 1009,0.0 | 0.0
2013-03-03,34.0,14.0,32.0,18.0,29.8,0.0,34 | 93.2,14 | 57.2,32,18 | 11.18,29.8 | 1009,0.0 | 0.0
2013-03-04,33.0,14.0,34.0,18.0,29.8,0.0,33 | 91.4,14 | 57.2,34,18 | 11.18,29.8 | 1009,0.0 | 0.0
2013-03-05,34.0,15.0,33.0,17.0,29.8,0.0,34 | 93.2,15 | 59.0,33,17 | 10.56,29.8 | 1009,0.0 | 0.0
2013-03-06,34.0,15.0,35.0,15.0,29.77,0.0,34 | 93.2,15 | 59.0,35,15 | 9.32,29.77 | 1008,0.0 | 0.0
2013-03-07,34.0,16.0,36.0,17.0,29.74,0.0,34 | 93.2,16 | 60.8,36,17 | 10.56,29.74 | 1007,0.0 | 0.0
2013-03-08,34.0,16.0,36.0,21.0,29.77,0.1,34 | 93.2,16 | 60.8,36,21 | 13.05,29.77 | 1008,0.1 | 0.0
2013-03-09,34.0,15.0,34.0,19.0,29.8,0.0,34 | 93.2,15 | 59.0,34,19 | 11.81,29.8 | 1009,0.0 | 0.0
2013-03-10,34.0,14.0,33.0,16.0,29.77,0.0,34 | 93.2,14 | 57.2,33,16 | 9.94,29.77 | 1008,0.0 | 0.0
2013-03-11,33.0,15.0,34.0,13.0,29.77,0.0,33 | 91.4,15 | 59.0,34,13 | 8.08,29.77 | 1008,0.0 | 0.0
2013-03-12,34.0,16.0,36.0,19.0,29.77,0.0,34 | 93.2,16 | 60.8,36,19 | 11.81,29.77 | 1008,0.0 | 0.0
2013-03-13,33.0,16.0,37.0,24.0,29.77,0.0,33 | 91.4,16 | 60.8,37,24 | 14.91,29.77 | 1008,0.0 | 0.0
2013-03-14,33.0,15.0,36.0,24.0,29.8,0.0,33 | 91.4,15 | 59.0,36,24 | 14.91,29.8 | 1009,0.0 | 0.0
2013-03-15,33.0,15.0,38.0,22.0,29.83,0.0,33 | 91.4,15 | 59.0,38,22 | 13.67,29.83 | 1010,0.0 | 0.0
2013-03-16,33.0,16.0,38.0,23.0,29.8,0.0,33 | 91.4,16 | 60.8,38,23 | 14.29,29.8 | 1009,0.0 | 0.0
2013-03-17,33.0,16.0,39.0,19.0,29.77,0.2,33 | 91.4,16 | 60.8,39,19 | 11.81,29.77 | 1008,0.2 | 0.01
2013-03-18,33.0,17.0,41.0,17.0,29.77,0.0,33 | 91.4,17 | 62.6,41,17 | 10.56,29.77 | 1008,0.0 | 0.0
2013-03-19,30.0,18.0,50.0,12.0,29.74,11.6,30 | 86.0,18 | 64.4,50,12 | 7.46,29.74 | 1007,11.6 | 0.46
2013-03-20,29.0,19.0,54.0,10.0,29.8,9.6,29 | 84.2,19 | 66.2,54,10 | 6.21,29.8 | 1009,9.6 | 0.38
2013-03-21,31.0,19.0,52.0,15.0,29.8,7.1,31 | 87.8,19 | 66.2,52,15 | 9.32,29.8 | 1009,7.1 | 0.28
2013-03-22,30.0,19.0,54.0,18.0,29.77,4.4,30 | 86.0,19 | 66.2,54,18 | 11.18,29.77 | 1008,4.4 | 0.17
2013-03-23,31.0,18.0,48.0,16.0,29.77,1.5,31 | 87.8,18 | 64.4,48,16 | 9.94,29.77 | 1008,1.5 | 0.06
2013-03-24,32.0,18.0,46.0,18.0,29.77,0.8,32 | 89.6,18 | 64.4,46,18 | 11.18,29.77 | 1008,0.8 | 0.03
2013-03-25,29.0,19.0,55.0,18.0,29.8,13.5,29 | 84.2,19 | 66.2,55,18 | 11.18,29.8 | 1009,13.5 | 0.53
2013-03-26,30.0,19.0,54.0,10.0,29.8,0.9,30 | 86.0,19 | 66.2,54,10 | 6.21,29.8 | 1009,0.9 | 0.04
2013-03-27,30.0,18.0,49.0,13.0,29.8,1.4,30 | 86.0,18 | 64.4,49,13 | 8.08,29.8 | 1009,1.4 | 0.06
2013-03-28,29.0,19.0,54.0,7.0,29.83,10.5,29 | 84.2,19 | 66.2,54,7 | 4.35,29.83 | 1010,10.5 | 0.41
2013-03-29,29.0,19.0,57.0,12.0,29.85,16.0,29 | 84.2,19 | 66.2,57,12 | 7.46,29.85 | 1011,16.0 | 0.63
2013-03-30,30.0,19.0,52.0,13.0,29.83,3.9,30 | 86.0,19 | 66.2,52,13 | 8.08,29.83 | 1010,3.9 | 0.15
2013-03-31,29.0,19.0,56.0,13.0,29.85,0.9,29 | 84.2,19 | 66.2,56,13 | 8.08,29.85 | 1011,0.9 | 0.04
2013-04-01,29.0,19.0,55.0,8.0,29.88,0.2,29 | 84.2,19 | 66.2,55,8 | 4.97,29.88 | 1012,0.2 | 0.01
2013-04-02,30.0,18.0,51.0,11.0,29.85,2.5,30 | 86.0,18 | 64.4,51,11 | 6.84,29.85 | 1011,2.5 | 0.1
2013-04-03,31.0,18.0,48.0,10.0,29.8,3.2,31 | 87.8,18 | 64.4,48,10 | 6.21,29.8 | 1009,3.2 | 0.13
2013-04-04,31.0,19.0,49.0,14.0,29.8,12.5,31 | 87.8,19 | 66.2,49,14 | 8.7,29.8 | 1009,12.5 | 0.49
2013-04-05,29.0,19.0,56.0,9.0,29.8,0.5,29 | 84.2,19 | 66.2,56,9 | 5.59,29.8 | 1009,0.5 | 0.02
2013-04-06,27.0,20.0,68.0,10.0,29.8,21.3,27 | 80.6,20 | 68.0,68,10 | 6.21,29.8 | 1009,21.3 | 0.84
2013-04-07,26.0,20.0,69.0,7.0,29.8,2.4,26 | 78.8,20 | 68.0,69,7 | 4.35,29.8 | 1009,2.4 | 0.09
2013-04-08,28.0,18.0,59.0,7.0,29.83,2.7,28 | 82.4,18 | 64.4,59,7 | 4.35,29.83 | 1010,2.7 | 0.11
2013-04-09,31.0,18.0,50.0,7.0,29.8,0.4,31 | 87.8,18 | 64.4,50,7 | 4.35,29.8 | 1009,0.4 | 0.02
2013-04-10,31.0,19.0,52.0,11.0,29.8,2.5,31 | 87.8,19 | 66.2,52,11 | 6.84,29.8 | 1009,2.5 | 0.1
2013-04-11,29.0,19.0,54.0,10.0,29.77,5.6,29 | 84.2,19 | 66.2,54,10 | 6.21,29.77 | 1008,5.6 | 0.22
2013-04-12,29.0,19.0,55.0,9.0,29.83,5.0,29 | 84.2,19 | 66.2,55,9 | 5.59,29.83 | 1010,5.0 | 0.2
2013-04-13,28.0,18.0,55.0,8.0,29.88,1.4,28 | 82.4,18 | 64.4,55,8 | 4.97,29.88 | 1012,1.4 | 0.06
2013-04-14,29.0,19.0,55.0,9.0,29.85,5.8,29 | 84.2,19 | 66.2,55,9 | 5.59,29.85 | 1011,5.8 | 0.23
2013-04-15,30.0,19.0,53.0,10.0,29.8,7.3,30 | 86.0,19 | 66.2,53,10 | 6.21,29.8 | 1009,7.3 | 0.29
2013-04-16,31.0,19.0,51.0,17.0,29.77,0.6,31 | 87.8,19 | 66.2,51,17 | 10.56,29.77 | 1008,0.6 | 0.02
2013-04-17,30.0,19.0,51.0,15.0,29.77,0.2,30 | 86.0,19 | 66.2,51,15 | 9.32,29.77 | 1008,0.2 | 0.01
2013-04-18,30.0,19.0,52.0,13.0,29.77,10.9,30 | 86.0,19 | 66.2,52,13 | 8.08,29.77 | 1008,10.9 | 0.43
2013-04-19,31.0,19.0,51.0,10.0,29.77,2.7,31 | 87.8,19 | 66.2,51,10 | 6.21,29.77 | 1008,2.7 | 0.11
2013-04-20,31.0,19.0,51.0,15.0,29.8,1.2,31 | 87.8,19 | 66.2,51,15 | 9.32,29.8 | 1009,1.2 | 0.05
2013-04-21,30.0,19.0,53.0,14.0,29.77,10.4,30 | 86.0,19 | 66.2,53,14 | 8.7,29.77 | 1008,10.4 | 0.41
2013-04-22,31.0,18.0,49.0,10.0,29.77,0.8,31 | 87.8,18 | 64.4,49,10 | 6.21,29.77 | 1008,0.8 | 0.03
2013-04-23,31.0,19.0,49.0,13.0,29.77,0.4,31 | 87.8,19 | 66.2,49,13 | 8.08,29.77 | 1008,0.4 | 0.02
2013-04-24,31.0,19.0,49.0,19.0,29.8,3.3,31 | 87.8,19 | 66.2,49,19 | 11.81,29.8 | 1009,3.3 | 0.13
2013-04-25,31.0,19.0,49.0,19.0,29.83,6.9,31 | 87.8,19 | 66.2,49,19 | 11.81,29.83 | 1010,6.9 | 0.27
2013-04-26,31.0,18.0,49.0,13.0,29.83,0.1,31 | 87.8,18 | 64.4,49,13 | 8.08,29.83 | 1010,0.1 | 0.0
2013-04-27,30.0,19.0,54.0,14.0,29.83,20.5,30 | 86.0,19 | 66.2,54,14 | 8.7,29.83 | 1010,20.5 | 0.81
2013-04-28,30.0,19.0,52.0,19.0,29.8,4.0,30 | 86.0,19 | 66.2,52,19 | 11.81,29.8 | 1009,4.0 | 0.16
2013-04-29,30.0,19.0,53.0,17.0,29.83,0.6,30 | 86.0,19 | 66.2,53,17 | 10.56,29.83 | 1010,0.6 | 0.02
2013-04-30,30.0,19.0,53.0,15.0,29.83,18.0,30 | 86.0,19 | 66.2,53,15 | 9.32,29.83 | 1010,18.0 | 0.71
2013-05-01,30.0,19.0,53.0,10.0,29.83,6.3,30 | 86.0,19 | 66.2,53,10 | 6.21,29.83 | 1010,6.3 | 0.25
2013-05-02,29.0,19.0,58.0,8.0,29.83,11.6,29 | 84.2,19 | 66.2,58,8 | 4.97,29.83 | 1010,11.6 | 0.46
2013-05-03,30.0,19.0,53.0,12.0,29.83,0.9,30 | 86.0,19 | 66.2,53,12 | 7.46,29.83 | 1010,0.9 | 0.04
2013-05-04,30.0,19.0,53.0,14.0,29.83,0.0,30 | 86.0,19 | 66.2,53,14 | 8.7,29.83 | 1010,0.0 | 0.0
2013-05-05,30.0,19.0,52.0,14.0,29.83,0.1,30 | 86.0,19 | 66.2,52,14 | 8.7,29.83 | 1010,0.1 | 0.0
2013-05-06,30.0,19.0,51.0,9.0,29.85,5.9,30 | 86.0,19 | 66.2,51,9 | 5.59,29.85 | 1011,5.9 | 0.23
2013-05-07,28.0,19.0,58.0,8.0,29.88,33.2,28 | 82.4,19 | 66.2,58,8 | 4.97,29.88 | 1012,33.2 | 1.31
2013-05-08,29.0,19.0,56.0,8.0,29.85,1.4,29 | 84.2,19 | 66.2,56,8 | 4.97,29.85 | 1011,1.4 | 0.06
2013-05-09,30.0,18.0,49.0,9.0,29.85,1.2,30 | 86.0,18 | 64.4,49,9 | 5.59,29.85 | 1011,1.2 | 0.05
2013-05-10,30.0,18.0,49.0,10.0,29.85,0.2,30 | 86.0,18 | 64.4,49,10 | 6.21,29.85 | 1011,0.2 | 0.01
2013-05-11,31.0,18.0,50.0,13.0,29.85,7.5,31 | 87.8,18 | 64.4,50,13 | 8.08,29.85 | 1011,7.5 | 0.3
2013-05-12,30.0,18.0,49.0,15.0,29.88,0.2,30 | 86.0,18 | 64.4,49,15 | 9.32,29.88 | 1012,0.2 | 0.01
2013-05-13,30.0,17.0,48.0,17.0,29.88,0.0,30 | 86.0,17 | 62.6,48,17 | 10.56,29.88 | 1012,0.0 | 0.0
2013-05-14,30.0,17.0,48.0,17.0,29.88,0.0,30 | 86.0,17 | 62.6,48,17 | 10.56,29.88 | 1012,0.0 | 0.0
2013-05-15,29.0,16.0,46.0,16.0,29.85,0.0,29 | 84.2,16 | 60.8,46,16 | 9.94,29.85 | 1011,0.0 | 0.0
2013-05-16,30.0,16.0,44.0,15.0,29.85,0.0,30 | 86.0,16 | 60.8,44,15 | 9.32,29.85 | 1011,0.0 | 0.0
2013-05-17,30.0,16.0,46.0,17.0,29.85,0.0,30 | 86.0,16 | 60.8,46,17 | 10.56,29.85 | 1011,0.0 | 0.0
2013-05-18,30.0,17.0,46.0,17.0,29.88,0.0,30 | 86.0,17 | 62.6,46,17 | 10.56,29.88 | 1012,0.0 | 0.0
2013-05-19,30.0,16.0,46.0,16.0,29.85,0.0,30 | 86.0,16 | 60.8,46,16 | 9.94,29.85 | 1011,0.0 | 0.0
2013-05-20,30.0,15.0,43.0,13.0,29.85,0.0,30 | 86.0,15 | 59.0,43,13 | 8.08,29.85 | 1011,0.0 | 0.0
2013-05-21,30.0,16.0,44.0,15.0,29.85,0.0,30 | 86.0,16 | 60.8,44,15 | 9.32,29.85 | 1011,0.0 | 0.0
2013-05-22,30.0,16.0,44.0,17.0,29.88,0.0,30 | 86.0,16 | 60.8,44,17 | 10.56,29.88 | 1012,0.0 | 0.0
2013-05-23,30.0,16.0,44.0,16.0,29.85,0.0,30 | 86.0,16 | 60.8,44,16 | 9.94,29.85 | 1011,0.0 | 0.0
2013-05-24,30.0,16.0,43.0,12.0,29.85,0.0,30 | 86.0,16 | 60.8,43,12 | 7.46,29.85 | 1011,0.0 | 0.0
2013-05-25,31.0,16.0,42.0,13.0,29.85,0.0,31 | 87.8,16 | 60.8,42,13 | 8.08,29.85 | 1011,0.0 | 0.0
2013-05-26,31.0,16.0,42.0,12.0,29.85,0.0,31 | 87.8,16 | 60.8,42,12 | 7.46,29.85 | 1011,0.0 | 0.0
2013-05-27,31.0,17.0,43.0,15.0,29.83,0.0,31 | 87.8,17 | 62.6,43,15 | 9.32,29.83 | 1010,0.0 | 0.0
2013-05-28,30.0,17.0,47.0,19.0,29.83,0.0,30 | 86.0,17 | 62.6,47,19 | 11.81,29.83 | 1010,0.0 | 0.0
2013-05-29,31.0,16.0,44.0,20.0,29.83,0.0,31 | 87.8,16 | 60.8,44,20 | 12.43,29.83 | 1010,0.0 | 0.0
2013-05-30,30.0,16.0,43.0,17.0,29.83,0.1,30 | 86.0,16 | 60.8,43,17 | 10.56,29.83 | 1010,0.1 | 0.0
2013-05-31,30.0,15.0,42.0,17.0,29.85,0.1,30 | 86.0,15 | 59.0,42,17 | 10.56,29.85 | 1011,0.1 | 0.0
2013-06-01,30.0,16.0,43.0,20.0,29.85,0.5,30 | 86.0,16 | 60.8,43,20 | 12.43,29.85 | 1011,0.5 | 0.02
2013-06-02,29.0,15.0,44.0,18.0,29.85,0.0,29 | 84.2,15 | 59.0,44,18 | 11.18,29.85 | 1011,0.0 | 0.0
2013-06-03,29.0,15.0,44.0,16.0,29.85,0.0,29 | 84.2,15 | 59.0,44,16 | 9.94,29.85 | 1011,0.0 | 0.0
2013-06-04,29.0,15.0,43.0,17.0,29.83,0.0,29 | 84.2,15 | 59.0,43,17 | 10.56,29.83 | 1010,0.0 | 0.0
2013-06-05,29.0,15.0,43.0,15.0,29.88,0.0,29 | 84.2,15 | 59.0,43,15 | 9.32,29.88 | 1012,0.0 | 0.0
2013-06-06,30.0,16.0,45.0,14.0,29.91,0.7,30 | 86.0,16 | 60.8,45,14 | 8.7,29.91 | 1013,0.7 | 0.03
2013-06-07,30.0,16.0,45.0,11.0,29.91,2.4,30 | 86.0,16 | 60.8,45,11 | 6.84,29.91 | 1013,2.4 | 0.09
2013-06-08,29.0,16.0,44.0,13.0,29.88,1.8,29 | 84.2,16 | 60.8,44,13 | 8.08,29.88 | 1012,1.8 | 0.07
2013-06-09,30.0,14.0,41.0,15.0,29.85,0.0,30 | 86.0,14 | 57.2,41,15 | 9.32,29.85 | 1011,0.0 | 0.0
2013-06-10,29.0,16.0,45.0,15.0,29.88,0.0,29 | 84.2,16 | 60.8,45,15 | 9.32,29.88 | 1012,0.0 | 0.0
2013-06-11,29.0,16.0,47.0,17.0,29.88,0.8,29 | 84.2,16 | 60.8,47,17 | 10.56,29.88 | 1012,0.8 | 0.03
2013-06-12,30.0,15.0,42.0,17.0,29.88,0.0,30 | 86.0,15 | 59.0,42,17 | 10.56,29.88 | 1012,0.0 | 0.0
2013-06-13,30.0,15.0,42.0,15.0,29.85,0.1,30 | 86.0,15 | 59.0,42,15 | 9.32,29.85 | 1011,0.1 | 0.0
2013-06-14,30.0,15.0,42.0,12.0,29.85,0.0,30 | 86.0,15 | 59.0,42,12 | 7.46,29.85 | 1011,0.0 | 0.0
2013-06-15,30.0,17.0,45.0,10.0,29.85,0.1,30 | 86.0,17 | 62.6,45,10 | 6.21,29.85 | 1011,0.1 | 0.0
2013-06-16,30.0,17.0,48.0,6.0,29.85,4.1,30 | 86.0,17 | 62.6,48,6 | 3.73,29.85 | 1011,4.1 | 0.16
2013-06-17,29.0,18.0,54.0,12.0,29.85,17.5,29 | 84.2,18 | 64.4,54,12 | 7.46,29.85 | 1011,17.5 | 0.69
2013-06-18,24.0,17.0,64.0,15.0,29.91,4.8,24 | 75.2,17 | 62.6,64,15 | 9.32,29.91 | 1013,4.8 | 0.19
2013-06-19,26.0,17.0,61.0,11.0,29.91,0.0,26 | 78.8,17 | 62.6,61,11 | 6.84,29.91 | 1013,0.0 | 0.0
2013-06-20,28.0,16.0,49.0,13.0,29.88,0.0,28 | 82.4,16 | 60.8,49,13 | 8.08,29.88 | 1012,0.0 | 0.0
2013-06-21,27.0,16.0,52.0,17.0,29.91,0.0,27 | 80.6,16 | 60.8,52,17 | 10.56,29.91 | 1013,0.0 | 0.0
2013-06-22,28.0,15.0,46.0,15.0,29.91,0.0,28 | 82.4,15 | 59.0,46,15 | 9.32,29.91 | 1013,0.0 | 0.0
2013-06-23,28.0,16.0,50.0,15.0,29.91,0.0,28 | 82.4,16 | 60.8,50,15 | 9.32,29.91 | 1013,0.0 | 0.0
2013-06-24,28.0,16.0,50.0,15.0,29.91,0.0,28 | 82.4,16 | 60.8,50,15 | 9.32,29.91 | 1013,0.0 | 0.0
2013-06-25,28.0,16.0,47.0,15.0,29.88,0.0,28 | 82.4,16 | 60.8,47,15 | 9.32,29.88 | 1012,0.0 | 0.0
2013-06-26,29.0,15.0,45.0,15.0,29.88,0.0,29 | 84.2,15 | 59.0,45,15 | 9.32,29.88 | 1012,0.0 | 0.0
2013-06-27,29.0,16.0,47.0,15.0,29.85,0.0,29 | 84.2,16 | 60.8,47,15 | 9.32,29.85 | 1011,0.0 | 0.0
2013-06-28,29.0,16.0,48.0,15.0,29.85,0.0,29 | 84.2,16 | 60.8,48,15 | 9.32,29.85 | 1011,0.0 | 0.0
2013-06-29,29.0,16.0,46.0,16.0,29.85,0.0,29 | 84.2,16 | 60.8,46,16 | 9.94,29.85 | 1011,0.0 | 0.0
2013-06-30,29.0,15.0,43.0,14.0,29.91,0.0,29 | 84.2,15 | 59.0,43,14 | 8.7,29.91 | 1013,0.0 | 0.0
2013-07-01,29.0,15.0,44.0,12.0,29.88,0.0,29 | 84.2,15 | 59.0,44,12 | 7.46,29.88 | 1012,0.0 | 0.0
2013-07-02,29.0,15.0,42.0,12.0,29.85,0.0,29 | 84.2,15 | 59.0,42,12 | 7.46,29.85 | 1011,0.0 | 0.0
2013-07-03,29.0,16.0,46.0,17.0,29.85,0.3,29 | 84.2,16 | 60.8,46,17 | 10.56,29.85 | 1011,0.3 | 0.01
2013-07-04,29.0,16.0,47.0,17.0,29.85,0.2,29 | 84.2,16 | 60.8,47,17 | 10.56,29.85 | 1011,0.2 | 0.01
2013-07-05,29.0,15.0,44.0,13.0,29.88,0.1,29 | 84.2,15 | 59.0,44,13 | 8.08,29.88 | 1012,0.1 | 0.0
2013-07-06,29.0,14.0,43.0,13.0,29.88,2.3,29 | 84.2,14 | 57.2,43,13 | 8.08,29.88 | 1012,2.3 | 0.09
2013-07-07,28.0,15.0,45.0,16.0,29.88,0.0,28 | 82.4,15 | 59.0,45,16 | 9.94,29.88 | 1012,0.0 | 0.0
2013-07-08,28.0,14.0,44.0,14.0,29.91,0.0,28 | 82.4,14 | 57.2,44,14 | 8.7,29.91 | 1013,0.0 | 0.0
2013-07-09,28.0,14.0,44.0,12.0,29.91,0.1,28 | 82.4,14 | 57.2,44,12 | 7.46,29.91 | 1013,0.1 | 0.0
2013-07-10,28.0,15.0,48.0,14.0,29.88,2.2,28 | 82.4,15 | 59.0,48,14 | 8.7,29.88 | 1012,2.2 | 0.09
2013-07-11,28.0,16.0,48.0,14.0,29.88,0.1,28 | 82.4,16 | 60.8,48,14 | 8.7,29.88 | 1012,0.1 | 0.0
2013-07-12,28.0,15.0,46.0,16.0,29.88,0.0,28 | 82.4,15 | 59.0,46,16 | 9.94,29.88 | 1012,0.0 | 0.0
2013-07-13,28.0,15.0,45.0,12.0,29.91,0.1,28 | 82.4,15 | 59.0,45,12 | 7.46,29.91 | 1013,0.1 | 0.0
2013-07-14,29.0,16.0,47.0,10.0,29.88,6.3,29 | 84.2,16 | 60.8,47,10 | 6.21,29.88 | 1012,6.3 | 0.25
2013-07-15,29.0,15.0,46.0,10.0,29.88,5.2,29 | 84.2,15 | 59.0,46,10 | 6.21,29.88 | 1012,5.2 | 0.2
2013-07-16,29.0,15.0,43.0,11.0,29.91,1.8,29 | 84.2,15 | 59.0,43,11 | 6.84,29.91 | 1013,1.8 | 0.07
2013-07-17,29.0,17.0,49.0,8.0,29.91,5.8,29 | 84.2,17 | 62.6,49,8 | 4.97,29.91 | 1013,5.8 | 0.23
2013-07-18,28.0,17.0,53.0,10.0,29.91,14.4,28 | 82.4,17 | 62.6,53,10 | 6.21,29.91 | 1013,14.4 | 0.57
2013-07-19,28.0,17.0,51.0,11.0,29.88,3.6,28 | 82.4,17 | 62.6,51,11 | 6.84,29.88 | 1012,3.6 | 0.14
2013-07-20,29.0,16.0,49.0,14.0,29.85,0.2,29 | 84.2,16 | 60.8,49,14 | 8.7,29.85 | 1011,0.2 | 0.01
2013-07-21,28.0,16.0,51.0,15.0,29.85,1.7,28 | 82.4,16 | 60.8,51,15 | 9.32,29.85 | 1011,1.7 | 0.07
2013-07-22,28.0,16.0,49.0,13.0,29.85,2.1,28 | 82.4,16 | 60.8,49,13 | 8.08,29.85 | 1011,2.1 | 0.08
2013-07-23,28.0,15.0,47.0,16.0,29.85,0.0,28 | 82.4,15 | 59.0,47,16 | 9.94,29.85 | 1011,0.0 | 0.0
2013-07-24,28.0,15.0,44.0,15.0,29.88,0.0,28 | 82.4,15 | 59.0,44,15 | 9.32,29.88 | 1012,0.0 | 0.0
2013-07-25,28.0,15.0,45.0,13.0,29.91,0.3,28 | 82.4,15 | 59.0,45,13 | 8.08,29.91 | 1013,0.3 | 0.01
2013-07-26,29.0,16.0,48.0,10.0,29.88,0.0,29 | 84.2,16 | 60.8,48,10 | 6.21,29.88 | 1012,0.0 | 0.0
2013-07-27,28.0,17.0,52.0,9.0,29.85,6.8,28 | 82.4,17 | 62.6,52,9 | 5.59,29.85 | 1011,6.8 | 0.27
2013-07-28,28.0,17.0,53.0,13.0,29.91,5.3,28 | 82.4,17 | 62.6,53,13 | 8.08,29.91 | 1013,5.3 | 0.21
2013-07-29,28.0,17.0,53.0,12.0,29.94,7.1,28 | 82.4,17 | 62.6,53,12 | 7.46,29.94 | 1014,7.1 | 0.28
2013-07-30,29.0,17.0,48.0,12.0,29.91,0.0,29 | 84.2,17 | 62.6,48,12 | 7.46,29.91 | 1013,0.0 | 0.0
2013-07-31,28.0,16.0,48.0,15.0,29.91,0.2,28 | 82.4,16 | 60.8,48,15 | 9.32,29.91 | 1013,0.2 | 0.01
2013-08-01,28.0,15.0,45.0,14.0,29.94,0.0,28 | 82.4,15 | 59.0,45,14 | 8.7,29.94 | 1014,0.0 | 0.0
2013-08-02,28.0,14.0,44.0,11.0,29.91,0.0,28 | 82.4,14 | 57.2,44,11 | 6.84,29.91 | 1013,0.0 | 0.0
2013-08-03,28.0,15.0,46.0,13.0,29.91,0.0,28 | 82.4,15 | 59.0,46,13 | 8.08,29.91 | 1013,0.0 | 0.0
2013-08-04,28.0,15.0,47.0,15.0,29.91,0.1,28 | 82.4,15 | 59.0,47,15 | 9.32,29.91 | 1013,0.1 | 0.0
2013-08-05,27.0,15.0,47.0,17.0,29.88,0.4,27 | 80.6,15 | 59.0,47,17 | 10.56,29.88 | 1012,0.4 | 0.02
2013-08-06,28.0,15.0,46.0,14.0,29.88,0.0,28 | 82.4,15 | 59.0,46,14 | 8.7,29.88 | 1012,0.0 | 0.0
2013-08-07,28.0,14.0,41.0,15.0,29.85,0.0,28 | 82.4,14 | 57.2,41,15 | 9.32,29.85 | 1011,0.0 | 0.0
2013-08-08,28.0,14.0,43.0,16.0,29.85,0.0,28 | 82.4,14 | 57.2,43,16 | 9.94,29.85 | 1011,0.0 | 0.0
2013-08-09,29.0,15.0,45.0,19.0,29.85,0.0,29 | 84.2,15 | 59.0,45,19 | 11.81,29.85 | 1011,0.0 | 0.0
2013-08-10,28.0,15.0,45.0,18.0,29.85,0.0,28 | 82.4,15 | 59.0,45,18 | 11.18,29.85 | 1011,0.0 | 0.0
2013-08-11,29.0,15.0,43.0,16.0,29.85,0.0,29 | 84.2,15 | 59.0,43,16 | 9.94,29.85 | 1011,0.0 | 0.0
2013-08-12,29.0,15.0,44.0,15.0,29.85,0.0,29 | 84.2,15 | 59.0,44,15 | 9.32,29.85 | 1011,0.0 | 0.0
2013-08-13,30.0,15.0,43.0,12.0,29.83,0.0,30 | 86.0,15 | 59.0,43,12 | 7.46,29.83 | 1010,0.0 | 0.0
2013-08-14,30.0,16.0,44.0,12.0,29.83,2.3,30 | 86.0,16 | 60.8,44,12 | 7.46,29.83 | 1010,2.3 | 0.09
2013-08-15,30.0,16.0,43.0,9.0,29.83,2.4,30 | 86.0,16 | 60.8,43,9 | 5.59,29.83 | 1010,2.4 | 0.09
2013-08-16,30.0,17.0,47.0,11.0,29.83,10.7,30 | 86.0,17 | 62.6,47,11 | 6.84,29.83 | 1010,10.7 | 0.42
2013-08-17,29.0,17.0,47.0,11.0,29.83,2.6,29 | 84.2,17 | 62.6,47,11 | 6.84,29.83 | 1010,2.6 | 0.1
2013-08-18,30.0,17.0,46.0,8.0,29.83,1.8,30 | 86.0,17 | 62.6,46,8 | 4.97,29.83 | 1010,1.8 | 0.07
2013-08-19,28.0,17.0,52.0,12.0,29.85,11.4,28 | 82.4,17 | 62.6,52,12 | 7.46,29.85 | 1011,11.4 | 0.45
2013-08-20,26.0,18.0,64.0,7.0,29.88,4.4,26 | 78.8,18 | 64.4,64,7 | 4.35,29.88 | 1012,4.4 | 0.17
2013-08-21,28.0,16.0,51.0,12.0,29.85,0.0,28 | 82.4,16 | 60.8,51,12 | 7.46,29.85 | 1011,0.0 | 0.0
2013-08-22,28.0,15.0,47.0,12.0,29.85,0.1,28 | 82.4,15 | 59.0,47,12 | 7.46,29.85 | 1011,0.1 | 0.0
2013-08-23,28.0,16.0,49.0,16.0,29.88,0.0,28 | 82.4,16 | 60.8,49,16 | 9.94,29.88 | 1012,0.0 | 0.0
2013-08-24,28.0,15.0,46.0,18.0,29.88,0.0,28 | 82.4,15 | 59.0,46,18 | 11.18,29.88 | 1012,0.0 | 0.0
2013-08-25,28.0,14.0,44.0,14.0,29.85,0.0,28 | 82.4,14 | 57.2,44,14 | 8.7,29.85 | 1011,0.0 | 0.0
2013-08-26,28.0,14.0,42.0,15.0,29.88,0.0,28 | 82.4,14 | 57.2,42,15 | 9.32,29.88 | 1012,0.0 | 0.0
2013-08-27,28.0,14.0,41.0,12.0,29.88,0.0,28 | 82.4,14 | 57.2,41,12 | 7.46,29.88 | 1012,0.0 | 0.0
2013-08-28,28.0,14.0,43.0,15.0,29.88,0.0,28 | 82.4,14 | 57.2,43,15 | 9.32,29.88 | 1012,0.0 | 0.0
2013-08-29,28.0,15.0,45.0,16.0,29.88,0.0,28 | 82.4,15 | 59.0,45,16 | 9.94,29.88 | 1012,0.0 | 0.0
2013-08-30,29.0,15.0,45.0,15.0,29.85,0.0,29 | 84.2,15 | 59.0,45,15 | 9.32,29.85 | 1011,0.0 | 0.0
2013-08-31,30.0,15.0,42.0,13.0,29.83,0.0,30 | 86.0,15 | 59.0,42,13 | 8.08,29.83 | 1010,0.0 | 0.0
2013-09-01,30.0,15.0,41.0,10.0,29.8,0.0,30 | 86.0,15 | 59.0,41,10 | 6.21,29.8 | 1009,0.0 | 0.0
2013-09-02,30.0,16.0,44.0,12.0,29.85,0.0,30 | 86.0,16 | 60.8,44,12 | 7.46,29.85 | 1011,0.0 | 0.0
2013-09-03,29.0,16.0,47.0,11.0,29.88,0.7,29 | 84.2,16 | 60.8,47,11 | 6.84,29.88 | 1012,0.7 | 0.03
2013-09-04,30.0,15.0,41.0,12.0,29.85,0.0,30 | 86.0,15 | 59.0,41,12 | 7.46,29.85 | 1011,0.0 | 0.0
2013-09-05,30.0,14.0,39.0,14.0,29.85,0.2,30 | 86.0,14 | 57.2,39,14 | 8.7,29.85 | 1011,0.2 | 0.01
2013-09-06,29.0,14.0,41.0,14.0,29.85,0.0,29 | 84.2,14 | 57.2,41,14 | 8.7,29.85 | 1011,0.0 | 0.0
2013-09-07,29.0,14.0,41.0,19.0,29.88,0.0,29 | 84.2,14 | 57.2,41,19 | 11.81,29.88 | 1012,0.0 | 0.0
2013-09-08,29.0,15.0,42.0,19.0,29.88,0.0,29 | 84.2,15 | 59.0,42,19 | 11.81,29.88 | 1012,0.0 | 0.0
2013-09-09,30.0,15.0,43.0,18.0,29.85,0.0,30 | 86.0,15 | 59.0,43,18 | 11.18,29.85 | 1011,0.0 | 0.0
2013-09-10,30.0,14.0,40.0,16.0,29.85,0.0,30 | 86.0,14 | 57.2,40,16 | 9.94,29.85 | 1011,0.0 | 0.0
2013-09-11,31.0,14.0,38.0,14.0,29.8,0.0,31 | 87.8,14 | 57.2,38,14 | 8.7,29.8 | 1009,0.0 | 0.0
2013-09-12,31.0,16.0,42.0,16.0,29.8,0.0,31 | 87.8,16 | 60.8,42,16 | 9.94,29.8 | 1009,0.0 | 0.0
2013-09-13,30.0,16.0,43.0,18.0,29.85,0.5,30 | 86.0,16 | 60.8,43,18 | 11.18,29.85 | 1011,0.5 | 0.02
2013-09-14,30.0,14.0,39.0,14.0,29.85,0.0,30 | 86.0,14 | 57.2,39,14 | 8.7,29.85 | 1011,0.0 | 0.0
2013-09-15,31.0,14.0,37.0,12.0,29.85,0.0,31 | 87.8,14 | 57.2,37,12 | 7.46,29.85 | 1011,0.0 | 0.0
2013-09-16,30.0,15.0,40.0,15.0,29.85,0.0,30 | 86.0,15 | 59.0,40,15 | 9.32,29.85 | 1011,0.0 | 0.0
2013-09-17,30.0,16.0,43.0,15.0,29.83,0.6,30 | 86.0,16 | 60.8,43,15 | 9.32,29.83 | 1010,0.6 | 0.02
2013-09-18,29.0,17.0,48.0,11.0,29.83,13.5,29 | 84.2,17 | 62.6,48,11 | 6.84,29.83 | 1010,13.5 | 0.53
2013-09-19,30.0,16.0,43.0,16.0,29.83,0.0,30 | 86.0,16 | 60.8,43,16 | 9.94,29.83 | 1010,0.0 | 0.0
2013-09-20,30.0,16.0,43.0,14.0,29.8,0.0,30 | 86.0,16 | 60.8,43,14 | 8.7,29.8 | 1009,0.0 | 0.0
2013-09-21,31.0,15.0,40.0,14.0,29.83,0.0,31 | 87.8,15 | 59.0,40,14 | 8.7,29.83 | 1010,0.0 | 0.0
2013-09-22,31.0,16.0,41.0,18.0,29.8,0.0,31 | 87.8,16 | 60.8,41,18 | 11.18,29.8 | 1009,0.0 | 0.0
2013-09-23,31.0,16.0,43.0,18.0,29.8,0.0,31 | 87.8,16 | 60.8,43,18 | 11.18,29.8 | 1009,0.0 | 0.0
2013-09-24,31.0,15.0,40.0,18.0,29.83,0.4,31 | 87.8,15 | 59.0,40,18 | 11.18,29.83 | 1010,0.4 | 0.02
2013-09-25,30.0,16.0,42.0,15.0,29.85,0.0,30 | 86.0,16 | 60.8,42,15 | 9.32,29.85 | 1011,0.0 | 0.0
2013-09-26,31.0,16.0,40.0,11.0,29.85,0.2,31 | 87.8,16 | 60.8,40,11 | 6.84,29.85 | 1011,0.2 | 0.01
2013-09-27,32.0,15.0,39.0,9.0,29.83,1.3,32 | 89.6,15 | 59.0,39,9 | 5.59,29.83 | 1010,1.3 | 0.05
2013-09-28,32.0,15.0,36.0,15.0,29.77,0.0,32 | 89.6,15 | 59.0,36,15 | 9.32,29.77 | 1008,0.0 | 0.0
2013-09-29,32.0,15.0,38.0,15.0,29.83,0.0,32 | 89.6,15 | 59.0,38,15 | 9.32,29.83 | 1010,0.0 | 0.0
2013-09-30,32.0,14.0,37.0,11.0,29.83,0.4,32 | 89.6,14 | 57.2,37,11 | 6.84,29.83 | 1010,0.4 | 0.02
2013-10-01,31.0,15.0,39.0,13.0,29.83,0.1,31 | 87.8,15 | 59.0,39,13 | 8.08,29.83 | 1010,0.1 | 0.0
2013-10-02,31.0,16.0,42.0,17.0,29.8,0.2,31 | 87.8,16 | 60.8,42,17 | 10.56,29.8 | 1009,0.2 | 0.01
2013-10-03,31.0,16.0,43.0,24.0,29.8,0.0,31 | 87.8,16 | 60.8,43,24 | 14.91,29.8 | 1009,0.0 | 0.0
2013-10-04,31.0,15.0,40.0,19.0,29.83,0.0,31 | 87.8,15 | 59.0,40,19 | 11.81,29.83 | 1010,0.0 | 0.0
2013-10-05,31.0,15.0,40.0,21.0,29.83,0.0,31 | 87.8,15 | 59.0,40,21 | 13.05,29.83 | 1010,0.0 | 0.0
2013-10-06,30.0,15.0,40.0,17.0,29.83,0.0,30 | 86.0,15 | 59.0,40,17 | 10.56,29.83 | 1010,0.0 | 0.0
2013-10-07,31.0,16.0,40.0,15.0,29.85,1.0,31 | 87.8,16 | 60.8,40,15 | 9.32,29.85 | 1011,1.0 | 0.04
2013-10-08,31.0,15.0,40.0,18.0,29.83,0.7,31 | 87.8,15 | 59.0,40,18 | 11.18,29.83 | 1010,0.7 | 0.03
2013-10-09,31.0,15.0,40.0,18.0,29.83,0.0,31 | 87.8,15 | 59.0,40,18 | 11.18,29.83 | 1010,0.0 | 0.0
2013-10-10,31.0,15.0,38.0,19.0,29.85,0.6,31 | 87.8,15 | 59.0,38,19 | 11.81,29.85 | 1011,0.6 | 0.02
2013-10-11,32.0,14.0,37.0,24.0,29.85,0.0,32 | 89.6,14 | 57.2,37,24 | 14.91,29.85 | 1011,0.0 | 0.0
2013-10-12,31.0,16.0,42.0,22.0,29.85,0.0,31 | 87.8,16 | 60.8,42,22 | 13.67,29.85 | 1011,0.0 | 0.0
2013-10-13,31.0,15.0,38.0,15.0,29.83,0.0,31 | 87.8,15 | 59.0,38,15 | 9.32,29.83 | 1010,0.0 | 0.0
2013-10-14,32.0,15.0,38.0,14.0,29.83,0.0,32 | 89.6,15 | 59.0,38,14 | 8.7,29.83 | 1010,0.0 | 0.0
2013-10-15,32.0,15.0,38.0,20.0,29.85,0.1,32 | 89.6,15 | 59.0,38,20 | 12.43,29.85 | 1011,0.1 | 0.0
2013-10-16,31.0,15.0,41.0,18.0,29.83,0.0,31 | 87.8,15 | 59.0,41,18 | 11.18,29.83 | 1010,0.0 | 0.0
2013-10-17,30.0,15.0,42.0,17.0,29.85,3.0,30 | 86.0,15 | 59.0,42,17 | 10.56,29.85 | 1011,3.0 | 0.12
2013-10-18,31.0,14.0,37.0,16.0,29.83,0.0,31 | 87.8,14 | 57.2,37,16 | 9.94,29.83 | 1010,0.0 | 0.0
2013-10-19,32.0,15.0,37.0,21.0,29.83,0.1,32 | 89.6,15 | 59.0,37,21 | 13.05,29.83 | 1010,0.1 | 0.0
2013-10-20,32.0,14.0,37.0,21.0,29.83,0.0,32 | 89.6,14 | 57.2,37,21 | 13.05,29.83 | 1010,0.0 | 0.0
2013-10-21,32.0,15.0,38.0,20.0,29.77,0.0,32 | 89.6,15 | 59.0,38,20 | 12.43,29.77 | 1008,0.0 | 0.0
2013-10-22,32.0,15.0,38.0,19.0,29.8,0.0,32 | 89.6,15 | 59.0,38,19 | 11.81,29.8 | 1009,0.0 | 0.0
2013-10-23,32.0,15.0,38.0,18.0,29.8,0.0,32 | 89.6,15 | 59.0,38,18 | 11.18,29.8 | 1009,0.0 | 0.0
2013-10-24,31.0,18.0,48.0,22.0,29.83,17.2,31 | 87.8,18 | 64.4,48,22 | 13.67,29.83 | 1010,17.2 | 0.68
2013-10-25,30.0,18.0,52.0,14.0,29.83,37.4,30 | 86.0,18 | 64.4,52,14 | 8.7,29.83 | 1010,37.4 | 1.47
2013-10-26,31.0,15.0,40.0,15.0,29.8,0.1,31 | 87.8,15 | 59.0,40,15 | 9.32,29.8 | 1009,0.1 | 0.0
2013-10-27,31.0,16.0,42.0,16.0,29.83,0.2,31 | 87.8,16 | 60.8,42,16 | 9.94,29.83 | 1010,0.2 | 0.01
2013-10-28,31.0,17.0,45.0,18.0,29.85,1.7,31 | 87.8,17 | 62.6,45,18 | 11.18,29.85 | 1011,1.7 | 0.07
2013-10-29,31.0,16.0,41.0,21.0,29.83,0.0,31 | 87.8,16 | 60.8,41,21 | 13.05,29.83 | 1010,0.0 | 0.0
2013-10-30,30.0,16.0,43.0,16.0,29.83,1.5,30 | 86.0,16 | 60.8,43,16 | 9.94,29.83 | 1010,1.5 | 0.06
2013-10-31,31.0,16.0,45.0,17.0,29.8,0.0,31 | 87.8,16 | 60.8,45,17 | 10.56,29.8 | 1009,0.0 | 0.0
2013-11-01,31.0,17.0,44.0,23.0,29.8,0.1,31 | 87.8,17 | 62.6,44,23 | 14.29,29.8 | 1009,0.1 | 0.0
2013-11-02,30.0,17.0,47.0,25.0,29.77,0.0,30 | 86.0,17 | 62.6,47,25 | 15.53,29.77 | 1008,0.0 | 0.0
2013-11-03,31.0,17.0,47.0,25.0,29.8,0.4,31 | 87.8,17 | 62.6,47,25 | 15.53,29.8 | 1009,0.4 | 0.02
2013-11-04,31.0,17.0,46.0,26.0,29.83,0.0,31 | 87.8,17 | 62.6,46,26 | 16.16,29.83 | 1010,0.0 | 0.0
2013-11-05,30.0,17.0,49.0,23.0,29.85,0.2,30 | 86.0,17 | 62.6,49,23 | 14.29,29.85 | 1011,0.2 | 0.01
2013-11-06,30.0,17.0,48.0,23.0,29.83,4.9,30 | 86.0,17 | 62.6,48,23 | 14.29,29.83 | 1010,4.9 | 0.19
2013-11-07,30.0,17.0,50.0,23.0,29.83,0.7,30 | 86.0,17 | 62.6,50,23 | 14.29,29.83 | 1010,0.7 | 0.03
2013-11-08,30.0,16.0,46.0,16.0,29.83,0.2,30 | 86.0,16 | 60.8,46,16 | 9.94,29.83 | 1010,0.2 | 0.01
2013-11-09,30.0,17.0,47.0,14.0,29.8,0.0,30 | 86.0,17 | 62.6,47,14 | 8.7,29.8 | 1009,0.0 | 0.0
2013-11-10,30.0,17.0,46.0,12.0,29.8,10.3,30 | 86.0,17 | 62.6,46,12 | 7.46,29.8 | 1009,10.3 | 0.41
2013-11-11,30.0,17.0,47.0,13.0,29.77,11.5,30 | 86.0,17 | 62.6,47,13 | 8.08,29.77 | 1008,11.5 | 0.45
2013-11-12,30.0,17.0,47.0,11.0,29.8,5.5,30 | 86.0,17 | 62.6,47,11 | 6.84,29.8 | 1009,5.5 | 0.22
2013-11-13,30.0,19.0,52.0,14.0,29.77,3.7,30 | 86.0,19 | 66.2,52,14 | 8.7,29.77 | 1008,3.7 | 0.15
2013-11-14,30.0,18.0,48.0,17.0,29.77,0.0,30 | 86.0,18 | 64.4,48,17 | 10.56,29.77 | 1008,0.0 | 0.0
2013-11-15,31.0,18.0,47.0,15.0,29.77,0.0,31 | 87.8,18 | 64.4,47,15 | 9.32,29.77 | 1008,0.0 | 0.0
2013-11-16,27.0,19.0,60.0,11.0,29.85,17.4,27 | 80.6,19 | 66.2,60,11 | 6.84,29.85 | 1011,17.4 | 0.69
2013-11-17,29.0,17.0,50.0,6.0,29.83,0.5,29 | 84.2,17 | 62.6,50,6 | 3.73,29.83 | 1010,0.5 | 0.02
2013-11-18,30.0,18.0,49.0,11.0,29.77,1.0,30 | 86.0,18 | 64.4,49,11 | 6.84,29.77 | 1008,1.0 | 0.04
2013-11-19,31.0,17.0,48.0,16.0,29.77,1.3,31 | 87.8,17 | 62.6,48,16 | 9.94,29.77 | 1008,1.3 | 0.05
2013-11-20,30.0,15.0,43.0,17.0,29.77,0.0,30 | 86.0,15 | 59.0,43,17 | 10.56,29.77 | 1008,0.0 | 0.0
2013-11-21,30.0,14.0,40.0,14.0,29.77,0.0,30 | 86.0,14 | 57.2,40,14 | 8.7,29.77 | 1008,0.0 | 0.0
2013-11-22,31.0,15.0,43.0,12.0,29.77,0.0,31 | 87.8,15 | 59.0,43,12 | 7.46,29.77 | 1008,0.0 | 0.0
2013-11-23,30.0,17.0,47.0,14.0,29.8,2.0,30 | 86.0,17 | 62.6,47,14 | 8.7,29.8 | 1009,2.0 | 0.08
2013-11-24,31.0,17.0,46.0,18.0,29.8,0.7,31 | 87.8,17 | 62.6,46,18 | 11.18,29.8 | 1009,0.7 | 0.03
2013-11-25,30.0,17.0,46.0,23.0,29.8,0.1,30 | 86.0,17 | 62.6,46,23 | 14.29,29.8 | 1009,0.1 | 0.0
2013-11-26,30.0,16.0,46.0,23.0,29.8,0.1,30 | 86.0,16 | 60.8,46,23 | 14.29,29.8 | 1009,0.1 | 0.0
2013-11-27,30.0,16.0,44.0,22.0,29.85,0.0,30 | 86.0,16 | 60.8,44,22 | 13.67,29.85 | 1011,0.0 | 0.0
2013-11-28,30.0,15.0,43.0,20.0,29.85,0.0,30 | 86.0,15 | 59.0,43,20 | 12.43,29.85 | 1011,0.0 | 0.0
2013-11-29,30.0,15.0,43.0,21.0,29.83,0.0,30 | 86.0,15 | 59.0,43,21 | 13.05,29.83 | 1010,0.0 | 0.0
2013-11-30,30.0,16.0,44.0,18.0,29.83,0.0,30 | 86.0,16 | 60.8,44,18 | 11.18,29.83 | 1010,0.0 | 0.0
2013-12-01,31.0,16.0,44.0,21.0,29.83,0.0,31 | 87.8,16 | 60.8,44,21 | 13.05,29.83 | 1010,0.0 | 0.0
2013-12-02,31.0,15.0,41.0,22.0,29.85,0.0,31 | 87.8,15 | 59.0,41,22 | 13.67,29.85 | 1011,0.0 | 0.0
2013-12-03,31.0,15.0,40.0,15.0,29.83,0.0,31 | 87.8,15 | 59.0,40,15 | 9.32,29.83 | 1010,0.0 | 0.0
2013-12-04,31.0,16.0,44.0,13.0,29.83,0.0,31 | 87.8,16 | 60.8,44,13 | 8.08,29.83 | 1010,0.0 | 0.0
2013-12-05,31.0,16.0,44.0,13.0,29.8,0.1,31 | 87.8,16 | 60.8,44,13 | 8.08,29.8 | 1009,0.1 | 0.0
2013-12-06,31.0,15.0,41.0,15.0,29.8,0.2,31 | 87.8,15 | 59.0,41,15 | 9.32,29.8 | 1009,0.2 | 0.01
2013-12-07,31.0,14.0,38.0,14.0,29.83,0.0,31 | 87.8,14 | 57.2,38,14 | 8.7,29.83 | 1010,0.0 | 0.0
2013-12-08,31.0,12.0,35.0,13.0,29.85,0.0,31 | 87.8,12 | 53.6,35,13 | 8.08,29.85 | 1011,0.0 | 0.0
2013-12-09,31.0,13.0,36.0,11.0,29.83,0.0,31 | 87.8,13 | 55.4,36,11 | 6.84,29.83 | 1010,0.0 | 0.0
2013-12-10,31.0,13.0,35.0,11.0,29.8,0.0,31 | 87.8,13 | 55.4,35,11 | 6.84,29.8 | 1009,0.0 | 0.0
2013-12-11,31.0,16.0,42.0,13.0,29.77,0.0,31 | 87.8,16 | 60.8,42,13 | 8.08,29.77 | 1008,0.0 | 0.0
2013-12-12,31.0,16.0,42.0,13.0,29.8,2.1,31 | 87.8,16 | 60.8,42,13 | 8.08,29.8 | 1009,2.1 | 0.08
2013-12-13,29.0,17.0,47.0,10.0,29.83,3.4,29 | 84.2,17 | 62.6,47,10 | 6.21,29.83 | 1010,3.4 | 0.13
2013-12-14,28.0,16.0,47.0,7.0,29.85,6.3,28 | 82.4,16 | 60.8,47,7 | 4.35,29.85 | 1011,6.3 | 0.25
2013-12-15,29.0,12.0,36.0,8.0,29.85,0.6,29 | 84.2,12 | 53.6,36,8 | 4.97,29.85 | 1011,0.6 | 0.02
2013-12-16,29.0,13.0,38.0,7.0,29.85,0.0,29 | 84.2,13 | 55.4,38,7 | 4.35,29.85 | 1011,0.0 | 0.0
2013-12-17,30.0,15.0,40.0,8.0,29.83,0.0,30 | 86.0,15 | 59.0,40,8 | 4.97,29.83 | 1010,0.0 | 0.0
2013-12-18,31.0,12.0,35.0,9.0,29.8,0.0,31 | 87.8,12 | 53.6,35,9 | 5.59,29.8 | 1009,0.0 | 0.0
2013-12-19,31.0,12.0,34.0,13.0,29.8,0.0,31 | 87.8,12 | 53.6,34,13 | 8.08,29.8 | 1009,0.0 | 0.0
2013-12-20,31.0,15.0,41.0,16.0,29.8,0.0,31 | 87.8,15 | 59.0,41,16 | 9.94,29.8 | 1009,0.0 | 0.0
2013-12-21,31.0,15.0,41.0,19.0,29.83,0.0,31 | 87.8,15 | 59.0,41,19 | 11.81,29.83 | 1010,0.0 | 0.0
2013-12-22,31.0,15.0,40.0,16.0,29.83,0.0,31 | 87.8,15 | 59.0,40,16 | 9.94,29.83 | 1010,0.0 | 0.0
2013-12-23,31.0,14.0,39.0,12.0,29.8,0.0,31 | 87.8,14 | 57.2,39,12 | 7.46,29.8 | 1009,0.0 | 0.0
2013-12-24,32.0,13.0,34.0,16.0,29.8,0.0,32 | 89.6,13 | 55.4,34,16 | 9.94,29.8 | 1009,0.0 | 0.0
2013-12-25,31.0,12.0,34.0,22.0,29.85,0.0,31 | 87.8,12 | 53.6,34,22 | 13.67,29.85 | 1011,0.0 | 0.0
2013-12-26,31.0,12.0,35.0,19.0,29.85,0.0,31 | 87.8,12 | 53.6,35,19 | 11.81,29.85 | 1011,0.0 | 0.0
2013-12-27,31.0,13.0,36.0,15.0,29.88,0.0,31 | 87.8,13 | 55.4,36,15 | 9.32,29.88 | 1012,0.0 | 0.0
2013-12-28,32.0,14.0,37.0,13.0,29.85,0.0,32 | 89.6,14 | 57.2,37,13 | 8.08,29.85 | 1011,0.0 | 0.0
2013-12-29,32.0,15.0,38.0,17.0,29.83,0.0,32 | 89.6,15 | 59.0,38,17 | 10.56,29.83 | 1010,0.0 | 0.0
2013-12-30,31.0,15.0,39.0,14.0,29.8,0.0,31 | 87.8,15 | 59.0,39,14 | 8.7,29.8 | 1009,0.0 | 0.0
2013-12-31,31.0,15.0,39.0,13.0,29.8,0.0,31 | 87.8,15 | 59.0,39,13 | 8.08,29.8 | 1009,0.0 | 0.0
2014-01-01,31.0,14.0,37.0,12.0,29.8,0.0,31 | 87.8,14 | 57.2,37,12 | 7.46,29.8 | 1009,0.0 | 0.0
2014-01-02,32.0,13.0,33.0,15.0,29.8,0.0,32 | 89.6,13 | 55.4,33,15 | 9.32,29.8 | 1009,0.0 | 0.0
2014-01-03,32.0,14.0,35.0,19.0,29.8,0.0,32 | 89.6,14 | 57.2,35,19 | 11.81,29.8 | 1009,0.0 | 0.0
2014-01-04,32.0,13.0,33.0,20.0,29.8,0.0,32 | 89.6,13 | 55.4,33,20 | 12.43,29.8 | 1009,0.0 | 0.0
2014-01-05,32.0,10.0,29.0,16.0,29.8,0.0,32 | 89.6,10 | 50.0,29,16 | 9.94,29.8 | 1009,0.0 | 0.0
2014-01-06,32.0,9.0,27.0,14.0,29.77,0.0,32 | 89.6,9 | 48.2,27,14 | 8.7,29.77 | 1008,0.0 | 0.0
2014-01-07,32.0,13.0,34.0,13.0,29.74,0.0,32 | 89.6,13 | 55.4,34,13 | 8.08,29.74 | 1007,0.0 | 0.0
2014-01-08,32.0,15.0,38.0,14.0,29.77,0.0,32 | 89.6,15 | 59.0,38,14 | 8.7,29.77 | 1008,0.0 | 0.0
2014-01-09,32.0,15.0,39.0,12.0,29.8,0.6,32 | 89.6,15 | 59.0,39,12 | 7.46,29.8 | 1009,0.6 | 0.02
2014-01-10,33.0,12.0,31.0,18.0,29.83,0.0,33 | 91.4,12 | 53.6,31,18 | 11.18,29.83 | 1010,0.0 | 0.0
2014-01-11,32.0,11.0,30.0,15.0,29.85,0.0,32 | 89.6,11 | 51.8,30,15 | 9.32,29.85 | 1011,0.0 | 0.0
2014-01-12,31.0,12.0,32.0,12.0,29.85,0.0,31 | 87.8,12 | 53.6,32,12 | 7.46,29.85 | 1011,0.0 | 0.0
2014-01-13,32.0,12.0,32.0,15.0,29.83,0.0,32 | 89.6,12 | 53.6,32,15 | 9.32,29.83 | 1010,0.0 | 0.0
2014-01-14,32.0,13.0,33.0,17.0,29.83,0.0,32 | 89.6,13 | 55.4,33,17 | 10.56,29.83 | 1010,0.0 | 0.0
2014-01-15,33.0,11.0,29.0,17.0,29.83,0.0,33 | 91.4,11 | 51.8,29,17 | 10.56,29.83 | 1010,0.0 | 0.0
2014-01-16,32.0,12.0,31.0,14.0,29.88,0.0,32 | 89.6,12 | 53.6,31,14 | 8.7,29.88 | 1012,0.0 | 0.0
2014-01-17,32.0,13.0,33.0,13.0,29.85,0.0,32 | 89.6,13 | 55.4,33,13 | 8.08,29.85 | 1011,0.0 | 0.0
2014-01-18,32.0,13.0,33.0,11.0,29.83,0.0,32 | 89.6,13 | 55.4,33,11 | 6.84,29.83 | 1010,0.0 | 0.0
2014-01-19,33.0,14.0,34.0,14.0,29.83,0.0,33 | 91.4,14 | 57.2,34,14 | 8.7,29.83 | 1010,0.0 | 0.0
2014-01-20,32.0,15.0,37.0,16.0,29.83,0.0,32 | 89.6,15 | 59.0,37,16 | 9.94,29.83 | 1010,0.0 | 0.0
2014-01-21,33.0,14.0,34.0,17.0,29.8,0.0,33 | 91.4,14 | 57.2,34,17 | 10.56,29.8 | 1009,0.0 | 0.0
2014-01-22,32.0,13.0,34.0,18.0,29.8,0.0,32 | 89.6,13 | 55.4,34,18 | 11.18,29.8 | 1009,0.0 | 0.0
2014-01-23,32.0,14.0,36.0,19.0,29.8,0.0,32 | 89.6,14 | 57.2,36,19 | 11.81,29.8 | 1009,0.0 | 0.0
2014-01-24,31.0,12.0,33.0,21.0,29.8,0.0,31 | 87.8,12 | 53.6,33,21 | 13.05,29.8 | 1009,0.0 | 0.0
2014-01-25,31.0,11.0,31.0,16.0,29.77,0.0,31 | 87.8,11 | 51.8,31,16 | 9.94,29.77 | 1008,0.0 | 0.0
2014-01-26,31.0,11.0,31.0,12.0,29.77,0.0,31 | 87.8,11 | 51.8,31,12 | 7.46,29.77 | 1008,0.0 | 0.0
2014-01-27,32.0,12.0,32.0,13.0,29.77,0.0,32 | 89.6,12 | 53.6,32,13 | 8.08,29.77 | 1008,0.0 | 0.0
2014-01-28,32.0,13.0,35.0,17.0,29.77,0.0,32 | 89.6,13 | 55.4,35,17 | 10.56,29.77 | 1008,0.0 | 0.0
2014-01-29,32.0,14.0,35.0,18.0,29.8,0.0,32 | 89.6,14 | 57.2,35,18 | 11.18,29.8 | 1009,0.0 | 0.0
2014-01-30,32.0,14.0,34.0,19.0,29.8,0.0,32 | 89.6,14 | 57.2,34,19 | 11.81,29.8 | 1009,0.0 | 0.0
2014-01-31,33.0,15.0,37.0,20.0,29.77,0.0,33 | 91.4,15 | 59.0,37,20 | 12.43,29.77 | 1008,0.0 | 0.0
2014-02-01,32.0,14.0,36.0,18.0,29.77,0.0,32 | 89.6,14 | 57.2,36,18 | 11.18,29.77 | 1008,0.0 | 0.0
2014-02-02,33.0,12.0,32.0,13.0,29.74,0.0,33 | 91.4,12 | 53.6,32,13 | 8.08,29.74 | 1007,0.0 | 0.0
2014-02-03,33.0,12.0,30.0,11.0,29.74,0.0,33 | 91.4,12 | 53.6,30,11 | 6.84,29.74 | 1007,0.0 | 0.0
2014-02-04,33.0,13.0,33.0,11.0,29.71,0.0,33 | 91.4,13 | 55.4,33,11 | 6.84,29.71 | 1006,0.0 | 0.0
2014-02-05,34.0,12.0,28.0,11.0,29.68,0.0,34 | 93.2,12 | 53.6,28,11 | 6.84,29.68 | 1005,0.0 | 0.0
2014-02-06,33.0,12.0,30.0,11.0,29.68,0.0,33 | 91.4,12 | 53.6,30,11 | 6.84,29.68 | 1005,0.0 | 0.0
2014-02-07,33.0,13.0,31.0,10.0,29.74,2.6,33 | 91.4,13 | 55.4,31,10 | 6.21,29.74 | 1007,2.6 | 0.1
2014-02-08,32.0,14.0,35.0,9.0,29.74,4.8,32 | 89.6,14 | 57.2,35,9 | 5.59,29.74 | 1007,4.8 | 0.19
2014-02-09,32.0,16.0,40.0,11.0,29.74,1.6,32 | 89.6,16 | 60.8,40,11 | 6.84,29.74 | 1007,1.6 | 0.06
2014-02-10,32.0,16.0,41.0,11.0,29.74,0.2,32 | 89.6,16 | 60.8,41,11 | 6.84,29.74 | 1007,0.2 | 0.01
2014-02-11,31.0,15.0,38.0,7.0,29.74,2.7,31 | 87.8,15 | 59.0,38,7 | 4.35,29.74 | 1007,2.7 | 0.11
2014-02-12,33.0,14.0,34.0,8.0,29.71,2.1,33 | 91.4,14 | 57.2,34,8 | 4.97,29.71 | 1006,2.1 | 0.08
2014-02-13,33.0,14.0,34.0,9.0,29.71,0.0,33 | 91.4,14 | 57.2,34,9 | 5.59,29.71 | 1006,0.0 | 0.0
2014-02-14,33.0,15.0,36.0,11.0,29.77,0.0,33 | 91.4,15 | 59.0,36,11 | 6.84,29.77 | 1008,0.0 | 0.0
2014-02-15,33.0,16.0,38.0,13.0,29.74,0.2,33 | 91.4,16 | 60.8,38,13 | 8.08,29.74 | 1007,0.2 | 0.01
2014-02-16,31.0,16.0,41.0,9.0,29.74,0.6,31 | 87.8,16 | 60.8,41,9 | 5.59,29.74 | 1007,0.6 | 0.02
2014-02-17,30.0,17.0,47.0,9.0,29.77,3.7,30 | 86.0,17 | 62.6,47,9 | 5.59,29.77 | 1008,3.7 | 0.15
2014-02-18,32.0,17.0,44.0,12.0,29.8,0.5,32 | 89.6,17 | 62.6,44,12 | 7.46,29.8 | 1009,0.5 | 0.02
2014-02-19,33.0,15.0,37.0,17.0,29.8,0.0,33 | 91.4,15 | 59.0,37,17 | 10.56,29.8 | 1009,0.0 | 0.0
2014-02-20,33.0,15.0,34.0,17.0,29.8,0.0,33 | 91.4,15 | 59.0,34,17 | 10.56,29.8 | 1009,0.0 | 0.0
2014-02-21,32.0,16.0,38.0,21.0,29.83,0.0,32 | 89.6,16 | 60.8,38,21 | 13.05,29.83 | 1010,0.0 | 0.0
2014-02-22,32.0,14.0,35.0,20.0,29.8,0.0,32 | 89.6,14 | 57.2,35,20 | 12.43,29.8 | 1009,0.0 | 0.0
2014-02-23,33.0,13.0,33.0,18.0,29.77,0.0,33 | 91.4,13 | 55.4,33,18 | 11.18,29.77 | 1008,0.0 | 0.0
2014-02-24,33.0,14.0,33.0,18.0,29.74,0.0,33 | 91.4,14 | 57.2,33,18 | 11.18,29.74 | 1007,0.0 | 0.0
2014-02-25,33.0,15.0,35.0,22.0,29.74,0.0,33 | 91.4,15 | 59.0,35,22 | 13.67,29.74 | 1007,0.0 | 0.0
2014-02-26,33.0,15.0,36.0,24.0,29.8,0.0,33 | 91.4,15 | 59.0,36,24 | 14.91,29.8 | 1009,0.0 | 0.0
2014-02-27,32.0,14.0,36.0,22.0,29.8,0.0,32 | 89.6,14 | 57.2,36,22 | 13.67,29.8 | 1009,0.0 | 0.0
2014-02-28,33.0,14.0,33.0,23.0,29.77,0.0,33 | 91.4,14 | 57.2,33,23 | 14.29,29.77 | 1008,0.0 | 0.0
2014-03-01,33.0,13.0,32.0,21.0,29.8,0.0,33 | 91.4,13 | 55.4,32,21 | 13.05,29.8 | 1009,0.0 | 0.0
2014-03-02,33.0,13.0,33.0,23.0,29.8,0.0,33 | 91.4,13 | 55.4,33,23 | 14.29,29.8 | 1009,0.0 | 0.0
2014-03-03,33.0,13.0,32.0,21.0,29.77,0.0,33 | 91.4,13 | 55.4,32,21 | 13.05,29.77 | 1008,0.0 | 0.0
2014-03-04,33.0,13.0,31.0,21.0,29.74,0.0,33 | 91.4,13 | 55.4,31,21 | 13.05,29.74 | 1007,0.0 | 0.0
2014-03-05,33.0,14.0,34.0,19.0,29.77,0.0,33 | 91.4,14 | 57.2,34,19 | 11.81,29.77 | 1008,0.0 | 0.0
2014-03-06,33.0,15.0,36.0,18.0,29.77,0.0,33 | 91.4,15 | 59.0,36,18 | 11.18,29.77 | 1008,0.0 | 0.0
2014-03-07,34.0,15.0,34.0,23.0,29.77,1.1,34 | 93.2,15 | 59.0,34,23 | 14.29,29.77 | 1008,1.1 | 0.04
2014-03-08,33.0,14.0,33.0,24.0,29.77,0.0,33 | 91.4,14 | 57.2,33,24 | 14.91,29.77 | 1008,0.0 | 0.0
2014-03-09,33.0,15.0,35.0,26.0,29.77,0.0,33 | 91.4,15 | 59.0,35,26 | 16.16,29.77 | 1008,0.0 | 0.0
2014-03-10,33.0,14.0,34.0,23.0,29.74,0.0,33 | 91.4,14 | 57.2,34,23 | 14.29,29.74 | 1007,0.0 | 0.0
2014-03-11,33.0,14.0,34.0,17.0,29.74,0.0,33 | 91.4,14 | 57.2,34,17 | 10.56,29.74 | 1007,0.0 | 0.0
2014-03-12,32.0,16.0,40.0,12.0,29.8,3.3,32 | 89.6,16 | 60.8,40,12 | 7.46,29.8 | 1009,3.3 | 0.13
2014-03-13,32.0,16.0,41.0,11.0,29.83,1.0,32 | 89.6,16 | 60.8,41,11 | 6.84,29.83 | 1010,1.0 | 0.04
2014-03-14,29.0,17.0,51.0,15.0,29.85,5.6,29 | 84.2,17 | 62.6,51,15 | 9.32,29.85 | 1011,5.6 | 0.22
2014-03-15,29.0,17.0,49.0,8.0,29.85,0.1,29 | 84.2,17 | 62.6,49,8 | 4.97,29.85 | 1011,0.1 | 0.0
2014-03-16,31.0,17.0,45.0,17.0,29.83,0.1,31 | 87.8,17 | 62.6,45,17 | 10.56,29.83 | 1010,0.1 | 0.0
2014-03-17,31.0,17.0,45.0,26.0,29.83,0.2,31 | 87.8,17 | 62.6,45,26 | 16.16,29.83 | 1010,0.2 | 0.01
2014-03-18,32.0,16.0,40.0,23.0,29.83,0.0,32 | 89.6,16 | 60.8,40,23 | 14.29,29.83 | 1010,0.0 | 0.0
2014-03-19,32.0,14.0,36.0,25.0,29.83,0.0,32 | 89.6,14 | 57.2,36,25 | 15.53,29.83 | 1010,0.0 | 0.0
2014-03-20,33.0,13.0,33.0,21.0,29.83,0.0,33 | 91.4,13 | 55.4,33,21 | 13.05,29.83 | 1010,0.0 | 0.0
2014-03-21,33.0,14.0,34.0,18.0,29.8,0.0,33 | 91.4,14 | 57.2,34,18 | 11.18,29.8 | 1009,0.0 | 0.0
2014-03-22,33.0,15.0,36.0,12.0,29.77,0.0,33 | 91.4,15 | 59.0,36,12 | 7.46,29.77 | 1008,0.0 | 0.0
2014-03-23,33.0,16.0,37.0,15.0,29.74,0.1,33 | 91.4,16 | 60.8,37,15 | 9.32,29.74 | 1007,0.1 | 0.0
2014-03-24,32.0,16.0,39.0,15.0,29.77,0.1,32 | 89.6,16 | 60.8,39,15 | 9.32,29.77 | 1008,0.1 | 0.0
2014-03-25,32.0,16.0,43.0,15.0,29.8,0.9,32 | 89.6,16 | 60.8,43,15 | 9.32,29.8 | 1009,0.9 | 0.04
2014-03-26,31.0,16.0,45.0,14.0,29.8,3.9,31 | 87.8,16 | 60.8,45,14 | 8.7,29.8 | 1009,3.9 | 0.15
2014-03-27,30.0,18.0,50.0,12.0,29.77,20.9,30 | 86.0,18 | 64.4,50,12 | 7.46,29.77 | 1008,20.9 | 0.82
2014-03-28,32.0,18.0,44.0,22.0,29.77,0.0,32 | 89.6,18 | 64.4,44,22 | 13.67,29.77 | 1008,0.0 | 0.0
2014-03-29,32.0,17.0,42.0,18.0,29.8,0.0,32 | 89.6,17 | 62.6,42,18 | 11.18,29.8 | 1009,0.0 | 0.0
2014-03-30,31.0,17.0,44.0,14.0,29.8,9.1,31 | 87.8,17 | 62.6,44,14 | 8.7,29.8 | 1009,9.1 | 0.36
2014-03-31,32.0,17.0,42.0,21.0,29.8,0.0,32 | 89.6,17 | 62.6,42,21 | 13.05,29.8 | 1009,0.0 | 0.0
2014-04-01,32.0,17.0,44.0,21.0,29.83,0.1,32 | 89.6,17 | 62.6,44,21 | 13.05,29.83 | 1010,0.1 | 0.0
2014-04-02,32.0,16.0,39.0,16.0,29.8,0.0,32 | 89.6,16 | 60.8,39,16 | 9.94,29.8 | 1009,0.0 | 0.0
2014-04-03,33.0,17.0,42.0,17.0,29.77,0.5,33 | 91.4,17 | 62.6,42,17 | 10.56,29.77 | 1008,0.5 | 0.02
2014-04-04,33.0,17.0,42.0,16.0,29.8,0.0,33 | 91.4,17 | 62.6,42,16 | 9.94,29.8 | 1009,0.0 | 0.0
2014-04-05,32.0,17.0,40.0,17.0,29.8,2.6,32 | 89.6,17 | 62.6,40,17 | 10.56,29.8 | 1009,2.6 | 0.1
2014-04-06,32.0,17.0,41.0,21.0,29.83,0.3,32 | 89.6,17 | 62.6,41,21 | 13.05,29.83 | 1010,0.3 | 0.01
2014-04-07,29.0,19.0,54.0,13.0,29.88,24.6,29 | 84.2,19 | 66.2,54,13 | 8.08,29.88 | 1012,24.6 | 0.97
2014-04-08,31.0,17.0,47.0,13.0,29.88,0.4,31 | 87.8,17 | 62.6,47,13 | 8.08,29.88 | 1012,0.4 | 0.02
2014-04-09,32.0,14.0,37.0,19.0,29.85,0.0,32 | 89.6,14 | 57.2,37,19 | 11.81,29.85 | 1011,0.0 | 0.0
2014-04-10,32.0,15.0,39.0,21.0,29.83,0.0,32 | 89.6,15 | 59.0,39,21 | 13.05,29.83 | 1010,0.0 | 0.0
2014-04-11,31.0,17.0,44.0,21.0,29.83,0.0,31 | 87.8,17 | 62.6,44,21 | 13.05,29.83 | 1010,0.0 | 0.0
2014-04-12,32.0,17.0,44.0,22.0,29.83,0.0,32 | 89.6,17 | 62.6,44,22 | 13.67,29.83 | 1010,0.0 | 0.0
2014-04-13,31.0,17.0,45.0,22.0,29.83,0.0,31 | 87.8,17 | 62.6,45,22 | 13.67,29.83 | 1010,0.0 | 0.0
2014-04-14,32.0,17.0,44.0,21.0,29.8,0.0,32 | 89.6,17 | 62.6,44,21 | 13.05,29.8 | 1009,0.0 | 0.0
2014-04-15,31.0,17.0,45.0,24.0,29.8,0.0,31 | 87.8,17 | 62.6,45,24 | 14.91,29.8 | 1009,0.0 | 0.0
2014-04-16,31.0,17.0,46.0,23.0,29.83,0.0,31 | 87.8,17 | 62.6,46,23 | 14.29,29.83 | 1010,0.0 | 0.0
2014-04-17,31.0,16.0,43.0,21.0,29.83,0.1,31 | 87.8,16 | 60.8,43,21 | 13.05,29.83 | 1010,0.1 | 0.0
2014-04-18,32.0,17.0,43.0,22.0,29.8,0.2,32 | 89.6,17 | 62.6,43,22 | 13.67,29.8 | 1009,0.2 | 0.01
2014-04-19,29.0,18.0,53.0,19.0,29.85,5.0,29 | 84.2,18 | 64.4,53,19 | 11.81,29.85 | 1011,5.0 | 0.2
2014-04-20,31.0,17.0,47.0,24.0,29.8,1.6,31 | 87.8,17 | 62.6,47,24 | 14.91,29.8 | 1009,1.6 | 0.06
2014-04-21,31.0,16.0,42.0,20.0,29.8,0.0,31 | 87.8,16 | 60.8,42,20 | 12.43,29.8 | 1009,0.0 | 0.0
2014-04-22,32.0,16.0,40.0,19.0,29.8,0.0,32 | 89.6,16 | 60.8,40,19 | 11.81,29.8 | 1009,0.0 | 0.0
2014-04-23,32.0,16.0,41.0,22.0,29.8,0.0,32 | 89.6,16 | 60.8,41,22 | 13.67,29.8 | 1009,0.0 | 0.0
2014-04-24,32.0,17.0,42.0,26.0,29.8,0.0,32 | 89.6,17 | 62.6,42,26 | 16.16,29.8 | 1009,0.0 | 0.0
2014-04-25,31.0,17.0,44.0,22.0,29.83,0.0,31 | 87.8,17 | 62.6,44,22 | 13.67,29.83 | 1010,0.0 | 0.0
2014-04-26,31.0,17.0,43.0,23.0,29.83,0.0,31 | 87.8,17 | 62.6,43,23 | 14.29,29.83 | 1010,0.0 | 0.0
2014-04-27,32.0,16.0,41.0,21.0,29.83,0.0,32 | 89.6,16 | 60.8,41,21 | 13.05,29.83 | 1010,0.0 | 0.0
2014-04-28,32.0,16.0,40.0,19.0,29.83,0.0,32 | 89.6,16 | 60.8,40,19 | 11.81,29.83 | 1010,0.0 | 0.0
2014-04-29,32.0,17.0,41.0,19.0,29.8,0.0,32 | 89.6,17 | 62.6,41,19 | 11.81,29.8 | 1009,0.0 | 0.0
2014-04-30,32.0,17.0,42.0,19.0,29.8,0.0,32 | 89.6,17 | 62.6,42,19 | 11.81,29.8 | 1009,0.0 | 0.0
2014-05-01,31.0,18.0,45.0,24.0,29.8,0.0,31 | 87.8,18 | 64.4,45,24 | 14.91,29.8 | 1009,0.0 | 0.0
2014-05-02,32.0,17.0,44.0,20.0,29.83,0.0,32 | 89.6,17 | 62.6,44,20 | 12.43,29.83 | 1010,0.0 | 0.0
2014-05-03,32.0,16.0,42.0,17.0,29.83,0.0,32 | 89.6,16 | 60.8,42,17 | 10.56,29.83 | 1010,0.0 | 0.0
2014-05-04,32.0,16.0,40.0,15.0,29.77,0.0,32 | 89.6,16 | 60.8,40,15 | 9.32,29.77 | 1008,0.0 | 0.0
2014-05-05,32.0,18.0,44.0,21.0,29.77,1.5,32 | 89.6,18 | 64.4,44,21 | 13.05,29.77 | 1008,1.5 | 0.06
2014-05-06,32.0,18.0,46.0,19.0,29.8,0.0,32 | 89.6,18 | 64.4,46,19 | 11.81,29.8 | 1009,0.0 | 0.0
2014-05-07,30.0,18.0,49.0,22.0,29.8,1.9,30 | 86.0,18 | 64.4,49,22 | 13.67,29.8 | 1009,1.9 | 0.07
2014-05-08,31.0,17.0,44.0,14.0,29.8,0.1,31 | 87.8,17 | 62.6,44,14 | 8.7,29.8 | 1009,0.1 | 0.0
2014-05-09,31.0,17.0,45.0,13.0,29.83,1.4,31 | 87.8,17 | 62.6,45,13 | 8.08,29.83 | 1010,1.4 | 0.06
2014-05-10,28.0,19.0,58.0,9.0,29.83,9.4,28 | 82.4,19 | 66.2,58,9 | 5.59,29.83 | 1010,9.4 | 0.37
2014-05-11,29.0,19.0,58.0,7.0,29.83,5.0,29 | 84.2,19 | 66.2,58,7 | 4.35,29.83 | 1010,5.0 | 0.2
2014-05-12,31.0,18.0,49.0,16.0,29.8,0.4,31 | 87.8,18 | 64.4,49,16 | 9.94,29.8 | 1009,0.4 | 0.02
2014-05-13,31.0,19.0,50.0,13.0,29.85,2.4,31 | 87.8,19 | 66.2,50,13 | 8.08,29.85 | 1011,2.4 | 0.09
2014-05-14,31.0,19.0,51.0,14.0,29.83,11.5,31 | 87.8,19 | 66.2,51,14 | 8.7,29.83 | 1010,11.5 | 0.45
2014-05-15,31.0,18.0,50.0,18.0,29.8,5.6,31 | 87.8,18 | 64.4,50,18 | 11.18,29.8 | 1009,5.6 | 0.22
2014-05-16,30.0,16.0,45.0,16.0,29.8,0.0,30 | 86.0,16 | 60.8,45,16 | 9.94,29.8 | 1009,0.0 | 0.0
2014-05-17,31.0,18.0,49.0,16.0,29.83,0.0,31 | 87.8,18 | 64.4,49,16 | 9.94,29.83 | 1010,0.0 | 0.0
2014-05-18,31.0,17.0,44.0,15.0,29.85,0.0,31 | 87.8,17 | 62.6,44,15 | 9.32,29.85 | 1011,0.0 | 0.0
2014-05-19,30.0,17.0,45.0,16.0,29.85,0.0,30 | 86.0,17 | 62.6,45,16 | 9.94,29.85 | 1011,0.0 | 0.0
2014-05-20,30.0,17.0,47.0,20.0,29.85,0.0,30 | 86.0,17 | 62.6,47,20 | 12.43,29.85 | 1011,0.0 | 0.0
2014-05-21,30.0,17.0,46.0,18.0,29.83,0.0,30 | 86.0,17 | 62.6,46,18 | 11.18,29.83 | 1010,0.0 | 0.0
2014-05-22,31.0,17.0,45.0,17.0,29.85,0.7,31 | 87.8,17 | 62.6,45,17 | 10.56,29.85 | 1011,0.7 | 0.03
2014-05-23,30.0,17.0,45.0,19.0,29.83,0.0,30 | 86.0,17 | 62.6,45,19 | 11.81,29.83 | 1010,0.0 | 0.0
2014-05-24,30.0,15.0,43.0,17.0,29.85,0.0,30 | 86.0,15 | 59.0,43,17 | 10.56,29.85 | 1011,0.0 | 0.0
2014-05-25,30.0,15.0,42.0,12.0,29.88,0.0,30 | 86.0,15 | 59.0,42,12 | 7.46,29.88 | 1012,0.0 | 0.0
2014-05-26,31.0,16.0,43.0,11.0,29.85,0.0,31 | 87.8,16 | 60.8,43,11 | 6.84,29.85 | 1011,0.0 | 0.0
2014-05-27,30.0,17.0,46.0,16.0,29.83,0.4,30 | 86.0,17 | 62.6,46,16 | 9.94,29.83 | 1010,0.4 | 0.02
2014-05-28,31.0,17.0,44.0,18.0,29.83,0.0,31 | 87.8,17 | 62.6,44,18 | 11.18,29.83 | 1010,0.0 | 0.0
2014-05-29,30.0,17.0,45.0,20.0,29.85,0.1,30 | 86.0,17 | 62.6,45,20 | 12.43,29.85 | 1011,0.1 | 0.0
2014-05-30,30.0,17.0,46.0,18.0,29.85,0.3,30 | 86.0,17 | 62.6,46,18 | 11.18,29.85 | 1011,0.3 | 0.01
2014-05-31,30.0,16.0,45.0,14.0,29.83,0.0,30 | 86.0,16 | 60.8,45,14 | 8.7,29.83 | 1010,0.0 | 0.0
2014-06-01,31.0,15.0,40.0,12.0,29.8,0.0,31 | 87.8,15 | 59.0,40,12 | 7.46,29.8 | 1009,0.0 | 0.0
2014-06-02,31.0,15.0,40.0,14.0,29.8,0.0,31 | 87.8,15 | 59.0,40,14 | 8.7,29.8 | 1009,0.0 | 0.0
2014-06-03,31.0,16.0,43.0,16.0,29.77,0.0,31 | 87.8,16 | 60.8,43,16 | 9.94,29.77 | 1008,0.0 | 0.0
2014-06-04,31.0,17.0,44.0,16.0,29.77,0.0,31 | 87.8,17 | 62.6,44,16 | 9.94,29.77 | 1008,0.0 | 0.0
2014-06-05,31.0,17.0,45.0,13.0,29.83,0.1,31 | 87.8,17 | 62.6,45,13 | 8.08,29.83 | 1010,0.1 | 0.0
2014-06-06,31.0,17.0,44.0,14.0,29.83,0.0,31 | 87.8,17 | 62.6,44,14 | 8.7,29.83 | 1010,0.0 | 0.0
2014-06-07,31.0,16.0,43.0,17.0,29.83,0.0,31 | 87.8,16 | 60.8,43,17 | 10.56,29.83 | 1010,0.0 | 0.0
2014-06-08,30.0,16.0,44.0,18.0,29.83,0.0,30 | 86.0,16 | 60.8,44,18 | 11.18,29.83 | 1010,0.0 | 0.0
2014-06-09,30.0,15.0,42.0,15.0,29.83,0.0,30 | 86.0,15 | 59.0,42,15 | 9.32,29.83 | 1010,0.0 | 0.0
2014-06-10,30.0,16.0,43.0,16.0,29.88,0.0,30 | 86.0,16 | 60.8,43,16 | 9.94,29.88 | 1012,0.0 | 0.0
2014-06-11,30.0,16.0,44.0,15.0,29.88,0.0,30 | 86.0,16 | 60.8,44,15 | 9.32,29.88 | 1012,0.0 | 0.0
2014-06-12,30.0,16.0,44.0,15.0,29.85,0.0,30 | 86.0,16 | 60.8,44,15 | 9.32,29.85 | 1011,0.0 | 0.0
2014-06-13,30.0,16.0,43.0,18.0,29.85,0.1,30 | 86.0,16 | 60.8,43,18 | 11.18,29.85 | 1011,0.1 | 0.0
2014-06-14,30.0,16.0,45.0,18.0,29.85,0.0,30 | 86.0,16 | 60.8,45,18 | 11.18,29.85 | 1011,0.0 | 0.0
2014-06-15,30.0,16.0,45.0,13.0,29.91,0.4,30 | 86.0,16 | 60.8,45,13 | 8.08,29.91 | 1013,0.4 | 0.02
2014-06-16,31.0,16.0,42.0,14.0,29.88,0.0,31 | 87.8,16 | 60.8,42,14 | 8.7,29.88 | 1012,0.0 | 0.0
2014-06-17,31.0,15.0,40.0,15.0,29.88,0.0,31 | 87.8,15 | 59.0,40,15 | 9.32,29.88 | 1012,0.0 | 0.0
2014-06-18,31.0,16.0,43.0,16.0,29.88,0.0,31 | 87.8,16 | 60.8,43,16 | 9.94,29.88 | 1012,0.0 | 0.0
2014-06-19,30.0,16.0,44.0,13.0,29.88,0.0,30 | 86.0,16 | 60.8,44,13 | 8.08,29.88 | 1012,0.0 | 0.0
2014-06-20,30.0,16.0,44.0,12.0,29.88,0.9,30 | 86.0,16 | 60.8,44,12 | 7.46,29.88 | 1012,0.9 | 0.04
2014-06-21,30.0,16.0,44.0,15.0,29.91,9.6,30 | 86.0,16 | 60.8,44,15 | 9.32,29.91 | 1013,9.6 | 0.38
2014-06-22,29.0,15.0,45.0,18.0,29.94,0.0,29 | 84.2,15 | 59.0,45,18 | 11.18,29.94 | 1014,0.0 | 0.0
2014-06-23,29.0,15.0,44.0,19.0,29.97,0.0,29 | 84.2,15 | 59.0,44,19 | 11.81,29.97 | 1015,0.0 | 0.0
2014-06-24,29.0,15.0,44.0,16.0,29.94,0.0,29 | 84.2,15 | 59.0,44,16 | 9.94,29.94 | 1014,0.0 | 0.0
2014-06-25,29.0,15.0,43.0,17.0,29.91,0.0,29 | 84.2,15 | 59.0,43,17 | 10.56,29.91 | 1013,0.0 | 0.0
2014-06-26,29.0,14.0,40.0,15.0,29.88,0.0,29 | 84.2,14 | 57.2,40,15 | 9.32,29.88 | 1012,0.0 | 0.0
2014-06-27,29.0,15.0,42.0,16.0,29.91,0.0,29 | 84.2,15 | 59.0,42,16 | 9.94,29.91 | 1013,0.0 | 0.0
2014-06-28,29.0,16.0,45.0,17.0,29.91,0.0,29 | 84.2,16 | 60.8,45,17 | 10.56,29.91 | 1013,0.0 | 0.0
2014-06-29,29.0,14.0,39.0,16.0,29.88,0.2,29 | 84.2,14 | 57.2,39,16 | 9.94,29.88 | 1012,0.2 | 0.01
2014-06-30,29.0,14.0,42.0,15.0,29.88,0.0,29 | 84.2,14 | 57.2,42,15 | 9.32,29.88 | 1012,0.0 | 0.0
2014-07-01,29.0,15.0,43.0,16.0,29.91,0.0,29 | 84.2,15 | 59.0,43,16 | 9.94,29.91 | 1013,0.0 | 0.0
2014-07-02,29.0,15.0,44.0,17.0,29.94,0.0,29 | 84.2,15 | 59.0,44,17 | 10.56,29.94 | 1014,0.0 | 0.0
2014-07-03,29.0,14.0,41.0,18.0,29.94,0.0,29 | 84.2,14 | 57.2,41,18 | 11.18,29.94 | 1014,0.0 | 0.0
2014-07-04,29.0,15.0,42.0,15.0,29.88,0.0,29 | 84.2,15 | 59.0,42,15 | 9.32,29.88 | 1012,0.0 | 0.0
2014-07-05,29.0,14.0,41.0,15.0,29.85,0.0,29 | 84.2,14 | 57.2,41,15 | 9.32,29.85 | 1011,0.0 | 0.0
2014-07-06,29.0,15.0,43.0,14.0,29.91,0.0,29 | 84.2,15 | 59.0,43,14 | 8.7,29.91 | 1013,0.0 | 0.0
2014-07-07,29.0,16.0,45.0,13.0,29.94,3.9,29 | 84.2,16 | 60.8,45,13 | 8.08,29.94 | 1014,3.9 | 0.15
2014-07-08,30.0,15.0,43.0,11.0,29.91,0.4,30 | 86.0,15 | 59.0,43,11 | 6.84,29.91 | 1013,0.4 | 0.02
2014-07-09,31.0,16.0,44.0,8.0,29.91,5.8,31 | 87.8,16 | 60.8,44,8 | 4.97,29.91 | 1013,5.8 | 0.23
2014-07-10,26.0,19.0,62.0,10.0,29.97,28.0,26 | 78.8,19 | 66.2,62,10 | 6.21,29.97 | 1015,28.0 | 1.1
2014-07-11,28.0,17.0,55.0,11.0,29.97,3.4,28 | 82.4,17 | 62.6,55,11 | 6.84,29.97 | 1015,3.4 | 0.13
2014-07-12,28.0,16.0,50.0,14.0,29.97,0.0,28 | 82.4,16 | 60.8,50,14 | 8.7,29.97 | 1015,0.0 | 0.0
2014-07-13,28.0,15.0,45.0,11.0,29.94,0.0,28 | 82.4,15 | 59.0,45,11 | 6.84,29.94 | 1014,0.0 | 0.0
2014-07-14,29.0,15.0,44.0,12.0,29.88,0.0,29 | 84.2,15 | 59.0,44,12 | 7.46,29.88 | 1012,0.0 | 0.0
2014-07-15,27.0,17.0,54.0,13.0,29.88,5.1,27 | 80.6,17 | 62.6,54,13 | 8.08,29.88 | 1012,5.1 | 0.2
2014-07-16,28.0,16.0,49.0,13.0,29.91,0.0,28 | 82.4,16 | 60.8,49,13 | 8.08,29.91 | 1013,0.0 | 0.0
2014-07-17,29.0,15.0,45.0,12.0,29.91,0.0,29 | 84.2,15 | 59.0,45,12 | 7.46,29.91 | 1013,0.0 | 0.0
2014-07-18,29.0,16.0,46.0,14.0,29.88,0.0,29 | 84.2,16 | 60.8,46,14 | 8.7,29.88 | 1012,0.0 | 0.0
2014-07-19,29.0,17.0,47.0,12.0,29.88,0.0,29 | 84.2,17 | 62.6,47,12 | 7.46,29.88 | 1012,0.0 | 0.0
2014-07-20,30.0,16.0,44.0,10.0,29.91,0.0,30 | 86.0,16 | 60.8,44,10 | 6.21,29.91 | 1013,0.0 | 0.0
2014-07-21,30.0,16.0,45.0,12.0,29.91,0.3,30 | 86.0,16 | 60.8,45,12 | 7.46,29.91 | 1013,0.3 | 0.01
2014-07-22,29.0,15.0,44.0,12.0,29.91,1.4,29 | 84.2,15 | 59.0,44,12 | 7.46,29.91 | 1013,1.4 | 0.06
2014-07-23,29.0,15.0,43.0,14.0,29.88,0.0,29 | 84.2,15 | 59.0,43,14 | 8.7,29.88 | 1012,0.0 | 0.0
2014-07-24,29.0,15.0,44.0,13.0,29.91,0.1,29 | 84.2,15 | 59.0,44,13 | 8.08,29.91 | 1013,0.1 | 0.0
2014-07-25,29.0,16.0,45.0,11.0,29.91,0.2,29 | 84.2,16 | 60.8,45,11 | 6.84,29.91 | 1013,0.2 | 0.01
2014-07-26,29.0,16.0,45.0,13.0,29.88,0.2,29 | 84.2,16 | 60.8,45,13 | 8.08,29.88 | 1012,0.2 | 0.01
2014-07-27,30.0,16.0,44.0,15.0,29.91,0.0,30 | 86.0,16 | 60.8,44,15 | 9.32,29.91 | 1013,0.0 | 0.0
2014-07-28,30.0,15.0,42.0,15.0,29.91,0.0,30 | 86.0,15 | 59.0,42,15 | 9.32,29.91 | 1013,0.0 | 0.0
2014-07-29,29.0,15.0,42.0,17.0,29.88,0.0,29 | 84.2,15 | 59.0,42,17 | 10.56,29.88 | 1012,0.0 | 0.0
2014-07-30,29.0,15.0,43.0,18.0,29.88,0.0,29 | 84.2,15 | 59.0,43,18 | 11.18,29.88 | 1012,0.0 | 0.0
2014-07-31,29.0,15.0,44.0,16.0,29.91,0.0,29 | 84.2,15 | 59.0,44,16 | 9.94,29.91 | 1013,0.0 | 0.0
2014-09-01,29.0,18.0,55.0,9.0,29.85,0.5,29 | 84.2,18 | 64.4,55,9 | 5.59,29.85 | 1011,0.5 | 0.02
2014-09-02,29.0,18.0,51.0,10.0,29.83,1.8,29 | 84.2,18 | 64.4,51,10 | 6.21,29.83 | 1010,1.8 | 0.07
2014-09-03,29.0,18.0,53.0,11.0,29.85,2.9,29 | 84.2,18 | 64.4,53,11 | 6.84,29.85 | 1011,2.9 | 0.11
2014-09-04,28.0,18.0,57.0,15.0,29.85,0.4,28 | 82.4,18 | 64.4,57,15 | 9.32,29.85 | 1011,0.4 | 0.02
2014-09-05,27.0,17.0,55.0,18.0,29.88,1.0,27 | 80.6,17 | 62.6,55,18 | 11.18,29.88 | 1012,1.0 | 0.04
2014-09-06,27.0,17.0,54.0,12.0,29.88,2.0,27 | 80.6,17 | 62.6,54,12 | 7.46,29.88 | 1012,2.0 | 0.08
2014-09-07,28.0,16.0,48.0,14.0,29.91,0.0,28 | 82.4,16 | 60.8,48,14 | 8.7,29.91 | 1013,0.0 | 0.0
2014-09-08,29.0,16.0,46.0,13.0,29.91,0.0,29 | 84.2,16 | 60.8,46,13 | 8.08,29.91 | 1013,0.0 | 0.0
2014-09-09,30.0,16.0,45.0,13.0,29.88,0.0,30 | 86.0,16 | 60.8,45,13 | 8.08,29.88 | 1012,0.0 | 0.0
2014-09-10,29.0,15.0,42.0,14.0,29.85,0.0,29 | 84.2,15 | 59.0,42,14 | 8.7,29.85 | 1011,0.0 | 0.0
2014-09-11,30.0,15.0,41.0,15.0,29.85,0.0,30 | 86.0,15 | 59.0,41,15 | 9.32,29.85 | 1011,0.0 | 0.0
2014-09-12,30.0,15.0,42.0,16.0,29.85,0.0,30 | 86.0,15 | 59.0,42,16 | 9.94,29.85 | 1011,0.0 | 0.0
2014-09-13,31.0,14.0,40.0,15.0,29.85,0.0,31 | 87.8,14 | 57.2,40,15 | 9.32,29.85 | 1011,0.0 | 0.0
2014-09-14,30.0,14.0,41.0,17.0,29.88,0.0,30 | 86.0,14 | 57.2,41,17 | 10.56,29.88 | 1012,0.0 | 0.0
2014-09-15,30.0,15.0,41.0,15.0,29.85,0.0,30 | 86.0,15 | 59.0,41,15 | 9.32,29.85 | 1011,0.0 | 0.0
2014-09-16,30.0,16.0,45.0,17.0,29.83,0.0,30 | 86.0,16 | 60.8,45,17 | 10.56,29.83 | 1010,0.0 | 0.0
2014-09-17,30.0,14.0,39.0,15.0,29.83,0.0,30 | 86.0,14 | 57.2,39,15 | 9.32,29.83 | 1010,0.0 | 0.0
2014-09-18,30.0,16.0,42.0,16.0,29.83,0.0,30 | 86.0,16 | 60.8,42,16 | 9.94,29.83 | 1010,0.0 | 0.0
2014-09-19,31.0,15.0,40.0,16.0,29.85,0.0,31 | 87.8,15 | 59.0,40,16 | 9.94,29.85 | 1011,0.0 | 0.0
2014-09-20,31.0,15.0,41.0,16.0,29.85,0.0,31 | 87.8,15 | 59.0,41,16 | 9.94,29.85 | 1011,0.0 | 0.0
2014-09-21,31.0,15.0,40.0,16.0,29.83,0.0,31 | 87.8,15 | 59.0,40,16 | 9.94,29.83 | 1010,0.0 | 0.0
2014-09-22,30.0,15.0,41.0,19.0,29.85,0.0,30 | 86.0,15 | 59.0,41,19 | 11.81,29.85 | 1011,0.0 | 0.0
2014-09-23,30.0,14.0,38.0,18.0,29.83,0.0,30 | 86.0,14 | 57.2,38,18 | 11.18,29.83 | 1010,0.0 | 0.0
2014-09-24,30.0,14.0,38.0,16.0,29.85,0.0,30 | 86.0,14 | 57.2,38,16 | 9.94,29.85 | 1011,0.0 | 0.0
2014-09-25,31.0,15.0,41.0,17.0,29.83,0.0,31 | 87.8,15 | 59.0,41,17 | 10.56,29.83 | 1010,0.0 | 0.0
2014-09-26,30.0,15.0,42.0,21.0,29.85,0.0,30 | 86.0,15 | 59.0,42,21 | 13.05,29.85 | 1011,0.0 | 0.0
2014-09-27,30.0,15.0,42.0,18.0,29.85,0.0,30 | 86.0,15 | 59.0,42,18 | 11.18,29.85 | 1011,0.0 | 0.0
2014-09-28,31.0,14.0,36.0,14.0,29.85,0.0,31 | 87.8,14 | 57.2,36,14 | 8.7,29.85 | 1011,0.0 | 0.0
2014-09-29,31.0,14.0,36.0,16.0,29.85,0.0,31 | 87.8,14 | 57.2,36,16 | 9.94,29.85 | 1011,0.0 | 0.0
2014-09-30,31.0,14.0,37.0,15.0,29.83,0.0,31 | 87.8,14 | 57.2,37,15 | 9.32,29.83 | 1010,0.0 | 0.0
2014-10-01,31.0,14.0,36.0,14.0,29.8,0.0,31 | 87.8,14 | 57.2,36,14 | 8.7,29.8 | 1009,0.0 | 0.0
2014-10-02,32.0,15.0,37.0,10.0,29.83,0.0,32 | 89.6,15 | 59.0,37,10 | 6.21,29.83 | 1010,0.0 | 0.0
2014-10-03,30.0,17.0,45.0,14.0,29.83,4.5,30 | 86.0,17 | 62.6,45,14 | 8.7,29.83 | 1010,4.5 | 0.18
2014-10-04,31.0,17.0,45.0,11.0,29.8,3.5,31 | 87.8,17 | 62.6,45,11 | 6.84,29.8 | 1009,3.5 | 0.14
2014-10-05,31.0,16.0,40.0,16.0,29.83,0.6,31 | 87.8,16 | 60.8,40,16 | 9.94,29.83 | 1010,0.6 | 0.02
2014-10-06,31.0,16.0,41.0,21.0,29.85,0.1,31 | 87.8,16 | 60.8,41,21 | 13.05,29.85 | 1011,0.1 | 0.0
2014-10-07,31.0,16.0,43.0,18.0,29.83,0.0,31 | 87.8,16 | 60.8,43,18 | 11.18,29.83 | 1010,0.0 | 0.0
2014-10-08,31.0,17.0,44.0,16.0,29.8,0.0,31 | 87.8,17 | 62.6,44,16 | 9.94,29.8 | 1009,0.0 | 0.0
2014-10-09,31.0,16.0,42.0,16.0,29.8,0.0,31 | 87.8,16 | 60.8,42,16 | 9.94,29.8 | 1009,0.0 | 0.0
2014-10-10,31.0,15.0,39.0,20.0,29.83,0.0,31 | 87.8,15 | 59.0,39,20 | 12.43,29.83 | 1010,0.0 | 0.0
2014-10-11,31.0,15.0,39.0,21.0,29.83,0.0,31 | 87.8,15 | 59.0,39,21 | 13.05,29.83 | 1010,0.0 | 0.0
2014-10-12,28.0,16.0,46.0,16.0,29.85,0.8,28 | 82.4,16 | 60.8,46,16 | 9.94,29.85 | 1011,0.8 | 0.03
2014-10-13,30.0,16.0,46.0,12.0,29.85,0.0,30 | 86.0,16 | 60.8,46,12 | 7.46,29.85 | 1011,0.0 | 0.0
2014-10-14,31.0,16.0,40.0,11.0,29.83,0.0,31 | 87.8,16 | 60.8,40,11 | 6.84,29.83 | 1010,0.0 | 0.0
2014-10-15,31.0,17.0,46.0,17.0,29.85,2.1,31 | 87.8,17 | 62.6,46,17 | 10.56,29.85 | 1011,2.1 | 0.08
2014-10-16,28.0,18.0,57.0,9.0,29.85,3.2,28 | 82.4,18 | 64.4,57,9 | 5.59,29.85 | 1011,3.2 | 0.13
2014-10-17,29.0,18.0,53.0,7.0,29.85,5.8,29 | 84.2,18 | 64.4,53,7 | 4.35,29.85 | 1011,5.8 | 0.23
2014-10-18,31.0,17.0,46.0,12.0,29.83,0.2,31 | 87.8,17 | 62.6,46,12 | 7.46,29.83 | 1010,0.2 | 0.01
2014-10-19,31.0,18.0,48.0,21.0,29.8,0.5,31 | 87.8,18 | 64.4,48,21 | 13.05,29.8 | 1009,0.5 | 0.02
2014-10-20,29.0,19.0,57.0,19.0,29.83,24.4,29 | 84.2,19 | 66.2,57,19 | 11.81,29.83 | 1010,24.4 | 0.96
2014-10-21,29.0,19.0,59.0,14.0,29.85,9.0,29 | 84.2,19 | 66.2,59,14 | 8.7,29.85 | 1011,9.0 | 0.35
2014-10-22,30.0,18.0,52.0,15.0,29.85,0.4,30 | 86.0,18 | 64.4,52,15 | 9.32,29.85 | 1011,0.4 | 0.02
2014-10-23,30.0,18.0,53.0,20.0,29.85,7.5,30 | 86.0,18 | 64.4,53,20 | 12.43,29.85 | 1011,7.5 | 0.3
2014-10-24,29.0,18.0,54.0,17.0,29.83,1.9,29 | 84.2,18 | 64.4,54,17 | 10.56,29.83 | 1010,1.9 | 0.07
2014-10-25,30.0,17.0,49.0,16.0,29.83,0.3,30 | 86.0,17 | 62.6,49,16 | 9.94,29.83 | 1010,0.3 | 0.01
2014-10-26,31.0,18.0,49.0,14.0,29.83,9.2,31 | 87.8,18 | 64.4,49,14 | 8.7,29.83 | 1010,9.2 | 0.36
2014-10-27,31.0,17.0,46.0,18.0,29.83,0.0,31 | 87.8,17 | 62.6,46,18 | 11.18,29.83 | 1010,0.0 | 0.0
2014-10-28,31.0,17.0,45.0,17.0,29.8,0.0,31 | 87.8,17 | 62.6,45,17 | 10.56,29.8 | 1009,0.0 | 0.0
2014-10-29,31.0,17.0,48.0,20.0,29.8,0.0,31 | 87.8,17 | 62.6,48,20 | 12.43,29.8 | 1009,0.0 | 0.0
2014-10-30,30.0,17.0,49.0,20.0,29.83,0.4,30 | 86.0,17 | 62.6,49,20 | 12.43,29.83 | 1010,0.4 | 0.02
2014-10-31,31.0,16.0,44.0,16.0,29.8,0.0,31 | 87.8,16 | 60.8,44,16 | 9.94,29.8 | 1009,0.0 | 0.0
2014-11-01,31.0,17.0,45.0,21.0,29.8,0.0,31 | 87.8,17 | 62.6,45,21 | 13.05,29.8 | 1009,0.0 | 0.0
2014-11-02,31.0,17.0,47.0,21.0,29.83,0.1,31 | 87.8,17 | 62.6,47,21 | 13.05,29.83 | 1010,0.1 | 0.0
2014-11-03,31.0,17.0,46.0,21.0,29.88,0.4,31 | 87.8,17 | 62.6,46,21 | 13.05,29.88 | 1012,0.4 | 0.02
2014-11-04,31.0,17.0,45.0,21.0,29.88,0.0,31 | 87.8,17 | 62.6,45,21 | 13.05,29.88 | 1012,0.0 | 0.0
2014-11-05,31.0,16.0,45.0,23.0,29.88,0.0,31 | 87.8,16 | 60.8,45,23 | 14.29,29.88 | 1012,0.0 | 0.0
2014-11-06,30.0,16.0,45.0,22.0,29.88,0.0,30 | 86.0,16 | 60.8,45,22 | 13.67,29.88 | 1012,0.0 | 0.0
2014-11-07,31.0,16.0,44.0,17.0,29.88,0.1,31 | 87.8,16 | 60.8,44,17 | 10.56,29.88 | 1012,0.1 | 0.0
2014-11-08,31.0,16.0,44.0,19.0,29.85,0.4,31 | 87.8,16 | 60.8,44,19 | 11.81,29.85 | 1011,0.4 | 0.02
2014-11-09,31.0,16.0,44.0,24.0,29.85,0.0,31 | 87.8,16 | 60.8,44,24 | 14.91,29.85 | 1011,0.0 | 0.0
2014-11-10,30.0,17.0,46.0,29.0,29.85,0.0,30 | 86.0,17 | 62.6,46,29 | 18.02,29.85 | 1011,0.0 | 0.0
2014-11-11,30.0,15.0,43.0,21.0,29.83,0.0,30 | 86.0,15 | 59.0,43,21 | 13.05,29.83 | 1010,0.0 | 0.0
2014-11-12,31.0,15.0,42.0,19.0,29.8,0.0,31 | 87.8,15 | 59.0,42,19 | 11.81,29.8 | 1009,0.0 | 0.0
2014-11-13,31.0,16.0,43.0,20.0,29.8,0.0,31 | 87.8,16 | 60.8,43,20 | 12.43,29.8 | 1009,0.0 | 0.0
2014-11-14,30.0,16.0,46.0,21.0,29.83,0.0,30 | 86.0,16 | 60.8,46,21 | 13.05,29.83 | 1010,0.0 | 0.0
2014-11-15,30.0,16.0,46.0,19.0,29.85,1.0,30 | 86.0,16 | 60.8,46,19 | 11.81,29.85 | 1011,1.0 | 0.04
2014-11-16,31.0,16.0,44.0,17.0,29.8,1.9,31 | 87.8,16 | 60.8,44,17 | 10.56,29.8 | 1009,1.9 | 0.07
2014-11-17,31.0,16.0,44.0,18.0,29.8,0.3,31 | 87.8,16 | 60.8,44,18 | 11.18,29.8 | 1009,0.3 | 0.01
2014-11-18,31.0,16.0,41.0,21.0,29.8,0.0,31 | 87.8,16 | 60.8,41,21 | 13.05,29.8 | 1009,0.0 | 0.0
2014-11-19,31.0,17.0,45.0,22.0,29.8,0.0,31 | 87.8,17 | 62.6,45,22 | 13.67,29.8 | 1009,0.0 | 0.0
2014-11-20,31.0,17.0,44.0,18.0,29.83,0.1,31 | 87.8,17 | 62.6,44,18 | 11.18,29.83 | 1010,0.1 | 0.0
2014-11-21,28.0,18.0,54.0,17.0,29.91,6.5,28 | 82.4,18 | 64.4,54,17 | 10.56,29.91 | 1013,6.5 | 0.26
2014-11-22,29.0,18.0,55.0,9.0,29.91,0.0,29 | 84.2,18 | 64.4,55,9 | 5.59,29.91 | 1013,0.0 | 0.0
2014-11-23,30.0,17.0,47.0,11.0,29.85,1.3,30 | 86.0,17 | 62.6,47,11 | 6.84,29.85 | 1011,1.3 | 0.05
2014-11-24,30.0,18.0,51.0,10.0,29.83,3.7,30 | 86.0,18 | 64.4,51,10 | 6.21,29.83 | 1010,3.7 | 0.15
2014-11-25,30.0,18.0,50.0,10.0,29.8,0.0,30 | 86.0,18 | 64.4,50,10 | 6.21,29.8 | 1009,0.0 | 0.0
2014-11-26,30.0,18.0,50.0,13.0,29.8,2.5,30 | 86.0,18 | 64.4,50,13 | 8.08,29.8 | 1009,2.5 | 0.1
2014-11-27,29.0,18.0,55.0,12.0,29.83,1.0,29 | 84.2,18 | 64.4,55,12 | 7.46,29.83 | 1010,1.0 | 0.04
2014-11-28,30.0,18.0,52.0,7.0,29.83,0.0,30 | 86.0,18 | 64.4,52,7 | 4.35,29.83 | 1010,0.0 | 0.0
2014-11-29,30.0,18.0,49.0,6.0,29.83,0.0,30 | 86.0,18 | 64.4,49,6 | 3.73,29.83 | 1010,0.0 | 0.0
2014-11-30,31.0,17.0,45.0,11.0,29.83,0.0,31 | 87.8,17 | 62.6,45,11 | 6.84,29.83 | 1010,0.0 | 0.0
2014-12-01,30.0,17.0,47.0,9.0,29.8,0.3,30 | 86.0,17 | 62.6,47,9 | 5.59,29.8 | 1009,0.3 | 0.01
2014-12-02,29.0,18.0,51.0,13.0,29.83,1.8,29 | 84.2,18 | 64.4,51,13 | 8.08,29.83 | 1010,1.8 | 0.07
2014-12-03,29.0,18.0,52.0,18.0,29.85,3.0,29 | 84.2,18 | 64.4,52,18 | 11.18,29.85 | 1011,3.0 | 0.12
2014-12-04,30.0,16.0,47.0,23.0,29.88,0.0,30 | 86.0,16 | 60.8,47,23 | 14.29,29.88 | 1012,0.0 | 0.0
2014-12-05,30.0,15.0,43.0,18.0,29.88,0.0,30 | 86.0,15 | 59.0,43,18 | 11.18,29.88 | 1012,0.0 | 0.0
2014-12-06,30.0,16.0,46.0,13.0,29.85,0.0,30 | 86.0,16 | 60.8,46,13 | 8.08,29.85 | 1011,0.0 | 0.0
2014-12-07,30.0,17.0,46.0,13.0,29.83,0.2,30 | 86.0,17 | 62.6,46,13 | 8.08,29.83 | 1010,0.2 | 0.01
2014-12-08,30.0,17.0,46.0,18.0,29.83,0.0,30 | 86.0,17 | 62.6,46,18 | 11.18,29.83 | 1010,0.0 | 0.0
2014-12-09,30.0,17.0,47.0,20.0,29.85,0.0,30 | 86.0,17 | 62.6,47,20 | 12.43,29.85 | 1011,0.0 | 0.0
2014-12-10,30.0,17.0,47.0,19.0,29.85,0.0,30 | 86.0,17 | 62.6,47,19 | 11.81,29.85 | 1011,0.0 | 0.0
2014-12-11,30.0,16.0,45.0,19.0,29.85,0.0,30 | 86.0,16 | 60.8,45,19 | 11.81,29.85 | 1011,0.0 | 0.0
2014-12-12,30.0,16.0,44.0,17.0,29.85,0.0,30 | 86.0,16 | 60.8,44,17 | 10.56,29.85 | 1011,0.0 | 0.0
2014-12-13,30.0,15.0,41.0,16.0,29.85,0.0,30 | 86.0,15 | 59.0,41,16 | 9.94,29.85 | 1011,0.0 | 0.0
2014-12-14,30.0,15.0,42.0,15.0,29.85,0.0,30 | 86.0,15 | 59.0,42,15 | 9.32,29.85 | 1011,0.0 | 0.0
2014-12-15,31.0,15.0,42.0,15.0,29.85,0.0,31 | 87.8,15 | 59.0,42,15 | 9.32,29.85 | 1011,0.0 | 0.0
2014-12-16,31.0,16.0,42.0,15.0,29.85,0.0,31 | 87.8,16 | 60.8,42,15 | 9.32,29.85 | 1011,0.0 | 0.0
2014-12-17,31.0,15.0,41.0,11.0,29.85,0.0,31 | 87.8,15 | 59.0,41,11 | 6.84,29.85 | 1011,0.0 | 0.0
2014-12-18,31.0,15.0,40.0,11.0,29.85,0.0,31 | 87.8,15 | 59.0,40,11 | 6.84,29.85 | 1011,0.0 | 0.0
2014-12-19,32.0,14.0,37.0,16.0,29.85,0.0,32 | 89.6,14 | 57.2,37,16 | 9.94,29.85 | 1011,0.0 | 0.0
2014-12-20,31.0,13.0,36.0,13.0,29.85,0.0,31 | 87.8,13 | 55.4,36,13 | 8.08,29.85 | 1011,0.0 | 0.0
2014-12-21,31.0,13.0,35.0,10.0,29.83,0.0,31 | 87.8,13 | 55.4,35,10 | 6.21,29.83 | 1010,0.0 | 0.0
2014-12-22,31.0,13.0,34.0,10.0,29.83,0.0,31 | 87.8,13 | 55.4,34,10 | 6.21,29.83 | 1010,0.0 | 0.0
2014-12-23,32.0,15.0,39.0,11.0,29.8,0.0,32 | 89.6,15 | 59.0,39,11 | 6.84,29.8 | 1009,0.0 | 0.0
2014-12-24,31.0,16.0,41.0,12.0,29.85,0.9,31 | 87.8,16 | 60.8,41,12 | 7.46,29.85 | 1011,0.9 | 0.04
2014-12-25,31.0,16.0,42.0,14.0,29.85,0.1,31 | 87.8,16 | 60.8,42,14 | 8.7,29.85 | 1011,0.1 | 0.0
2014-12-26,31.0,15.0,39.0,15.0,29.85,0.0,31 | 87.8,15 | 59.0,39,15 | 9.32,29.85 | 1011,0.0 | 0.0
2014-12-27,32.0,14.0,37.0,11.0,29.83,0.0,32 | 89.6,14 | 57.2,37,11 | 6.84,29.83 | 1010,0.0 | 0.0
2014-12-28,32.0,12.0,31.0,11.0,29.85,0.0,32 | 89.6,12 | 53.6,31,11 | 6.84,29.85 | 1011,0.0 | 0.0
2014-12-29,32.0,12.0,31.0,14.0,29.83,0.0,32 | 89.6,12 | 53.6,31,14 | 8.7,29.83 | 1010,0.0 | 0.0
2014-12-30,31.0,10.0,30.0,11.0,29.8,0.0,31 | 87.8,10 | 50.0,30,11 | 6.84,29.8 | 1009,0.0 | 0.0
2014-12-31,32.0,8.0,24.0,9.0,29.8,0.0,32 | 89.6,8 | 46.4,24,9 | 5.59,29.8 | 1009,0.0 | 0.0
2015-01-01,32.0,4.0,19.0,9.0,29.83,0.0,32 | 89.6,4 | 39.2,19,9 | 5.59,29.83 | 1010,0.0 | 0.0
2015-01-02,31.0,3.0,19.0,14.0,29.85,0.0,31 | 87.8,3 | 37.4,19,14 | 8.7,29.85 | 1011,0.0 | 0.0
2015-01-03,31.0,4.0,20.0,9.0,29.85,0.0,31 | 87.8,4 | 39.2,20,9 | 5.59,29.85 | 1011,0.0 | 0.0
2015-01-04,31.0,4.0,19.0,6.0,29.83,0.0,31 | 87.8,4 | 39.2,19,6 | 3.73,29.83 | 1010,0.0 | 0.0
2015-01-05,32.0,6.0,22.0,7.0,29.8,0.0,32 | 89.6,6 | 42.8,22,7 | 4.35,29.8 | 1009,0.0 | 0.0
2015-01-06,32.0,7.0,23.0,7.0,29.83,0.0,32 | 89.6,7 | 44.6,23,7 | 4.35,29.83 | 1010,0.0 | 0.0
2015-01-07,32.0,9.0,26.0,9.0,29.85,0.0,32 | 89.6,9 | 48.2,26,9 | 5.59,29.85 | 1011,0.0 | 0.0
2015-01-08,31.0,11.0,30.0,10.0,29.85,0.0,31 | 87.8,11 | 51.8,30,10 | 6.21,29.85 | 1011,0.0 | 0.0
2015-01-09,31.0,13.0,34.0,9.0,29.85,0.1,31 | 87.8,13 | 55.4,34,9 | 5.59,29.85 | 1011,0.1 | 0.0
2015-01-10,31.0,9.0,27.0,10.0,29.85,0.0,31 | 87.8,9 | 48.2,27,10 | 6.21,29.85 | 1011,0.0 | 0.0
2015-01-11,30.0,6.0,23.0,14.0,29.85,0.0,30 | 86.0,6 | 42.8,23,14 | 8.7,29.85 | 1011,0.0 | 0.0
2015-01-12,30.0,7.0,24.0,10.0,29.85,0.0,30 | 86.0,7 | 44.6,24,10 | 6.21,29.85 | 1011,0.0 | 0.0
2015-01-13,32.0,11.0,30.0,11.0,29.85,0.0,32 | 89.6,11 | 51.8,30,11 | 6.84,29.85 | 1011,0.0 | 0.0
2015-01-14,32.0,10.0,30.0,12.0,29.85,0.0,32 | 89.6,10 | 50.0,30,12 | 7.46,29.85 | 1011,0.0 | 0.0
2015-01-15,32.0,5.0,21.0,7.0,29.83,0.0,32 | 89.6,5 | 41.0,21,7 | 4.35,29.83 | 1010,0.0 | 0.0
2015-01-16,32.0,6.0,21.0,9.0,29.83,0.0,32 | 89.6,6 | 42.8,21,9 | 5.59,29.83 | 1010,0.0 | 0.0
2015-01-17,32.0,6.0,22.0,10.0,29.8,0.0,32 | 89.6,6 | 42.8,22,10 | 6.21,29.8 | 1009,0.0 | 0.0
2015-01-18,32.0,6.0,22.0,12.0,29.83,0.0,32 | 89.6,6 | 42.8,22,12 | 7.46,29.83 | 1010,0.0 | 0.0
2015-01-19,32.0,6.0,22.0,12.0,29.83,0.0,32 | 89.6,6 | 42.8,22,12 | 7.46,29.83 | 1010,0.0 | 0.0
2015-01-20,32.0,8.0,26.0,10.0,29.83,0.0,32 | 89.6,8 | 46.4,26,10 | 6.21,29.83 | 1010,0.0 | 0.0
2015-01-21,32.0,13.0,35.0,14.0,29.85,0.0,32 | 89.6,13 | 55.4,35,14 | 8.7,29.85 | 1011,0.0 | 0.0
2015-01-22,32.0,14.0,38.0,19.0,29.88,2.8,32 | 89.6,14 | 57.2,38,19 | 11.81,29.88 | 1012,2.8 | 0.11
2015-01-23,31.0,15.0,43.0,14.0,29.85,0.0,31 | 87.8,15 | 59.0,43,14 | 8.7,29.85 | 1011,0.0 | 0.0
2015-01-24,31.0,16.0,43.0,18.0,29.8,0.0,31 | 87.8,16 | 60.8,43,18 | 11.18,29.8 | 1009,0.0 | 0.0
2015-01-25,31.0,14.0,39.0,20.0,29.83,0.0,31 | 87.8,14 | 57.2,39,20 | 12.43,29.83 | 1010,0.0 | 0.0
2015-01-26,31.0,12.0,35.0,15.0,29.85,0.0,31 | 87.8,12 | 53.6,35,15 | 9.32,29.85 | 1011,0.0 | 0.0
2015-01-27,31.0,9.0,30.0,12.0,29.83,0.0,31 | 87.8,9 | 48.2,30,12 | 7.46,29.83 | 1010,0.0 | 0.0
2015-01-28,32.0,7.0,24.0,13.0,29.8,0.0,32 | 89.6,7 | 44.6,24,13 | 8.08,29.8 | 1009,0.0 | 0.0
2015-01-29,32.0,10.0,29.0,16.0,29.8,0.0,32 | 89.6,10 | 50.0,29,16 | 9.94,29.8 | 1009,0.0 | 0.0
2015-01-30,32.0,9.0,28.0,14.0,29.83,0.0,32 | 89.6,9 | 48.2,28,14 | 8.7,29.83 | 1010,0.0 | 0.0
2015-01-31,32.0,10.0,29.0,11.0,29.83,0.0,32 | 89.6,10 | 50.0,29,11 | 6.84,29.83 | 1010,0.0 | 0.0
2015-02-01,32.0,12.0,32.0,16.0,29.83,0.0,32 | 89.6,12 | 53.6,32,16 | 9.94,29.83 | 1010,0.0 | 0.0
2015-02-02,33.0,12.0,33.0,16.0,29.8,0.0,33 | 91.4,12 | 53.6,33,16 | 9.94,29.8 | 1009,0.0 | 0.0
2015-02-03,33.0,13.0,34.0,18.0,29.8,0.0,33 | 91.4,13 | 55.4,34,18 | 11.18,29.8 | 1009,0.0 | 0.0
2015-02-04,32.0,14.0,35.0,19.0,29.83,0.0,32 | 89.6,14 | 57.2,35,19 | 11.81,29.83 | 1010,0.0 | 0.0
2015-02-05,32.0,14.0,37.0,16.0,29.8,0.0,32 | 89.6,14 | 57.2,37,16 | 9.94,29.8 | 1009,0.0 | 0.0
2015-02-06,32.0,14.0,35.0,16.0,29.83,0.0,32 | 89.6,14 | 57.2,35,16 | 9.94,29.83 | 1010,0.0 | 0.0
2015-02-07,33.0,13.0,33.0,16.0,29.8,0.0,33 | 91.4,13 | 55.4,33,16 | 9.94,29.8 | 1009,0.0 | 0.0
2015-02-08,32.0,10.0,29.0,14.0,29.8,0.0,32 | 89.6,10 | 50.0,29,14 | 8.7,29.8 | 1009,0.0 | 0.0
2015-02-09,32.0,12.0,32.0,16.0,29.8,0.0,32 | 89.6,12 | 53.6,32,16 | 9.94,29.8 | 1009,0.0 | 0.0
2015-02-10,32.0,14.0,38.0,16.0,29.83,0.0,32 | 89.6,14 | 57.2,38,16 | 9.94,29.83 | 1010,0.0 | 0.0
2015-02-11,32.0,14.0,38.0,15.0,29.85,0.0,32 | 89.6,14 | 57.2,38,15 | 9.32,29.85 | 1011,0.0 | 0.0
2015-02-12,33.0,12.0,31.0,11.0,29.8,0.0,33 | 91.4,12 | 53.6,31,11 | 6.84,29.8 | 1009,0.0 | 0.0
2015-02-13,33.0,12.0,31.0,13.0,29.77,0.0,33 | 91.4,12 | 53.6,31,13 | 8.08,29.77 | 1008,0.0 | 0.0
2015-02-14,33.0,12.0,32.0,10.0,29.77,0.0,33 | 91.4,12 | 53.6,32,10 | 6.21,29.77 | 1008,0.0 | 0.0
2015-02-15,29.0,14.0,41.0,10.0,29.83,5.4,29 | 84.2,14 | 57.2,41,10 | 6.21,29.83 | 1010,5.4 | 0.21
2015-02-16,31.0,15.0,42.0,8.0,29.83,3.4,31 | 87.8,15 | 59.0,42,8 | 4.97,29.83 | 1010,3.4 | 0.13
2015-02-17,32.0,14.0,36.0,11.0,29.83,0.8,32 | 89.6,14 | 57.2,36,11 | 6.84,29.83 | 1010,0.8 | 0.03
2015-02-18,33.0,13.0,32.0,11.0,29.77,0.0,33 | 91.4,13 | 55.4,32,11 | 6.84,29.77 | 1008,0.0 | 0.0
2015-02-19,33.0,14.0,35.0,16.0,29.77,0.0,33 | 91.4,14 | 57.2,35,16 | 9.94,29.77 | 1008,0.0 | 0.0
2015-02-20,33.0,15.0,38.0,14.0,29.74,0.0,33 | 91.4,15 | 59.0,38,14 | 8.7,29.74 | 1007,0.0 | 0.0
2015-02-21,33.0,15.0,37.0,15.0,29.74,0.0,33 | 91.4,15 | 59.0,37,15 | 9.32,29.74 | 1007,0.0 | 0.0
2015-02-22,33.0,15.0,36.0,18.0,29.77,0.4,33 | 91.4,15 | 59.0,36,18 | 11.18,29.77 | 1008,0.4 | 0.02
2015-02-23,33.0,12.0,30.0,17.0,29.77,0.0,33 | 91.4,12 | 53.6,30,17 | 10.56,29.77 | 1008,0.0 | 0.0
2015-02-24,33.0,13.0,32.0,13.0,29.77,0.0,33 | 91.4,13 | 55.4,32,13 | 8.08,29.77 | 1008,0.0 | 0.0
2015-02-25,32.0,15.0,39.0,11.0,29.77,2.8,32 | 89.6,15 | 59.0,39,11 | 6.84,29.77 | 1008,2.8 | 0.11
2015-02-26,33.0,14.0,35.0,15.0,29.74,0.0,33 | 91.4,14 | 57.2,35,15 | 9.32,29.74 | 1007,0.0 | 0.0
2015-02-27,32.0,15.0,38.0,16.0,29.77,1.6,32 | 89.6,15 | 59.0,38,16 | 9.94,29.77 | 1008,1.6 | 0.06
2015-02-28,33.0,12.0,32.0,14.0,29.77,0.1,33 | 91.4,12 | 53.6,32,14 | 8.7,29.77 | 1008,0.1 | 0.0
2015-03-01,33.0,9.0,25.0,8.0,29.77,0.0,33 | 91.4,9 | 48.2,25,8 | 4.97,29.77 | 1008,0.0 | 0.0
2015-03-02,33.0,9.0,25.0,15.0,29.77,0.0,33 | 91.4,9 | 48.2,25,15 | 9.32,29.77 | 1008,0.0 | 0.0
2015-03-03,33.0,10.0,28.0,18.0,29.8,0.0,33 | 91.4,10 | 50.0,28,18 | 11.18,29.8 | 1009,0.0 | 0.0
2015-03-04,33.0,10.0,27.0,15.0,29.8,0.0,33 | 91.4,10 | 50.0,27,15 | 9.32,29.8 | 1009,0.0 | 0.0
2015-03-05,33.0,9.0,26.0,17.0,29.77,0.0,33 | 91.4,9 | 48.2,26,17 | 10.56,29.77 | 1008,0.0 | 0.0
2015-03-06,33.0,10.0,27.0,17.0,29.83,0.0,33 | 91.4,10 | 50.0,27,17 | 10.56,29.83 | 1010,0.0 | 0.0
2015-03-07,33.0,11.0,29.0,15.0,29.8,0.0,33 | 91.4,11 | 51.8,29,15 | 9.32,29.8 | 1009,0.0 | 0.0
2015-03-08,33.0,10.0,27.0,16.0,29.8,0.0,33 | 91.4,10 | 50.0,27,16 | 9.94,29.8 | 1009,0.0 | 0.0
2015-03-09,32.0,10.0,27.0,22.0,29.83,0.0,32 | 89.6,10 | 50.0,27,22 | 13.67,29.83 | 1010,0.0 | 0.0
2015-03-10,30.0,12.0,34.0,14.0,29.77,0.0,30 | 86.0,12 | 53.6,34,14 | 8.7,29.77 | 1008,0.0 | 0.0
2015-03-11,33.0,14.0,35.0,14.0,29.77,0.0,33 | 91.4,14 | 57.2,35,14 | 8.7,29.77 | 1008,0.0 | 0.0
2015-03-12,33.0,14.0,36.0,15.0,29.77,0.0,33 | 91.4,14 | 57.2,36,15 | 9.32,29.77 | 1008,0.0 | 0.0
2015-03-13,33.0,14.0,36.0,15.0,29.8,0.0,33 | 91.4,14 | 57.2,36,15 | 9.32,29.8 | 1009,0.0 | 0.0
2015-03-14,32.0,14.0,37.0,15.0,29.8,0.2,32 | 89.6,14 | 57.2,37,15 | 9.32,29.8 | 1009,0.2 | 0.01
2015-03-15,32.0,15.0,39.0,13.0,29.8,0.9,32 | 89.6,15 | 59.0,39,13 | 8.08,29.8 | 1009,0.9 | 0.04
2015-03-16,32.0,15.0,39.0,14.0,29.8,0.4,32 | 89.6,15 | 59.0,39,14 | 8.7,29.8 | 1009,0.4 | 0.02
2015-03-17,32.0,15.0,41.0,14.0,29.8,1.3,32 | 89.6,15 | 59.0,41,14 | 8.7,29.8 | 1009,1.3 | 0.05
2015-03-18,32.0,15.0,40.0,14.0,29.8,0.2,32 | 89.6,15 | 59.0,40,14 | 8.7,29.8 | 1009,0.2 | 0.01
2015-03-19,35.0,15.0,35.0,23.0,29.74,0.0,35 | 95.0,15 | 59.0,35,23 | 14.29,29.74 | 1007,0.0 | 0.0
2015-03-20,34.0,14.0,33.0,21.0,29.74,0.1,34 | 93.2,14 | 57.2,33,21 | 13.05,29.74 | 1007,0.1 | 0.0
2015-03-21,33.0,16.0,38.0,21.0,29.77,0.7,33 | 91.4,16 | 60.8,38,21 | 13.05,29.77 | 1008,0.7 | 0.03
2015-03-22,33.0,17.0,41.0,22.0,29.8,0.8,33 | 91.4,17 | 62.6,41,22 | 13.67,29.8 | 1009,0.8 | 0.03
2015-03-23,32.0,18.0,47.0,24.0,29.8,10.6,32 | 89.6,18 | 64.4,47,24 | 14.91,29.8 | 1009,10.6 | 0.42
2015-03-24,31.0,18.0,49.0,17.0,29.8,2.5,31 | 87.8,18 | 64.4,49,17 | 10.56,29.8 | 1009,2.5 | 0.1
2015-03-25,31.0,18.0,49.0,14.0,29.83,1.6,31 | 87.8,18 | 64.4,49,14 | 8.7,29.83 | 1010,1.6 | 0.06
2015-03-26,29.0,19.0,57.0,22.0,29.85,33.7,29 | 84.2,19 | 66.2,57,22 | 13.67,29.85 | 1011,33.7 | 1.33
2015-03-27,31.0,18.0,51.0,17.0,29.83,0.0,31 | 87.8,18 | 64.4,51,17 | 10.56,29.83 | 1010,0.0 | 0.0
2015-03-28,31.0,18.0,48.0,15.0,29.83,0.0,31 | 87.8,18 | 64.4,48,15 | 9.32,29.83 | 1010,0.0 | 0.0
2015-03-29,32.0,17.0,45.0,16.0,29.8,0.9,32 | 89.6,17 | 62.6,45,16 | 9.94,29.8 | 1009,0.9 | 0.04
2015-03-30,29.0,19.0,59.0,12.0,29.83,62.6,29 | 84.2,19 | 66.2,59,12 | 7.46,29.83 | 1010,62.6 | 2.46
2015-03-31,31.0,19.0,51.0,9.0,29.83,8.1,31 | 87.8,19 | 66.2,51,9 | 5.59,29.83 | 1010,8.1 | 0.32
2015-04-01,31.0,18.0,49.0,10.0,29.83,2.3,31 | 87.8,18 | 64.4,49,10 | 6.21,29.83 | 1010,2.3 | 0.09
2015-04-02,31.0,17.0,46.0,9.0,29.77,1.1,31 | 87.8,17 | 62.6,46,9 | 5.59,29.77 | 1008,1.1 | 0.04
2015-04-03,32.0,18.0,48.0,14.0,29.74,7.8,32 | 89.6,18 | 64.4,48,14 | 8.7,29.74 | 1007,7.8 | 0.31
2015-04-04,29.0,20.0,59.0,9.0,29.8,14.3,29 | 84.2,20 | 68.0,59,9 | 5.59,29.8 | 1009,14.3 | 0.56
2015-04-05,29.0,20.0,59.0,5.0,29.8,11.4,29 | 84.2,20 | 68.0,59,5 | 3.11,29.8 | 1009,11.4 | 0.45
2015-04-06,27.0,20.0,65.0,10.0,29.83,11.8,27 | 80.6,20 | 68.0,65,10 | 6.21,29.83 | 1010,11.8 | 0.46
2015-04-07,30.0,19.0,57.0,7.0,29.83,0.9,30 | 86.0,19 | 66.2,57,7 | 4.35,29.83 | 1010,0.9 | 0.04
2015-04-08,30.0,19.0,54.0,8.0,29.8,13.3,30 | 86.0,19 | 66.2,54,8 | 4.97,29.8 | 1009,13.3 | 0.52
2015-04-09,28.0,20.0,64.0,12.0,29.83,24.5,28 | 82.4,20 | 68.0,64,12 | 7.46,29.83 | 1010,24.5 | 0.96
2015-04-10,30.0,18.0,53.0,10.0,29.85,0.1,30 | 86.0,18 | 64.4,53,10 | 6.21,29.85 | 1011,0.1 | 0.0
2015-04-11,31.0,17.0,46.0,10.0,29.85,0.1,31 | 87.8,17 | 62.6,46,10 | 6.21,29.85 | 1011,0.1 | 0.0
2015-04-12,31.0,18.0,48.0,11.0,29.85,0.9,31 | 87.8,18 | 64.4,48,11 | 6.84,29.85 | 1011,0.9 | 0.04
2015-04-13,31.0,18.0,49.0,13.0,29.83,0.4,31 | 87.8,18 | 64.4,49,13 | 8.08,29.83 | 1010,0.4 | 0.02
2015-04-14,31.0,17.0,49.0,13.0,29.8,2.2,31 | 87.8,17 | 62.6,49,13 | 8.08,29.8 | 1009,2.2 | 0.09
2015-04-15,30.0,18.0,51.0,12.0,29.8,2.1,30 | 86.0,18 | 64.4,51,12 | 7.46,29.8 | 1009,2.1 | 0.08
2015-04-16,29.0,20.0,61.0,13.0,29.85,15.2,29 | 84.2,20 | 68.0,61,13 | 8.08,29.85 | 1011,15.2 | 0.6
2015-04-17,25.0,20.0,73.0,11.0,29.94,18.2,25 | 77.0,20 | 68.0,73,11 | 6.84,29.94 | 1014,18.2 | 0.72
2015-04-18,29.0,19.0,61.0,7.0,29.88,0.3,29 | 84.2,19 | 66.2,61,7 | 4.35,29.88 | 1012,0.3 | 0.01
2015-04-19,30.0,20.0,58.0,5.0,29.83,2.1,30 | 86.0,20 | 68.0,58,5 | 3.11,29.83 | 1010,2.1 | 0.08
2015-04-20,28.0,20.0,62.0,10.0,29.83,23.8,28 | 82.4,20 | 68.0,62,10 | 6.21,29.83 | 1010,23.8 | 0.94
2015-04-21,30.0,19.0,55.0,8.0,29.85,1.1,30 | 86.0,19 | 66.2,55,8 | 4.97,29.85 | 1011,1.1 | 0.04
2015-04-22,30.0,19.0,56.0,9.0,29.88,2.5,30 | 86.0,19 | 66.2,56,9 | 5.59,29.88 | 1012,2.5 | 0.1
2015-04-23,31.0,19.0,51.0,8.0,29.85,0.6,31 | 87.8,19 | 66.2,51,8 | 4.97,29.85 | 1011,0.6 | 0.02
2015-04-24,31.0,18.0,49.0,13.0,29.85,0.1,31 | 87.8,18 | 64.4,49,13 | 8.08,29.85 | 1011,0.1 | 0.0
2015-04-25,31.0,18.0,49.0,14.0,29.8,0.0,31 | 87.8,18 | 64.4,49,14 | 8.7,29.8 | 1009,0.0 | 0.0
2015-04-26,28.0,20.0,61.0,9.0,29.85,24.5,28 | 82.4,20 | 68.0,61,9 | 5.59,29.85 | 1011,24.5 | 0.96
2015-04-27,26.0,20.0,71.0,11.0,29.91,11.1,26 | 78.8,20 | 68.0,71,11 | 6.84,29.91 | 1013,11.1 | 0.44
2015-04-28,29.0,19.0,58.0,12.0,29.83,2.4,29 | 84.2,19 | 66.2,58,12 | 7.46,29.83 | 1010,2.4 | 0.09
2015-04-29,30.0,19.0,57.0,9.0,29.85,1.1,30 | 86.0,19 | 66.2,57,9 | 5.59,29.85 | 1011,1.1 | 0.04
2015-04-30,30.0,19.0,56.0,12.0,29.83,7.3,30 | 86.0,19 | 66.2,56,12 | 7.46,29.83 | 1010,7.3 | 0.29
2015-05-01,25.0,20.0,73.0,10.0,29.85,52.8,25 | 77.0,20 | 68.0,73,10 | 6.21,29.85 | 1011,52.8 | 2.08
2015-05-02,29.0,20.0,64.0,14.0,29.85,0.3,29 | 84.2,20 | 68.0,64,14 | 8.7,29.85 | 1011,0.3 | 0.01
2015-05-03,29.0,20.0,60.0,13.0,29.83,2.9,29 | 84.2,20 | 68.0,60,13 | 8.08,29.83 | 1010,2.9 | 0.11
2015-05-04,30.0,19.0,54.0,8.0,29.83,5.2,30 | 86.0,19 | 66.2,54,8 | 4.97,29.83 | 1010,5.2 | 0.2
2015-05-05,30.0,19.0,54.0,10.0,29.83,1.6,30 | 86.0,19 | 66.2,54,10 | 6.21,29.83 | 1010,1.6 | 0.06
2015-05-06,29.0,20.0,60.0,14.0,29.8,18.2,29 | 84.2,20 | 68.0,60,14 | 8.7,29.8 | 1009,18.2 | 0.72
2015-05-07,29.0,19.0,60.0,10.0,29.85,2.3,29 | 84.2,19 | 66.2,60,10 | 6.21,29.85 | 1011,2.3 | 0.09
2015-05-08,30.0,18.0,55.0,13.0,29.91,0.1,30 | 86.0,18 | 64.4,55,13 | 8.08,29.91 | 1013,0.1 | 0.0
2015-05-09,29.0,19.0,61.0,10.0,29.91,3.3,29 | 84.2,19 | 66.2,61,10 | 6.21,29.91 | 1013,3.3 | 0.13
2015-05-10,30.0,19.0,54.0,7.0,29.85,0.3,30 | 86.0,19 | 66.2,54,7 | 4.35,29.85 | 1011,0.3 | 0.01
2015-05-11,31.0,18.0,51.0,9.0,29.85,0.6,31 | 87.8,18 | 64.4,51,9 | 5.59,29.85 | 1011,0.6 | 0.02
2015-05-12,31.0,18.0,51.0,10.0,29.88,0.3,31 | 87.8,18 | 64.4,51,10 | 6.21,29.88 | 1012,0.3 | 0.01
2015-05-13,31.0,18.0,51.0,11.0,29.85,0.2,31 | 87.8,18 | 64.4,51,11 | 6.84,29.85 | 1011,0.2 | 0.01
2015-05-14,31.0,19.0,54.0,11.0,29.83,4.7,31 | 87.8,19 | 66.2,54,11 | 6.84,29.83 | 1010,4.7 | 0.19
2015-05-15,31.0,19.0,51.0,17.0,29.85,0.0,31 | 87.8,19 | 66.2,51,17 | 10.56,29.85 | 1011,0.0 | 0.0
2015-05-16,31.0,19.0,53.0,18.0,29.85,0.0,31 | 87.8,19 | 66.2,53,18 | 11.18,29.85 | 1011,0.0 | 0.0
2015-05-17,31.0,18.0,49.0,13.0,29.83,0.1,31 | 87.8,18 | 64.4,49,13 | 8.08,29.83 | 1010,0.1 | 0.0
2015-05-18,31.0,17.0,46.0,15.0,29.85,0.1,31 | 87.8,17 | 62.6,46,15 | 9.32,29.85 | 1011,0.1 | 0.0
2015-05-19,31.0,17.0,46.0,13.0,29.85,0.0,31 | 87.8,17 | 62.6,46,13 | 8.08,29.85 | 1011,0.0 | 0.0
2015-05-20,31.0,17.0,46.0,17.0,29.88,0.0,31 | 87.8,17 | 62.6,46,17 | 10.56,29.88 | 1012,0.0 | 0.0
2015-05-21,30.0,16.0,46.0,14.0,29.88,0.0,30 | 86.0,16 | 60.8,46,14 | 8.7,29.88 | 1012,0.0 | 0.0
2015-05-22,31.0,16.0,43.0,12.0,29.88,0.0,31 | 87.8,16 | 60.8,43,12 | 7.46,29.88 | 1012,0.0 | 0.0
2015-05-23,31.0,16.0,44.0,12.0,29.88,0.0,31 | 87.8,16 | 60.8,44,12 | 7.46,29.88 | 1012,0.0 | 0.0
2015-05-24,31.0,17.0,45.0,15.0,29.85,0.1,31 | 87.8,17 | 62.6,45,15 | 9.32,29.85 | 1011,0.1 | 0.0
2015-05-25,31.0,17.0,45.0,16.0,29.85,0.1,31 | 87.8,17 | 62.6,45,16 | 9.94,29.85 | 1011,0.1 | 0.0
2015-05-26,31.0,16.0,44.0,15.0,29.85,0.0,31 | 87.8,16 | 60.8,44,15 | 9.32,29.85 | 1011,0.0 | 0.0
2015-05-27,31.0,16.0,41.0,13.0,29.85,0.0,31 | 87.8,16 | 60.8,41,13 | 8.08,29.85 | 1011,0.0 | 0.0
2015-05-28,31.0,16.0,43.0,12.0,29.85,0.0,31 | 87.8,16 | 60.8,43,12 | 7.46,29.85 | 1011,0.0 | 0.0
2015-05-29,31.0,16.0,44.0,15.0,29.83,0.1,31 | 87.8,16 | 60.8,44,15 | 9.32,29.83 | 1010,0.1 | 0.0
2015-05-30,31.0,17.0,47.0,18.0,29.83,0.2,31 | 87.8,17 | 62.6,47,18 | 11.18,29.83 | 1010,0.2 | 0.01
2015-05-31,31.0,17.0,46.0,21.0,29.83,0.0,31 | 87.8,17 | 62.6,46,21 | 13.05,29.83 | 1010,0.0 | 0.0
2015-06-01,31.0,17.0,48.0,13.0,29.83,0.1,31 | 87.8,17 | 62.6,48,13 | 8.08,29.83 | 1010,0.1 | 0.0
2015-06-02,30.0,17.0,47.0,12.0,29.85,0.2,30 | 86.0,17 | 62.6,47,12 | 7.46,29.85 | 1011,0.2 | 0.01
2015-06-03,31.0,17.0,45.0,12.0,29.83,0.0,31 | 87.8,17 | 62.6,45,12 | 7.46,29.83 | 1010,0.0 | 0.0
2015-06-04,31.0,17.0,44.0,12.0,29.83,0.0,31 | 87.8,17 | 62.6,44,12 | 7.46,29.83 | 1010,0.0 | 0.0
2015-06-05,32.0,17.0,43.0,11.0,29.8,0.4,32 | 89.6,17 | 62.6,43,11 | 6.84,29.8 | 1009,0.4 | 0.02
2015-06-06,31.0,17.0,44.0,13.0,29.85,0.0,31 | 87.8,17 | 62.6,44,13 | 8.08,29.85 | 1011,0.0 | 0.0
2015-06-07,31.0,16.0,43.0,13.0,29.85,0.0,31 | 87.8,16 | 60.8,43,13 | 8.08,29.85 | 1011,0.0 | 0.0
2015-06-08,31.0,16.0,43.0,12.0,29.85,0.3,31 | 87.8,16 | 60.8,43,12 | 7.46,29.85 | 1011,0.3 | 0.01
2015-06-09,31.0,16.0,43.0,15.0,29.85,0.0,31 | 87.8,16 | 60.8,43,15 | 9.32,29.85 | 1011,0.0 | 0.0
2015-06-10,31.0,15.0,40.0,14.0,29.85,0.0,31 | 87.8,15 | 59.0,40,14 | 8.7,29.85 | 1011,0.0 | 0.0
2015-06-11,31.0,14.0,39.0,10.0,29.85,0.0,31 | 87.8,14 | 57.2,39,10 | 6.21,29.85 | 1011,0.0 | 0.0
2015-06-12,31.0,15.0,39.0,10.0,29.85,0.0,31 | 87.8,15 | 59.0,39,10 | 6.21,29.85 | 1011,0.0 | 0.0
2015-06-13,31.0,16.0,44.0,12.0,29.85,0.0,31 | 87.8,16 | 60.8,44,12 | 7.46,29.85 | 1011,0.0 | 0.0
2015-06-14,30.0,17.0,46.0,12.0,29.85,0.0,30 | 86.0,17 | 62.6,46,12 | 7.46,29.85 | 1011,0.0 | 0.0
2015-06-15,29.0,17.0,49.0,10.0,29.85,0.0,29 | 84.2,17 | 62.6,49,10 | 6.21,29.85 | 1011,0.0 | 0.0
2015-06-16,31.0,14.0,38.0,11.0,29.83,0.2,31 | 87.8,14 | 57.2,38,11 | 6.84,29.83 | 1010,0.2 | 0.01
2015-06-17,30.0,15.0,42.0,13.0,29.8,0.0,30 | 86.0,15 | 59.0,42,13 | 8.08,29.8 | 1009,0.0 | 0.0
2015-06-18,31.0,17.0,45.0,13.0,29.83,0.1,31 | 87.8,17 | 62.6,45,13 | 8.08,29.83 | 1010,0.1 | 0.0
2015-06-19,30.0,17.0,47.0,13.0,29.88,0.1,30 | 86.0,17 | 62.6,47,13 | 8.08,29.88 | 1012,0.1 | 0.0
2015-06-20,30.0,16.0,45.0,17.0,29.91,0.0,30 | 86.0,16 | 60.8,45,17 | 10.56,29.91 | 1013,0.0 | 0.0
2015-06-21,30.0,16.0,44.0,15.0,29.91,0.2,30 | 86.0,16 | 60.8,44,15 | 9.32,29.91 | 1013,0.2 | 0.01
2015-06-22,31.0,14.0,38.0,12.0,29.91,0.2,31 | 87.8,14 | 57.2,38,12 | 7.46,29.91 | 1013,0.2 | 0.01
2015-06-23,31.0,14.0,38.0,8.0,29.91,0.0,31 | 87.8,14 | 57.2,38,8 | 4.97,29.91 | 1013,0.0 | 0.0
2015-06-24,31.0,16.0,44.0,10.0,29.94,0.4,31 | 87.8,16 | 60.8,44,10 | 6.21,29.94 | 1014,0.4 | 0.02
2015-06-25,31.0,17.0,46.0,9.0,29.94,0.0,31 | 87.8,17 | 62.6,46,9 | 5.59,29.94 | 1014,0.0 | 0.0
2015-06-26,31.0,16.0,44.0,9.0,29.94,0.7,31 | 87.8,16 | 60.8,44,9 | 5.59,29.94 | 1014,0.7 | 0.03
2015-06-27,31.0,14.0,38.0,11.0,29.91,0.0,31 | 87.8,14 | 57.2,38,11 | 6.84,29.91 | 1013,0.0 | 0.0
2015-06-28,31.0,14.0,39.0,12.0,29.91,0.0,31 | 87.8,14 | 57.2,39,12 | 7.46,29.91 | 1013,0.0 | 0.0
2015-06-29,31.0,14.0,37.0,12.0,29.91,0.0,31 | 87.8,14 | 57.2,37,12 | 7.46,29.91 | 1013,0.0 | 0.0
2015-06-30,31.0,16.0,43.0,19.0,29.88,0.0,31 | 87.8,16 | 60.8,43,19 | 11.81,29.88 | 1012,0.0 | 0.0
2015-07-01,31.0,16.0,44.0,19.0,29.88,0.0,31 | 87.8,16 | 60.8,44,19 | 11.81,29.88 | 1012,0.0 | 0.0
2015-07-02,30.0,15.0,42.0,16.0,29.91,0.0,30 | 86.0,15 | 59.0,42,16 | 9.94,29.91 | 1013,0.0 | 0.0
2015-07-03,30.0,14.0,41.0,20.0,29.91,0.0,30 | 86.0,14 | 57.2,41,20 | 12.43,29.91 | 1013,0.0 | 0.0
2015-07-04,30.0,14.0,42.0,21.0,29.94,0.0,30 | 86.0,14 | 57.2,42,21 | 13.05,29.94 | 1014,0.0 | 0.0
2015-07-05,30.0,14.0,41.0,17.0,29.94,0.0,30 | 86.0,14 | 57.2,41,17 | 10.56,29.94 | 1014,0.0 | 0.0
2015-07-06,31.0,14.0,40.0,17.0,29.91,0.0,31 | 87.8,14 | 57.2,40,17 | 10.56,29.91 | 1013,0.0 | 0.0
2015-07-07,31.0,16.0,44.0,20.0,29.91,0.1,31 | 87.8,16 | 60.8,44,20 | 12.43,29.91 | 1013,0.1 | 0.0
2015-07-08,30.0,15.0,42.0,17.0,29.88,0.0,30 | 86.0,15 | 59.0,42,17 | 10.56,29.88 | 1012,0.0 | 0.0
2015-07-09,30.0,16.0,46.0,21.0,29.91,0.0,30 | 86.0,16 | 60.8,46,21 | 13.05,29.91 | 1013,0.0 | 0.0
2015-07-10,29.0,15.0,46.0,21.0,29.94,0.0,29 | 84.2,15 | 59.0,46,21 | 13.05,29.94 | 1014,0.0 | 0.0
2015-07-11,30.0,15.0,43.0,20.0,29.91,0.0,30 | 86.0,15 | 59.0,43,20 | 12.43,29.91 | 1013,0.0 | 0.0
2015-07-12,30.0,15.0,42.0,17.0,29.88,0.0,30 | 86.0,15 | 59.0,42,17 | 10.56,29.88 | 1012,0.0 | 0.0
2015-07-13,30.0,16.0,44.0,18.0,29.88,0.0,30 | 86.0,16 | 60.8,44,18 | 11.18,29.88 | 1012,0.0 | 0.0
2015-07-14,30.0,14.0,39.0,17.0,29.88,0.0,30 | 86.0,14 | 57.2,39,17 | 10.56,29.88 | 1012,0.0 | 0.0
2015-07-15,30.0,14.0,40.0,18.0,29.88,0.0,30 | 86.0,14 | 57.2,40,18 | 11.18,29.88 | 1012,0.0 | 0.0
2015-07-16,29.0,13.0,40.0,15.0,29.88,0.0,29 | 84.2,13 | 55.4,40,15 | 9.32,29.88 | 1012,0.0 | 0.0
2015-07-17,30.0,13.0,39.0,11.0,29.88,0.0,30 | 86.0,13 | 55.4,39,11 | 6.84,29.88 | 1012,0.0 | 0.0
2015-07-18,30.0,14.0,39.0,13.0,29.85,0.0,30 | 86.0,14 | 57.2,39,13 | 8.08,29.85 | 1011,0.0 | 0.0
2015-07-19,30.0,17.0,48.0,20.0,29.88,1.7,30 | 86.0,17 | 62.6,48,20 | 12.43,29.88 | 1012,1.7 | 0.07
2015-07-20,29.0,17.0,50.0,17.0,29.88,8.0,29 | 84.2,17 | 62.6,50,17 | 10.56,29.88 | 1012,8.0 | 0.31
2015-07-21,29.0,16.0,48.0,13.0,29.91,0.3,29 | 84.2,16 | 60.8,48,13 | 8.08,29.91 | 1013,0.3 | 0.01
2015-07-22,29.0,14.0,42.0,12.0,29.91,0.0,29 | 84.2,14 | 57.2,42,12 | 7.46,29.91 | 1013,0.0 | 0.0
2015-07-23,29.0,15.0,44.0,12.0,29.91,1.3,29 | 84.2,15 | 59.0,44,12 | 7.46,29.91 | 1013,1.3 | 0.05
2015-07-24,29.0,15.0,44.0,14.0,29.91,0.0,29 | 84.2,15 | 59.0,44,14 | 8.7,29.91 | 1013,0.0 | 0.0
2015-07-25,30.0,15.0,44.0,12.0,29.88,0.0,30 | 86.0,15 | 59.0,44,12 | 7.46,29.88 | 1012,0.0 | 0.0
2015-07-26,30.0,16.0,44.0,12.0,29.85,1.1,30 | 86.0,16 | 60.8,44,12 | 7.46,29.85 | 1011,1.1 | 0.04
2015-07-27,30.0,16.0,44.0,10.0,29.85,1.1,30 | 86.0,16 | 60.8,44,10 | 6.21,29.85 | 1011,1.1 | 0.04
2015-07-28,30.0,16.0,45.0,15.0,29.85,0.0,30 | 86.0,16 | 60.8,45,15 | 9.32,29.85 | 1011,0.0 | 0.0
2015-07-29,30.0,16.0,43.0,13.0,29.85,1.0,30 | 86.0,16 | 60.8,43,13 | 8.08,29.85 | 1011,1.0 | 0.04
2015-07-30,29.0,17.0,48.0,11.0,29.91,0.2,29 | 84.2,17 | 62.6,48,11 | 6.84,29.91 | 1013,0.2 | 0.01
2015-07-31,30.0,16.0,45.0,9.0,29.88,2.9,30 | 86.0,16 | 60.8,45,9 | 5.59,29.88 | 1012,2.9 | 0.11
2015-08-01,29.0,17.0,49.0,9.0,29.88,9.8,29 | 84.2,17 | 62.6,49,9 | 5.59,29.88 | 1012,9.8 | 0.39
2015-08-02,30.0,17.0,46.0,12.0,29.88,1.2,30 | 86.0,17 | 62.6,46,12 | 7.46,29.88 | 1012,1.2 | 0.05
2015-08-03,30.0,16.0,45.0,16.0,29.88,0.0,30 | 86.0,16 | 60.8,45,16 | 9.94,29.88 | 1012,0.0 | 0.0
2015-08-04,30.0,16.0,45.0,20.0,29.88,0.1,30 | 86.0,16 | 60.8,45,20 | 12.43,29.88 | 1012,0.1 | 0.0
2015-08-05,30.0,14.0,42.0,15.0,29.88,0.0,30 | 86.0,14 | 57.2,42,15 | 9.32,29.88 | 1012,0.0 | 0.0
2015-08-06,30.0,15.0,42.0,14.0,29.88,0.0,30 | 86.0,15 | 59.0,42,14 | 8.7,29.88 | 1012,0.0 | 0.0
2015-08-07,30.0,15.0,44.0,20.0,29.85,0.0,30 | 86.0,15 | 59.0,44,20 | 12.43,29.85 | 1011,0.0 | 0.0
2015-08-08,29.0,15.0,46.0,22.0,29.91,0.0,29 | 84.2,15 | 59.0,46,22 | 13.67,29.91 | 1013,0.0 | 0.0
2015-08-09,28.0,14.0,45.0,19.0,29.91,0.0,28 | 82.4,14 | 57.2,45,19 | 11.81,29.91 | 1013,0.0 | 0.0
2015-08-10,29.0,13.0,40.0,12.0,29.88,0.0,29 | 84.2,13 | 55.4,40,12 | 7.46,29.88 | 1012,0.0 | 0.0
2015-08-11,30.0,14.0,39.0,15.0,29.85,0.0,30 | 86.0,14 | 57.2,39,15 | 9.32,29.85 | 1011,0.0 | 0.0
2015-08-12,30.0,15.0,43.0,17.0,29.91,0.0,30 | 86.0,15 | 59.0,43,17 | 10.56,29.91 | 1013,0.0 | 0.0
2015-08-13,30.0,14.0,40.0,17.0,29.88,0.0,30 | 86.0,14 | 57.2,40,17 | 10.56,29.88 | 1012,0.0 | 0.0
2015-08-14,30.0,15.0,43.0,17.0,29.91,0.0,30 | 86.0,15 | 59.0,43,17 | 10.56,29.91 | 1013,0.0 | 0.0
2015-08-15,30.0,15.0,42.0,14.0,29.88,0.0,30 | 86.0,15 | 59.0,42,14 | 8.7,29.88 | 1012,0.0 | 0.0
2015-08-16,30.0,14.0,40.0,19.0,29.88,0.0,30 | 86.0,14 | 57.2,40,19 | 11.81,29.88 | 1012,0.0 | 0.0
2015-08-17,30.0,14.0,41.0,17.0,29.88,0.0,30 | 86.0,14 | 57.2,41,17 | 10.56,29.88 | 1012,0.0 | 0.0
2015-08-18,30.0,14.0,40.0,13.0,29.85,0.0,30 | 86.0,14 | 57.2,40,13 | 8.08,29.85 | 1011,0.0 | 0.0
2015-08-19,30.0,14.0,40.0,11.0,29.83,0.0,30 | 86.0,14 | 57.2,40,11 | 6.84,29.83 | 1010,0.0 | 0.0
2015-08-20,30.0,15.0,42.0,15.0,29.85,0.0,30 | 86.0,15 | 59.0,42,15 | 9.32,29.85 | 1011,0.0 | 0.0
2015-08-21,30.0,15.0,42.0,17.0,29.85,0.1,30 | 86.0,15 | 59.0,42,17 | 10.56,29.85 | 1011,0.1 | 0.0
2015-08-22,30.0,15.0,41.0,21.0,29.85,0.0,30 | 86.0,15 | 59.0,41,21 | 13.05,29.85 | 1011,0.0 | 0.0
2015-08-23,30.0,14.0,40.0,20.0,29.85,0.0,30 | 86.0,14 | 57.2,40,20 | 12.43,29.85 | 1011,0.0 | 0.0
2015-08-24,31.0,12.0,35.0,15.0,29.85,0.0,31 | 87.8,12 | 53.6,35,15 | 9.32,29.85 | 1011,0.0 | 0.0
2015-08-25,30.0,14.0,39.0,18.0,29.88,0.0,30 | 86.0,14 | 57.2,39,18 | 11.18,29.88 | 1012,0.0 | 0.0
2015-08-26,30.0,14.0,40.0,19.0,29.88,0.0,30 | 86.0,14 | 57.2,40,19 | 11.81,29.88 | 1012,0.0 | 0.0
2015-08-27,31.0,12.0,36.0,21.0,29.85,0.0,31 | 87.8,12 | 53.6,36,21 | 13.05,29.85 | 1011,0.0 | 0.0
2015-08-28,31.0,12.0,36.0,15.0,29.85,0.0,31 | 87.8,12 | 53.6,36,15 | 9.32,29.85 | 1011,0.0 | 0.0
2015-08-29,30.0,15.0,44.0,20.0,29.85,0.0,30 | 86.0,15 | 59.0,44,20 | 12.43,29.85 | 1011,0.0 | 0.0
2015-08-30,31.0,14.0,39.0,15.0,29.88,0.0,31 | 87.8,14 | 57.2,39,15 | 9.32,29.88 | 1012,0.0 | 0.0
2015-08-31,31.0,14.0,38.0,13.0,29.88,0.0,31 | 87.8,14 | 57.2,38,13 | 8.08,29.88 | 1012,0.0 | 0.0
2015-09-01,30.0,15.0,45.0,11.0,29.85,0.6,30 | 86.0,15 | 59.0,45,11 | 6.84,29.85 | 1011,0.6 | 0.02
2015-09-02,31.0,15.0,39.0,17.0,29.85,0.0,31 | 87.8,15 | 59.0,39,17 | 10.56,29.85 | 1011,0.0 | 0.0
2015-09-03,31.0,15.0,41.0,13.0,29.85,0.0,31 | 87.8,15 | 59.0,41,13 | 8.08,29.85 | 1011,0.0 | 0.0
2015-09-04,29.0,15.0,42.0,9.0,29.88,1.8,29 | 84.2,15 | 59.0,42,9 | 5.59,29.88 | 1012,1.8 | 0.07
2015-09-05,30.0,15.0,45.0,14.0,29.88,0.0,30 | 86.0,15 | 59.0,45,14 | 8.7,29.88 | 1012,0.0 | 0.0
2015-09-06,30.0,14.0,42.0,13.0,29.88,0.1,30 | 86.0,14 | 57.2,42,13 | 8.08,29.88 | 1012,0.1 | 0.0
2015-09-07,31.0,14.0,38.0,18.0,29.85,0.0,31 | 87.8,14 | 57.2,38,18 | 11.18,29.85 | 1011,0.0 | 0.0
2015-09-08,30.0,12.0,35.0,17.0,29.83,0.0,30 | 86.0,12 | 53.6,35,17 | 10.56,29.83 | 1010,0.0 | 0.0
2015-09-09,31.0,13.0,37.0,16.0,29.83,0.0,31 | 87.8,13 | 55.4,37,16 | 9.94,29.83 | 1010,0.0 | 0.0
2015-09-10,31.0,13.0,37.0,19.0,29.85,0.0,31 | 87.8,13 | 55.4,37,19 | 11.81,29.85 | 1011,0.0 | 0.0
2015-09-11,31.0,13.0,37.0,20.0,29.85,0.0,31 | 87.8,13 | 55.4,37,20 | 12.43,29.85 | 1011,0.0 | 0.0
2015-09-12,31.0,13.0,36.0,15.0,29.85,0.0,31 | 87.8,13 | 55.4,36,15 | 9.32,29.85 | 1011,0.0 | 0.0
2015-09-13,32.0,12.0,32.0,16.0,29.85,0.0,32 | 89.6,12 | 53.6,32,16 | 9.94,29.85 | 1011,0.0 | 0.0
2015-09-14,31.0,13.0,36.0,18.0,29.88,0.0,31 | 87.8,13 | 55.4,36,18 | 11.18,29.88 | 1012,0.0 | 0.0
2015-09-15,31.0,15.0,40.0,22.0,29.85,0.0,31 | 87.8,15 | 59.0,40,22 | 13.67,29.85 | 1011,0.0 | 0.0
2015-09-16,28.0,14.0,45.0,20.0,29.88,0.0,28 | 82.4,14 | 57.2,45,20 | 12.43,29.88 | 1012,0.0 | 0.0
2015-09-17,31.0,14.0,40.0,13.0,29.83,0.1,31 | 87.8,14 | 57.2,40,13 | 8.08,29.83 | 1010,0.1 | 0.0
2015-09-18,31.0,15.0,41.0,13.0,29.83,0.5,31 | 87.8,15 | 59.0,41,13 | 8.08,29.83 | 1010,0.5 | 0.02
2015-09-19,31.0,14.0,39.0,15.0,29.83,0.0,31 | 87.8,14 | 57.2,39,15 | 9.32,29.83 | 1010,0.0 | 0.0
2015-09-20,31.0,14.0,39.0,15.0,29.83,0.0,31 | 87.8,14 | 57.2,39,15 | 9.32,29.83 | 1010,0.0 | 0.0
2015-09-21,31.0,15.0,40.0,19.0,29.85,0.1,31 | 87.8,15 | 59.0,40,19 | 11.81,29.85 | 1011,0.1 | 0.0
2015-09-22,31.0,14.0,36.0,12.0,29.85,0.0,31 | 87.8,14 | 57.2,36,12 | 7.46,29.85 | 1011,0.0 | 0.0
2015-09-23,31.0,14.0,38.0,17.0,29.88,0.0,31 | 87.8,14 | 57.2,38,17 | 10.56,29.88 | 1012,0.0 | 0.0
2015-09-24,31.0,14.0,38.0,16.0,29.85,0.0,31 | 87.8,14 | 57.2,38,16 | 9.94,29.85 | 1011,0.0 | 0.0
2015-09-25,32.0,12.0,34.0,17.0,29.83,0.0,32 | 89.6,12 | 53.6,34,17 | 10.56,29.83 | 1010,0.0 | 0.0
2015-09-26,31.0,13.0,35.0,18.0,29.8,0.0,31 | 87.8,13 | 55.4,35,18 | 11.18,29.8 | 1009,0.0 | 0.0
2015-09-27,32.0,13.0,35.0,17.0,29.83,0.0,32 | 89.6,13 | 55.4,35,17 | 10.56,29.83 | 1010,0.0 | 0.0
2015-09-28,31.0,13.0,37.0,15.0,29.83,0.0,31 | 87.8,13 | 55.4,37,15 | 9.32,29.83 | 1010,0.0 | 0.0
2015-09-29,32.0,14.0,38.0,14.0,29.8,0.0,32 | 89.6,14 | 57.2,38,14 | 8.7,29.8 | 1009,0.0 | 0.0
2015-09-30,33.0,15.0,39.0,18.0,29.77,0.0,33 | 91.4,15 | 59.0,39,18 | 11.18,29.77 | 1008,0.0 | 0.0
2015-10-01,32.0,17.0,43.0,20.0,29.77,0.4,32 | 89.6,17 | 62.6,43,20 | 12.43,29.77 | 1008,0.4 | 0.02
2015-10-02,31.0,17.0,47.0,21.0,29.83,3.1,31 | 87.8,17 | 62.6,47,21 | 13.05,29.83 | 1010,3.1 | 0.12
2015-10-03,32.0,16.0,41.0,27.0,29.85,0.0,32 | 89.6,16 | 60.8,41,27 | 16.78,29.85 | 1011,0.0 | 0.0
2015-10-04,31.0,17.0,45.0,27.0,29.88,0.0,31 | 87.8,17 | 62.6,45,27 | 16.78,29.88 | 1012,0.0 | 0.0
2015-10-05,31.0,16.0,43.0,26.0,29.88,0.0,31 | 87.8,16 | 60.8,43,26 | 16.16,29.88 | 1012,0.0 | 0.0
2015-10-06,32.0,15.0,40.0,18.0,29.85,0.0,32 | 89.6,15 | 59.0,40,18 | 11.18,29.85 | 1011,0.0 | 0.0
2015-10-07,32.0,13.0,34.0,14.0,29.83,0.0,32 | 89.6,13 | 55.4,34,14 | 8.7,29.83 | 1010,0.0 | 0.0
2015-10-08,32.0,16.0,42.0,17.0,29.83,0.0,32 | 89.6,16 | 60.8,42,17 | 10.56,29.83 | 1010,0.0 | 0.0
2015-10-09,32.0,16.0,41.0,22.0,29.83,0.0,32 | 89.6,16 | 60.8,41,22 | 13.67,29.83 | 1010,0.0 | 0.0
2015-10-10,32.0,16.0,41.0,20.0,29.83,0.3,32 | 89.6,16 | 60.8,41,20 | 12.43,29.83 | 1010,0.3 | 0.01
2015-10-11,32.0,15.0,40.0,18.0,29.85,0.0,32 | 89.6,15 | 59.0,40,18 | 11.18,29.85 | 1011,0.0 | 0.0
2015-10-12,32.0,16.0,40.0,13.0,29.85,0.0,32 | 89.6,16 | 60.8,40,13 | 8.08,29.85 | 1011,0.0 | 0.0
2015-10-13,32.0,16.0,41.0,18.0,29.85,0.3,32 | 89.6,16 | 60.8,41,18 | 11.18,29.85 | 1011,0.3 | 0.01
2015-10-14,32.0,15.0,38.0,20.0,29.83,0.0,32 | 89.6,15 | 59.0,38,20 | 12.43,29.83 | 1010,0.0 | 0.0
2015-10-15,32.0,16.0,40.0,18.0,29.8,1.6,32 | 89.6,16 | 60.8,40,18 | 11.18,29.8 | 1009,1.6 | 0.06
2015-10-16,32.0,16.0,42.0,20.0,29.8,1.8,32 | 89.6,16 | 60.8,42,20 | 12.43,29.8 | 1009,1.8 | 0.07
2015-10-17,32.0,17.0,43.0,22.0,29.83,2.1,32 | 89.6,17 | 62.6,43,22 | 13.67,29.83 | 1010,2.1 | 0.08
2015-10-18,32.0,16.0,42.0,18.0,29.85,0.0,32 | 89.6,16 | 60.8,42,18 | 11.18,29.85 | 1011,0.0 | 0.0
2015-10-19,31.0,17.0,45.0,18.0,29.88,0.2,31 | 87.8,17 | 62.6,45,18 | 11.18,29.88 | 1012,0.2 | 0.01
2015-10-20,32.0,15.0,39.0,16.0,29.85,0.0,32 | 89.6,15 | 59.0,39,16 | 9.94,29.85 | 1011,0.0 | 0.0
2015-10-21,32.0,15.0,39.0,15.0,29.83,0.0,32 | 89.6,15 | 59.0,39,15 | 9.32,29.83 | 1010,0.0 | 0.0
2015-10-22,31.0,16.0,42.0,20.0,29.83,0.0,31 | 87.8,16 | 60.8,42,20 | 12.43,29.83 | 1010,0.0 | 0.0
2015-10-23,32.0,16.0,40.0,19.0,29.83,0.0,32 | 89.6,16 | 60.8,40,19 | 11.81,29.83 | 1010,0.0 | 0.0
2015-10-24,32.0,16.0,40.0,18.0,29.8,0.4,32 | 89.6,16 | 60.8,40,18 | 11.18,29.8 | 1009,0.4 | 0.02
2015-10-25,33.0,16.0,40.0,17.0,29.83,1.2,33 | 91.4,16 | 60.8,40,17 | 10.56,29.83 | 1010,1.2 | 0.05
2015-10-26,31.0,17.0,45.0,10.0,29.85,3.3,31 | 87.8,17 | 62.6,45,10 | 6.21,29.85 | 1011,3.3 | 0.13
2015-10-27,32.0,16.0,43.0,12.0,29.83,0.6,32 | 89.6,16 | 60.8,43,12 | 7.46,29.83 | 1010,0.6 | 0.02
2015-10-28,32.0,15.0,40.0,12.0,29.77,0.9,32 | 89.6,15 | 59.0,40,12 | 7.46,29.77 | 1008,0.9 | 0.04
2015-10-29,32.0,15.0,38.0,18.0,29.74,0.2,32 | 89.6,15 | 59.0,38,18 | 11.18,29.74 | 1007,0.2 | 0.01
2015-10-30,32.0,17.0,44.0,13.0,29.8,2.2,32 | 89.6,17 | 62.6,44,13 | 8.08,29.8 | 1009,2.2 | 0.09
2015-10-31,31.0,18.0,51.0,13.0,29.83,21.5,31 | 87.8,18 | 64.4,51,13 | 8.08,29.83 | 1010,21.5 | 0.85
2015-11-01,31.0,19.0,49.0,11.0,29.8,3.2,31 | 87.8,19 | 66.2,49,11 | 6.84,29.8 | 1009,3.2 | 0.13
2015-11-02,31.0,19.0,51.0,9.0,29.8,5.9,31 | 87.8,19 | 66.2,51,9 | 5.59,29.8 | 1009,5.9 | 0.23
2015-11-03,31.0,19.0,50.0,11.0,29.8,6.2,31 | 87.8,19 | 66.2,50,11 | 6.84,29.8 | 1009,6.2 | 0.24
2015-11-04,31.0,19.0,51.0,17.0,29.8,7.6,31 | 87.8,19 | 66.2,51,17 | 10.56,29.8 | 1009,7.6 | 0.3
2015-11-05,31.0,18.0,50.0,13.0,29.85,0.5,31 | 87.8,18 | 64.4,50,13 | 8.08,29.85 | 1011,0.5 | 0.02
2015-11-06,30.0,18.0,53.0,13.0,29.85,8.3,30 | 86.0,18 | 64.4,53,13 | 8.08,29.85 | 1011,8.3 | 0.33
2015-11-07,30.0,18.0,52.0,14.0,29.83,3.3,30 | 86.0,18 | 64.4,52,14 | 8.7,29.83 | 1010,3.3 | 0.13
2015-11-08,30.0,19.0,55.0,12.0,29.85,1.1,30 | 86.0,19 | 66.2,55,12 | 7.46,29.85 | 1011,1.1 | 0.04
2015-11-09,30.0,17.0,49.0,10.0,29.88,0.2,30 | 86.0,17 | 62.6,49,10 | 6.21,29.88 | 1012,0.2 | 0.01
2015-11-10,31.0,17.0,47.0,8.0,29.85,0.1,31 | 87.8,17 | 62.6,47,8 | 4.97,29.85 | 1011,0.1 | 0.0
2015-11-11,30.0,18.0,51.0,10.0,29.85,3.4,30 | 86.0,18 | 64.4,51,10 | 6.21,29.85 | 1011,3.4 | 0.13
2015-11-12,30.0,18.0,53.0,8.0,29.85,10.2,30 | 86.0,18 | 64.4,53,8 | 4.97,29.85 | 1011,10.2 | 0.4
2015-11-13,31.0,17.0,48.0,14.0,29.85,2.3,31 | 87.8,17 | 62.6,48,14 | 8.7,29.85 | 1011,2.3 | 0.09
2015-11-14,31.0,18.0,51.0,19.0,29.83,4.7,31 | 87.8,18 | 64.4,51,19 | 11.81,29.83 | 1010,4.7 | 0.19
2015-11-15,31.0,18.0,49.0,17.0,29.8,0.0,31 | 87.8,18 | 64.4,49,17 | 10.56,29.8 | 1009,0.0 | 0.0
2015-11-16,31.0,17.0,49.0,15.0,29.83,0.3,31 | 87.8,17 | 62.6,49,15 | 9.32,29.83 | 1010,0.3 | 0.01
2015-11-17,30.0,18.0,53.0,8.0,29.83,9.7,30 | 86.0,18 | 64.4,53,8 | 4.97,29.83 | 1010,9.7 | 0.38
2015-11-18,29.0,19.0,58.0,10.0,29.83,27.4,29 | 84.2,19 | 66.2,58,10 | 6.21,29.83 | 1010,27.4 | 1.08
2015-11-19,30.0,18.0,54.0,14.0,29.8,7.5,30 | 86.0,18 | 64.4,54,14 | 8.7,29.8 | 1009,7.5 | 0.3
2015-11-20,30.0,18.0,52.0,15.0,29.8,0.0,30 | 86.0,18 | 64.4,52,15 | 9.32,29.8 | 1009,0.0 | 0.0
2015-11-21,30.0,18.0,52.0,14.0,29.77,28.9,30 | 86.0,18 | 64.4,52,14 | 8.7,29.77 | 1008,28.9 | 1.14
2015-11-22,30.0,17.0,49.0,14.0,29.8,0.1,30 | 86.0,17 | 62.6,49,14 | 8.7,29.8 | 1009,0.1 | 0.0
2015-11-23,31.0,17.0,47.0,13.0,29.83,0.0,31 | 87.8,17 | 62.6,47,13 | 8.08,29.83 | 1010,0.0 | 0.0
2015-11-24,31.0,17.0,47.0,12.0,29.83,0.0,31 | 87.8,17 | 62.6,47,12 | 7.46,29.83 | 1010,0.0 | 0.0
2015-11-25,31.0,17.0,44.0,9.0,29.8,0.0,31 | 87.8,17 | 62.6,44,9 | 5.59,29.8 | 1009,0.0 | 0.0
2015-11-26,31.0,17.0,46.0,12.0,29.8,0.8,31 | 87.8,17 | 62.6,46,12 | 7.46,29.8 | 1009,0.8 | 0.03
2015-11-27,30.0,18.0,53.0,13.0,29.85,21.5,30 | 86.0,18 | 64.4,53,13 | 8.08,29.85 | 1011,21.5 | 0.85
2015-11-28,30.0,18.0,53.0,12.0,29.88,9.0,30 | 86.0,18 | 64.4,53,12 | 7.46,29.88 | 1012,9.0 | 0.35
2015-11-29,30.0,18.0,54.0,20.0,29.88,5.3,30 | 86.0,18 | 64.4,54,20 | 12.43,29.88 | 1012,5.3 | 0.21
2015-11-30,30.0,18.0,55.0,16.0,29.88,5.6,30 | 86.0,18 | 64.4,55,16 | 9.94,29.88 | 1012,5.6 | 0.22
2015-12-01,30.0,18.0,54.0,13.0,29.88,23.8,30 | 86.0,18 | 64.4,54,13 | 8.08,29.88 | 1012,23.8 | 0.94
2015-12-02,30.0,19.0,54.0,10.0,29.88,4.6,30 | 86.0,19 | 66.2,54,10 | 6.21,29.88 | 1012,4.6 | 0.18
2015-12-03,30.0,18.0,53.0,12.0,29.88,16.6,30 | 86.0,18 | 64.4,53,12 | 7.46,29.88 | 1012,16.6 | 0.65
2015-12-04,31.0,18.0,47.0,12.0,29.85,1.6,31 | 87.8,18 | 64.4,47,12 | 7.46,29.85 | 1011,1.6 | 0.06
2015-12-05,30.0,18.0,52.0,7.0,29.85,0.9,30 | 86.0,18 | 64.4,52,7 | 4.35,29.85 | 1011,0.9 | 0.04
2015-12-06,30.0,18.0,52.0,9.0,29.88,3.6,30 | 86.0,18 | 64.4,52,9 | 5.59,29.88 | 1012,3.6 | 0.14
2015-12-07,30.0,19.0,53.0,9.0,29.88,3.3,30 | 86.0,19 | 66.2,53,9 | 5.59,29.88 | 1012,3.3 | 0.13
2015-12-08,30.0,19.0,54.0,8.0,29.88,8.6,30 | 86.0,19 | 66.2,54,8 | 4.97,29.88 | 1012,8.6 | 0.34
2015-12-09,31.0,18.0,51.0,11.0,29.85,1.7,31 | 87.8,18 | 64.4,51,11 | 6.84,29.85 | 1011,1.7 | 0.07
2015-12-10,31.0,18.0,50.0,9.0,29.88,0.3,31 | 87.8,18 | 64.4,50,9 | 5.59,29.88 | 1012,0.3 | 0.01
2015-12-11,30.0,17.0,49.0,10.0,29.88,0.0,30 | 86.0,17 | 62.6,49,10 | 6.21,29.88 | 1012,0.0 | 0.0
2015-12-12,31.0,17.0,46.0,9.0,29.85,0.2,31 | 87.8,17 | 62.6,46,9 | 5.59,29.85 | 1011,0.2 | 0.01
2015-12-13,31.0,16.0,44.0,11.0,29.83,1.8,31 | 87.8,16 | 60.8,44,11 | 6.84,29.83 | 1010,1.8 | 0.07
2015-12-14,28.0,18.0,56.0,12.0,29.88,0.7,28 | 82.4,18 | 64.4,56,12 | 7.46,29.88 | 1012,0.7 | 0.03
2015-12-15,29.0,15.0,45.0,8.0,29.88,0.3,29 | 84.2,15 | 59.0,45,8 | 4.97,29.88 | 1012,0.3 | 0.01
2015-12-16,30.0,14.0,41.0,9.0,29.88,0.3,30 | 86.0,14 | 57.2,41,9 | 5.59,29.88 | 1012,0.3 | 0.01
2015-12-17,30.0,18.0,54.0,10.0,29.88,20.7,30 | 86.0,18 | 64.4,54,10 | 6.21,29.88 | 1012,20.7 | 0.81
2015-12-18,31.0,15.0,43.0,13.0,29.83,1.8,31 | 87.8,15 | 59.0,43,13 | 8.08,29.83 | 1010,1.8 | 0.07
2015-12-19,31.0,13.0,38.0,15.0,29.83,0.4,31 | 87.8,13 | 55.4,38,15 | 9.32,29.83 | 1010,0.4 | 0.02
2015-12-20,31.0,12.0,36.0,15.0,29.83,0.0,31 | 87.8,12 | 53.6,36,15 | 9.32,29.83 | 1010,0.0 | 0.0
2015-12-21,30.0,16.0,46.0,9.0,29.88,0.2,30 | 86.0,16 | 60.8,46,9 | 5.59,29.88 | 1012,0.2 | 0.01
2015-12-22,30.0,15.0,44.0,10.0,29.88,0.0,30 | 86.0,15 | 59.0,44,10 | 6.21,29.88 | 1012,0.0 | 0.0
2015-12-23,31.0,15.0,42.0,14.0,29.88,0.0,31 | 87.8,15 | 59.0,42,14 | 8.7,29.88 | 1012,0.0 | 0.0
2015-12-24,31.0,16.0,44.0,13.0,29.88,0.0,31 | 87.8,16 | 60.8,44,13 | 8.08,29.88 | 1012,0.0 | 0.0
2015-12-25,29.0,17.0,51.0,12.0,29.91,9.8,29 | 84.2,17 | 62.6,51,12 | 7.46,29.91 | 1013,9.8 | 0.39
2015-12-26,30.0,18.0,51.0,11.0,29.88,7.3,30 | 86.0,18 | 64.4,51,11 | 6.84,29.88 | 1012,7.3 | 0.29
2015-12-27,30.0,18.0,53.0,14.0,29.85,22.0,30 | 86.0,18 | 64.4,53,14 | 8.7,29.85 | 1011,22.0 | 0.87
2015-12-28,29.0,17.0,51.0,13.0,29.88,1.1,29 | 84.2,17 | 62.6,51,13 | 8.08,29.88 | 1012,1.1 | 0.04
2015-12-29,30.0,15.0,43.0,12.0,29.83,1.3,30 | 86.0,15 | 59.0,43,12 | 7.46,29.83 | 1010,1.3 | 0.05
2015-12-30,31.0,16.0,43.0,8.0,29.85,0.0,31 | 87.8,16 | 60.8,43,8 | 4.97,29.85 | 1011,0.0 | 0.0
2015-12-31,32.0,16.0,42.0,6.0,29.85,0.1,32 | 89.6,16 | 60.8,42,6 | 3.73,29.85 | 1011,0.1 | 0.0
2016-01-01,32.0,16.0,42.0,7.0,29.88,0.2,32 | 89.6,16 | 60.8,42,7 | 4.35,29.88 | 1012,0.2 | 0.01
2016-01-02,33.0,15.0,38.0,10.0,29.88,0.1,33 | 91.4,15 | 59.0,38,10 | 6.21,29.88 | 1012,0.1 | 0.0
2016-01-03,32.0,16.0,41.0,16.0,29.83,0.1,32 | 89.6,16 | 60.8,41,16 | 9.94,29.83 | 1010,0.1 | 0.0
2016-01-04,31.0,12.0,35.0,12.0,29.83,0.8,31 | 87.8,12 | 53.6,35,12 | 7.46,29.83 | 1010,0.8 | 0.03
2016-01-05,32.0,15.0,40.0,18.0,29.85,0.0,32 | 89.6,15 | 59.0,40,18 | 11.18,29.85 | 1011,0.0 | 0.0
2016-01-06,32.0,16.0,44.0,14.0,29.85,0.0,32 | 89.6,16 | 60.8,44,14 | 8.7,29.85 | 1011,0.0 | 0.0
2016-01-07,32.0,17.0,44.0,11.0,29.85,0.0,32 | 89.6,17 | 62.6,44,11 | 6.84,29.85 | 1011,0.0 | 0.0
2016-01-08,32.0,16.0,41.0,13.0,29.88,0.8,32 | 89.6,16 | 60.8,41,13 | 8.08,29.88 | 1012,0.8 | 0.03
2016-01-09,33.0,14.0,35.0,12.0,29.83,0.0,33 | 91.4,14 | 57.2,35,12 | 7.46,29.83 | 1010,0.0 | 0.0
2016-01-10,32.0,15.0,36.0,7.0,29.83,0.0,32 | 89.6,15 | 59.0,36,7 | 4.35,29.83 | 1010,0.0 | 0.0
2016-01-11,32.0,16.0,39.0,13.0,29.85,0.0,32 | 89.6,16 | 60.8,39,13 | 8.08,29.85 | 1011,0.0 | 0.0
2016-01-12,31.0,17.0,45.0,14.0,29.85,0.0,31 | 87.8,17 | 62.6,45,14 | 8.7,29.85 | 1011,0.0 | 0.0
2016-01-13,32.0,16.0,41.0,12.0,29.83,0.0,32 | 89.6,16 | 60.8,41,12 | 7.46,29.83 | 1010,0.0 | 0.0
2016-01-14,32.0,16.0,41.0,11.0,29.8,0.6,32 | 89.6,16 | 60.8,41,11 | 6.84,29.8 | 1009,0.6 | 0.02
2016-01-15,32.0,17.0,42.0,11.0,29.83,4.1,32 | 89.6,17 | 62.6,42,11 | 6.84,29.83 | 1010,4.1 | 0.16
2016-01-16,32.0,17.0,43.0,9.0,29.83,0.1,32 | 89.6,17 | 62.6,43,9 | 5.59,29.83 | 1010,0.1 | 0.0
2016-01-17,33.0,15.0,39.0,9.0,29.8,0.4,33 | 91.4,15 | 59.0,39,9 | 5.59,29.8 | 1009,0.4 | 0.02
2016-01-18,32.0,15.0,39.0,8.0,29.8,0.0,32 | 89.6,15 | 59.0,39,8 | 4.97,29.8 | 1009,0.0 | 0.0
2016-01-19,31.0,18.0,48.0,7.0,29.8,7.6,31 | 87.8,18 | 64.4,48,7 | 4.35,29.8 | 1009,7.6 | 0.3
2016-01-20,31.0,17.0,45.0,11.0,29.83,0.6,31 | 87.8,17 | 62.6,45,11 | 6.84,29.83 | 1010,0.6 | 0.02
2016-01-21,32.0,16.0,42.0,13.0,29.8,0.1,32 | 89.6,16 | 60.8,42,13 | 8.08,29.8 | 1009,0.1 | 0.0
2016-01-22,32.0,14.0,38.0,11.0,29.83,0.0,32 | 89.6,14 | 57.2,38,11 | 6.84,29.83 | 1010,0.0 | 0.0
2016-01-23,32.0,12.0,31.0,9.0,29.83,0.0,32 | 89.6,12 | 53.6,31,9 | 5.59,29.83 | 1010,0.0 | 0.0
2016-01-24,33.0,11.0,28.0,10.0,29.85,0.0,33 | 91.4,11 | 51.8,28,10 | 6.21,29.85 | 1011,0.0 | 0.0
2016-01-25,32.0,16.0,40.0,7.0,29.88,0.7,32 | 89.6,16 | 60.8,40,7 | 4.35,29.88 | 1012,0.7 | 0.03
2016-01-26,32.0,12.0,34.0,10.0,29.88,0.0,32 | 89.6,12 | 53.6,34,10 | 6.21,29.88 | 1012,0.0 | 0.0
2016-01-27,32.0,7.0,24.0,14.0,29.85,0.0,32 | 89.6,7 | 44.6,24,14 | 8.7,29.85 | 1011,0.0 | 0.0
2016-01-28,31.0,3.0,19.0,13.0,29.88,0.0,31 | 87.8,3 | 37.4,19,13 | 8.08,29.88 | 1012,0.0 | 0.0
2016-01-29,31.0,5.0,21.0,13.0,29.85,0.1,31 | 87.8,5 | 41.0,21,13 | 8.08,29.85 | 1011,0.1 | 0.0
2016-01-30,30.0,14.0,41.0,10.0,29.85,12.7,30 | 86.0,14 | 57.2,41,10 | 6.21,29.85 | 1011,12.7 | 0.5
2016-01-31,31.0,15.0,41.0,8.0,29.85,0.8,31 | 87.8,15 | 59.0,41,8 | 4.97,29.85 | 1011,0.8 | 0.03
2016-02-01,32.0,15.0,37.0,8.0,29.83,0.0,32 | 89.6,15 | 59.0,37,8 | 4.97,29.83 | 1010,0.0 | 0.0
2016-02-02,32.0,11.0,30.0,15.0,29.83,0.0,32 | 89.6,11 | 51.8,30,15 | 9.32,29.83 | 1010,0.0 | 0.0
2016-02-03,32.0,9.0,27.0,14.0,29.85,0.0,32 | 89.6,9 | 48.2,27,14 | 8.7,29.85 | 1011,0.0 | 0.0
2016-02-04,32.0,9.0,27.0,13.0,29.85,0.0,32 | 89.6,9 | 48.2,27,13 | 8.08,29.85 | 1011,0.0 | 0.0
2016-02-05,33.0,9.0,25.0,13.0,29.83,0.0,33 | 91.4,9 | 48.2,25,13 | 8.08,29.83 | 1010,0.0 | 0.0
2016-02-06,33.0,8.0,24.0,12.0,29.83,0.0,33 | 91.4,8 | 46.4,24,12 | 7.46,29.83 | 1010,0.0 | 0.0
2016-02-07,33.0,9.0,25.0,10.0,29.83,0.0,33 | 91.4,9 | 48.2,25,10 | 6.21,29.83 | 1010,0.0 | 0.0
2016-02-08,34.0,10.0,25.0,10.0,29.8,0.0,34 | 93.2,10 | 50.0,25,10 | 6.21,29.8 | 1009,0.0 | 0.0
2016-02-09,34.0,11.0,27.0,12.0,29.8,0.0,34 | 93.2,11 | 51.8,27,12 | 7.46,29.8 | 1009,0.0 | 0.0
2016-02-10,33.0,17.0,41.0,9.0,29.8,0.4,33 | 91.4,17 | 62.6,41,9 | 5.59,29.8 | 1009,0.4 | 0.02
2016-02-11,33.0,15.0,37.0,10.0,29.8,0.0,33 | 91.4,15 | 59.0,37,10 | 6.21,29.8 | 1009,0.0 | 0.0
2016-02-12,33.0,13.0,32.0,11.0,29.8,0.0,33 | 91.4,13 | 55.4,32,11 | 6.84,29.8 | 1009,0.0 | 0.0
2016-02-13,33.0,11.0,28.0,14.0,29.8,0.0,33 | 91.4,11 | 51.8,28,14 | 8.7,29.8 | 1009,0.0 | 0.0
2016-02-14,34.0,9.0,24.0,15.0,29.8,0.0,34 | 93.2,9 | 48.2,24,15 | 9.32,29.8 | 1009,0.0 | 0.0
2016-02-15,33.0,12.0,31.0,18.0,29.83,0.0,33 | 91.4,12 | 53.6,31,18 | 11.18,29.83 | 1010,0.0 | 0.0
2016-02-16,33.0,12.0,31.0,17.0,29.85,0.0,33 | 91.4,12 | 53.6,31,17 | 10.56,29.85 | 1011,0.0 | 0.0
2016-02-17,33.0,11.0,31.0,12.0,29.83,0.0,33 | 91.4,11 | 51.8,31,12 | 7.46,29.83 | 1010,0.0 | 0.0
2016-02-18,33.0,12.0,29.0,11.0,29.8,0.0,33 | 91.4,12 | 53.6,29,11 | 6.84,29.8 | 1009,0.0 | 0.0
2016-02-19,34.0,11.0,27.0,23.0,29.77,0.0,34 | 93.2,11 | 51.8,27,23 | 14.29,29.77 | 1008,0.0 | 0.0
2016-02-20,32.0,12.0,32.0,22.0,29.83,0.0,32 | 89.6,12 | 53.6,32,22 | 13.67,29.83 | 1010,0.0 | 0.0
2016-02-21,32.0,9.0,28.0,19.0,29.83,0.0,32 | 89.6,9 | 48.2,28,19 | 11.81,29.83 | 1010,0.0 | 0.0
2016-02-22,33.0,10.0,30.0,13.0,29.8,0.0,33 | 91.4,10 | 50.0,30,13 | 8.08,29.8 | 1009,0.0 | 0.0
2016-02-23,33.0,11.0,28.0,16.0,29.8,0.0,33 | 91.4,11 | 51.8,28,16 | 9.94,29.8 | 1009,0.0 | 0.0
2016-02-24,34.0,13.0,32.0,18.0,29.8,0.0,34 | 93.2,13 | 55.4,32,18 | 11.18,29.8 | 1009,0.0 | 0.0
2016-02-25,34.0,14.0,33.0,15.0,29.8,0.0,34 | 93.2,14 | 57.2,33,15 | 9.32,29.8 | 1009,0.0 | 0.0
2016-02-26,33.0,16.0,39.0,17.0,29.8,0.0,33 | 91.4,16 | 60.8,39,17 | 10.56,29.8 | 1009,0.0 | 0.0
2016-02-27,33.0,18.0,44.0,14.0,29.83,10.2,33 | 91.4,18 | 64.4,44,14 | 8.7,29.83 | 1010,10.2 | 0.4
2016-02-28,33.0,16.0,39.0,21.0,29.83,0.0,33 | 91.4,16 | 60.8,39,21 | 13.05,29.83 | 1010,0.0 | 0.0
2016-02-29,33.0,17.0,40.0,20.0,29.85,0.0,33 | 91.4,17 | 62.6,40,20 | 12.43,29.85 | 1011,0.0 | 0.0
2016-03-01,34.0,17.0,40.0,19.0,29.83,0.0,34 | 93.2,17 | 62.6,40,19 | 11.81,29.83 | 1010,0.0 | 0.0
2016-03-02,34.0,18.0,43.0,18.0,29.8,0.0,34 | 93.2,18 | 64.4,43,18 | 11.18,29.8 | 1009,0.0 | 0.0
2016-03-03,34.0,18.0,42.0,20.0,29.77,4.6,34 | 93.2,18 | 64.4,42,20 | 12.43,29.77 | 1008,4.6 | 0.18
2016-03-04,34.0,18.0,42.0,27.0,29.8,2.6,34 | 93.2,18 | 64.4,42,27 | 16.78,29.8 | 1009,2.6 | 0.1
2016-03-05,34.0,16.0,39.0,21.0,29.83,0.0,34 | 93.2,16 | 60.8,39,21 | 13.05,29.83 | 1010,0.0 | 0.0
2016-03-06,34.0,17.0,40.0,14.0,29.77,0.0,34 | 93.2,17 | 62.6,40,14 | 8.7,29.77 | 1008,0.0 | 0.0
2016-03-07,34.0,16.0,37.0,15.0,29.77,0.1,34 | 93.2,16 | 60.8,37,15 | 9.32,29.77 | 1008,0.1 | 0.0
2016-03-08,32.0,19.0,48.0,14.0,29.77,17.8,32 | 89.6,19 | 66.2,48,14 | 8.7,29.77 | 1008,17.8 | 0.7
2016-03-09,27.0,20.0,65.0,14.0,29.85,36.4,27 | 80.6,20 | 68.0,65,14 | 8.7,29.85 | 1011,36.4 | 1.43
2016-03-10,31.0,18.0,51.0,9.0,29.83,0.0,31 | 87.8,18 | 64.4,51,9 | 5.59,29.83 | 1010,0.0 | 0.0
2016-03-11,33.0,18.0,45.0,19.0,29.8,0.0,33 | 91.4,18 | 64.4,45,19 | 11.81,29.8 | 1009,0.0 | 0.0
2016-03-12,33.0,16.0,40.0,22.0,29.83,0.0,33 | 91.4,16 | 60.8,40,22 | 13.67,29.83 | 1010,0.0 | 0.0
2016-03-13,33.0,15.0,39.0,22.0,29.83,0.0,33 | 91.4,15 | 59.0,39,22 | 13.67,29.83 | 1010,0.0 | 0.0
2016-03-14,33.0,14.0,34.0,17.0,29.83,0.0,33 | 91.4,14 | 57.2,34,17 | 10.56,29.83 | 1010,0.0 | 0.0
2016-03-15,34.0,14.0,34.0,14.0,29.83,0.0,34 | 93.2,14 | 57.2,34,14 | 8.7,29.83 | 1010,0.0 | 0.0
2016-03-16,34.0,14.0,32.0,12.0,29.83,0.0,34 | 93.2,14 | 57.2,32,12 | 7.46,29.83 | 1010,0.0 | 0.0
2016-03-17,34.0,15.0,34.0,13.0,29.83,0.0,34 | 93.2,15 | 59.0,34,13 | 8.08,29.83 | 1010,0.0 | 0.0
2016-03-18,34.0,16.0,36.0,13.0,29.83,0.1,34 | 93.2,16 | 60.8,36,13 | 8.08,29.83 | 1010,0.1 | 0.0
2016-03-19,34.0,17.0,39.0,15.0,29.83,0.7,34 | 93.2,17 | 62.6,39,15 | 9.32,29.83 | 1010,0.7 | 0.03
2016-03-20,34.0,17.0,39.0,13.0,29.8,0.1,34 | 93.2,17 | 62.6,39,13 | 8.08,29.8 | 1009,0.1 | 0.0
2016-03-21,35.0,16.0,33.0,17.0,29.8,0.4,35 | 95.0,16 | 60.8,33,17 | 10.56,29.8 | 1009,0.4 | 0.02
2016-03-22,34.0,14.0,32.0,13.0,29.8,0.0,34 | 93.2,14 | 57.2,32,13 | 8.08,29.8 | 1009,0.0 | 0.0
2016-03-23,33.0,17.0,39.0,9.0,29.77,10.2,33 | 91.4,17 | 62.6,39,9 | 5.59,29.77 | 1008,10.2 | 0.4
2016-03-24,34.0,16.0,36.0,16.0,29.77,0.0,34 | 93.2,16 | 60.8,36,16 | 9.94,29.77 | 1008,0.0 | 0.0
2016-03-25,34.0,15.0,35.0,24.0,29.83,0.2,34 | 93.2,15 | 59.0,35,24 | 14.91,29.83 | 1010,0.2 | 0.01
2016-03-26,34.0,15.0,34.0,20.0,29.83,0.0,34 | 93.2,15 | 59.0,34,20 | 12.43,29.83 | 1010,0.0 | 0.0
2016-03-27,34.0,15.0,35.0,15.0,29.83,0.0,34 | 93.2,15 | 59.0,35,15 | 9.32,29.83 | 1010,0.0 | 0.0
2016-03-28,35.0,16.0,35.0,12.0,29.8,0.2,35 | 95.0,16 | 60.8,35,12 | 7.46,29.8 | 1009,0.2 | 0.01
2016-03-29,34.0,17.0,38.0,15.0,29.77,0.1,34 | 93.2,17 | 62.6,38,15 | 9.32,29.77 | 1008,0.1 | 0.0
2016-03-30,34.0,18.0,41.0,16.0,29.8,2.7,34 | 93.2,18 | 64.4,41,16 | 9.94,29.8 | 1009,2.7 | 0.11
2016-03-31,34.0,17.0,38.0,13.0,29.77,1.9,34 | 93.2,17 | 62.6,38,13 | 8.08,29.77 | 1008,1.9 | 0.07
2016-04-01,32.0,19.0,46.0,12.0,29.77,11.0,32 | 89.6,19 | 66.2,46,12 | 7.46,29.77 | 1008,11.0 | 0.43
2016-04-02,29.0,20.0,60.0,13.0,29.83,13.5,29 | 84.2,20 | 68.0,60,13 | 8.08,29.83 | 1010,13.5 | 0.53
2016-04-03,31.0,19.0,53.0,8.0,29.85,2.2,31 | 87.8,19 | 66.2,53,8 | 4.97,29.85 | 1011,2.2 | 0.09
2016-04-04,30.0,20.0,56.0,12.0,29.85,21.2,30 | 86.0,20 | 68.0,56,12 | 7.46,29.85 | 1011,21.2 | 0.83
2016-04-05,31.0,19.0,53.0,11.0,29.83,1.8,31 | 87.8,19 | 66.2,53,11 | 6.84,29.83 | 1010,1.8 | 0.07
2016-04-06,32.0,20.0,54.0,21.0,29.8,5.1,32 | 89.6,20 | 68.0,54,21 | 13.05,29.8 | 1009,5.1 | 0.2
2016-04-07,32.0,19.0,50.0,17.0,29.8,0.0,32 | 89.6,19 | 66.2,50,17 | 10.56,29.8 | 1009,0.0 | 0.0
2016-04-08,32.0,18.0,45.0,13.0,29.83,0.6,32 | 89.6,18 | 64.4,45,13 | 8.08,29.83 | 1010,0.6 | 0.02
2016-04-09,33.0,17.0,43.0,10.0,29.83,0.0,33 | 91.4,17 | 62.6,43,10 | 6.21,29.83 | 1010,0.0 | 0.0
2016-04-10,31.0,19.0,51.0,15.0,29.83,0.1,31 | 87.8,19 | 66.2,51,15 | 9.32,29.83 | 1010,0.1 | 0.0
2016-04-11,31.0,19.0,53.0,17.0,29.85,2.6,31 | 87.8,19 | 66.2,53,17 | 10.56,29.85 | 1011,2.6 | 0.1
2016-04-12,32.0,19.0,50.0,19.0,29.83,9.4,32 | 89.6,19 | 66.2,50,19 | 11.81,29.83 | 1010,9.4 | 0.37
2016-04-13,31.0,18.0,49.0,13.0,29.8,0.4,31 | 87.8,18 | 64.4,49,13 | 8.08,29.8 | 1009,0.4 | 0.02
2016-04-14,31.0,17.0,49.0,13.0,29.8,2.2,31 | 87.8,17 | 62.6,49,13 | 8.08,29.8 | 1009,2.2 | 0.09
2016-04-15,30.0,18.0,51.0,12.0,29.8,2.1,30 | 86.0,18 | 64.4,51,12 | 7.46,29.8 | 1009,2.1 | 0.08
2016-04-16,30.0,18.0,50.0,13.0,29.83,1.2,30 | 86.0,18 | 64.4,50,13 | 8.08,29.83 | 1010,1.2 | 0.05
2016-04-17,30.0,18.0,51.0,13.0,29.83,1.3,30 | 86.0,18 | 64.4,51,13 | 8.08,29.83 | 1010,1.3 | 0.05
2016-04-18,31.0,18.0,50.0,12.0,29.83,0.6,31 | 87.8,18 | 64.4,50,12 | 7.46,29.83 | 1010,0.6 | 0.02
2016-04-19,30.0,18.0,53.0,11.0,29.83,2.1,30 | 86.0,18 | 64.4,53,11 | 6.84,29.83 | 1010,2.1 | 0.08
2016-04-20,30.0,18.0,51.0,13.0,29.83,1.7,30 | 86.0,18 | 64.4,51,13 | 8.08,29.83 | 1010,1.7 | 0.07
2016-04-21,32.0,19.0,49.0,15.0,29.85,0.6,32 | 89.6,19 | 66.2,49,15 | 9.32,29.85 | 1011,0.6 | 0.02
2016-04-22,32.0,18.0,48.0,15.0,29.83,0.0,32 | 89.6,18 | 64.4,48,15 | 9.32,29.83 | 1010,0.0 | 0.0
2016-04-23,32.0,19.0,50.0,16.0,29.8,1.6,32 | 89.6,19 | 66.2,50,16 | 9.94,29.8 | 1009,1.6 | 0.06
2016-04-24,32.0,20.0,54.0,14.0,29.77,8.2,32 | 89.6,20 | 68.0,54,14 | 8.7,29.77 | 1008,8.2 | 0.32
2016-04-25,29.0,21.0,63.0,16.0,29.77,25.1,29 | 84.2,21 | 69.8,63,16 | 9.94,29.77 | 1008,25.1 | 0.99
2016-04-26,29.0,20.0,62.0,9.0,29.8,12.0,29 | 84.2,20 | 68.0,62,9 | 5.59,29.8 | 1009,12.0 | 0.47
2016-04-27,30.0,20.0,59.0,11.0,29.83,23.0,30 | 86.0,20 | 68.0,59,11 | 6.84,29.83 | 1010,23.0 | 0.91
2016-04-28,26.0,21.0,72.0,8.0,29.85,18.2,26 | 78.8,21 | 69.8,72,8 | 4.97,29.85 | 1011,18.2 | 0.72
2016-04-29,29.0,20.0,62.0,6.0,29.83,1.5,29 | 84.2,20 | 68.0,62,6 | 3.73,29.83 | 1010,1.5 | 0.06
2016-04-30,30.0,20.0,57.0,7.0,29.83,3.2,30 | 86.0,20 | 68.0,57,7 | 4.35,29.83 | 1010,3.2 | 0.13
2016-05-01,25.0,21.0,74.0,7.0,29.85,20.0,25 | 77.0,21 | 69.8,74,7 | 4.35,29.85 | 1011,20.0 | 0.79
2016-05-02,28.0,20.0,67.0,6.0,29.85,0.5,28 | 82.4,20 | 68.0,67,6 | 3.73,29.85 | 1011,0.5 | 0.02
2016-05-03,30.0,19.0,56.0,10.0,29.83,0.9,30 | 86.0,19 | 66.2,56,10 | 6.21,29.83 | 1010,0.9 | 0.04
2016-05-04,30.0,19.0,56.0,16.0,29.83,3.0,30 | 86.0,19 | 66.2,56,16 | 9.94,29.83 | 1010,3.0 | 0.12
2016-05-05,30.0,20.0,57.0,12.0,29.83,4.5,30 | 86.0,20 | 68.0,57,12 | 7.46,29.83 | 1010,4.5 | 0.18
2016-05-06,27.0,20.0,66.0,11.0,29.88,12.7,27 | 80.6,20 | 68.0,66,11 | 6.84,29.88 | 1012,12.7 | 0.5
2016-05-07,29.0,19.0,59.0,6.0,29.88,0.9,29 | 84.2,19 | 66.2,59,6 | 3.73,29.88 | 1012,0.9 | 0.04
2016-05-08,30.0,18.0,52.0,14.0,29.88,0.2,30 | 86.0,18 | 64.4,52,14 | 8.7,29.88 | 1012,0.2 | 0.01
2016-05-09,30.0,18.0,54.0,14.0,29.88,0.0,30 | 86.0,18 | 64.4,54,14 | 8.7,29.88 | 1012,0.0 | 0.0
2016-05-10,30.0,18.0,53.0,9.0,29.91,1.1,30 | 86.0,18 | 64.4,53,9 | 5.59,29.91 | 1013,1.1 | 0.04
2016-05-11,29.0,19.0,57.0,8.0,29.91,21.3,29 | 84.2,19 | 66.2,57,8 | 4.97,29.91 | 1013,21.3 | 0.84
2016-05-12,30.0,19.0,53.0,7.0,29.88,1.2,30 | 86.0,19 | 66.2,53,7 | 4.35,29.88 | 1012,1.2 | 0.05
2016-05-13,31.0,17.0,47.0,11.0,29.85,0.0,31 | 87.8,17 | 62.6,47,11 | 6.84,29.85 | 1011,0.0 | 0.0
2016-05-14,31.0,17.0,47.0,13.0,29.85,0.1,31 | 87.8,17 | 62.6,47,13 | 8.08,29.85 | 1011,0.1 | 0.0
2016-05-15,31.0,16.0,43.0,15.0,29.88,0.0,31 | 87.8,16 | 60.8,43,15 | 9.32,29.88 | 1012,0.0 | 0.0
2016-05-16,31.0,15.0,41.0,12.0,29.88,0.0,31 | 87.8,15 | 59.0,41,12 | 7.46,29.88 | 1012,0.0 | 0.0
2016-05-17,31.0,16.0,41.0,9.0,29.88,0.0,31 | 87.8,16 | 60.8,41,9 | 5.59,29.88 | 1012,0.0 | 0.0
2016-05-18,31.0,17.0,44.0,10.0,29.88,0.0,31 | 87.8,17 | 62.6,44,10 | 6.21,29.88 | 1012,0.0 | 0.0
2016-05-19,30.0,17.0,46.0,13.0,29.85,0.1,30 | 86.0,17 | 62.6,46,13 | 8.08,29.85 | 1011,0.1 | 0.0
2016-05-20,31.0,16.0,45.0,14.0,29.83,0.0,31 | 87.8,16 | 60.8,45,14 | 8.7,29.83 | 1010,0.0 | 0.0
2016-05-21,30.0,16.0,45.0,13.0,29.83,0.8,30 | 86.0,16 | 60.8,45,13 | 8.08,29.83 | 1010,0.8 | 0.03
2016-05-22,31.0,16.0,44.0,17.0,29.91,0.0,31 | 87.8,16 | 60.8,44,17 | 10.56,29.91 | 1013,0.0 | 0.0
2016-05-23,31.0,17.0,44.0,21.0,29.94,0.0,31 | 87.8,17 | 62.6,44,21 | 13.05,29.94 | 1014,0.0 | 0.0
2016-05-24,30.0,16.0,45.0,18.0,29.94,0.1,30 | 86.0,16 | 60.8,45,18 | 11.18,29.94 | 1014,0.1 | 0.0
2016-05-25,30.0,16.0,45.0,16.0,29.91,0.0,30 | 86.0,16 | 60.8,45,16 | 9.94,29.91 | 1013,0.0 | 0.0
2016-05-26,27.0,16.0,49.0,13.0,29.94,0.0,27 | 80.6,16 | 60.8,49,13 | 8.08,29.94 | 1014,0.0 | 0.0
2016-05-27,27.0,16.0,49.0,13.0,29.94,0.0,27 | 80.6,16 | 60.8,49,13 | 8.08,29.94 | 1014,0.0 | 0.0
2016-05-28,28.0,15.0,46.0,16.0,29.91,0.0,28 | 82.4,15 | 59.0,46,16 | 9.94,29.91 | 1013,0.0 | 0.0
2016-05-29,30.0,14.0,39.0,18.0,29.91,0.0,30 | 86.0,14 | 57.2,39,18 | 11.18,29.91 | 1013,0.0 | 0.0
2016-05-30,30.0,13.0,40.0,12.0,29.88,0.0,30 | 86.0,13 | 55.4,40,12 | 7.46,29.88 | 1012,0.0 | 0.0
2016-05-31,29.0,14.0,42.0,12.0,29.91,0.0,29 | 84.2,14 | 57.2,42,12 | 7.46,29.91 | 1013,0.0 | 0.0
2016-06-01,31.0,15.0,42.0,12.0,29.88,0.0,31 | 87.8,15 | 59.0,42,12 | 7.46,29.88 | 1012,0.0 | 0.0
2016-06-02,31.0,13.0,38.0,13.0,29.91,0.0,31 | 87.8,13 | 55.4,38,13 | 8.08,29.91 | 1013,0.0 | 0.0
2016-06-03,31.0,14.0,39.0,13.0,29.88,0.0,31 | 87.8,14 | 57.2,39,13 | 8.08,29.88 | 1012,0.0 | 0.0
2016-06-04,31.0,15.0,40.0,16.0,29.85,0.0,31 | 87.8,15 | 59.0,40,16 | 9.94,29.85 | 1011,0.0 | 0.0
2016-06-05,31.0,15.0,39.0,16.0,29.88,0.0,31 | 87.8,15 | 59.0,39,16 | 9.94,29.88 | 1012,0.0 | 0.0
2016-06-06,31.0,15.0,40.0,18.0,29.91,0.0,31 | 87.8,15 | 59.0,40,18 | 11.18,29.91 | 1013,0.0 | 0.0
2016-06-07,31.0,14.0,39.0,16.0,29.91,0.0,31 | 87.8,14 | 57.2,39,16 | 9.94,29.91 | 1013,0.0 | 0.0
2016-06-08,31.0,14.0,39.0,14.0,29.91,0.0,31 | 87.8,14 | 57.2,39,14 | 8.7,29.91 | 1013,0.0 | 0.0
2016-06-09,30.0,14.0,40.0,16.0,29.91,0.0,30 | 86.0,14 | 57.2,40,16 | 9.94,29.91 | 1013,0.0 | 0.0
2016-06-10,27.0,15.0,49.0,20.0,29.97,0.0,27 | 80.6,15 | 59.0,49,20 | 12.43,29.97 | 1015,0.0 | 0.0
2016-06-11,30.0,16.0,45.0,20.0,29.91,0.0,30 | 86.0,16 | 60.8,45,20 | 12.43,29.91 | 1013,0.0 | 0.0
2016-06-12,30.0,15.0,43.0,15.0,29.91,0.0,30 | 86.0,15 | 59.0,43,15 | 9.32,29.91 | 1013,0.0 | 0.0
2016-06-13,30.0,15.0,42.0,18.0,29.91,0.0,30 | 86.0,15 | 59.0,42,18 | 11.18,29.91 | 1013,0.0 | 0.0
2016-06-14,30.0,15.0,42.0,12.0,29.94,0.6,30 | 86.0,15 | 59.0,42,12 | 7.46,29.94 | 1014,0.6 | 0.02
2016-06-15,27.0,14.0,42.0,12.0,29.97,0.0,27 | 80.6,14 | 57.2,42,12 | 7.46,29.97 | 1015,0.0 | 0.0
2016-06-16,30.0,15.0,43.0,11.0,29.88,0.0,30 | 86.0,15 | 59.0,43,11 | 6.84,29.88 | 1012,0.0 | 0.0
2016-06-17,30.0,15.0,41.0,11.0,29.88,3.2,30 | 86.0,15 | 59.0,41,11 | 6.84,29.88 | 1012,3.2 | 0.13
2016-06-18,29.0,16.0,47.0,7.0,29.91,6.5,29 | 84.2,16 | 60.8,47,7 | 4.35,29.91 | 1013,6.5 | 0.26
2016-06-19,30.0,16.0,47.0,11.0,29.94,9.3,30 | 86.0,16 | 60.8,47,11 | 6.84,29.94 | 1014,9.3 | 0.37
2016-06-20,29.0,16.0,46.0,15.0,29.91,0.0,29 | 84.2,16 | 60.8,46,15 | 9.32,29.91 | 1013,0.0 | 0.0
2016-06-21,29.0,17.0,50.0,13.0,29.94,0.0,29 | 84.2,17 | 62.6,50,13 | 8.08,29.94 | 1014,0.0 | 0.0
2016-06-22,26.0,17.0,59.0,11.0,29.97,14.4,26 | 78.8,17 | 62.6,59,11 | 6.84,29.97 | 1015,14.4 | 0.57
2016-06-23,28.0,17.0,55.0,7.0,29.97,0.3,28 | 82.4,17 | 62.6,55,7 | 4.35,29.97 | 1015,0.3 | 0.01
2016-06-24,29.0,16.0,47.0,10.0,29.91,0.1,29 | 84.2,16 | 60.8,47,10 | 6.21,29.91 | 1013,0.1 | 0.0
2016-06-25,29.0,15.0,43.0,14.0,29.91,0.0,29 | 84.2,15 | 59.0,43,14 | 8.7,29.91 | 1013,0.0 | 0.0
2016-06-26,29.0,15.0,44.0,20.0,29.94,0.0,29 | 84.2,15 | 59.0,44,20 | 12.43,29.94 | 1014,0.0 | 0.0
2016-06-27,29.0,16.0,47.0,17.0,29.94,0.1,29 | 84.2,16 | 60.8,47,17 | 10.56,29.94 | 1014,0.1 | 0.0
2016-06-28,29.0,15.0,45.0,12.0,29.94,0.0,29 | 84.2,15 | 59.0,45,12 | 7.46,29.94 | 1014,0.0 | 0.0
2016-06-29,30.0,16.0,46.0,10.0,29.94,0.1,30 | 86.0,16 | 60.8,46,10 | 6.21,29.94 | 1014,0.1 | 0.0
2016-06-30,30.0,15.0,42.0,10.0,29.94,0.8,30 | 86.0,15 | 59.0,42,10 | 6.21,29.94 | 1014,0.8 | 0.03
2016-07-01,30.0,15.0,42.0,9.0,29.94,0.1,30 | 86.0,15 | 59.0,42,9 | 5.59,29.94 | 1014,0.1 | 0.0
2016-07-02,30.0,15.0,42.0,10.0,29.94,0.0,30 | 86.0,15 | 59.0,42,10 | 6.21,29.94 | 1014,0.0 | 0.0
2016-07-03,30.0,16.0,45.0,14.0,29.91,0.2,30 | 86.0,16 | 60.8,45,14 | 8.7,29.91 | 1013,0.2 | 0.01
2016-07-04,30.0,17.0,49.0,13.0,29.91,8.5,30 | 86.0,17 | 62.6,49,13 | 8.08,29.91 | 1013,8.5 | 0.33
2016-07-05,29.0,16.0,45.0,10.0,29.91,0.9,29 | 84.2,16 | 60.8,45,10 | 6.21,29.91 | 1013,0.9 | 0.04
2016-07-06,29.0,16.0,45.0,12.0,29.91,1.3,29 | 84.2,16 | 60.8,45,12 | 7.46,29.91 | 1013,1.3 | 0.05
2016-07-07,29.0,15.0,44.0,13.0,29.91,0.5,29 | 84.2,15 | 59.0,44,13 | 8.08,29.91 | 1013,0.5 | 0.02
2016-07-08,27.0,16.0,51.0,11.0,29.97,0.6,27 | 80.6,16 | 60.8,51,11 | 6.84,29.97 | 1015,0.6 | 0.02
2016-07-09,29.0,15.0,47.0,12.0,29.94,0.0,29 | 84.2,15 | 59.0,47,12 | 7.46,29.94 | 1014,0.0 | 0.0
2016-07-10,29.0,15.0,43.0,17.0,29.91,0.2,29 | 84.2,15 | 59.0,43,17 | 10.56,29.91 | 1013,0.2 | 0.01
2016-07-11,28.0,15.0,46.0,19.0,29.91,0.0,28 | 82.4,15 | 59.0,46,19 | 11.81,29.91 | 1013,0.0 | 0.0
2016-07-12,28.0,15.0,47.0,21.0,29.94,0.0,28 | 82.4,15 | 59.0,47,21 | 13.05,29.94 | 1014,0.0 | 0.0
2016-07-13,28.0,14.0,46.0,18.0,29.94,0.0,28 | 82.4,14 | 57.2,46,18 | 11.18,29.94 | 1014,0.0 | 0.0
2016-07-14,28.0,14.0,43.0,16.0,29.91,0.0,28 | 82.4,14 | 57.2,43,16 | 9.94,29.91 | 1013,0.0 | 0.0
2016-07-15,29.0,13.0,40.0,15.0,29.88,0.0,29 | 84.2,13 | 55.4,40,15 | 9.32,29.88 | 1012,0.0 | 0.0
2016-07-16,29.0,15.0,44.0,17.0,29.88,0.0,29 | 84.2,15 | 59.0,44,17 | 10.56,29.88 | 1012,0.0 | 0.0
2016-07-17,29.0,15.0,43.0,14.0,29.91,0.0,29 | 84.2,15 | 59.0,43,14 | 8.7,29.91 | 1013,0.0 | 0.0
2016-07-18,29.0,15.0,44.0,12.0,29.88,0.4,29 | 84.2,15 | 59.0,44,12 | 7.46,29.88 | 1012,0.4 | 0.02
2016-07-19,29.0,15.0,44.0,12.0,29.91,0.7,29 | 84.2,15 | 59.0,44,12 | 7.46,29.91 | 1013,0.7 | 0.03
2016-07-20,29.0,15.0,44.0,12.0,29.88,0.3,29 | 84.2,15 | 59.0,44,12 | 7.46,29.88 | 1012,0.3 | 0.01
2016-07-21,29.0,15.0,46.0,11.0,29.88,0.1,29 | 84.2,15 | 59.0,46,11 | 6.84,29.88 | 1012,0.1 | 0.0
2016-07-22,29.0,15.0,45.0,12.0,29.88,0.4,29 | 84.2,15 | 59.0,45,12 | 7.46,29.88 | 1012,0.4 | 0.02
2016-07-23,29.0,15.0,44.0,12.0,29.88,0.2,29 | 84.2,15 | 59.0,44,12 | 7.46,29.88 | 1012,0.2 | 0.01
2016-07-24,29.0,15.0,45.0,13.0,29.88,0.2,29 | 84.2,15 | 59.0,45,13 | 8.08,29.88 | 1012,0.2 | 0.01
2016-07-25,29.0,15.0,46.0,12.0,29.88,0.2,29 | 84.2,15 | 59.0,46,12 | 7.46,29.88 | 1012,0.2 | 0.01
2016-07-26,29.0,15.0,45.0,11.0,29.88,0.5,29 | 84.2,15 | 59.0,45,11 | 6.84,29.88 | 1012,0.5 | 0.02
2016-07-27,29.0,15.0,44.0,10.0,29.88,0.8,29 | 84.2,15 | 59.0,44,10 | 6.21,29.88 | 1012,0.8 | 0.03
2016-07-28,28.0,16.0,50.0,13.0,29.91,2.7,28 | 82.4,16 | 60.8,50,13 | 8.08,29.91 | 1013,2.7 | 0.11
2016-07-29,29.0,15.0,43.0,9.0,29.88,0.0,29 | 84.2,15 | 59.0,43,9 | 5.59,29.88 | 1012,0.0 | 0.0
2016-07-30,30.0,15.0,42.0,10.0,29.85,0.6,30 | 86.0,15 | 59.0,42,10 | 6.21,29.85 | 1011,0.6 | 0.02
2016-07-31,29.0,16.0,47.0,8.0,29.85,4.4,29 | 84.2,16 | 60.8,47,8 | 4.97,29.85 | 1011,4.4 | 0.17
2016-08-01,30.0,15.0,42.0,10.0,29.88,0.3,30 | 86.0,15 | 59.0,42,10 | 6.21,29.88 | 1012,0.3 | 0.01
2016-08-02,30.0,14.0,39.0,11.0,29.88,0.0,30 | 86.0,14 | 57.2,39,11 | 6.84,29.88 | 1012,0.0 | 0.0
2016-08-03,31.0,13.0,36.0,11.0,29.85,0.0,31 | 87.8,13 | 55.4,36,11 | 6.84,29.85 | 1011,0.0 | 0.0
2016-08-04,29.0,16.0,47.0,10.0,29.85,7.0,29 | 84.2,16 | 60.8,47,10 | 6.21,29.85 | 1011,7.0 | 0.28
2016-08-05,27.0,16.0,53.0,14.0,29.91,7.1,27 | 80.6,16 | 60.8,53,14 | 8.7,29.91 | 1013,7.1 | 0.28
2016-08-06,28.0,16.0,52.0,10.0,29.94,0.0,28 | 82.4,16 | 60.8,52,10 | 6.21,29.94 | 1014,0.0 | 0.0
2016-08-07,30.0,14.0,41.0,11.0,29.88,0.0,30 | 86.0,14 | 57.2,41,11 | 6.84,29.88 | 1012,0.0 | 0.0
2016-08-08,30.0,15.0,42.0,16.0,29.91,0.0,30 | 86.0,15 | 59.0,42,16 | 9.94,29.91 | 1013,0.0 | 0.0
2016-08-09,30.0,15.0,43.0,14.0,29.94,0.2,30 | 86.0,15 | 59.0,43,14 | 8.7,29.94 | 1014,0.2 | 0.01
2016-08-10,29.0,15.0,43.0,16.0,29.94,0.0,29 | 84.2,15 | 59.0,43,16 | 9.94,29.94 | 1014,0.0 | 0.0
2016-08-11,29.0,13.0,40.0,14.0,29.94,0.0,29 | 84.2,13 | 55.4,40,14 | 8.7,29.94 | 1014,0.0 | 0.0
2016-08-12,30.0,14.0,41.0,18.0,29.91,0.0,30 | 86.0,14 | 57.2,41,18 | 11.18,29.91 | 1013,0.0 | 0.0
2016-08-13,30.0,14.0,42.0,19.0,29.88,0.0,30 | 86.0,14 | 57.2,42,19 | 11.81,29.88 | 1012,0.0 | 0.0
2016-08-14,30.0,14.0,40.0,20.0,29.91,0.0,30 | 86.0,14 | 57.2,40,20 | 12.43,29.91 | 1013,0.0 | 0.0
2016-08-15,30.0,15.0,41.0,17.0,29.91,0.0,30 | 86.0,15 | 59.0,41,17 | 10.56,29.91 | 1013,0.0 | 0.0
2016-08-16,31.0,15.0,41.0,21.0,29.88,0.0,31 | 87.8,15 | 59.0,41,21 | 13.05,29.88 | 1012,0.0 | 0.0
2016-08-17,30.0,13.0,39.0,16.0,29.88,0.0,30 | 86.0,13 | 55.4,39,16 | 9.94,29.88 | 1012,0.0 | 0.0
2016-08-18,31.0,13.0,38.0,17.0,29.85,0.0,31 | 87.8,13 | 55.4,38,17 | 10.56,29.85 | 1011,0.0 | 0.0
2016-08-19,30.0,14.0,40.0,16.0,29.85,0.0,30 | 86.0,14 | 57.2,40,16 | 9.94,29.85 | 1011,0.0 | 0.0
2016-08-20,30.0,14.0,40.0,14.0,29.88,0.0,30 | 86.0,14 | 57.2,40,14 | 8.7,29.88 | 1012,0.0 | 0.0
2016-08-21,30.0,15.0,44.0,14.0,29.88,0.6,30 | 86.0,15 | 59.0,44,14 | 8.7,29.88 | 1012,0.6 | 0.02
2016-08-22,31.0,15.0,40.0,9.0,29.88,0.4,31 | 87.8,15 | 59.0,40,9 | 5.59,29.88 | 1012,0.4 | 0.02
2016-08-23,31.0,15.0,40.0,14.0,29.88,0.0,31 | 87.8,15 | 59.0,40,14 | 8.7,29.88 | 1012,0.0 | 0.0
2016-08-24,30.0,13.0,38.0,18.0,29.88,0.0,30 | 86.0,13 | 55.4,38,18 | 11.18,29.88 | 1012,0.0 | 0.0
2016-08-25,29.0,11.0,36.0,17.0,29.88,0.0,29 | 84.2,11 | 51.8,36,17 | 10.56,29.88 | 1012,0.0 | 0.0
2016-08-26,30.0,12.0,37.0,18.0,29.88,0.0,30 | 86.0,12 | 53.6,37,18 | 11.18,29.88 | 1012,0.0 | 0.0
2016-08-27,29.0,13.0,39.0,18.0,29.91,0.0,29 | 84.2,13 | 55.4,39,18 | 11.18,29.91 | 1013,0.0 | 0.0
2016-08-28,29.0,11.0,36.0,17.0,29.91,0.0,29 | 84.2,11 | 51.8,36,17 | 10.56,29.91 | 1013,0.0 | 0.0
2016-08-29,29.0,13.0,39.0,20.0,29.91,0.0,29 | 84.2,13 | 55.4,39,20 | 12.43,29.91 | 1013,0.0 | 0.0
2016-08-30,29.0,13.0,42.0,21.0,29.91,0.0,29 | 84.2,13 | 55.4,42,21 | 13.05,29.91 | 1013,0.0 | 0.0
2016-08-31,30.0,13.0,36.0,20.0,29.91,0.0,30 | 86.0,13 | 55.4,36,20 | 12.43,29.91 | 1013,0.0 | 0.0
2016-09-01,29.0,14.0,41.0,19.0,29.91,0.0,29 | 84.2,14 | 57.2,41,19 | 11.81,29.91 | 1013,0.0 | 0.0
2016-09-02,29.0,13.0,41.0,19.0,29.91,0.0,29 | 84.2,13 | 55.4,41,19 | 11.81,29.91 | 1013,0.0 | 0.0
2016-09-03,29.0,14.0,43.0,20.0,29.91,0.0,29 | 84.2,14 | 57.2,43,20 | 12.43,29.91 | 1013,0.0 | 0.0
2016-09-04,29.0,13.0,40.0,19.0,29.91,0.0,29 | 84.2,13 | 55.4,40,19 | 11.81,29.91 | 1013,0.0 | 0.0
2016-09-05,30.0,14.0,42.0,22.0,29.91,0.0,30 | 86.0,14 | 57.2,42,22 | 13.67,29.91 | 1013,0.0 | 0.0
2016-09-06,30.0,14.0,43.0,23.0,29.94,0.0,30 | 86.0,14 | 57.2,43,23 | 14.29,29.94 | 1014,0.0 | 0.0
2016-09-07,30.0,14.0,42.0,17.0,29.91,0.0,30 | 86.0,14 | 57.2,42,17 | 10.56,29.91 | 1013,0.0 | 0.0
2016-09-08,30.0,14.0,43.0,16.0,29.91,0.0,30 | 86.0,14 | 57.2,43,16 | 9.94,29.91 | 1013,0.0 | 0.0
2016-09-09,31.0,13.0,37.0,17.0,29.88,0.0,31 | 87.8,13 | 55.4,37,17 | 10.56,29.88 | 1012,0.0 | 0.0
2016-09-10,30.0,13.0,38.0,20.0,29.91,0.0,30 | 86.0,13 | 55.4,38,20 | 12.43,29.91 | 1013,0.0 | 0.0
2016-09-11,30.0,15.0,42.0,18.0,29.91,0.0,30 | 86.0,15 | 59.0,42,18 | 11.18,29.91 | 1013,0.0 | 0.0
2016-09-12,31.0,13.0,36.0,15.0,29.88,0.0,31 | 87.8,13 | 55.4,36,15 | 9.32,29.88 | 1012,0.0 | 0.0
2016-09-13,30.0,14.0,40.0,15.0,29.85,0.0,30 | 86.0,14 | 57.2,40,15 | 9.32,29.85 | 1011,0.0 | 0.0
2016-09-14,30.0,14.0,41.0,19.0,29.85,0.0,30 | 86.0,14 | 57.2,41,19 | 11.81,29.85 | 1011,0.0 | 0.0
2016-09-15,30.0,15.0,42.0,18.0,29.85,0.0,30 | 86.0,15 | 59.0,42,18 | 11.18,29.85 | 1011,0.0 | 0.0
2016-09-16,31.0,13.0,36.0,17.0,29.83,0.0,31 | 87.8,13 | 55.4,36,17 | 10.56,29.83 | 1010,0.0 | 0.0
2016-09-17,30.0,13.0,38.0,11.0,29.88,0.0,30 | 86.0,13 | 55.4,38,11 | 6.84,29.88 | 1012,0.0 | 0.0
2016-09-18,31.0,13.0,36.0,14.0,29.88,0.0,31 | 87.8,13 | 55.4,36,14 | 8.7,29.88 | 1012,0.0 | 0.0
2016-09-19,30.0,14.0,40.0,19.0,29.85,0.0,30 | 86.0,14 | 57.2,40,19 | 11.81,29.85 | 1011,0.0 | 0.0
2016-09-20,30.0,14.0,40.0,19.0,29.85,0.1,30 | 86.0,14 | 57.2,40,19 | 11.81,29.85 | 1011,0.1 | 0.0
2016-09-21,30.0,13.0,39.0,17.0,29.85,0.0,30 | 86.0,13 | 55.4,39,17 | 10.56,29.85 | 1011,0.0 | 0.0
2016-09-22,30.0,13.0,38.0,18.0,29.88,0.0,30 | 86.0,13 | 55.4,38,18 | 11.18,29.88 | 1012,0.0 | 0.0
2016-09-23,31.0,13.0,37.0,15.0,29.85,0.0,31 | 87.8,13 | 55.4,37,15 | 9.32,29.85 | 1011,0.0 | 0.0
2016-09-24,31.0,15.0,41.0,15.0,29.85,0.0,31 | 87.8,15 | 59.0,41,15 | 9.32,29.85 | 1011,0.0 | 0.0
2016-09-25,31.0,15.0,41.0,15.0,29.8,0.0,31 | 87.8,15 | 59.0,41,15 | 9.32,29.8 | 1009,0.0 | 0.0
2016-09-26,32.0,14.0,38.0,16.0,29.8,0.5,32 | 89.6,14 | 57.2,38,16 | 9.94,29.8 | 1009,0.5 | 0.02
2016-09-27,31.0,14.0,38.0,15.0,29.85,0.3,31 | 87.8,14 | 57.2,38,15 | 9.32,29.85 | 1011,0.3 | 0.01
2016-09-28,31.0,14.0,38.0,16.0,29.88,0.0,31 | 87.8,14 | 57.2,38,16 | 9.94,29.88 | 1012,0.0 | 0.0
2016-09-29,31.0,15.0,41.0,14.0,29.85,0.1,31 | 87.8,15 | 59.0,41,14 | 8.7,29.85 | 1011,0.1 | 0.0
2016-09-30,31.0,15.0,41.0,14.0,29.83,0.0,31 | 87.8,15 | 59.0,41,14 | 8.7,29.83 | 1010,0.0 | 0.0
2016-10-01,32.0,14.0,38.0,16.0,29.77,0.1,32 | 89.6,14 | 57.2,38,16 | 9.94,29.77 | 1008,0.1 | 0.0
2016-10-02,32.0,14.0,37.0,19.0,29.77,0.0,32 | 89.6,14 | 57.2,37,19 | 11.81,29.77 | 1008,0.0 | 0.0
2016-10-03,31.0,15.0,40.0,12.0,29.83,0.0,31 | 87.8,15 | 59.0,40,12 | 7.46,29.83 | 1010,0.0 | 0.0
2016-10-04,31.0,16.0,43.0,11.0,29.83,0.7,31 | 87.8,16 | 60.8,43,11 | 6.84,29.83 | 1010,0.7 | 0.03
2016-10-05,32.0,15.0,40.0,18.0,29.83,1.2,32 | 89.6,15 | 59.0,40,18 | 11.18,29.83 | 1010,1.2 | 0.05
2016-10-06,31.0,15.0,40.0,21.0,29.8,0.0,31 | 87.8,15 | 59.0,40,21 | 13.05,29.8 | 1009,0.0 | 0.0
2016-10-07,32.0,14.0,37.0,20.0,29.8,0.0,32 | 89.6,14 | 57.2,37,20 | 12.43,29.8 | 1009,0.0 | 0.0
2016-10-08,32.0,16.0,40.0,23.0,29.83,0.0,32 | 89.6,16 | 60.8,40,23 | 14.29,29.83 | 1010,0.0 | 0.0
2016-10-09,31.0,16.0,44.0,26.0,29.85,0.0,31 | 87.8,16 | 60.8,44,26 | 16.16,29.85 | 1011,0.0 | 0.0
2016-10-10,31.0,15.0,40.0,19.0,29.85,0.0,31 | 87.8,15 | 59.0,40,19 | 11.81,29.85 | 1011,0.0 | 0.0
2016-10-11,31.0,14.0,38.0,20.0,29.85,0.0,31 | 87.8,14 | 57.2,38,20 | 12.43,29.85 | 1011,0.0 | 0.0
2016-10-12,31.0,13.0,35.0,17.0,29.85,0.0,31 | 87.8,13 | 55.4,35,17 | 10.56,29.85 | 1011,0.0 | 0.0
2016-10-13,31.0,12.0,35.0,17.0,29.85,0.0,31 | 87.8,12 | 53.6,35,17 | 10.56,29.85 | 1011,0.0 | 0.0
2016-10-14,31.0,13.0,36.0,19.0,29.85,0.0,31 | 87.8,13 | 55.4,36,19 | 11.81,29.85 | 1011,0.0 | 0.0
2016-10-15,31.0,13.0,37.0,18.0,29.83,0.0,31 | 87.8,13 | 55.4,37,18 | 11.18,29.83 | 1010,0.0 | 0.0
2016-10-16,31.0,13.0,37.0,19.0,29.83,0.0,31 | 87.8,13 | 55.4,37,19 | 11.81,29.83 | 1010,0.0 | 0.0
2016-10-17,32.0,13.0,33.0,22.0,29.83,0.0,32 | 89.6,13 | 55.4,33,22 | 13.67,29.83 | 1010,0.0 | 0.0
2016-10-18,32.0,14.0,35.0,19.0,29.83,0.0,32 | 89.6,14 | 57.2,35,19 | 11.81,29.83 | 1010,0.0 | 0.0
2016-10-19,32.0,13.0,34.0,19.0,29.83,0.0,32 | 89.6,13 | 55.4,34,19 | 11.81,29.83 | 1010,0.0 | 0.0
2016-10-20,31.0,13.0,36.0,18.0,29.83,0.0,31 | 87.8,13 | 55.4,36,18 | 11.18,29.83 | 1010,0.0 | 0.0
2016-10-21,31.0,14.0,38.0,16.0,29.83,0.0,31 | 87.8,14 | 57.2,38,16 | 9.94,29.83 | 1010,0.0 | 0.0
2016-10-22,31.0,14.0,39.0,13.0,29.85,0.0,31 | 87.8,14 | 57.2,39,13 | 8.08,29.85 | 1011,0.0 | 0.0
2016-10-23,32.0,14.0,39.0,12.0,29.85,0.5,32 | 89.6,14 | 57.2,39,12 | 7.46,29.85 | 1011,0.5 | 0.02
2016-10-24,32.0,14.0,37.0,16.0,29.83,0.1,32 | 89.6,14 | 57.2,37,16 | 9.94,29.83 | 1010,0.1 | 0.0
2016-10-25,32.0,15.0,39.0,15.0,29.77,0.0,32 | 89.6,15 | 59.0,39,15 | 9.32,29.77 | 1008,0.0 | 0.0
2016-10-26,32.0,15.0,39.0,20.0,29.74,0.3,32 | 89.6,15 | 59.0,39,20 | 12.43,29.74 | 1007,0.3 | 0.01
2016-10-27,32.0,15.0,39.0,22.0,29.8,0.0,32 | 89.6,15 | 59.0,39,22 | 13.67,29.8 | 1009,0.0 | 0.0
2016-10-28,32.0,15.0,40.0,24.0,29.85,0.0,32 | 89.6,15 | 59.0,40,24 | 14.91,29.85 | 1011,0.0 | 0.0
2016-10-29,32.0,15.0,39.0,21.0,29.85,0.7,32 | 89.6,15 | 59.0,39,21 | 13.05,29.85 | 1011,0.7 | 0.03
2016-10-30,32.0,14.0,36.0,17.0,29.83,0.0,32 | 89.6,14 | 57.2,36,17 | 10.56,29.83 | 1010,0.0 | 0.0
2016-10-31,32.0,15.0,39.0,15.0,29.85,2.1,32 | 89.6,15 | 59.0,39,15 | 9.32,29.85 | 1011,2.1 | 0.08
2016-11-01,32.0,15.0,38.0,16.0,29.85,0.0,32 | 89.6,15 | 59.0,38,16 | 9.94,29.85 | 1011,0.0 | 0.0
2016-11-02,32.0,15.0,38.0,17.0,29.83,0.0,32 | 89.6,15 | 59.0,38,17 | 10.56,29.83 | 1010,0.0 | 0.0
2016-11-03,32.0,15.0,39.0,19.0,29.85,0.0,32 | 89.6,15 | 59.0,39,19 | 11.81,29.85 | 1011,0.0 | 0.0
2016-11-04,32.0,15.0,41.0,19.0,29.91,0.0,32 | 89.6,15 | 59.0,41,19 | 11.81,29.91 | 1013,0.0 | 0.0
2016-11-05,31.0,16.0,44.0,16.0,29.88,2.7,31 | 87.8,16 | 60.8,44,16 | 9.94,29.88 | 1012,2.7 | 0.11
2016-11-06,31.0,16.0,43.0,18.0,29.88,0.7,31 | 87.8,16 | 60.8,43,18 | 11.18,29.88 | 1012,0.7 | 0.03
2016-11-07,31.0,16.0,43.0,19.0,29.88,0.1,31 | 87.8,16 | 60.8,43,19 | 11.81,29.88 | 1012,0.1 | 0.0
2016-11-08,31.0,16.0,44.0,20.0,29.88,3.0,31 | 87.8,16 | 60.8,44,20 | 12.43,29.88 | 1012,3.0 | 0.12
2016-11-09,30.0,16.0,46.0,21.0,29.91,10.0,30 | 86.0,16 | 60.8,46,21 | 13.05,29.91 | 1013,10.0 | 0.39
2016-11-10,31.0,15.0,42.0,19.0,29.85,0.0,31 | 87.8,15 | 59.0,42,19 | 11.81,29.85 | 1011,0.0 | 0.0
2016-11-11,31.0,13.0,38.0,20.0,29.83,0.0,31 | 87.8,13 | 55.4,38,20 | 12.43,29.83 | 1010,0.0 | 0.0
2016-11-12,31.0,13.0,37.0,17.0,29.8,0.0,31 | 87.8,13 | 55.4,37,17 | 10.56,29.8 | 1009,0.0 | 0.0
2016-11-13,31.0,13.0,37.0,19.0,29.83,0.0,31 | 87.8,13 | 55.4,37,19 | 11.81,29.83 | 1010,0.0 | 0.0
2016-11-14,31.0,14.0,39.0,22.0,29.85,0.0,31 | 87.8,14 | 57.2,39,22 | 13.67,29.85 | 1011,0.0 | 0.0
2016-11-15,31.0,15.0,42.0,21.0,29.83,0.0,31 | 87.8,15 | 59.0,42,21 | 13.05,29.83 | 1010,0.0 | 0.0
2016-11-16,31.0,16.0,46.0,21.0,29.8,1.7,31 | 87.8,16 | 60.8,46,21 | 13.05,29.8 | 1009,1.7 | 0.07
2016-11-17,30.0,17.0,48.0,22.0,29.8,1.5,30 | 86.0,17 | 62.6,48,22 | 13.67,29.8 | 1009,1.5 | 0.06
2016-11-18,30.0,17.0,48.0,20.0,29.83,0.0,30 | 86.0,17 | 62.6,48,20 | 12.43,29.83 | 1010,0.0 | 0.0
2016-11-19,30.0,17.0,49.0,19.0,29.85,2.1,30 | 86.0,17 | 62.6,49,19 | 11.81,29.85 | 1011,2.1 | 0.08
2016-11-20,31.0,16.0,46.0,19.0,29.83,0.0,31 | 87.8,16 | 60.8,46,19 | 11.81,29.83 | 1010,0.0 | 0.0
2016-11-21,31.0,17.0,46.0,20.0,29.8,0.0,31 | 87.8,17 | 62.6,46,20 | 12.43,29.8 | 1009,0.0 | 0.0
2016-11-22,31.0,17.0,48.0,18.0,29.83,0.1,31 | 87.8,17 | 62.6,48,18 | 11.18,29.83 | 1010,0.1 | 0.0
2016-11-23,31.0,17.0,47.0,14.0,29.85,0.1,31 | 87.8,17 | 62.6,47,14 | 8.7,29.85 | 1011,0.1 | 0.0
2016-11-24,31.0,16.0,45.0,9.0,29.83,2.0,31 | 87.8,16 | 60.8,45,9 | 5.59,29.83 | 1010,2.0 | 0.08
2016-11-25,31.0,17.0,47.0,11.0,29.83,0.1,31 | 87.8,17 | 62.6,47,11 | 6.84,29.83 | 1010,0.1 | 0.0
2016-11-26,31.0,17.0,47.0,12.0,29.83,1.8,31 | 87.8,17 | 62.6,47,12 | 7.46,29.83 | 1010,1.8 | 0.07
2016-11-27,31.0,16.0,44.0,10.0,29.83,0.3,31 | 87.8,16 | 60.8,44,10 | 6.21,29.83 | 1010,0.3 | 0.01
2016-11-28,31.0,17.0,49.0,18.0,29.83,0.5,31 | 87.8,17 | 62.6,49,18 | 11.18,29.83 | 1010,0.5 | 0.02
2016-11-29,31.0,17.0,49.0,25.0,29.85,1.6,31 | 87.8,17 | 62.6,49,25 | 15.53,29.85 | 1011,1.6 | 0.06
2016-11-30,31.0,16.0,46.0,25.0,29.88,0.0,31 | 87.8,16 | 60.8,46,25 | 15.53,29.88 | 1012,0.0 | 0.0
2016-12-01,31.0,15.0,42.0,17.0,29.88,0.0,31 | 87.8,15 | 59.0,42,17 | 10.56,29.88 | 1012,0.0 | 0.0
2016-12-02,30.0,17.0,50.0,17.0,29.88,12.7,30 | 86.0,17 | 62.6,50,17 | 10.56,29.88 | 1012,12.7 | 0.5
2016-12-03,31.0,17.0,47.0,22.0,29.88,0.3,31 | 87.8,17 | 62.6,47,22 | 13.67,29.88 | 1012,0.3 | 0.01
2016-12-04,30.0,16.0,46.0,22.0,29.88,4.5,30 | 86.0,16 | 60.8,46,22 | 13.67,29.88 | 1012,4.5 | 0.18
2016-12-05,30.0,13.0,39.0,18.0,29.88,0.0,30 | 86.0,13 | 55.4,39,18 | 11.18,29.88 | 1012,0.0 | 0.0
2016-12-06,31.0,14.0,41.0,13.0,29.83,0.0,31 | 87.8,14 | 57.2,41,13 | 8.08,29.83 | 1010,0.0 | 0.0
2016-12-07,31.0,14.0,39.0,16.0,29.85,0.0,31 | 87.8,14 | 57.2,39,16 | 9.94,29.85 | 1011,0.0 | 0.0
2016-12-08,31.0,15.0,42.0,14.0,29.88,0.0,31 | 87.8,15 | 59.0,42,14 | 8.7,29.88 | 1012,0.0 | 0.0
2016-12-09,31.0,15.0,41.0,12.0,29.85,0.0,31 | 87.8,15 | 59.0,41,12 | 7.46,29.85 | 1011,0.0 | 0.0
2016-12-10,31.0,15.0,42.0,12.0,29.85,0.0,31 | 87.8,15 | 59.0,42,12 | 7.46,29.85 | 1011,0.0 | 0.0
2016-12-11,31.0,16.0,46.0,15.0,29.85,4.9,31 | 87.8,16 | 60.8,46,15 | 9.32,29.85 | 1011,4.9 | 0.19
2016-12-12,30.0,17.0,48.0,17.0,29.85,1.9,30 | 86.0,17 | 62.6,48,17 | 10.56,29.85 | 1011,1.9 | 0.07
2016-12-13,30.0,16.0,47.0,19.0,29.83,0.0,30 | 86.0,16 | 60.8,47,19 | 11.81,29.83 | 1010,0.0 | 0.0
2016-12-14,30.0,15.0,44.0,16.0,29.85,0.0,30 | 86.0,15 | 59.0,44,16 | 9.94,29.85 | 1011,0.0 | 0.0
2016-12-15,31.0,14.0,41.0,12.0,29.85,0.0,31 | 87.8,14 | 57.2,41,12 | 7.46,29.85 | 1011,0.0 | 0.0
2016-12-16,31.0,14.0,39.0,10.0,29.85,0.0,31 | 87.8,14 | 57.2,39,10 | 6.21,29.85 | 1011,0.0 | 0.0
2016-12-17,31.0,14.0,38.0,13.0,29.85,0.0,31 | 87.8,14 | 57.2,38,13 | 8.08,29.85 | 1011,0.0 | 0.0
2016-12-18,31.0,14.0,38.0,17.0,29.83,0.0,31 | 87.8,14 | 57.2,38,17 | 10.56,29.83 | 1010,0.0 | 0.0
2016-12-19,31.0,12.0,37.0,18.0,29.85,0.0,31 | 87.8,12 | 53.6,37,18 | 11.18,29.85 | 1011,0.0 | 0.0
2016-12-20,31.0,12.0,36.0,14.0,29.83,0.0,31 | 87.8,12 | 53.6,36,14 | 8.7,29.83 | 1010,0.0 | 0.0
2016-12-21,31.0,15.0,42.0,19.0,29.83,0.5,31 | 87.8,15 | 59.0,42,19 | 11.81,29.83 | 1010,0.5 | 0.02
2016-12-22,30.0,16.0,46.0,23.0,29.85,0.0,30 | 86.0,16 | 60.8,46,23 | 14.29,29.85 | 1011,0.0 | 0.0
2016-12-23,31.0,14.0,41.0,21.0,29.85,0.0,31 | 87.8,14 | 57.2,41,21 | 13.05,29.85 | 1011,0.0 | 0.0
2016-12-24,30.0,15.0,43.0,17.0,29.83,0.0,30 | 86.0,15 | 59.0,43,17 | 10.56,29.83 | 1010,0.0 | 0.0
2016-12-25,30.0,16.0,47.0,13.0,29.83,8.3,30 | 86.0,16 | 60.8,47,13 | 8.08,29.83 | 1010,8.3 | 0.33
2016-12-26,31.0,15.0,43.0,20.0,29.83,4.3,31 | 87.8,15 | 59.0,43,20 | 12.43,29.83 | 1010,4.3 | 0.17
2016-12-27,31.0,14.0,41.0,14.0,29.83,0.0,31 | 87.8,14 | 57.2,41,14 | 8.7,29.83 | 1010,0.0 | 0.0
2016-12-28,31.0,15.0,40.0,10.0,29.8,0.0,31 | 87.8,15 | 59.0,40,10 | 6.21,29.8 | 1009,0.0 | 0.0
2016-12-29,31.0,15.0,40.0,9.0,29.83,0.1,31 | 87.8,15 | 59.0,40,9 | 5.59,29.83 | 1010,0.1 | 0.0
2016-12-30,32.0,15.0,40.0,12.0,29.83,0.3,32 | 89.6,15 | 59.0,40,12 | 7.46,29.83 | 1010,0.3 | 0.01
2016-12-31,31.0,15.0,42.0,14.0,29.83,0.0,31 | 87.8,15 | 59.0,42,14 | 8.7,29.83 | 1010,0.0 | 0.0
2017-01-01,31.0,12.0,36.0,14.0,29.83,0.0,31 | 87.8,12 | 53.6,36,14 | 8.7,29.83 | 1010,0.0 | 0.0
2017-01-02,31.0,12.0,34.0,13.0,29.85,0.0,31 | 87.8,12 | 53.6,34,13 | 8.08,29.85 | 1011,0.0 | 0.0
2017-01-03,31.0,11.0,32.0,12.0,29.88,0.0,31 | 87.8,11 | 51.8,32,12 | 7.46,29.88 | 1012,0.0 | 0.0
2017-01-04,31.0,9.0,29.0,18.0,29.85,0.0,31 | 87.8,9 | 48.2,29,18 | 11.18,29.85 | 1011,0.0 | 0.0
2017-01-05,31.0,12.0,34.0,16.0,29.83,0.0,31 | 87.8,12 | 53.6,34,16 | 9.94,29.83 | 1010,0.0 | 0.0
2017-01-06,31.0,11.0,34.0,15.0,29.85,0.0,31 | 87.8,11 | 51.8,34,15 | 9.32,29.85 | 1011,0.0 | 0.0
2017-01-07,31.0,7.0,28.0,11.0,29.85,0.0,31 | 87.8,7 | 44.6,28,11 | 6.84,29.85 | 1011,0.0 | 0.0
2017-01-08,31.0,2.0,17.0,8.0,29.8,0.0,31 | 87.8,2 | 35.6,17,8 | 4.97,29.8 | 1009,0.0 | 0.0
2017-01-09,32.0,4.0,19.0,11.0,29.77,0.0,32 | 89.6,4 | 39.2,19,11 | 6.84,29.77 | 1008,0.0 | 0.0
2017-01-10,31.0,8.0,26.0,19.0,29.8,0.0,31 | 87.8,8 | 46.4,26,19 | 11.81,29.8 | 1009,0.0 | 0.0
2017-01-11,31.0,9.0,30.0,18.0,29.83,0.0,31 | 87.8,9 | 48.2,30,18 | 11.18,29.83 | 1010,0.0 | 0.0
2017-01-12,31.0,8.0,27.0,17.0,29.85,0.0,31 | 87.8,8 | 46.4,27,17 | 10.56,29.85 | 1011,0.0 | 0.0
2017-01-13,31.0,7.0,25.0,9.0,29.83,0.0,31 | 87.8,7 | 44.6,25,9 | 5.59,29.83 | 1010,0.0 | 0.0
2017-01-14,32.0,9.0,26.0,10.0,29.77,0.0,32 | 89.6,9 | 48.2,26,10 | 6.21,29.77 | 1008,0.0 | 0.0
2017-01-15,32.0,10.0,29.0,14.0,29.8,0.0,32 | 89.6,10 | 50.0,29,14 | 8.7,29.8 | 1009,0.0 | 0.0
2017-01-16,31.0,8.0,27.0,18.0,29.83,0.0,31 | 87.8,8 | 46.4,27,18 | 11.18,29.83 | 1010,0.0 | 0.0
2017-01-17,31.0,10.0,31.0,17.0,29.83,0.0,31 | 87.8,10 | 50.0,31,17 | 10.56,29.83 | 1010,0.0 | 0.0
2017-01-18,31.0,11.0,33.0,15.0,29.83,0.0,31 | 87.8,11 | 51.8,33,15 | 9.32,29.83 | 1010,0.0 | 0.0
2017-01-19,31.0,12.0,35.0,14.0,29.85,0.0,31 | 87.8,12 | 53.6,35,14 | 8.7,29.85 | 1011,0.0 | 0.0
2017-01-20,32.0,11.0,31.0,15.0,29.8,0.0,32 | 89.6,11 | 51.8,31,15 | 9.32,29.8 | 1009,0.0 | 0.0
2017-01-21,32.0,10.0,28.0,18.0,29.83,0.0,32 | 89.6,10 | 50.0,28,18 | 11.18,29.83 | 1010,0.0 | 0.0
2017-01-22,32.0,12.0,33.0,19.0,29.83,0.0,32 | 89.6,12 | 53.6,33,19 | 11.81,29.83 | 1010,0.0 | 0.0
2017-01-23,31.0,13.0,37.0,18.0,29.83,0.0,31 | 87.8,13 | 55.4,37,18 | 11.18,29.83 | 1010,0.0 | 0.0
2017-01-24,31.0,13.0,36.0,14.0,29.83,0.0,31 | 87.8,13 | 55.4,36,14 | 8.7,29.83 | 1010,0.0 | 0.0
2017-01-25,32.0,12.0,33.0,15.0,29.83,0.0,32 | 89.6,12 | 53.6,33,15 | 9.32,29.83 | 1010,0.0 | 0.0
2017-01-26,32.0,12.0,32.0,14.0,29.85,0.0,32 | 89.6,12 | 53.6,32,14 | 8.7,29.85 | 1011,0.0 | 0.0
2017-01-27,32.0,10.0,29.0,12.0,29.85,0.0,32 | 89.6,10 | 50.0,29,12 | 7.46,29.85 | 1011,0.0 | 0.0
2017-01-28,32.0,11.0,30.0,9.0,29.83,0.0,32 | 89.6,11 | 51.8,30,9 | 5.59,29.83 | 1010,0.0 | 0.0
2017-01-29,32.0,15.0,40.0,9.0,29.83,3.0,32 | 89.6,15 | 59.0,40,9 | 5.59,29.83 | 1010,3.0 | 0.12
2017-01-30,31.0,17.0,45.0,9.0,29.85,3.4,31 | 87.8,17 | 62.6,45,9 | 5.59,29.85 | 1011,3.4 | 0.13
2017-01-31,31.0,16.0,42.0,8.0,29.83,2.5,31 | 87.8,16 | 60.8,42,8 | 4.97,29.83 | 1010,2.5 | 0.1
2017-02-01,32.0,15.0,40.0,8.0,29.83,0.3,32 | 89.6,15 | 59.0,40,8 | 4.97,29.83 | 1010,0.3 | 0.01
2017-02-02,32.0,14.0,37.0,12.0,29.83,0.0,32 | 89.6,14 | 57.2,37,12 | 7.46,29.83 | 1010,0.0 | 0.0
2017-02-03,32.0,13.0,33.0,11.0,29.83,0.0,32 | 89.6,13 | 55.4,33,11 | 6.84,29.83 | 1010,0.0 | 0.0
2017-02-04,33.0,13.0,33.0,12.0,29.83,0.0,33 | 91.4,13 | 55.4,33,12 | 7.46,29.83 | 1010,0.0 | 0.0
2017-02-05,32.0,15.0,38.0,21.0,29.85,2.6,32 | 89.6,15 | 59.0,38,21 | 13.05,29.85 | 1011,2.6 | 0.1
2017-02-06,32.0,15.0,39.0,20.0,29.83,0.0,32 | 89.6,15 | 59.0,39,20 | 12.43,29.83 | 1010,0.0 | 0.0
2017-02-07,32.0,14.0,38.0,15.0,29.8,0.0,32 | 89.6,14 | 57.2,38,15 | 9.32,29.8 | 1009,0.0 | 0.0
2017-02-08,32.0,13.0,35.0,18.0,29.8,0.0,32 | 89.6,13 | 55.4,35,18 | 11.18,29.8 | 1009,0.0 | 0.0
2017-02-09,32.0,13.0,34.0,18.0,29.8,0.0,32 | 89.6,13 | 55.4,34,18 | 11.18,29.8 | 1009,0.0 | 0.0
2017-02-10,32.0,11.0,30.0,15.0,29.77,0.0,32 | 89.6,11 | 51.8,30,15 | 9.32,29.77 | 1008,0.0 | 0.0
2017-02-11,32.0,13.0,34.0,18.0,29.77,0.0,32 | 89.6,13 | 55.4,34,18 | 11.18,29.77 | 1008,0.0 | 0.0
2017-02-12,32.0,14.0,36.0,16.0,29.77,0.0,32 | 89.6,14 | 57.2,36,16 | 9.94,29.77 | 1008,0.0 | 0.0
2017-02-13,32.0,14.0,35.0,19.0,29.77,0.0,32 | 89.6,14 | 57.2,35,19 | 11.81,29.77 | 1008,0.0 | 0.0
2017-02-14,33.0,16.0,39.0,25.0,29.8,0.0,33 | 91.4,16 | 60.8,39,25 | 15.53,29.8 | 1009,0.0 | 0.0
2017-02-15,32.0,16.0,42.0,24.0,29.83,0.1,32 | 89.6,16 | 60.8,42,24 | 14.91,29.83 | 1010,0.1 | 0.0
2017-02-16,32.0,16.0,42.0,20.0,29.83,1.1,32 | 89.6,16 | 60.8,42,20 | 12.43,29.83 | 1010,1.1 | 0.04
2017-02-17,32.0,15.0,40.0,14.0,29.83,6.4,32 | 89.6,15 | 59.0,40,14 | 8.7,29.83 | 1010,6.4 | 0.25
2017-02-18,31.0,16.0,42.0,13.0,29.85,3.3,31 | 87.8,16 | 60.8,42,13 | 8.08,29.85 | 1011,3.3 | 0.13
2017-02-19,31.0,17.0,46.0,20.0,29.88,2.3,31 | 87.8,17 | 62.6,46,20 | 12.43,29.88 | 1012,2.3 | 0.09
2017-02-20,32.0,15.0,40.0,15.0,29.83,0.2,32 | 89.6,15 | 59.0,40,15 | 9.32,29.83 | 1010,0.2 | 0.01
2017-02-21,32.0,12.0,32.0,10.0,29.8,0.0,32 | 89.6,12 | 53.6,32,10 | 6.21,29.8 | 1009,0.0 | 0.0
2017-02-22,31.0,10.0,28.0,12.0,29.83,0.0,31 | 87.8,10 | 50.0,28,12 | 7.46,29.83 | 1010,0.0 | 0.0
2017-02-23,32.0,13.0,33.0,9.0,29.83,0.0,32 | 89.6,13 | 55.4,33,9 | 5.59,29.83 | 1010,0.0 | 0.0
2017-02-24,33.0,16.0,39.0,16.0,29.8,0.5,33 | 91.4,16 | 60.8,39,16 | 9.94,29.8 | 1009,0.5 | 0.02
2017-02-25,32.0,17.0,44.0,19.0,29.83,0.3,32 | 89.6,17 | 62.6,44,19 | 11.81,29.83 | 1010,0.3 | 0.01
2017-02-26,31.0,16.0,43.0,13.0,29.8,0.0,31 | 87.8,16 | 60.8,43,13 | 8.08,29.8 | 1009,0.0 | 0.0
2017-02-27,32.0,16.0,41.0,10.0,29.77,0.1,32 | 89.6,16 | 60.8,41,10 | 6.21,29.77 | 1008,0.1 | 0.0
2017-02-28,31.0,16.0,43.0,15.0,29.8,4.8,31 | 87.8,16 | 60.8,43,15 | 9.32,29.8 | 1009,4.8 | 0.19
2017-03-01,32.0,14.0,38.0,19.0,29.83,0.8,32 | 89.6,14 | 57.2,38,19 | 11.81,29.83 | 1010,0.8 | 0.03
2017-03-02,32.0,13.0,35.0,10.0,29.8,0.0,32 | 89.6,13 | 55.4,35,10 | 6.21,29.8 | 1009,0.0 | 0.0
2017-03-03,33.0,13.0,32.0,8.0,29.77,0.0,33 | 91.4,13 | 55.4,32,8 | 4.97,29.77 | 1008,0.0 | 0.0
2017-03-04,33.0,12.0,29.0,11.0,29.74,0.0,33 | 91.4,12 | 53.6,29,11 | 6.84,29.74 | 1007,0.0 | 0.0
2017-03-05,34.0,13.0,32.0,13.0,29.74,0.0,34 | 93.2,13 | 55.4,32,13 | 8.08,29.74 | 1007,0.0 | 0.0
2017-03-06,34.0,13.0,31.0,13.0,29.74,0.3,34 | 93.2,13 | 55.4,31,13 | 8.08,29.74 | 1007,0.3 | 0.01
2017-03-07,34.0,12.0,30.0,12.0,29.71,0.1,34 | 93.2,12 | 53.6,30,12 | 7.46,29.71 | 1006,0.1 | 0.0
2017-03-08,34.0,12.0,29.0,14.0,29.71,0.3,34 | 93.2,12 | 53.6,29,14 | 8.7,29.71 | 1006,0.3 | 0.01
2017-03-09,34.0,13.0,30.0,11.0,29.71,0.4,34 | 93.2,13 | 55.4,30,11 | 6.84,29.71 | 1006,0.4 | 0.02
2017-03-10,34.0,13.0,30.0,15.0,29.74,0.0,34 | 93.2,13 | 55.4,30,15 | 9.32,29.74 | 1007,0.0 | 0.0
2017-03-11,33.0,12.0,30.0,19.0,29.74,0.0,33 | 91.4,12 | 53.6,30,19 | 11.81,29.74 | 1007,0.0 | 0.0
2017-03-12,33.0,12.0,31.0,22.0,29.8,0.0,33 | 91.4,12 | 53.6,31,22 | 13.67,29.8 | 1009,0.0 | 0.0
2017-03-13,33.0,12.0,32.0,14.0,29.8,0.0,33 | 91.4,12 | 53.6,32,14 | 8.7,29.8 | 1009,0.0 | 0.0
2017-03-14,34.0,12.0,29.0,13.0,29.77,0.0,34 | 93.2,12 | 53.6,29,13 | 8.08,29.77 | 1008,0.0 | 0.0
2017-03-15,33.0,16.0,37.0,15.0,29.74,3.2,33 | 91.4,16 | 60.8,37,15 | 9.32,29.74 | 1007,3.2 | 0.13
2017-03-16,33.0,15.0,38.0,15.0,29.74,0.5,33 | 91.4,15 | 59.0,38,15 | 9.32,29.74 | 1007,0.5 | 0.02
2017-03-17,33.0,15.0,37.0,11.0,29.8,1.3,33 | 91.4,15 | 59.0,37,11 | 6.84,29.8 | 1009,1.3 | 0.05
2017-03-18,34.0,15.0,35.0,15.0,29.8,0.0,34 | 93.2,15 | 59.0,35,15 | 9.32,29.8 | 1009,0.0 | 0.0
2017-03-19,34.0,16.0,38.0,16.0,29.83,1.5,34 | 93.2,16 | 60.8,38,16 | 9.94,29.83 | 1010,1.5 | 0.06
2017-03-20,34.0,15.0,37.0,17.0,29.8,0.0,34 | 93.2,15 | 59.0,37,17 | 10.56,29.8 | 1009,0.0 | 0.0
2017-03-21,34.0,15.0,36.0,15.0,29.77,0.8,34 | 93.2,15 | 59.0,36,15 | 9.32,29.77 | 1008,0.8 | 0.03
2017-03-22,33.0,16.0,38.0,19.0,29.77,0.1,33 | 91.4,16 | 60.8,38,19 | 11.81,29.77 | 1008,0.1 | 0.0
2017-03-23,33.0,16.0,40.0,21.0,29.8,0.1,33 | 91.4,16 | 60.8,40,21 | 13.05,29.8 | 1009,0.1 | 0.0
2017-03-24,34.0,16.0,38.0,16.0,29.8,0.0,34 | 93.2,16 | 60.8,38,16 | 9.94,29.8 | 1009,0.0 | 0.0
2017-03-25,33.0,16.0,39.0,14.0,29.83,0.2,33 | 91.4,16 | 60.8,39,14 | 8.7,29.83 | 1010,0.2 | 0.01
2017-03-26,31.0,18.0,50.0,9.0,29.85,32.4,31 | 87.8,18 | 64.4,50,9 | 5.59,29.85 | 1011,32.4 | 1.28
2017-03-27,32.0,18.0,47.0,10.0,29.83,4.8,32 | 89.6,18 | 64.4,47,10 | 6.21,29.83 | 1010,4.8 | 0.19
2017-03-28,30.0,19.0,53.0,13.0,29.85,19.1,30 | 86.0,19 | 66.2,53,13 | 8.08,29.85 | 1011,19.1 | 0.75
2017-03-29,30.0,18.0,54.0,15.0,29.85,4.8,30 | 86.0,18 | 64.4,54,15 | 9.32,29.85 | 1011,4.8 | 0.19
2017-03-30,32.0,17.0,46.0,18.0,29.83,0.4,32 | 89.6,17 | 62.6,46,18 | 11.18,29.83 | 1010,0.4 | 0.02
2017-03-31,32.0,15.0,40.0,16.0,29.85,0.0,32 | 89.6,15 | 59.0,40,16 | 9.94,29.85 | 1011,0.0 | 0.0
2017-04-01,32.0,14.0,37.0,18.0,29.85,0.0,32 | 89.6,14 | 57.2,37,18 | 11.18,29.85 | 1011,0.0 | 0.0
2017-04-02,33.0,14.0,35.0,17.0,29.85,0.0,33 | 91.4,14 | 57.2,35,17 | 10.56,29.85 | 1011,0.0 | 0.0
2017-04-03,33.0,14.0,35.0,18.0,29.83,0.0,33 | 91.4,14 | 57.2,35,18 | 11.18,29.83 | 1010,0.0 | 0.0
2017-04-04,33.0,16.0,39.0,16.0,29.83,0.0,33 | 91.4,16 | 60.8,39,16 | 9.94,29.83 | 1010,0.0 | 0.0
2017-04-05,33.0,16.0,38.0,21.0,29.83,0.0,33 | 91.4,16 | 60.8,38,21 | 13.05,29.83 | 1010,0.0 | 0.0
2017-04-06,32.0,17.0,42.0,23.0,29.8,0.0,32 | 89.6,17 | 62.6,42,23 | 14.29,29.8 | 1009,0.0 | 0.0
2017-04-07,32.0,17.0,43.0,25.0,29.8,0.0,32 | 89.6,17 | 62.6,43,25 | 15.53,29.8 | 1009,0.0 | 0.0
2017-04-08,32.0,17.0,43.0,25.0,29.83,0.0,32 | 89.6,17 | 62.6,43,25 | 15.53,29.83 | 1010,0.0 | 0.0
2017-04-09,32.0,16.0,42.0,25.0,29.83,0.0,32 | 89.6,16 | 60.8,42,25 | 15.53,29.83 | 1010,0.0 | 0.0
2017-04-10,32.0,16.0,42.0,22.0,29.8,0.0,32 | 89.6,16 | 60.8,42,22 | 13.67,29.8 | 1009,0.0 | 0.0
2017-04-11,33.0,15.0,39.0,23.0,29.77,0.0,33 | 91.4,15 | 59.0,39,23 | 14.29,29.77 | 1008,0.0 | 0.0
2017-04-12,33.0,15.0,39.0,23.0,29.8,0.0,33 | 91.4,15 | 59.0,39,23 | 14.29,29.8 | 1009,0.0 | 0.0
2017-04-13,33.0,16.0,40.0,22.0,29.83,0.0,33 | 91.4,16 | 60.8,40,22 | 13.67,29.83 | 1010,0.0 | 0.0
2017-04-14,33.0,15.0,38.0,20.0,29.8,0.0,33 | 91.4,15 | 59.0,38,20 | 12.43,29.8 | 1009,0.0 | 0.0
2017-04-15,34.0,15.0,36.0,12.0,29.77,0.0,34 | 93.2,15 | 59.0,36,12 | 7.46,29.77 | 1008,0.0 | 0.0
2017-04-16,32.0,16.0,40.0,12.0,29.8,1.7,32 | 89.6,16 | 60.8,40,12 | 7.46,29.8 | 1009,1.7 | 0.07
2017-04-17,32.0,18.0,47.0,12.0,29.8,9.4,32 | 89.6,18 | 64.4,47,12 | 7.46,29.8 | 1009,9.4 | 0.37
2017-04-18,31.0,19.0,51.0,11.0,29.83,9.6,31 | 87.8,19 | 66.2,51,11 | 6.84,29.83 | 1010,9.6 | 0.38
2017-04-19,31.0,18.0,49.0,15.0,29.83,0.7,31 | 87.8,18 | 64.4,49,15 | 9.32,29.83 | 1010,0.7 | 0.03
2017-04-20,32.0,18.0,48.0,22.0,29.8,0.7,32 | 89.6,18 | 64.4,48,22 | 13.67,29.8 | 1009,0.7 | 0.03
2017-04-21,32.0,17.0,45.0,22.0,29.8,0.0,32 | 89.6,17 | 62.6,45,22 | 13.67,29.8 | 1009,0.0 | 0.0
2017-04-22,31.0,17.0,47.0,20.0,29.83,0.0,31 | 87.8,17 | 62.6,47,20 | 12.43,29.83 | 1010,0.0 | 0.0
2017-04-23,29.0,18.0,52.0,18.0,29.85,0.7,29 | 84.2,18 | 64.4,52,18 | 11.18,29.85 | 1011,0.7 | 0.03
2017-04-24,31.0,17.0,47.0,18.0,29.83,0.0,31 | 87.8,17 | 62.6,47,18 | 11.18,29.83 | 1010,0.0 | 0.0
2017-04-25,32.0,17.0,46.0,20.0,29.83,0.0,32 | 89.6,17 | 62.6,46,20 | 12.43,29.83 | 1010,0.0 | 0.0
2017-04-26,31.0,17.0,45.0,17.0,29.85,0.0,31 | 87.8,17 | 62.6,45,17 | 10.56,29.85 | 1011,0.0 | 0.0
2017-04-27,32.0,16.0,42.0,17.0,29.83,0.4,32 | 89.6,16 | 60.8,42,17 | 10.56,29.83 | 1010,0.4 | 0.02
2017-04-28,32.0,16.0,41.0,15.0,29.83,0.0,32 | 89.6,16 | 60.8,41,15 | 9.32,29.83 | 1010,0.0 | 0.0
2017-04-29,32.0,17.0,42.0,11.0,29.85,1.4,32 | 89.6,17 | 62.6,42,11 | 6.84,29.85 | 1011,1.4 | 0.06
2017-04-30,31.0,18.0,48.0,12.0,29.88,1.3,31 | 87.8,18 | 64.4,48,12 | 7.46,29.88 | 1012,1.3 | 0.05
2017-05-01,29.0,18.0,55.0,13.0,29.88,7.1,29 | 84.2,18 | 64.4,55,13 | 8.08,29.88 | 1012,7.1 | 0.28
2017-05-02,30.0,17.0,49.0,9.0,29.85,0.0,30 | 86.0,17 | 62.6,49,9 | 5.59,29.85 | 1011,0.0 | 0.0
2017-05-03,31.0,17.0,47.0,13.0,29.83,0.7,31 | 87.8,17 | 62.6,47,13 | 8.08,29.83 | 1010,0.7 | 0.03
2017-05-04,31.0,17.0,46.0,19.0,29.83,0.0,31 | 87.8,17 | 62.6,46,19 | 11.81,29.83 | 1010,0.0 | 0.0
2017-05-05,32.0,17.0,46.0,21.0,29.83,0.0,32 | 89.6,17 | 62.6,46,21 | 13.05,29.83 | 1010,0.0 | 0.0
2017-05-06,32.0,17.0,45.0,19.0,29.85,0.0,32 | 89.6,17 | 62.6,45,19 | 11.81,29.85 | 1011,0.0 | 0.0
2017-05-07,31.0,18.0,47.0,18.0,29.85,3.9,31 | 87.8,18 | 64.4,47,18 | 11.18,29.85 | 1011,3.9 | 0.15
2017-05-08,31.0,17.0,46.0,17.0,29.85,0.0,31 | 87.8,17 | 62.6,46,17 | 10.56,29.85 | 1011,0.0 | 0.0
2017-05-09,32.0,17.0,45.0,20.0,29.83,0.0,32 | 89.6,17 | 62.6,45,20 | 12.43,29.83 | 1010,0.0 | 0.0
2017-05-10,31.0,17.0,47.0,22.0,29.83,0.0,31 | 87.8,17 | 62.6,47,22 | 13.67,29.83 | 1010,0.0 | 0.0
2017-05-11,31.0,17.0,46.0,18.0,29.83,0.0,31 | 87.8,17 | 62.6,46,18 | 11.18,29.83 | 1010,0.0 | 0.0
2017-05-12,32.0,17.0,43.0,14.0,29.83,0.0,32 | 89.6,17 | 62.6,43,14 | 8.7,29.83 | 1010,0.0 | 0.0
2017-05-13,32.0,17.0,43.0,17.0,29.83,0.1,32 | 89.6,17 | 62.6,43,17 | 10.56,29.83 | 1010,0.1 | 0.0
2017-05-14,31.0,16.0,42.0,17.0,29.83,0.0,31 | 87.8,16 | 60.8,42,17 | 10.56,29.83 | 1010,0.0 | 0.0
2017-05-15,31.0,16.0,42.0,14.0,29.85,0.0,31 | 87.8,16 | 60.8,42,14 | 8.7,29.85 | 1011,0.0 | 0.0
2017-05-16,32.0,16.0,42.0,14.0,29.85,0.0,32 | 89.6,16 | 60.8,42,14 | 8.7,29.85 | 1011,0.0 | 0.0
2017-05-17,32.0,16.0,40.0,14.0,29.83,0.0,32 | 89.6,16 | 60.8,40,14 | 8.7,29.83 | 1010,0.0 | 0.0
2017-05-18,31.0,17.0,44.0,14.0,29.85,0.0,31 | 87.8,17 | 62.6,44,14 | 8.7,29.85 | 1011,0.0 | 0.0
2017-05-19,31.0,17.0,46.0,15.0,29.91,1.8,31 | 87.8,17 | 62.6,46,15 | 9.32,29.91 | 1013,1.8 | 0.07
2017-05-20,31.0,15.0,39.0,18.0,29.91,0.0,31 | 87.8,15 | 59.0,39,18 | 11.18,29.91 | 1013,0.0 | 0.0
2017-05-21,31.0,15.0,41.0,17.0,29.85,0.0,31 | 87.8,15 | 59.0,41,17 | 10.56,29.85 | 1011,0.0 | 0.0
2017-05-22,32.0,15.0,39.0,17.0,29.83,0.0,32 | 89.6,15 | 59.0,39,17 | 10.56,29.83 | 1010,0.0 | 0.0
2017-05-23,31.0,16.0,42.0,20.0,29.85,0.0,31 | 87.8,16 | 60.8,42,20 | 12.43,29.85 | 1011,0.0 | 0.0
2017-05-24,31.0,15.0,42.0,16.0,29.85,0.2,31 | 87.8,15 | 59.0,42,16 | 9.94,29.85 | 1011,0.2 | 0.01
2017-05-25,32.0,16.0,41.0,14.0,29.83,0.1,32 | 89.6,16 | 60.8,41,14 | 8.7,29.83 | 1010,0.1 | 0.0
2017-05-26,32.0,15.0,39.0,12.0,29.83,0.2,32 | 89.6,15 | 59.0,39,12 | 7.46,29.83 | 1010,0.2 | 0.01
2017-05-27,33.0,15.0,38.0,9.0,29.83,0.1,33 | 91.4,15 | 59.0,38,9 | 5.59,29.83 | 1010,0.1 | 0.0
2017-05-28,32.0,17.0,42.0,11.0,29.88,0.9,32 | 89.6,17 | 62.6,42,11 | 6.84,29.88 | 1012,0.9 | 0.04
2017-05-29,30.0,18.0,50.0,11.0,29.91,4.1,30 | 86.0,18 | 64.4,50,11 | 6.84,29.91 | 1013,4.1 | 0.16
2017-05-30,28.0,19.0,58.0,7.0,29.94,11.1,28 | 82.4,19 | 66.2,58,7 | 4.35,29.94 | 1014,11.1 | 0.44
2017-05-31,30.0,17.0,48.0,7.0,29.94,0.0,30 | 86.0,17 | 62.6,48,7 | 4.35,29.94 | 1014,0.0 | 0.0
2017-06-01,31.0,16.0,43.0,9.0,29.91,0.0,31 | 87.8,16 | 60.8,43,9 | 5.59,29.91 | 1013,0.0 | 0.0
2017-06-02,31.0,16.0,43.0,10.0,29.88,0.2,31 | 87.8,16 | 60.8,43,10 | 6.21,29.88 | 1012,0.2 | 0.01
2017-06-03,31.0,16.0,41.0,12.0,29.88,0.0,31 | 87.8,16 | 60.8,41,12 | 7.46,29.88 | 1012,0.0 | 0.0
2017-06-04,31.0,16.0,42.0,13.0,29.88,0.0,31 | 87.8,16 | 60.8,42,13 | 8.08,29.88 | 1012,0.0 | 0.0
2017-06-05,31.0,16.0,42.0,13.0,29.88,0.0,31 | 87.8,16 | 60.8,42,13 | 8.08,29.88 | 1012,0.0 | 0.0
2017-06-06,31.0,15.0,41.0,17.0,29.85,0.0,31 | 87.8,15 | 59.0,41,17 | 10.56,29.85 | 1011,0.0 | 0.0
2017-06-07,31.0,16.0,44.0,15.0,29.85,0.0,31 | 87.8,16 | 60.8,44,15 | 9.32,29.85 | 1011,0.0 | 0.0
2017-06-08,31.0,16.0,42.0,13.0,29.85,0.0,31 | 87.8,16 | 60.8,42,13 | 8.08,29.85 | 1011,0.0 | 0.0
2017-06-09,31.0,15.0,41.0,11.0,29.85,0.6,31 | 87.8,15 | 59.0,41,11 | 6.84,29.85 | 1011,0.6 | 0.02
2017-06-10,31.0,15.0,40.0,18.0,29.85,0.0,31 | 87.8,15 | 59.0,40,18 | 11.18,29.85 | 1011,0.0 | 0.0
2017-06-11,31.0,14.0,38.0,17.0,29.85,0.0,31 | 87.8,14 | 57.2,38,17 | 10.56,29.85 | 1011,0.0 | 0.0
2017-06-12,31.0,14.0,38.0,17.0,29.83,0.0,31 | 87.8,14 | 57.2,38,17 | 10.56,29.83 | 1010,0.0 | 0.0
2017-06-13,31.0,16.0,43.0,18.0,29.83,0.0,31 | 87.8,16 | 60.8,43,18 | 11.18,29.83 | 1010,0.0 | 0.0
2017-06-14,29.0,15.0,44.0,18.0,29.85,0.0,29 | 84.2,15 | 59.0,44,18 | 11.18,29.85 | 1011,0.0 | 0.0
2017-06-15,30.0,16.0,45.0,10.0,29.88,0.0,30 | 86.0,16 | 60.8,45,10 | 6.21,29.88 | 1012,0.0 | 0.0
2017-06-16,31.0,15.0,40.0,13.0,29.88,0.0,31 | 87.8,15 | 59.0,40,13 | 8.08,29.88 | 1012,0.0 | 0.0
2017-06-17,31.0,14.0,38.0,17.0,29.83,0.0,31 | 87.8,14 | 57.2,38,17 | 10.56,29.83 | 1010,0.0 | 0.0
2017-06-18,30.0,13.0,37.0,16.0,29.83,0.0,30 | 86.0,13 | 55.4,37,16 | 9.94,29.83 | 1010,0.0 | 0.0
2017-06-19,30.0,14.0,39.0,18.0,29.85,0.0,30 | 86.0,14 | 57.2,39,18 | 11.18,29.85 | 1011,0.0 | 0.0
2017-06-20,30.0,14.0,40.0,16.0,29.88,0.0,30 | 86.0,14 | 57.2,40,16 | 9.94,29.88 | 1012,0.0 | 0.0
2017-06-21,31.0,14.0,40.0,13.0,29.85,0.0,31 | 87.8,14 | 57.2,40,13 | 8.08,29.85 | 1011,0.0 | 0.0
2017-06-22,31.0,14.0,39.0,15.0,29.85,0.0,31 | 87.8,14 | 57.2,39,15 | 9.32,29.85 | 1011,0.0 | 0.0
2017-06-23,31.0,15.0,40.0,17.0,29.88,0.0,31 | 87.8,15 | 59.0,40,17 | 10.56,29.88 | 1012,0.0 | 0.0
2017-06-24,30.0,13.0,38.0,18.0,29.88,0.0,30 | 86.0,13 | 55.4,38,18 | 11.18,29.88 | 1012,0.0 | 0.0
2017-06-25,30.0,16.0,45.0,17.0,29.88,0.0,30 | 86.0,16 | 60.8,45,17 | 10.56,29.88 | 1012,0.0 | 0.0
2017-06-26,31.0,15.0,41.0,14.0,29.85,0.4,31 | 87.8,15 | 59.0,41,14 | 8.7,29.85 | 1011,0.4 | 0.02
2017-06-27,30.0,15.0,42.0,19.0,29.85,0.0,30 | 86.0,15 | 59.0,42,19 | 11.81,29.85 | 1011,0.0 | 0.0
2017-06-28,30.0,14.0,40.0,18.0,29.85,0.0,30 | 86.0,14 | 57.2,40,18 | 11.18,29.85 | 1011,0.0 | 0.0
2017-06-29,30.0,14.0,41.0,16.0,29.91,0.0,30 | 86.0,14 | 57.2,41,16 | 9.94,29.91 | 1013,0.0 | 0.0
2017-06-30,30.0,14.0,41.0,11.0,29.88,0.0,30 | 86.0,14 | 57.2,41,11 | 6.84,29.88 | 1012,0.0 | 0.0
2017-07-01,30.0,15.0,42.0,13.0,29.85,0.2,30 | 86.0,15 | 59.0,42,13 | 8.08,29.85 | 1011,0.2 | 0.01
2017-07-02,30.0,14.0,40.0,11.0,29.85,0.0,30 | 86.0,14 | 57.2,40,11 | 6.84,29.85 | 1011,0.0 | 0.0
2017-07-03,30.0,15.0,42.0,11.0,29.88,0.1,30 | 86.0,15 | 59.0,42,11 | 6.84,29.88 | 1012,0.1 | 0.0
2017-07-04,30.0,16.0,45.0,11.0,29.91,1.9,30 | 86.0,16 | 60.8,45,11 | 6.84,29.91 | 1013,1.9 | 0.07
2017-07-05,30.0,15.0,44.0,12.0,29.91,0.0,30 | 86.0,15 | 59.0,44,12 | 7.46,29.91 | 1013,0.0 | 0.0
2017-07-06,30.0,14.0,41.0,13.0,29.91,0.0,30 | 86.0,14 | 57.2,41,13 | 8.08,29.91 | 1013,0.0 | 0.0
2017-07-07,30.0,14.0,40.0,13.0,29.91,0.2,30 | 86.0,14 | 57.2,40,13 | 8.08,29.91 | 1013,0.2 | 0.01
2017-07-08,30.0,14.0,39.0,12.0,29.91,0.1,30 | 86.0,14 | 57.2,39,12 | 7.46,29.91 | 1013,0.1 | 0.0
2017-07-09,29.0,14.0,41.0,12.0,29.91,0.2,29 | 84.2,14 | 57.2,41,12 | 7.46,29.91 | 1013,0.2 | 0.01
2017-07-10,30.0,14.0,39.0,11.0,29.88,0.2,30 | 86.0,14 | 57.2,39,11 | 6.84,29.88 | 1012,0.2 | 0.01
2017-07-11,30.0,14.0,39.0,11.0,29.91,0.0,30 | 86.0,14 | 57.2,39,11 | 6.84,29.91 | 1013,0.0 | 0.0
2017-07-12,30.0,15.0,43.0,7.0,29.91,4.0,30 | 86.0,15 | 59.0,43,7 | 4.35,29.91 | 1013,4.0 | 0.16
2017-07-13,29.0,17.0,52.0,11.0,29.91,4.4,29 | 84.2,17 | 62.6,52,11 | 6.84,29.91 | 1013,4.4 | 0.17
2017-07-14,29.0,17.0,53.0,6.0,29.91,5.8,29 | 84.2,17 | 62.6,53,6 | 3.73,29.91 | 1013,5.8 | 0.23
2017-07-15,30.0,16.0,48.0,9.0,29.88,3.4,30 | 86.0,16 | 60.8,48,9 | 5.59,29.88 | 1012,3.4 | 0.13
2017-07-16,30.0,15.0,43.0,11.0,29.88,0.0,30 | 86.0,15 | 59.0,43,11 | 6.84,29.88 | 1012,0.0 | 0.0
2017-07-17,30.0,15.0,42.0,9.0,29.91,0.1,30 | 86.0,15 | 59.0,42,9 | 5.59,29.91 | 1013,0.1 | 0.0
2017-07-18,30.0,15.0,43.0,11.0,29.94,0.0,30 | 86.0,15 | 59.0,43,11 | 6.84,29.94 | 1014,0.0 | 0.0
2017-07-19,31.0,15.0,40.0,9.0,29.91,0.0,31 | 87.8,15 | 59.0,40,9 | 5.59,29.91 | 1013,0.0 | 0.0
2017-07-20,31.0,15.0,39.0,11.0,29.88,0.0,31 | 87.8,15 | 59.0,39,11 | 6.84,29.88 | 1012,0.0 | 0.0
2017-07-21,31.0,16.0,40.0,10.0,29.85,0.0,31 | 87.8,16 | 60.8,40,10 | 6.21,29.85 | 1011,0.0 | 0.0
2017-07-22,31.0,16.0,41.0,13.0,29.85,0.0,31 | 87.8,16 | 60.8,41,13 | 8.08,29.85 | 1011,0.0 | 0.0
2017-07-23,31.0,16.0,41.0,13.0,29.85,0.0,31 | 87.8,16 | 60.8,41,13 | 8.08,29.85 | 1011,0.0 | 0.0
2017-07-24,31.0,16.0,42.0,14.0,29.85,0.0,31 | 87.8,16 | 60.8,42,14 | 8.7,29.85 | 1011,0.0 | 0.0
2017-07-25,31.0,15.0,39.0,15.0,29.88,0.0,31 | 87.8,15 | 59.0,39,15 | 9.32,29.88 | 1012,0.0 | 0.0
2017-07-26,30.0,16.0,43.0,12.0,29.88,3.9,30 | 86.0,16 | 60.8,43,12 | 7.46,29.88 | 1012,3.9 | 0.15
2017-07-27,30.0,17.0,49.0,9.0,29.88,16.5,30 | 86.0,17 | 62.6,49,9 | 5.59,29.88 | 1012,16.5 | 0.65
2017-07-28,30.0,16.0,43.0,16.0,29.91,0.0,30 | 86.0,16 | 60.8,43,16 | 9.94,29.91 | 1013,0.0 | 0.0
2017-07-29,31.0,14.0,38.0,14.0,29.88,0.0,31 | 87.8,14 | 57.2,38,14 | 8.7,29.88 | 1012,0.0 | 0.0
2017-07-30,31.0,14.0,36.0,14.0,29.85,0.0,31 | 87.8,14 | 57.2,36,14 | 8.7,29.85 | 1011,0.0 | 0.0
2017-07-31,31.0,15.0,39.0,19.0,29.85,0.0,31 | 87.8,15 | 59.0,39,19 | 11.81,29.85 | 1011,0.0 | 0.0
2017-08-01,30.0,16.0,44.0,18.0,29.94,0.0,30 | 86.0,16 | 60.8,44,18 | 11.18,29.94 | 1014,0.0 | 0.0
2017-08-02,30.0,15.0,39.0,17.0,29.94,0.0,30 | 86.0,15 | 59.0,39,17 | 10.56,29.94 | 1014,0.0 | 0.0
2017-08-03,31.0,15.0,39.0,20.0,29.91,0.0,31 | 87.8,15 | 59.0,39,20 | 12.43,29.91 | 1013,0.0 | 0.0
2017-08-04,30.0,16.0,43.0,20.0,29.88,0.0,30 | 86.0,16 | 60.8,43,20 | 12.43,29.88 | 1012,0.0 | 0.0
2017-08-05,30.0,16.0,42.0,18.0,29.88,0.0,30 | 86.0,16 | 60.8,42,18 | 11.18,29.88 | 1012,0.0 | 0.0
2017-08-06,31.0,16.0,40.0,14.0,29.85,0.0,31 | 87.8,16 | 60.8,40,14 | 8.7,29.85 | 1011,0.0 | 0.0
2017-08-07,30.0,16.0,41.0,15.0,29.85,0.1,30 | 86.0,16 | 60.8,41,15 | 9.32,29.85 | 1011,0.1 | 0.0
2017-08-08,30.0,16.0,42.0,14.0,29.88,1.7,30 | 86.0,16 | 60.8,42,14 | 8.7,29.88 | 1012,1.7 | 0.07
2017-08-09,31.0,15.0,39.0,10.0,29.88,0.0,31 | 87.8,15 | 59.0,39,10 | 6.21,29.88 | 1012,0.0 | 0.0
2017-08-10,31.0,15.0,38.0,13.0,29.85,0.0,31 | 87.8,15 | 59.0,38,13 | 8.08,29.85 | 1011,0.0 | 0.0
2017-08-11,31.0,14.0,36.0,9.0,29.88,0.0,31 | 87.8,14 | 57.2,36,9 | 5.59,29.88 | 1012,0.0 | 0.0
2017-08-12,31.0,14.0,37.0,14.0,29.88,0.0,31 | 87.8,14 | 57.2,37,14 | 8.7,29.88 | 1012,0.0 | 0.0
2017-08-13,31.0,14.0,35.0,12.0,29.85,0.0,31 | 87.8,14 | 57.2,35,12 | 7.46,29.85 | 1011,0.0 | 0.0
2017-08-14,31.0,15.0,38.0,19.0,29.85,0.0,31 | 87.8,15 | 59.0,38,19 | 11.81,29.85 | 1011,0.0 | 0.0
2017-08-15,31.0,15.0,40.0,21.0,29.85,0.0,31 | 87.8,15 | 59.0,40,21 | 13.05,29.85 | 1011,0.0 | 0.0
2017-08-16,31.0,15.0,40.0,23.0,29.83,0.0,31 | 87.8,15 | 59.0,40,23 | 14.29,29.83 | 1010,0.0 | 0.0
2017-08-17,31.0,14.0,37.0,16.0,29.83,0.0,31 | 87.8,14 | 57.2,37,16 | 9.94,29.83 | 1010,0.0 | 0.0
2017-08-18,32.0,13.0,32.0,12.0,29.83,0.0,32 | 89.6,13 | 55.4,32,12 | 7.46,29.83 | 1010,0.0 | 0.0
2017-08-19,33.0,13.0,32.0,19.0,29.83,0.0,33 | 91.4,13 | 55.4,32,19 | 11.81,29.83 | 1010,0.0 | 0.0
2017-08-20,31.0,15.0,37.0,22.0,29.85,0.0,31 | 87.8,15 | 59.0,37,22 | 13.67,29.85 | 1011,0.0 | 0.0
2017-08-21,31.0,15.0,39.0,20.0,29.83,0.0,31 | 87.8,15 | 59.0,39,20 | 12.43,29.83 | 1010,0.0 | 0.0
2017-08-22,31.0,15.0,38.0,17.0,29.8,0.0,31 | 87.8,15 | 59.0,38,17 | 10.56,29.8 | 1009,0.0 | 0.0
2017-08-23,32.0,15.0,36.0,10.0,29.8,0.0,32 | 89.6,15 | 59.0,36,10 | 6.21,29.8 | 1009,0.0 | 0.0
2017-08-24,32.0,15.0,36.0,12.0,29.8,0.0,32 | 89.6,15 | 59.0,36,12 | 7.46,29.8 | 1009,0.0 | 0.0
2017-08-25,33.0,14.0,33.0,20.0,29.8,0.0,33 | 91.4,14 | 57.2,33,20 | 12.43,29.8 | 1009,0.0 | 0.0
2017-08-26,32.0,13.0,33.0,16.0,29.8,0.0,32 | 89.6,13 | 55.4,33,16 | 9.94,29.8 | 1009,0.0 | 0.0
2017-08-27,32.0,12.0,30.0,14.0,29.8,0.0,32 | 89.6,12 | 53.6,30,14 | 8.7,29.8 | 1009,0.0 | 0.0
2017-08-28,31.0,15.0,38.0,19.0,29.8,0.0,31 | 87.8,15 | 59.0,38,19 | 11.81,29.8 | 1009,0.0 | 0.0
2017-08-29,31.0,15.0,38.0,15.0,29.83,0.0,31 | 87.8,15 | 59.0,38,15 | 9.32,29.83 | 1010,0.0 | 0.0
2017-08-30,29.0,17.0,47.0,15.0,29.85,6.2,29 | 84.2,17 | 62.6,47,15 | 9.32,29.85 | 1011,6.2 | 0.24
2017-08-31,30.0,17.0,45.0,8.0,29.85,1.1,30 | 86.0,17 | 62.6,45,8 | 4.97,29.85 | 1011,1.1 | 0.04
2017-09-01,30.0,17.0,48.0,11.0,29.85,10.3,30 | 86.0,17 | 62.6,48,11 | 6.84,29.85 | 1011,10.3 | 0.41
2017-09-02,31.0,16.0,42.0,9.0,29.85,0.0,31 | 87.8,16 | 60.8,42,9 | 5.59,29.85 | 1011,0.0 | 0.0
2017-09-03,31.0,15.0,38.0,13.0,29.83,0.0,31 | 87.8,15 | 59.0,38,13 | 8.08,29.83 | 1010,0.0 | 0.0
2017-09-04,31.0,15.0,38.0,10.0,29.88,0.0,31 | 87.8,15 | 59.0,38,10 | 6.21,29.88 | 1012,0.0 | 0.0
2017-09-05,31.0,15.0,39.0,14.0,29.91,0.0,31 | 87.8,15 | 59.0,39,14 | 8.7,29.91 | 1013,0.0 | 0.0
2017-09-06,31.0,14.0,36.0,13.0,29.88,0.0,31 | 87.8,14 | 57.2,36,13 | 8.08,29.88 | 1012,0.0 | 0.0
2017-09-07,32.0,14.0,34.0,13.0,29.85,0.0,32 | 89.6,14 | 57.2,34,13 | 8.08,29.85 | 1011,0.0 | 0.0
2017-09-08,32.0,15.0,37.0,19.0,29.83,0.0,32 | 89.6,15 | 59.0,37,19 | 11.81,29.83 | 1010,0.0 | 0.0
2017-09-09,31.0,15.0,39.0,22.0,29.83,0.0,31 | 87.8,15 | 59.0,39,22 | 13.67,29.83 | 1010,0.0 | 0.0
2017-09-10,31.0,16.0,41.0,18.0,29.83,0.0,31 | 87.8,16 | 60.8,41,18 | 11.18,29.83 | 1010,0.0 | 0.0
2017-09-11,31.0,14.0,36.0,15.0,29.83,0.0,31 | 87.8,14 | 57.2,36,15 | 9.32,29.83 | 1010,0.0 | 0.0
2017-09-12,32.0,14.0,35.0,16.0,29.8,0.0,32 | 89.6,14 | 57.2,35,16 | 9.94,29.8 | 1009,0.0 | 0.0
2017-09-13,32.0,14.0,36.0,19.0,29.8,0.0,32 | 89.6,14 | 57.2,36,19 | 11.81,29.8 | 1009,0.0 | 0.0
2017-09-14,31.0,15.0,38.0,20.0,29.83,0.0,31 | 87.8,15 | 59.0,38,20 | 12.43,29.83 | 1010,0.0 | 0.0
2017-09-15,32.0,14.0,36.0,12.0,29.85,0.0,32 | 89.6,14 | 57.2,36,12 | 7.46,29.85 | 1011,0.0 | 0.0
2017-09-16,32.0,15.0,37.0,9.0,29.83,0.0,32 | 89.6,15 | 59.0,37,9 | 5.59,29.83 | 1010,0.0 | 0.0
2017-09-17,33.0,14.0,33.0,12.0,29.83,0.0,33 | 91.4,14 | 57.2,33,12 | 7.46,29.83 | 1010,0.0 | 0.0
2017-09-18,33.0,13.0,31.0,9.0,29.85,0.0,33 | 91.4,13 | 55.4,31,9 | 5.59,29.85 | 1011,0.0 | 0.0
2017-09-19,33.0,13.0,32.0,14.0,29.88,0.0,33 | 91.4,13 | 55.4,32,14 | 8.7,29.88 | 1012,0.0 | 0.0
2017-09-20,33.0,15.0,35.0,21.0,29.85,0.0,33 | 91.4,15 | 59.0,35,21 | 13.05,29.85 | 1011,0.0 | 0.0
2017-09-21,32.0,15.0,37.0,23.0,29.83,0.0,32 | 89.6,15 | 59.0,37,23 | 14.29,29.83 | 1010,0.0 | 0.0
2017-09-22,31.0,16.0,40.0,20.0,29.83,0.0,31 | 87.8,16 | 60.8,40,20 | 12.43,29.83 | 1010,0.0 | 0.0
2017-09-23,32.0,13.0,33.0,13.0,29.85,0.0,32 | 89.6,13 | 55.4,33,13 | 8.08,29.85 | 1011,0.0 | 0.0
2017-09-24,32.0,11.0,29.0,17.0,29.85,0.0,32 | 89.6,11 | 51.8,29,17 | 10.56,29.85 | 1011,0.0 | 0.0
2017-09-25,32.0,13.0,33.0,20.0,29.8,0.0,32 | 89.6,13 | 55.4,33,20 | 12.43,29.8 | 1009,0.0 | 0.0
2017-09-26,32.0,13.0,32.0,16.0,29.8,0.0,32 | 89.6,13 | 55.4,32,16 | 9.94,29.8 | 1009,0.0 | 0.0
2017-09-27,33.0,13.0,30.0,18.0,29.83,0.0,33 | 91.4,13 | 55.4,30,18 | 11.18,29.83 | 1010,0.0 | 0.0
2017-09-28,33.0,13.0,30.0,21.0,29.83,0.0,33 | 91.4,13 | 55.4,30,21 | 13.05,29.83 | 1010,0.0 | 0.0
2017-09-29,32.0,14.0,35.0,22.0,29.8,0.0,32 | 89.6,14 | 57.2,35,22 | 13.67,29.8 | 1009,0.0 | 0.0
2017-09-30,32.0,14.0,36.0,22.0,29.83,0.0,32 | 89.6,14 | 57.2,36,22 | 13.67,29.83 | 1010,0.0 | 0.0
2017-10-01,32.0,15.0,38.0,21.0,29.85,0.0,32 | 89.6,15 | 59.0,38,21 | 13.05,29.85 | 1011,0.0 | 0.0
2017-10-02,32.0,14.0,35.0,25.0,29.8,0.0,32 | 89.6,14 | 57.2,35,25 | 15.53,29.8 | 1009,0.0 | 0.0
2017-10-03,33.0,12.0,31.0,20.0,29.8,0.0,33 | 91.4,12 | 53.6,31,20 | 12.43,29.8 | 1009,0.0 | 0.0
2017-10-04,33.0,10.0,26.0,16.0,29.8,0.0,33 | 91.4,10 | 50.0,26,16 | 9.94,29.8 | 1009,0.0 | 0.0
2017-10-05,32.0,12.0,31.0,15.0,29.83,0.0,32 | 89.6,12 | 53.6,31,15 | 9.32,29.83 | 1010,0.0 | 0.0
2017-10-06,30.0,13.0,35.0,10.0,29.77,0.0,30 | 86.0,13 | 55.4,35,10 | 6.21,29.77 | 1008,0.0 | 0.0
2017-10-07,33.0,14.0,33.0,19.0,29.77,0.0,33 | 91.4,14 | 57.2,33,19 | 11.81,29.77 | 1008,0.0 | 0.0
2017-10-08,31.0,14.0,35.0,18.0,29.77,0.0,31 | 87.8,14 | 57.2,35,18 | 11.18,29.77 | 1008,0.0 | 0.0
2017-10-09,33.0,13.0,33.0,16.0,29.74,0.0,33 | 91.4,13 | 55.4,33,16 | 9.94,29.74 | 1007,0.0 | 0.0
2017-10-10,33.0,13.0,32.0,12.0,29.74,0.0,33 | 91.4,13 | 55.4,32,12 | 7.46,29.74 | 1007,0.0 | 0.0
2017-10-11,32.0,16.0,39.0,16.0,29.77,5.7,32 | 89.6,16 | 60.8,39,16 | 9.94,29.77 | 1008,5.7 | 0.22
2017-10-12,30.0,18.0,48.0,8.0,29.83,6.5,30 | 86.0,18 | 64.4,48,8 | 4.97,29.83 | 1010,6.5 | 0.26
2017-10-13,30.0,17.0,46.0,13.0,29.85,4.2,30 | 86.0,17 | 62.6,46,13 | 8.08,29.85 | 1011,4.2 | 0.17
2017-10-14,32.0,17.0,42.0,10.0,29.8,0.3,32 | 89.6,17 | 62.6,42,10 | 6.21,29.8 | 1009,0.3 | 0.01
2017-10-15,32.0,16.0,40.0,10.0,29.83,0.6,32 | 89.6,16 | 60.8,40,10 | 6.21,29.83 | 1010,0.6 | 0.02
2017-10-16,32.0,16.0,40.0,10.0,29.85,0.0,32 | 89.6,16 | 60.8,40,10 | 6.21,29.85 | 1011,0.0 | 0.0
2017-10-17,33.0,16.0,37.0,9.0,29.83,0.0,33 | 91.4,16 | 60.8,37,9 | 5.59,29.83 | 1010,0.0 | 0.0
2017-10-18,34.0,16.0,36.0,10.0,29.8,0.0,34 | 93.2,16 | 60.8,36,10 | 6.21,29.8 | 1009,0.0 | 0.0
2017-10-19,29.0,19.0,52.0,10.0,29.85,18.5,29 | 84.2,19 | 66.2,52,10 | 6.21,29.85 | 1011,18.5 | 0.73
2017-10-20,29.0,19.0,57.0,11.0,29.88,4.0,29 | 84.2,19 | 66.2,57,11 | 6.84,29.88 | 1012,4.0 | 0.16
2017-10-21,30.0,18.0,51.0,14.0,29.88,0.8,30 | 86.0,18 | 64.4,51,14 | 8.7,29.88 | 1012,0.8 | 0.03
2017-10-22,32.0,17.0,42.0,14.0,29.85,0.0,32 | 89.6,17 | 62.6,42,14 | 8.7,29.85 | 1011,0.0 | 0.0
2017-10-23,32.0,15.0,36.0,12.0,29.8,0.0,32 | 89.6,15 | 59.0,36,12 | 7.46,29.8 | 1009,0.0 | 0.0
2017-10-24,32.0,16.0,39.0,13.0,29.8,0.1,32 | 89.6,16 | 60.8,39,13 | 8.08,29.8 | 1009,0.1 | 0.0
2017-10-25,33.0,17.0,41.0,23.0,29.83,0.2,33 | 91.4,17 | 62.6,41,23 | 14.29,29.83 | 1010,0.2 | 0.01
2017-10-26,32.0,17.0,43.0,26.0,29.83,0.6,32 | 89.6,17 | 62.6,43,26 | 16.16,29.83 | 1010,0.6 | 0.02
2017-10-27,33.0,16.0,40.0,27.0,29.8,0.0,33 | 91.4,16 | 60.8,40,27 | 16.78,29.8 | 1009,0.0 | 0.0
2017-10-28,32.0,16.0,41.0,26.0,29.8,0.0,32 | 89.6,16 | 60.8,41,26 | 16.16,29.8 | 1009,0.0 | 0.0
2017-10-29,32.0,17.0,42.0,26.0,29.8,0.1,32 | 89.6,17 | 62.6,42,26 | 16.16,29.8 | 1009,0.1 | 0.0
2017-10-30,31.0,16.0,42.0,24.0,29.83,0.2,31 | 87.8,16 | 60.8,42,24 | 14.91,29.83 | 1010,0.2 | 0.01
2017-10-31,31.0,16.0,42.0,21.0,29.85,0.1,31 | 87.8,16 | 60.8,42,21 | 13.05,29.85 | 1011,0.1 | 0.0
2017-11-01,32.0,15.0,39.0,17.0,29.83,0.0,32 | 89.6,15 | 59.0,39,17 | 10.56,29.83 | 1010,0.0 | 0.0
2017-11-02,31.0,17.0,43.0,23.0,29.83,0.0,31 | 87.8,17 | 62.6,43,23 | 14.29,29.83 | 1010,0.0 | 0.0
2017-11-03,31.0,16.0,43.0,21.0,29.8,0.0,31 | 87.8,16 | 60.8,43,21 | 13.05,29.8 | 1009,0.0 | 0.0
2017-11-04,32.0,16.0,41.0,15.0,29.8,0.0,32 | 89.6,16 | 60.8,41,15 | 9.32,29.8 | 1009,0.0 | 0.0
2017-11-05,27.0,18.0,58.0,12.0,29.85,31.9,27 | 80.6,18 | 64.4,58,12 | 7.46,29.85 | 1011,31.9 | 1.26
2017-11-06,28.0,18.0,56.0,6.0,29.83,8.0,28 | 82.4,18 | 64.4,56,6 | 3.73,29.83 | 1010,8.0 | 0.31
2017-11-07,29.0,18.0,52.0,14.0,29.83,11.6,29 | 84.2,18 | 64.4,52,14 | 8.7,29.83 | 1010,11.6 | 0.46
2017-11-08,31.0,17.0,48.0,13.0,29.83,1.2,31 | 87.8,17 | 62.6,48,13 | 8.08,29.83 | 1010,1.2 | 0.05
2017-11-09,31.0,17.0,46.0,16.0,29.8,1.0,31 | 87.8,17 | 62.6,46,16 | 9.94,29.8 | 1009,1.0 | 0.04
2017-11-10,32.0,17.0,43.0,19.0,29.8,0.0,32 | 89.6,17 | 62.6,43,19 | 11.81,29.8 | 1009,0.0 | 0.0
2017-11-11,32.0,17.0,44.0,22.0,29.8,0.1,32 | 89.6,17 | 62.6,44,22 | 13.67,29.8 | 1009,0.1 | 0.0
2017-11-12,31.0,17.0,46.0,26.0,29.8,0.0,31 | 87.8,17 | 62.6,46,26 | 16.16,29.8 | 1009,0.0 | 0.0
2017-11-13,31.0,17.0,45.0,22.0,29.83,1.2,31 | 87.8,17 | 62.6,45,22 | 13.67,29.83 | 1010,1.2 | 0.05
2017-11-14,32.0,16.0,42.0,23.0,29.8,0.0,32 | 89.6,16 | 60.8,42,23 | 14.29,29.8 | 1009,0.0 | 0.0
2017-11-15,31.0,16.0,41.0,23.0,29.8,0.0,31 | 87.8,16 | 60.8,41,23 | 14.29,29.8 | 1009,0.0 | 0.0
2017-11-16,32.0,15.0,39.0,22.0,29.8,0.0,32 | 89.6,15 | 59.0,39,22 | 13.67,29.8 | 1009,0.0 | 0.0
2017-11-17,32.0,15.0,39.0,21.0,29.8,0.0,32 | 89.6,15 | 59.0,39,21 | 13.05,29.8 | 1009,0.0 | 0.0
2017-11-18,32.0,14.0,37.0,20.0,29.8,0.0,32 | 89.6,14 | 57.2,37,20 | 12.43,29.8 | 1009,0.0 | 0.0
2017-11-19,32.0,14.0,36.0,21.0,29.83,0.0,32 | 89.6,14 | 57.2,36,21 | 13.05,29.83 | 1010,0.0 | 0.0
2017-11-20,32.0,12.0,33.0,17.0,29.85,0.0,32 | 89.6,12 | 53.6,33,17 | 10.56,29.85 | 1011,0.0 | 0.0
2017-11-21,31.0,11.0,32.0,10.0,29.83,0.0,31 | 87.8,11 | 51.8,32,10 | 6.21,29.83 | 1010,0.0 | 0.0
2017-11-22,32.0,12.0,31.0,9.0,29.77,0.0,32 | 89.6,12 | 53.6,31,9 | 5.59,29.77 | 1008,0.0 | 0.0
2017-11-23,32.0,15.0,37.0,13.0,29.77,0.0,32 | 89.6,15 | 59.0,37,13 | 8.08,29.77 | 1008,0.0 | 0.0
2017-11-24,32.0,17.0,42.0,16.0,29.77,1.5,32 | 89.6,17 | 62.6,42,16 | 9.94,29.77 | 1008,1.5 | 0.06
2017-11-25,32.0,16.0,42.0,19.0,29.83,1.2,32 | 89.6,16 | 60.8,42,19 | 11.81,29.83 | 1010,1.2 | 0.05
2017-11-26,32.0,15.0,39.0,21.0,29.88,0.0,32 | 89.6,15 | 59.0,39,21 | 13.05,29.88 | 1012,0.0 | 0.0
2017-11-27,32.0,15.0,38.0,17.0,29.85,0.0,32 | 89.6,15 | 59.0,38,17 | 10.56,29.85 | 1011,0.0 | 0.0
2017-11-28,32.0,16.0,40.0,21.0,29.85,0.0,32 | 89.6,16 | 60.8,40,21 | 13.05,29.85 | 1011,0.0 | 0.0
2017-11-29,32.0,15.0,39.0,18.0,29.85,0.1,32 | 89.6,15 | 59.0,39,18 | 11.18,29.85 | 1011,0.1 | 0.0
2017-11-30,32.0,16.0,40.0,21.0,29.85,0.0,32 | 89.6,16 | 60.8,40,21 | 13.05,29.85 | 1011,0.0 | 0.0
2017-12-01,32.0,15.0,39.0,13.0,29.85,0.0,32 | 89.6,15 | 59.0,39,13 | 8.08,29.85 | 1011,0.0 | 0.0
2017-12-02,32.0,14.0,36.0,15.0,29.83,0.0,32 | 89.6,14 | 57.2,36,15 | 9.32,29.83 | 1010,0.0 | 0.0
2017-12-03,32.0,13.0,33.0,14.0,29.83,0.0,32 | 89.6,13 | 55.4,33,14 | 8.7,29.83 | 1010,0.0 | 0.0
2017-12-04,32.0,13.0,33.0,15.0,29.83,0.0,32 | 89.6,13 | 55.4,33,15 | 9.32,29.83 | 1010,0.0 | 0.0
2017-12-05,32.0,14.0,36.0,16.0,29.83,0.0,32 | 89.6,14 | 57.2,36,16 | 9.94,29.83 | 1010,0.0 | 0.0
2017-12-06,32.0,13.0,35.0,14.0,29.8,0.0,32 | 89.6,13 | 55.4,35,14 | 8.7,29.8 | 1009,0.0 | 0.0
2017-12-07,32.0,13.0,33.0,14.0,29.77,0.0,32 | 89.6,13 | 55.4,33,14 | 8.7,29.77 | 1008,0.0 | 0.0
2017-12-08,33.0,14.0,35.0,20.0,29.77,0.0,33 | 91.4,14 | 57.2,35,20 | 12.43,29.77 | 1008,0.0 | 0.0
2017-12-09,32.0,13.0,33.0,19.0,29.77,0.0,32 | 89.6,13 | 55.4,33,19 | 11.81,29.77 | 1008,0.0 | 0.0
2017-12-10,32.0,11.0,30.0,22.0,29.83,0.0,32 | 89.6,11 | 51.8,30,22 | 13.67,29.83 | 1010,0.0 | 0.0
2017-12-11,32.0,11.0,30.0,18.0,29.85,0.0,32 | 89.6,11 | 51.8,30,18 | 11.18,29.85 | 1011,0.0 | 0.0
2017-12-12,31.0,9.0,29.0,16.0,29.88,0.0,31 | 87.8,9 | 48.2,29,16 | 9.94,29.88 | 1012,0.0 | 0.0
2017-12-13,31.0,6.0,23.0,13.0,29.85,0.0,31 | 87.8,6 | 42.8,23,13 | 8.08,29.85 | 1011,0.0 | 0.0
2017-12-14,32.0,10.0,29.0,9.0,29.85,0.0,32 | 89.6,10 | 50.0,29,9 | 5.59,29.85 | 1011,0.0 | 0.0
2017-12-15,33.0,12.0,30.0,12.0,29.83,0.0,33 | 91.4,12 | 53.6,30,12 | 7.46,29.83 | 1010,0.0 | 0.0
2017-12-16,33.0,15.0,36.0,13.0,29.8,2.6,33 | 91.4,15 | 59.0,36,13 | 8.08,29.8 | 1009,2.6 | 0.1
2017-12-17,33.0,15.0,35.0,22.0,29.8,0.0,33 | 91.4,15 | 59.0,35,22 | 13.67,29.8 | 1009,0.0 | 0.0
2017-12-18,32.0,15.0,39.0,20.0,29.85,0.0,32 | 89.6,15 | 59.0,39,20 | 12.43,29.85 | 1011,0.0 | 0.0
2017-12-19,32.0,14.0,35.0,20.0,29.83,0.0,32 | 89.6,14 | 57.2,35,20 | 12.43,29.83 | 1010,0.0 | 0.0
2017-12-20,31.0,13.0,34.0,19.0,29.85,0.0,31 | 87.8,13 | 55.4,34,19 | 11.81,29.85 | 1011,0.0 | 0.0
2017-12-21,31.0,10.0,30.0,19.0,29.88,0.0,31 | 87.8,10 | 50.0,30,19 | 11.81,29.88 | 1012,0.0 | 0.0
2017-12-22,32.0,9.0,27.0,21.0,29.85,0.0,32 | 89.6,9 | 48.2,27,21 | 13.05,29.85 | 1011,0.0 | 0.0
2017-12-23,31.0,8.0,25.0,16.0,29.83,0.0,31 | 87.8,8 | 46.4,25,16 | 9.94,29.83 | 1010,0.0 | 0.0
2017-12-24,32.0,8.0,25.0,12.0,29.8,0.0,32 | 89.6,8 | 46.4,25,12 | 7.46,29.8 | 1009,0.0 | 0.0
2017-12-25,33.0,7.0,21.0,16.0,29.8,0.0,33 | 91.4,7 | 44.6,21,16 | 9.94,29.8 | 1009,0.0 | 0.0
2017-12-26,33.0,10.0,26.0,18.0,29.8,0.0,33 | 91.4,10 | 50.0,26,18 | 11.18,29.8 | 1009,0.0 | 0.0
2017-12-27,32.0,11.0,29.0,16.0,29.8,0.0,32 | 89.6,11 | 51.8,29,16 | 9.94,29.8 | 1009,0.0 | 0.0
2017-12-28,32.0,11.0,29.0,13.0,29.8,0.0,32 | 89.6,11 | 51.8,29,13 | 8.08,29.8 | 1009,0.0 | 0.0
2017-12-29,32.0,12.0,32.0,15.0,29.83,0.0,32 | 89.6,12 | 53.6,32,15 | 9.32,29.83 | 1010,0.0 | 0.0
2017-12-30,32.0,11.0,30.0,12.0,29.83,0.0,32 | 89.6,11 | 51.8,30,12 | 7.46,29.83 | 1010,0.0 | 0.0
2017-12-31,32.0,10.0,28.0,12.0,29.83,0.0,32 | 89.6,10 | 50.0,28,12 | 7.46,29.83 | 1010,0.0 | 0.0
2018-01-01,32.0,8.0,24.0,7.0,29.8,0.0,32 | 89.6,8 | 46.4,24,7 | 4.35,29.8 | 1009,0.0 | 0.0
2018-01-02,32.0,8.0,24.0,11.0,29.74,0.0,32 | 89.6,8 | 46.4,24,11 | 6.84,29.74 | 1007,0.0 | 0.0
2018-01-03,32.0,7.0,23.0,12.0,29.8,0.0,32 | 89.6,7 | 44.6,23,12 | 7.46,29.8 | 1009,0.0 | 0.0
2018-01-04,32.0,8.0,23.0,14.0,29.8,0.0,32 | 89.6,8 | 46.4,23,14 | 8.7,29.8 | 1009,0.0 | 0.0
2018-01-05,32.0,8.0,23.0,15.0,29.8,0.0,32 | 89.6,8 | 46.4,23,15 | 9.32,29.8 | 1009,0.0 | 0.0
2018-01-06,32.0,7.0,22.0,15.0,29.77,0.0,32 | 89.6,7 | 44.6,22,15 | 9.32,29.77 | 1008,0.0 | 0.0
2018-01-07,32.0,6.0,21.0,11.0,29.8,0.0,32 | 89.6,6 | 42.8,21,11 | 6.84,29.8 | 1009,0.0 | 0.0
2018-01-08,32.0,8.0,23.0,7.0,29.83,0.0,32 | 89.6,8 | 46.4,23,7 | 4.35,29.83 | 1010,0.0 | 0.0
2018-01-09,32.0,8.0,23.0,8.0,29.83,0.0,32 | 89.6,8 | 46.4,23,8 | 4.97,29.83 | 1010,0.0 | 0.0
2018-01-10,32.0,10.0,26.0,10.0,29.83,0.0,32 | 89.6,10 | 50.0,26,10 | 6.21,29.83 | 1010,0.0 | 0.0
2018-01-11,32.0,10.0,27.0,15.0,29.83,0.0,32 | 89.6,10 | 50.0,27,15 | 9.32,29.83 | 1010,0.0 | 0.0
2018-01-12,32.0,11.0,29.0,16.0,29.8,0.0,32 | 89.6,11 | 51.8,29,16 | 9.94,29.8 | 1009,0.0 | 0.0
2018-01-13,31.0,7.0,24.0,19.0,29.83,0.0,31 | 87.8,7 | 44.6,24,19 | 11.81,29.83 | 1010,0.0 | 0.0
2018-01-14,30.0,6.0,23.0,10.0,29.83,0.0,30 | 86.0,6 | 42.8,23,10 | 6.21,29.83 | 1010,0.0 | 0.0
2018-01-15,32.0,4.0,18.0,9.0,29.83,0.0,32 | 89.6,4 | 39.2,18,9 | 5.59,29.83 | 1010,0.0 | 0.0
2018-01-16,32.0,4.0,19.0,8.0,29.83,0.0,32 | 89.6,4 | 39.2,19,8 | 4.97,29.83 | 1010,0.0 | 0.0
2018-01-17,32.0,6.0,21.0,10.0,29.8,0.0,32 | 89.6,6 | 42.8,21,10 | 6.21,29.8 | 1009,0.0 | 0.0
2018-01-18,32.0,10.0,26.0,7.0,29.77,0.0,32 | 89.6,10 | 50.0,26,7 | 4.35,29.77 | 1008,0.0 | 0.0
2018-01-19,32.0,13.0,32.0,10.0,29.77,0.0,32 | 89.6,13 | 55.4,32,10 | 6.21,29.77 | 1008,0.0 | 0.0
2018-01-20,32.0,14.0,34.0,15.0,29.8,0.0,32 | 89.6,14 | 57.2,34,15 | 9.32,29.8 | 1009,0.0 | 0.0
2018-01-21,33.0,10.0,27.0,17.0,29.8,0.0,33 | 91.4,10 | 50.0,27,17 | 10.56,29.8 | 1009,0.0 | 0.0
2018-01-22,32.0,10.0,27.0,16.0,29.8,0.0,32 | 89.6,10 | 50.0,27,16 | 9.94,29.8 | 1009,0.0 | 0.0
2018-01-23,32.0,11.0,29.0,12.0,29.77,0.0,32 | 89.6,11 | 51.8,29,12 | 7.46,29.77 | 1008,0.0 | 0.0
2018-01-24,32.0,12.0,31.0,11.0,29.77,0.0,32 | 89.6,12 | 53.6,31,11 | 6.84,29.77 | 1008,0.0 | 0.0
2018-01-25,32.0,13.0,33.0,12.0,29.77,0.0,32 | 89.6,13 | 55.4,33,12 | 7.46,29.77 | 1008,0.0 | 0.0
2018-01-26,32.0,13.0,32.0,9.0,29.77,0.0,32 | 89.6,13 | 55.4,32,9 | 5.59,29.77 | 1008,0.0 | 0.0
2018-01-27,33.0,13.0,32.0,10.0,29.77,0.0,33 | 91.4,13 | 55.4,32,10 | 6.21,29.77 | 1008,0.0 | 0.0
2018-01-28,32.0,12.0,32.0,15.0,29.77,0.0,32 | 89.6,12 | 53.6,32,15 | 9.32,29.77 | 1008,0.0 | 0.0
2018-01-29,32.0,12.0,32.0,10.0,29.77,0.0,32 | 89.6,12 | 53.6,32,10 | 6.21,29.77 | 1008,0.0 | 0.0
2018-01-30,33.0,11.0,28.0,11.0,29.8,0.0,33 | 91.4,11 | 51.8,28,11 | 6.84,29.8 | 1009,0.0 | 0.0
2018-01-31,34.0,12.0,28.0,15.0,29.77,0.0,34 | 93.2,12 | 53.6,28,15 | 9.32,29.77 | 1008,0.0 | 0.0
2018-02-01,33.0,13.0,32.0,22.0,29.8,0.0,33 | 91.4,13 | 55.4,32,22 | 13.67,29.8 | 1009,0.0 | 0.0
2018-02-02,33.0,13.0,33.0,23.0,29.8,0.0,33 | 91.4,13 | 55.4,33,23 | 14.29,29.8 | 1009,0.0 | 0.0
2018-02-03,32.0,12.0,31.0,17.0,29.83,0.0,32 | 89.6,12 | 53.6,31,17 | 10.56,29.83 | 1010,0.0 | 0.0
2018-02-04,33.0,12.0,31.0,15.0,29.77,0.0,33 | 91.4,12 | 53.6,31,15 | 9.32,29.77 | 1008,0.0 | 0.0
2018-02-05,34.0,12.0,29.0,20.0,29.77,0.0,34 | 93.2,12 | 53.6,29,20 | 12.43,29.77 | 1008,0.0 | 0.0
2018-02-06,34.0,12.0,30.0,21.0,29.77,0.0,34 | 93.2,12 | 53.6,30,21 | 13.05,29.77 | 1008,0.0 | 0.0
2018-02-07,33.0,7.0,23.0,23.0,29.77,0.0,33 | 91.4,7 | 44.6,23,23 | 14.29,29.77 | 1008,0.0 | 0.0
2018-02-08,32.0,6.0,23.0,18.0,29.8,0.0,32 | 89.6,6 | 42.8,23,18 | 11.18,29.8 | 1009,0.0 | 0.0
2018-02-09,32.0,9.0,28.0,14.0,29.8,0.0,32 | 89.6,9 | 48.2,28,14 | 8.7,29.8 | 1009,0.0 | 0.0
2018-02-10,32.0,11.0,29.0,19.0,29.77,0.0,32 | 89.6,11 | 51.8,29,19 | 11.81,29.77 | 1008,0.0 | 0.0
2018-02-11,32.0,14.0,36.0,21.0,29.8,0.0,32 | 89.6,14 | 57.2,36,21 | 13.05,29.8 | 1009,0.0 | 0.0
2018-02-12,33.0,15.0,37.0,23.0,29.83,0.0,33 | 91.4,15 | 59.0,37,23 | 14.29,29.83 | 1010,0.0 | 0.0
2018-02-13,33.0,14.0,34.0,23.0,29.85,0.0,33 | 91.4,14 | 57.2,34,23 | 14.29,29.85 | 1011,0.0 | 0.0
2018-02-14,33.0,15.0,36.0,27.0,29.83,0.0,33 | 91.4,15 | 59.0,36,27 | 16.78,29.83 | 1010,0.0 | 0.0
2018-02-15,32.0,14.0,35.0,26.0,29.85,0.0,32 | 89.6,14 | 57.2,35,26 | 16.16,29.85 | 1011,0.0 | 0.0
2018-02-16,32.0,14.0,35.0,21.0,29.85,0.0,32 | 89.6,14 | 57.2,35,21 | 13.05,29.85 | 1011,0.0 | 0.0
2018-02-17,33.0,14.0,35.0,18.0,29.83,0.0,33 | 91.4,14 | 57.2,35,18 | 11.18,29.83 | 1010,0.0 | 0.0
2018-02-18,33.0,15.0,37.0,21.0,29.77,0.0,33 | 91.4,15 | 59.0,37,21 | 13.05,29.77 | 1008,0.0 | 0.0
2018-02-19,33.0,16.0,39.0,19.0,29.77,0.0,33 | 91.4,16 | 60.8,39,19 | 11.81,29.77 | 1008,0.0 | 0.0
2018-02-20,33.0,15.0,35.0,18.0,29.74,1.5,33 | 91.4,15 | 59.0,35,18 | 11.18,29.74 | 1007,1.5 | 0.06
2018-02-21,33.0,15.0,35.0,15.0,29.74,0.0,33 | 91.4,15 | 59.0,35,15 | 9.32,29.74 | 1007,0.0 | 0.0
2018-02-22,34.0,14.0,32.0,19.0,29.68,0.0,34 | 93.2,14 | 57.2,32,19 | 11.81,29.68 | 1005,0.0 | 0.0
2018-02-23,34.0,15.0,35.0,21.0,29.71,0.0,34 | 93.2,15 | 59.0,35,21 | 13.05,29.71 | 1006,0.0 | 0.0
2018-02-24,34.0,14.0,34.0,16.0,29.74,0.0,34 | 93.2,14 | 57.2,34,16 | 9.94,29.74 | 1007,0.0 | 0.0
2018-02-25,34.0,15.0,36.0,13.0,29.74,0.0,34 | 93.2,15 | 59.0,36,13 | 8.08,29.74 | 1007,0.0 | 0.0
2018-02-26,33.0,15.0,36.0,17.0,29.77,0.1,33 | 91.4,15 | 59.0,36,17 | 10.56,29.77 | 1008,0.1 | 0.0
2018-02-27,34.0,14.0,32.0,11.0,29.74,0.0,34 | 93.2,14 | 57.2,32,11 | 6.84,29.74 | 1007,0.0 | 0.0
2018-02-28,31.0,17.0,43.0,19.0,29.77,4.0,31 | 87.8,17 | 62.6,43,19 | 11.81,29.77 | 1008,4.0 | 0.16
2018-03-01,32.0,15.0,38.0,10.0,29.77,0.0,32 | 89.6,15 | 59.0,38,10 | 6.21,29.77 | 1008,0.0 | 0.0
2018-03-02,31.0,16.0,41.0,8.0,29.77,3.5,31 | 87.8,16 | 60.8,41,8 | 4.97,29.77 | 1008,3.5 | 0.14
2018-03-03,31.0,17.0,47.0,10.0,29.8,2.3,31 | 87.8,17 | 62.6,47,10 | 6.21,29.8 | 1009,2.3 | 0.09
2018-03-04,31.0,16.0,43.0,10.0,29.8,4.8,31 | 87.8,16 | 60.8,43,10 | 6.21,29.8 | 1009,4.8 | 0.19
2018-03-05,31.0,16.0,42.0,14.0,29.83,1.0,31 | 87.8,16 | 60.8,42,14 | 8.7,29.83 | 1010,1.0 | 0.04
2018-03-06,32.0,16.0,39.0,15.0,29.83,0.0,32 | 89.6,16 | 60.8,39,15 | 9.32,29.83 | 1010,0.0 | 0.0
2018-03-07,32.0,15.0,36.0,11.0,29.83,0.0,32 | 89.6,15 | 59.0,36,11 | 6.84,29.83 | 1010,0.0 | 0.0
2018-03-08,33.0,15.0,35.0,9.0,29.83,0.0,33 | 91.4,15 | 59.0,35,9 | 5.59,29.83 | 1010,0.0 | 0.0
2018-03-09,34.0,13.0,31.0,12.0,29.77,0.0,34 | 93.2,13 | 55.4,31,12 | 7.46,29.77 | 1008,0.0 | 0.0
2018-03-10,34.0,10.0,24.0,16.0,29.77,0.0,34 | 93.2,10 | 50.0,24,16 | 9.94,29.77 | 1008,0.0 | 0.0
2018-03-11,34.0,12.0,29.0,11.0,29.77,0.0,34 | 93.2,12 | 53.6,29,11 | 6.84,29.77 | 1008,0.0 | 0.0
2018-03-12,34.0,15.0,33.0,10.0,29.8,0.0,34 | 93.2,15 | 59.0,33,10 | 6.21,29.8 | 1009,0.0 | 0.0
2018-03-13,33.0,15.0,34.0,10.0,29.8,0.2,33 | 91.4,15 | 59.0,34,10 | 6.21,29.8 | 1009,0.2 | 0.01
2018-03-14,32.0,17.0,43.0,9.0,29.8,5.1,32 | 89.6,17 | 62.6,43,9 | 5.59,29.8 | 1009,5.1 | 0.2
2018-03-15,31.0,18.0,48.0,11.0,29.8,16.3,31 | 87.8,18 | 64.4,48,11 | 6.84,29.8 | 1009,16.3 | 0.64
2018-03-16,29.0,18.0,53.0,13.0,29.85,8.3,29 | 84.2,18 | 64.4,53,13 | 8.08,29.85 | 1011,8.3 | 0.33
2018-03-17,30.0,16.0,45.0,10.0,29.8,0.0,30 | 86.0,16 | 60.8,45,10 | 6.21,29.8 | 1009,0.0 | 0.0
2018-03-18,33.0,16.0,38.0,10.0,29.74,0.0,33 | 91.4,16 | 60.8,38,10 | 6.21,29.74 | 1007,0.0 | 0.0
2018-03-19,30.0,18.0,47.0,10.0,29.8,16.0,30 | 86.0,18 | 64.4,47,10 | 6.21,29.8 | 1009,16.0 | 0.63
2018-03-20,31.0,17.0,47.0,18.0,29.83,0.0,31 | 87.8,17 | 62.6,47,18 | 11.18,29.83 | 1010,0.0 | 0.0
2018-03-21,31.0,17.0,44.0,19.0,29.85,0.0,31 | 87.8,17 | 62.6,44,19 | 11.81,29.85 | 1011,0.0 | 0.0
2018-03-22,32.0,16.0,42.0,18.0,29.83,0.0,32 | 89.6,16 | 60.8,42,18 | 11.18,29.83 | 1010,0.0 | 0.0
2018-03-23,32.0,16.0,41.0,18.0,29.8,0.0,32 | 89.6,16 | 60.8,41,18 | 11.18,29.8 | 1009,0.0 | 0.0
2018-03-24,33.0,17.0,40.0,20.0,29.77,0.0,33 | 91.4,17 | 62.6,40,20 | 12.43,29.77 | 1008,0.0 | 0.0
2018-03-25,29.0,18.0,51.0,16.0,29.83,10.8,29 | 84.2,18 | 64.4,51,16 | 9.94,29.83 | 1010,10.8 | 0.43
2018-03-26,31.0,17.0,45.0,18.0,29.83,0.0,31 | 87.8,17 | 62.6,45,18 | 11.18,29.83 | 1010,0.0 | 0.0
2018-03-27,32.0,16.0,42.0,26.0,29.8,0.0,32 | 89.6,16 | 60.8,42,26 | 16.16,29.8 | 1009,0.0 | 0.0
2018-03-28,32.0,16.0,41.0,23.0,29.77,0.0,32 | 89.6,16 | 60.8,41,23 | 14.29,29.77 | 1008,0.0 | 0.0
2018-03-29,32.0,17.0,42.0,21.0,29.83,0.0,32 | 89.6,17 | 62.6,42,21 | 13.05,29.83 | 1010,0.0 | 0.0
2018-03-30,32.0,16.0,40.0,21.0,29.83,0.0,32 | 89.6,16 | 60.8,40,21 | 13.05,29.83 | 1010,0.0 | 0.0
2018-03-31,32.0,16.0,41.0,21.0,29.8,0.0,32 | 89.6,16 | 60.8,41,21 | 13.05,29.8 | 1009,0.0 | 0.0
2018-04-01,33.0,16.0,40.0,18.0,29.74,0.0,33 | 91.4,16 | 60.8,40,18 | 11.18,29.74 | 1007,0.0 | 0.0
2018-04-02,33.0,16.0,39.0,22.0,29.71,0.0,33 | 91.4,16 | 60.8,39,22 | 13.67,29.71 | 1006,0.0 | 0.0
2018-04-03,32.0,17.0,43.0,26.0,29.74,0.0,32 | 89.6,17 | 62.6,43,26 | 16.16,29.74 | 1007,0.0 | 0.0
2018-04-04,32.0,17.0,42.0,20.0,29.77,0.0,32 | 89.6,17 | 62.6,42,20 | 12.43,29.77 | 1008,0.0 | 0.0
2018-04-05,29.0,18.0,50.0,9.0,29.77,3.3,29 | 84.2,18 | 64.4,50,9 | 5.59,29.77 | 1008,3.3 | 0.13
2018-04-06,30.0,18.0,49.0,8.0,29.74,2.9,30 | 86.0,18 | 64.4,49,8 | 4.97,29.74 | 1007,2.9 | 0.11
2018-04-07,31.0,18.0,46.0,13.0,29.77,1.4,31 | 87.8,18 | 64.4,46,13 | 8.08,29.77 | 1008,1.4 | 0.06
2018-04-08,27.0,19.0,61.0,17.0,29.85,13.8,27 | 80.6,19 | 66.2,61,17 | 10.56,29.85 | 1011,13.8 | 0.54
2018-04-09,28.0,18.0,57.0,6.0,29.85,1.3,28 | 82.4,18 | 64.4,57,6 | 3.73,29.85 | 1011,1.3 | 0.05
2018-04-10,31.0,17.0,45.0,5.0,29.77,8.1,31 | 87.8,17 | 62.6,45,5 | 3.11,29.77 | 1008,8.1 | 0.32
2018-04-11,31.0,19.0,51.0,7.0,29.77,17.4,31 | 87.8,19 | 66.2,51,7 | 4.35,29.77 | 1008,17.4 | 0.69
2018-04-12,31.0,18.0,49.0,11.0,29.8,8.8,31 | 87.8,18 | 64.4,49,11 | 6.84,29.8 | 1009,8.8 | 0.35
2018-04-13,32.0,18.0,46.0,11.0,29.8,0.4,32 | 89.6,18 | 64.4,46,11 | 6.84,29.8 | 1009,0.4 | 0.02
2018-04-14,28.0,18.0,56.0,15.0,29.88,37.8,28 | 82.4,18 | 64.4,56,15 | 9.32,29.88 | 1012,37.8 | 1.49
2018-04-15,30.0,17.0,50.0,2.0,29.85,0.0,30 | 86.0,17 | 62.6,50,2 | 1.24,29.85 | 1011,0.0 | 0.0
2018-04-16,29.0,18.0,52.0,5.0,29.88,2.0,29 | 84.2,18 | 64.4,52,5 | 3.11,29.88 | 1012,2.0 | 0.08
2018-04-17,30.0,17.0,48.0,9.0,29.88,0.1,30 | 86.0,17 | 62.6,48,9 | 5.59,29.88 | 1012,0.1 | 0.0
2018-04-18,31.0,17.0,46.0,8.0,29.88,0.0,31 | 87.8,17 | 62.6,46,8 | 4.97,29.88 | 1012,0.0 | 0.0
2018-04-19,26.0,19.0,65.0,10.0,29.91,20.9,26 | 78.8,19 | 66.2,65,10 | 6.21,29.91 | 1013,20.9 | 0.82
2018-04-20,29.0,18.0,53.0,7.0,29.85,0.0,29 | 84.2,18 | 64.4,53,7 | 4.35,29.85 | 1011,0.0 | 0.0
2018-04-21,29.0,19.0,55.0,10.0,29.85,12.0,29 | 84.2,19 | 66.2,55,10 | 6.21,29.85 | 1011,12.0 | 0.47
2018-04-22,28.0,19.0,59.0,8.0,29.85,0.9,28 | 82.4,19 | 66.2,59,8 | 4.97,29.85 | 1011,0.9 | 0.04
2018-04-23,28.0,19.0,58.0,10.0,29.85,5.9,28 | 82.4,19 | 66.2,58,10 | 6.21,29.85 | 1011,5.9 | 0.23
2018-04-24,30.0,19.0,54.0,7.0,29.85,16.9,30 | 86.0,19 | 66.2,54,7 | 4.35,29.85 | 1011,16.9 | 0.67
2018-04-25,31.0,18.0,51.0,17.0,29.83,0.4,31 | 87.8,18 | 64.4,51,17 | 10.56,29.83 | 1010,0.4 | 0.02
2018-04-26,31.0,18.0,48.0,11.0,29.83,0.0,31 | 87.8,18 | 64.4,48,11 | 6.84,29.83 | 1010,0.0 | 0.0
2018-04-27,31.0,19.0,50.0,16.0,29.83,0.2,31 | 87.8,19 | 66.2,50,16 | 9.94,29.83 | 1010,0.2 | 0.01
2018-04-28,30.0,19.0,52.0,11.0,29.85,10.2,30 | 86.0,19 | 66.2,52,11 | 6.84,29.85 | 1011,10.2 | 0.4
2018-04-29,30.0,18.0,50.0,16.0,29.85,4.8,30 | 86.0,18 | 64.4,50,16 | 9.94,29.85 | 1011,4.8 | 0.19
2018-04-30,31.0,18.0,47.0,13.0,29.83,0.0,31 | 87.8,18 | 64.4,47,13 | 8.08,29.83 | 1010,0.0 | 0.0
2018-05-01,31.0,18.0,47.0,12.0,29.85,0.3,31 | 87.8,18 | 64.4,47,12 | 7.46,29.85 | 1011,0.3 | 0.01
2018-05-02,30.0,18.0,48.0,7.0,29.85,6.7,30 | 86.0,18 | 64.4,48,7 | 4.35,29.85 | 1011,6.7 | 0.26
2018-05-03,31.0,17.0,45.0,11.0,29.83,0.0,31 | 87.8,17 | 62.6,45,11 | 6.84,29.83 | 1010,0.0 | 0.0
2018-05-04,31.0,18.0,46.0,17.0,29.83,0.1,31 | 87.8,18 | 64.4,46,17 | 10.56,29.83 | 1010,0.1 | 0.0
2018-05-05,31.0,18.0,47.0,22.0,29.8,0.0,31 | 87.8,18 | 64.4,47,22 | 13.67,29.8 | 1009,0.0 | 0.0
2018-05-06,29.0,18.0,53.0,18.0,29.85,0.3,29 | 84.2,18 | 64.4,53,18 | 11.18,29.85 | 1011,0.3 | 0.01
2018-05-07,31.0,17.0,46.0,11.0,29.85,0.0,31 | 87.8,17 | 62.6,46,11 | 6.84,29.85 | 1011,0.0 | 0.0
2018-05-08,32.0,16.0,42.0,14.0,29.83,0.0,32 | 89.6,16 | 60.8,42,14 | 8.7,29.83 | 1010,0.0 | 0.0
2018-05-09,31.0,16.0,42.0,15.0,29.8,0.0,31 | 87.8,16 | 60.8,42,15 | 9.32,29.8 | 1009,0.0 | 0.0
2018-05-10,32.0,17.0,43.0,20.0,29.83,0.0,32 | 89.6,17 | 62.6,43,20 | 12.43,29.83 | 1010,0.0 | 0.0
2018-05-11,32.0,17.0,44.0,20.0,29.83,0.0,32 | 89.6,17 | 62.6,44,20 | 12.43,29.83 | 1010,0.0 | 0.0
2018-05-12,32.0,17.0,42.0,15.0,29.8,0.0,32 | 89.6,17 | 62.6,42,15 | 9.32,29.8 | 1009,0.0 | 0.0
2018-05-13,33.0,17.0,39.0,12.0,29.8,0.2,33 | 91.4,17 | 62.6,39,12 | 7.46,29.8 | 1009,0.2 | 0.01
2018-05-14,32.0,18.0,43.0,19.0,29.8,0.4,32 | 89.6,18 | 64.4,43,19 | 11.81,29.8 | 1009,0.4 | 0.02
2018-05-15,32.0,17.0,42.0,17.0,29.8,0.4,32 | 89.6,17 | 62.6,42,17 | 10.56,29.8 | 1009,0.4 | 0.02
2018-05-16,30.0,18.0,48.0,13.0,29.83,13.1,30 | 86.0,18 | 64.4,48,13 | 8.08,29.83 | 1010,13.1 | 0.52
2018-05-17,31.0,18.0,47.0,5.0,29.83,6.1,31 | 87.8,18 | 64.4,47,5 | 3.11,29.83 | 1010,6.1 | 0.24
2018-05-18,31.0,17.0,45.0,9.0,29.8,1.1,31 | 87.8,17 | 62.6,45,9 | 5.59,29.8 | 1009,1.1 | 0.04
2018-05-19,31.0,17.0,43.0,10.0,29.8,0.0,31 | 87.8,17 | 62.6,43,10 | 6.21,29.8 | 1009,0.0 | 0.0
2018-05-20,32.0,17.0,42.0,14.0,29.8,0.0,32 | 89.6,17 | 62.6,42,14 | 8.7,29.8 | 1009,0.0 | 0.0
2018-05-21,31.0,18.0,47.0,15.0,29.83,5.2,31 | 87.8,18 | 64.4,47,15 | 9.32,29.83 | 1010,5.2 | 0.2
2018-05-22,27.0,19.0,60.0,9.0,29.91,24.6,27 | 80.6,19 | 66.2,60,9 | 5.59,29.91 | 1013,24.6 | 0.97
2018-05-23,29.0,18.0,55.0,5.0,29.91,2.4,29 | 84.2,18 | 64.4,55,5 | 3.11,29.91 | 1013,2.4 | 0.09
2018-05-24,30.0,18.0,48.0,9.0,29.88,0.0,30 | 86.0,18 | 64.4,48,9 | 5.59,29.88 | 1012,0.0 | 0.0
2018-05-25,31.0,17.0,45.0,11.0,29.83,0.0,31 | 87.8,17 | 62.6,45,11 | 6.84,29.83 | 1010,0.0 | 0.0
2018-05-26,31.0,17.0,45.0,14.0,29.83,0.0,31 | 87.8,17 | 62.6,45,14 | 8.7,29.83 | 1010,0.0 | 0.0
2018-05-27,31.0,17.0,46.0,14.0,29.85,0.0,31 | 87.8,17 | 62.6,46,14 | 8.7,29.85 | 1011,0.0 | 0.0
2018-05-28,31.0,17.0,45.0,14.0,29.88,0.0,31 | 87.8,17 | 62.6,45,14 | 8.7,29.88 | 1012,0.0 | 0.0
2018-05-29,31.0,16.0,42.0,14.0,29.85,0.0,31 | 87.8,16 | 60.8,42,14 | 8.7,29.85 | 1011,0.0 | 0.0
2018-05-30,31.0,16.0,40.0,10.0,29.85,0.0,31 | 87.8,16 | 60.8,40,10 | 6.21,29.85 | 1011,0.0 | 0.0
2018-05-31,32.0,16.0,39.0,9.0,29.85,0.0,32 | 89.6,16 | 60.8,39,9 | 5.59,29.85 | 1011,0.0 | 0.0
2018-06-01,31.0,17.0,45.0,11.0,29.88,0.0,31 | 87.8,17 | 62.6,45,11 | 6.84,29.88 | 1012,0.0 | 0.0
2018-06-02,31.0,18.0,45.0,13.0,29.88,0.0,31 | 87.8,18 | 64.4,45,13 | 8.08,29.88 | 1012,0.0 | 0.0
2018-06-03,31.0,18.0,46.0,15.0,29.85,0.0,31 | 87.8,18 | 64.4,46,15 | 9.32,29.85 | 1011,0.0 | 0.0
2018-06-04,31.0,18.0,47.0,17.0,29.83,0.0,31 | 87.8,18 | 64.4,47,17 | 10.56,29.83 | 1010,0.0 | 0.0
2018-06-05,26.0,19.0,66.0,7.0,29.91,44.9,26 | 78.8,19 | 66.2,66,7 | 4.35,29.91 | 1013,44.9 | 1.77
2018-06-06,25.0,19.0,70.0,8.0,29.94,21.3,25 | 77.0,19 | 66.2,70,8 | 4.97,29.94 | 1014,21.3 | 0.84
2018-06-07,29.0,17.0,53.0,8.0,29.94,0.1,29 | 84.2,17 | 62.6,53,8 | 4.97,29.94 | 1014,0.1 | 0.0
2018-06-08,29.0,17.0,49.0,9.0,29.94,0.0,29 | 84.2,17 | 62.6,49,9 | 5.59,29.94 | 1014,0.0 | 0.0
2018-06-09,30.0,18.0,48.0,10.0,29.91,1.2,30 | 86.0,18 | 64.4,48,10 | 6.21,29.91 | 1013,1.2 | 0.05
2018-06-10,30.0,17.0,45.0,9.0,29.91,1.2,30 | 86.0,17 | 62.6,45,9 | 5.59,29.91 | 1013,1.2 | 0.05
2018-06-11,30.0,16.0,43.0,11.0,29.91,0.0,30 | 86.0,16 | 60.8,43,11 | 6.84,29.91 | 1013,0.0 | 0.0
2018-06-12,31.0,15.0,41.0,11.0,29.94,0.0,31 | 87.8,15 | 59.0,41,11 | 6.84,29.94 | 1014,0.0 | 0.0
2018-06-13,30.0,16.0,43.0,11.0,29.91,0.0,30 | 86.0,16 | 60.8,43,11 | 6.84,29.91 | 1013,0.0 | 0.0
2018-06-14,30.0,17.0,44.0,10.0,29.91,0.0,30 | 86.0,17 | 62.6,44,10 | 6.21,29.91 | 1013,0.0 | 0.0
2018-06-15,31.0,16.0,42.0,9.0,29.91,1.2,31 | 87.8,16 | 60.8,42,9 | 5.59,29.91 | 1013,1.2 | 0.05
2018-06-16,31.0,17.0,42.0,9.0,29.91,0.1,31 | 87.8,17 | 62.6,42,9 | 5.59,29.91 | 1013,0.1 | 0.0
2018-06-17,31.0,17.0,44.0,15.0,29.88,2.7,31 | 87.8,17 | 62.6,44,15 | 9.32,29.88 | 1012,2.7 | 0.11
2018-06-18,30.0,16.0,43.0,17.0,29.85,0.0,30 | 86.0,16 | 60.8,43,17 | 10.56,29.85 | 1011,0.0 | 0.0
2018-06-19,30.0,16.0,43.0,15.0,29.85,0.0,30 | 86.0,16 | 60.8,43,15 | 9.32,29.85 | 1011,0.0 | 0.0
2018-06-20,30.0,15.0,42.0,12.0,29.91,0.5,30 | 86.0,15 | 59.0,42,12 | 7.46,29.91 | 1013,0.5 | 0.02
2018-06-21,30.0,15.0,41.0,12.0,29.94,0.0,30 | 86.0,15 | 59.0,41,12 | 7.46,29.94 | 1014,0.0 | 0.0
2018-06-22,31.0,15.0,40.0,11.0,29.91,0.0,31 | 87.8,15 | 59.0,40,11 | 6.84,29.91 | 1013,0.0 | 0.0
2018-06-23,31.0,16.0,40.0,10.0,29.91,0.0,31 | 87.8,16 | 60.8,40,10 | 6.21,29.91 | 1013,0.0 | 0.0
2018-06-24,30.0,16.0,43.0,8.0,29.88,0.0,30 | 86.0,16 | 60.8,43,8 | 4.97,29.88 | 1012,0.0 | 0.0
2018-06-25,31.0,15.0,41.0,12.0,29.85,0.5,31 | 87.8,15 | 59.0,41,12 | 7.46,29.85 | 1011,0.5 | 0.02
2018-06-26,30.0,15.0,41.0,15.0,29.85,0.0,30 | 86.0,15 | 59.0,41,15 | 9.32,29.85 | 1011,0.0 | 0.0
2018-06-27,30.0,15.0,41.0,15.0,29.85,0.0,30 | 86.0,15 | 59.0,41,15 | 9.32,29.85 | 1011,0.0 | 0.0
2018-06-28,31.0,14.0,38.0,8.0,29.85,0.0,31 | 87.8,14 | 57.2,38,8 | 4.97,29.85 | 1011,0.0 | 0.0
2018-06-29,31.0,15.0,38.0,10.0,29.83,0.0,31 | 87.8,15 | 59.0,38,10 | 6.21,29.83 | 1010,0.0 | 0.0
2018-06-30,31.0,15.0,39.0,16.0,29.83,0.0,31 | 87.8,15 | 59.0,39,16 | 9.94,29.83 | 1010,0.0 | 0.0
2018-07-01,31.0,15.0,39.0,17.0,29.83,0.0,31 | 87.8,15 | 59.0,39,17 | 10.56,29.83 | 1010,0.0 | 0.0
2018-07-02,30.0,15.0,41.0,19.0,29.83,0.0,30 | 86.0,15 | 59.0,41,19 | 11.81,29.83 | 1010,0.0 | 0.0
2018-07-03,30.0,15.0,40.0,19.0,29.85,0.0,30 | 86.0,15 | 59.0,40,19 | 11.81,29.85 | 1011,0.0 | 0.0
2018-07-04,30.0,15.0,44.0,21.0,29.88,0.0,30 | 86.0,15 | 59.0,44,21 | 13.05,29.88 | 1012,0.0 | 0.0
2018-07-05,30.0,14.0,40.0,17.0,29.91,0.0,30 | 86.0,14 | 57.2,40,17 | 10.56,29.91 | 1013,0.0 | 0.0
2018-07-06,30.0,14.0,38.0,11.0,29.91,0.0,30 | 86.0,14 | 57.2,38,11 | 6.84,29.91 | 1013,0.0 | 0.0
2018-07-07,31.0,14.0,37.0,12.0,29.91,0.0,31 | 87.8,14 | 57.2,37,12 | 7.46,29.91 | 1013,0.0 | 0.0
2018-07-08,30.0,14.0,38.0,13.0,29.91,0.0,30 | 86.0,14 | 57.2,38,13 | 8.08,29.91 | 1013,0.0 | 0.0
2018-07-09,31.0,14.0,38.0,12.0,29.91,0.0,31 | 87.8,14 | 57.2,38,12 | 7.46,29.91 | 1013,0.0 | 0.0
2018-07-10,30.0,15.0,39.0,14.0,29.94,0.0,30 | 86.0,15 | 59.0,39,14 | 8.7,29.94 | 1014,0.0 | 0.0
2018-07-11,30.0,15.0,40.0,13.0,29.94,0.0,30 | 86.0,15 | 59.0,40,13 | 8.08,29.94 | 1014,0.0 | 0.0
2018-07-12,30.0,15.0,40.0,13.0,29.94,0.1,30 | 86.0,15 | 59.0,40,13 | 8.08,29.94 | 1014,0.1 | 0.0
2018-07-13,31.0,15.0,39.0,11.0,29.91,0.0,31 | 87.8,15 | 59.0,39,11 | 6.84,29.91 | 1013,0.0 | 0.0
2018-07-14,30.0,15.0,39.0,15.0,29.88,0.0,30 | 86.0,15 | 59.0,39,15 | 9.32,29.88 | 1012,0.0 | 0.0
2018-07-15,31.0,15.0,39.0,16.0,29.88,0.0,31 | 87.8,15 | 59.0,39,16 | 9.94,29.88 | 1012,0.0 | 0.0
2018-07-16,30.0,15.0,39.0,19.0,29.91,0.0,30 | 86.0,15 | 59.0,39,19 | 11.81,29.91 | 1013,0.0 | 0.0
2018-07-17,30.0,14.0,37.0,14.0,29.91,0.0,30 | 86.0,14 | 57.2,37,14 | 8.7,29.91 | 1013,0.0 | 0.0
2018-07-18,31.0,13.0,34.0,11.0,29.88,0.0,31 | 87.8,13 | 55.4,34,11 | 6.84,29.88 | 1012,0.0 | 0.0
2018-07-19,30.0,13.0,35.0,15.0,29.88,0.0,30 | 86.0,13 | 55.4,35,15 | 9.32,29.88 | 1012,0.0 | 0.0
2018-07-20,30.0,14.0,38.0,17.0,29.91,0.0,30 | 86.0,14 | 57.2,38,17 | 10.56,29.91 | 1013,0.0 | 0.0
2018-07-21,30.0,14.0,39.0,22.0,29.91,0.0,30 | 86.0,14 | 57.2,39,22 | 13.67,29.91 | 1013,0.0 | 0.0
2018-07-22,30.0,14.0,40.0,21.0,29.91,0.0,30 | 86.0,14 | 57.2,40,21 | 13.05,29.91 | 1013,0.0 | 0.0
2018-07-23,30.0,14.0,39.0,20.0,29.91,0.0,30 | 86.0,14 | 57.2,39,20 | 12.43,29.91 | 1013,0.0 | 0.0
2018-07-24,30.0,13.0,38.0,17.0,29.91,0.0,30 | 86.0,13 | 55.4,38,17 | 10.56,29.91 | 1013,0.0 | 0.0
2018-07-25,30.0,14.0,37.0,17.0,29.88,0.0,30 | 86.0,14 | 57.2,37,17 | 10.56,29.88 | 1012,0.0 | 0.0
2018-07-26,30.0,13.0,37.0,20.0,29.91,0.0,30 | 86.0,13 | 55.4,37,20 | 12.43,29.91 | 1013,0.0 | 0.0
2018-07-27,30.0,13.0,37.0,15.0,29.91,0.0,30 | 86.0,13 | 55.4,37,15 | 9.32,29.91 | 1013,0.0 | 0.0
2018-07-28,31.0,13.0,34.0,9.0,29.91,0.0,31 | 87.8,13 | 55.4,34,9 | 5.59,29.91 | 1013,0.0 | 0.0
2018-07-29,31.0,13.0,34.0,12.0,29.88,0.0,31 | 87.8,13 | 55.4,34,12 | 7.46,29.88 | 1012,0.0 | 0.0
2018-07-30,31.0,14.0,37.0,14.0,29.88,0.0,31 | 87.8,14 | 57.2,37,14 | 8.7,29.88 | 1012,0.0 | 0.0
2018-07-31,31.0,14.0,37.0,14.0,29.85,0.0,31 | 87.8,14 | 57.2,37,14 | 8.7,29.85 | 1011,0.0 | 0.0
2018-08-01,31.0,14.0,37.0,15.0,29.85,0.0,31 | 87.8,14 | 57.2,37,15 | 9.32,29.85 | 1011,0.0 | 0.0
2018-08-02,32.0,14.0,35.0,10.0,29.85,0.0,32 | 89.6,14 | 57.2,35,10 | 6.21,29.85 | 1011,0.0 | 0.0
2018-08-03,31.0,14.0,35.0,11.0,29.88,0.0,31 | 87.8,14 | 57.2,35,11 | 6.84,29.88 | 1012,0.0 | 0.0
2018-08-04,31.0,14.0,35.0,18.0,29.88,0.0,31 | 87.8,14 | 57.2,35,18 | 11.18,29.88 | 1012,0.0 | 0.0
2018-08-05,31.0,13.0,36.0,22.0,29.91,0.0,31 | 87.8,13 | 55.4,36,22 | 13.67,29.91 | 1013,0.0 | 0.0
2018-08-06,31.0,13.0,36.0,21.0,29.91,0.0,31 | 87.8,13 | 55.4,36,21 | 13.05,29.91 | 1013,0.0 | 0.0
2018-08-07,31.0,13.0,36.0,18.0,29.91,0.0,31 | 87.8,13 | 55.4,36,18 | 11.18,29.91 | 1013,0.0 | 0.0
2018-08-08,31.0,12.0,32.0,11.0,29.88,0.0,31 | 87.8,12 | 53.6,32,11 | 6.84,29.88 | 1012,0.0 | 0.0
2018-08-09,32.0,13.0,34.0,10.0,29.91,0.0,32 | 89.6,13 | 55.4,34,10 | 6.21,29.91 | 1013,0.0 | 0.0
2018-08-10,32.0,13.0,34.0,14.0,29.91,0.0,32 | 89.6,13 | 55.4,34,14 | 8.7,29.91 | 1013,0.0 | 0.0
2018-08-11,31.0,14.0,37.0,24.0,29.91,0.0,31 | 87.8,14 | 57.2,37,24 | 14.91,29.91 | 1013,0.0 | 0.0
2018-08-12,31.0,14.0,38.0,24.0,29.91,0.0,31 | 87.8,14 | 57.2,38,24 | 14.91,29.91 | 1013,0.0 | 0.0
2018-08-13,30.0,13.0,37.0,19.0,29.91,0.0,30 | 86.0,13 | 55.4,37,19 | 11.81,29.91 | 1013,0.0 | 0.0
2018-08-14,30.0,14.0,37.0,16.0,29.91,0.0,30 | 86.0,14 | 57.2,37,16 | 9.94,29.91 | 1013,0.0 | 0.0
2018-08-15,31.0,14.0,36.0,19.0,29.88,0.0,31 | 87.8,14 | 57.2,36,19 | 11.81,29.88 | 1012,0.0 | 0.0
2018-08-16,30.0,15.0,40.0,19.0,29.91,0.0,30 | 86.0,15 | 59.0,40,19 | 11.81,29.91 | 1013,0.0 | 0.0
2018-08-17,31.0,14.0,37.0,16.0,29.88,0.0,31 | 87.8,14 | 57.2,37,16 | 9.94,29.88 | 1012,0.0 | 0.0
2018-08-18,30.0,14.0,39.0,18.0,29.85,0.0,30 | 86.0,14 | 57.2,39,18 | 11.18,29.85 | 1011,0.0 | 0.0
2018-08-19,31.0,15.0,39.0,18.0,29.85,0.0,31 | 87.8,15 | 59.0,39,18 | 11.18,29.85 | 1011,0.0 | 0.0
2018-08-20,31.0,14.0,37.0,17.0,29.85,0.0,31 | 87.8,14 | 57.2,37,17 | 10.56,29.85 | 1011,0.0 | 0.0
2018-08-21,31.0,14.0,36.0,16.0,29.85,0.0,31 | 87.8,14 | 57.2,36,16 | 9.94,29.85 | 1011,0.0 | 0.0
2018-08-22,30.0,14.0,38.0,15.0,29.88,0.0,30 | 86.0,14 | 57.2,38,15 | 9.32,29.88 | 1012,0.0 | 0.0
2018-08-23,31.0,15.0,38.0,13.0,29.85,0.0,31 | 87.8,15 | 59.0,38,13 | 8.08,29.85 | 1011,0.0 | 0.0
2018-08-24,31.0,14.0,38.0,13.0,29.85,0.0,31 | 87.8,14 | 57.2,38,13 | 8.08,29.85 | 1011,0.0 | 0.0
2018-08-25,31.0,14.0,37.0,10.0,29.88,0.7,31 | 87.8,14 | 57.2,37,10 | 6.21,29.88 | 1012,0.7 | 0.03
2018-08-26,31.0,15.0,40.0,14.0,29.85,0.0,31 | 87.8,15 | 59.0,40,14 | 8.7,29.85 | 1011,0.0 | 0.0
2018-08-27,31.0,15.0,38.0,14.0,29.83,0.0,31 | 87.8,15 | 59.0,38,14 | 8.7,29.83 | 1010,0.0 | 0.0
2018-08-28,32.0,15.0,37.0,9.0,29.85,0.0,32 | 89.6,15 | 59.0,37,9 | 5.59,29.85 | 1011,0.0 | 0.0
2018-08-29,31.0,15.0,41.0,14.0,29.85,4.4,31 | 87.8,15 | 59.0,41,14 | 8.7,29.85 | 1011,4.4 | 0.17
2018-08-30,31.0,14.0,37.0,14.0,29.83,0.5,31 | 87.8,14 | 57.2,37,14 | 8.7,29.83 | 1010,0.5 | 0.02
2018-08-31,31.0,13.0,35.0,18.0,29.83,0.0,31 | 87.8,13 | 55.4,35,18 | 11.18,29.83 | 1010,0.0 | 0.0
2018-09-01,31.0,14.0,36.0,14.0,29.83,0.0,31 | 87.8,14 | 57.2,36,14 | 8.7,29.83 | 1010,0.0 | 0.0
2018-09-02,32.0,15.0,37.0,18.0,29.8,0.0,32 | 89.6,15 | 59.0,37,18 | 11.18,29.8 | 1009,0.0 | 0.0
2018-09-03,31.0,15.0,38.0,21.0,29.8,0.0,31 | 87.8,15 | 59.0,38,21 | 13.05,29.8 | 1009,0.0 | 0.0
2018-09-04,31.0,14.0,36.0,19.0,29.83,0.0,31 | 87.8,14 | 57.2,36,19 | 11.81,29.83 | 1010,0.0 | 0.0
2018-09-05,32.0,14.0,37.0,20.0,29.85,0.0,32 | 89.6,14 | 57.2,37,20 | 12.43,29.85 | 1011,0.0 | 0.0
2018-09-06,32.0,14.0,36.0,22.0,29.85,0.0,32 | 89.6,14 | 57.2,36,22 | 13.67,29.85 | 1011,0.0 | 0.0
2018-09-07,32.0,14.0,36.0,24.0,29.83,0.0,32 | 89.6,14 | 57.2,36,24 | 14.91,29.83 | 1010,0.0 | 0.0
2018-09-08,31.0,13.0,35.0,21.0,29.85,0.0,31 | 87.8,13 | 55.4,35,21 | 13.05,29.85 | 1011,0.0 | 0.0
2018-09-09,32.0,11.0,30.0,13.0,29.83,0.0,32 | 89.6,11 | 51.8,30,13 | 8.08,29.83 | 1010,0.0 | 0.0
2018-09-10,33.0,14.0,34.0,18.0,29.83,0.0,33 | 91.4,14 | 57.2,34,18 | 11.18,29.83 | 1010,0.0 | 0.0
2018-09-11,33.0,14.0,34.0,24.0,29.83,0.0,33 | 91.4,14 | 57.2,34,24 | 14.91,29.83 | 1010,0.0 | 0.0
2018-09-12,31.0,13.0,34.0,21.0,29.85,0.0,31 | 87.8,13 | 55.4,34,21 | 13.05,29.85 | 1011,0.0 | 0.0
2018-09-13,32.0,13.0,33.0,16.0,29.83,0.0,32 | 89.6,13 | 55.4,33,16 | 9.94,29.83 | 1010,0.0 | 0.0
2018-09-14,32.0,15.0,36.0,19.0,29.83,0.0,32 | 89.6,15 | 59.0,36,19 | 11.81,29.83 | 1010,0.0 | 0.0
2018-09-15,33.0,14.0,34.0,21.0,29.83,0.0,33 | 91.4,14 | 57.2,34,21 | 13.05,29.83 | 1010,0.0 | 0.0
2018-09-16,33.0,13.0,32.0,18.0,29.8,0.0,33 | 91.4,13 | 55.4,32,18 | 11.18,29.8 | 1009,0.0 | 0.0
2018-09-17,32.0,12.0,30.0,14.0,29.8,0.0,32 | 89.6,12 | 53.6,30,14 | 8.7,29.8 | 1009,0.0 | 0.0
2018-09-18,32.0,13.0,33.0,20.0,29.8,0.0,32 | 89.6,13 | 55.4,33,20 | 12.43,29.8 | 1009,0.0 | 0.0
2018-09-19,32.0,13.0,34.0,18.0,29.83,0.0,32 | 89.6,13 | 55.4,34,18 | 11.18,29.83 | 1010,0.0 | 0.0
2018-09-20,32.0,12.0,30.0,13.0,29.83,0.0,32 | 89.6,12 | 53.6,30,13 | 8.08,29.83 | 1010,0.0 | 0.0
2018-09-21,32.0,13.0,32.0,17.0,29.8,0.0,32 | 89.6,13 | 55.4,32,17 | 10.56,29.8 | 1009,0.0 | 0.0
2018-09-22,32.0,15.0,38.0,24.0,29.8,0.0,32 | 89.6,15 | 59.0,38,24 | 14.91,29.8 | 1009,0.0 | 0.0
2018-09-23,32.0,13.0,33.0,22.0,29.83,0.0,32 | 89.6,13 | 55.4,33,22 | 13.67,29.83 | 1010,0.0 | 0.0
2018-09-24,33.0,13.0,32.0,25.0,29.8,0.0,33 | 91.4,13 | 55.4,32,25 | 15.53,29.8 | 1009,0.0 | 0.0
2018-09-25,32.0,15.0,38.0,25.0,29.83,0.0,32 | 89.6,15 | 59.0,38,25 | 15.53,29.83 | 1010,0.0 | 0.0
2018-09-26,33.0,14.0,35.0,19.0,29.83,0.0,33 | 91.4,14 | 57.2,35,19 | 11.81,29.83 | 1010,0.0 | 0.0
2018-09-27,34.0,14.0,32.0,21.0,29.8,0.0,34 | 93.2,14 | 57.2,32,21 | 13.05,29.8 | 1009,0.0 | 0.0
2018-09-28,33.0,15.0,37.0,25.0,29.77,0.0,33 | 91.4,15 | 59.0,37,25 | 15.53,29.77 | 1008,0.0 | 0.0
2018-09-29,32.0,15.0,38.0,24.0,29.8,0.0,32 | 89.6,15 | 59.0,38,24 | 14.91,29.8 | 1009,0.0 | 0.0
2018-09-30,31.0,14.0,37.0,24.0,29.83,0.0,31 | 87.8,14 | 57.2,37,24 | 14.91,29.83 | 1010,0.0 | 0.0
2018-10-01,32.0,13.0,34.0,23.0,29.8,0.0,32 | 89.6,13 | 55.4,34,23 | 14.29,29.8 | 1009,0.0 | 0.0
2018-10-02,31.0,12.0,33.0,22.0,29.83,0.0,31 | 87.8,12 | 53.6,33,22 | 13.67,29.83 | 1010,0.0 | 0.0
2018-10-03,32.0,13.0,33.0,24.0,29.83,0.0,32 | 89.6,13 | 55.4,33,24 | 14.91,29.83 | 1010,0.0 | 0.0
2018-10-04,32.0,14.0,36.0,22.0,29.85,0.0,32 | 89.6,14 | 57.2,36,22 | 13.67,29.85 | 1011,0.0 | 0.0
2018-10-05,33.0,14.0,34.0,20.0,29.83,0.0,33 | 91.4,14 | 57.2,34,20 | 12.43,29.83 | 1010,0.0 | 0.0
2018-10-06,33.0,15.0,35.0,21.0,29.83,0.0,33 | 91.4,15 | 59.0,35,21 | 13.05,29.83 | 1010,0.0 | 0.0
2018-10-07,33.0,15.0,35.0,18.0,29.8,0.0,33 | 91.4,15 | 59.0,35,18 | 11.18,29.8 | 1009,0.0 | 0.0
2018-10-08,33.0,15.0,33.0,19.0,29.8,0.0,33 | 91.4,15 | 59.0,33,19 | 11.81,29.8 | 1009,0.0 | 0.0
2018-10-09,33.0,15.0,35.0,20.0,29.77,0.2,33 | 91.4,15 | 59.0,35,20 | 12.43,29.77 | 1008,0.2 | 0.01
2018-10-10,32.0,14.0,35.0,22.0,29.8,0.0,32 | 89.6,14 | 57.2,35,22 | 13.67,29.8 | 1009,0.0 | 0.0
2018-10-11,32.0,14.0,35.0,19.0,29.8,0.0,32 | 89.6,14 | 57.2,35,19 | 11.81,29.8 | 1009,0.0 | 0.0
2018-10-12,33.0,14.0,33.0,17.0,29.8,0.0,33 | 91.4,14 | 57.2,33,17 | 10.56,29.8 | 1009,0.0 | 0.0
2018-10-13,32.0,15.0,35.0,15.0,29.8,0.0,32 | 89.6,15 | 59.0,35,15 | 9.32,29.8 | 1009,0.0 | 0.0
2018-10-14,33.0,14.0,34.0,11.0,29.8,0.0,33 | 91.4,14 | 57.2,34,11 | 6.84,29.8 | 1009,0.0 | 0.0
2018-10-15,33.0,14.0,33.0,14.0,29.8,0.0,33 | 91.4,14 | 57.2,33,14 | 8.7,29.8 | 1009,0.0 | 0.0
2018-10-16,33.0,15.0,34.0,16.0,29.83,0.0,33 | 91.4,15 | 59.0,34,16 | 9.94,29.83 | 1010,0.0 | 0.0
2018-10-17,33.0,15.0,35.0,19.0,29.8,0.4,33 | 91.4,15 | 59.0,35,19 | 11.81,29.8 | 1009,0.4 | 0.02
2018-10-18,33.0,16.0,37.0,23.0,29.74,0.0,33 | 91.4,16 | 60.8,37,23 | 14.29,29.74 | 1007,0.0 | 0.0
2018-10-19,32.0,16.0,40.0,22.0,29.8,0.0,32 | 89.6,16 | 60.8,40,22 | 13.67,29.8 | 1009,0.0 | 0.0
2018-10-20,33.0,15.0,36.0,22.0,29.83,0.1,33 | 91.4,15 | 59.0,36,22 | 13.67,29.83 | 1010,0.1 | 0.0
2018-10-21,33.0,14.0,33.0,25.0,29.83,0.0,33 | 91.4,14 | 57.2,33,25 | 15.53,29.83 | 1010,0.0 | 0.0
2018-10-22,33.0,14.0,34.0,26.0,29.83,0.0,33 | 91.4,14 | 57.2,34,26 | 16.16,29.83 | 1010,0.0 | 0.0
2018-10-23,32.0,15.0,38.0,31.0,29.85,0.0,32 | 89.6,15 | 59.0,38,31 | 19.26,29.85 | 1011,0.0 | 0.0
2018-10-24,31.0,14.0,38.0,23.0,29.85,0.0,31 | 87.8,14 | 57.2,38,23 | 14.29,29.85 | 1011,0.0 | 0.0
2018-10-25,32.0,13.0,34.0,21.0,29.83,0.0,32 | 89.6,13 | 55.4,34,21 | 13.05,29.83 | 1010,0.0 | 0.0
2018-10-26,32.0,16.0,39.0,22.0,29.83,0.0,32 | 89.6,16 | 60.8,39,22 | 13.67,29.83 | 1010,0.0 | 0.0
2018-10-27,31.0,17.0,43.0,24.0,29.88,0.0,31 | 87.8,17 | 62.6,43,24 | 14.91,29.88 | 1012,0.0 | 0.0
2018-10-28,31.0,17.0,46.0,23.0,29.88,9.3,31 | 87.8,17 | 62.6,46,23 | 14.29,29.88 | 1012,9.3 | 0.37
2018-10-29,32.0,16.0,41.0,24.0,29.83,0.0,32 | 89.6,16 | 60.8,41,24 | 14.91,29.83 | 1010,0.0 | 0.0
2018-10-30,32.0,15.0,38.0,22.0,29.83,0.0,32 | 89.6,15 | 59.0,38,22 | 13.67,29.83 | 1010,0.0 | 0.0
2018-10-31,33.0,15.0,37.0,26.0,29.8,0.0,33 | 91.4,15 | 59.0,37,26 | 16.16,29.8 | 1009,0.0 | 0.0
2018-11-01,32.0,16.0,40.0,29.0,29.8,0.0,32 | 89.6,16 | 60.8,40,29 | 18.02,29.8 | 1009,0.0 | 0.0
2018-11-02,33.0,16.0,39.0,26.0,29.8,0.0,33 | 91.4,16 | 60.8,39,26 | 16.16,29.8 | 1009,0.0 | 0.0
2018-11-03,33.0,16.0,39.0,23.0,29.8,0.0,33 | 91.4,16 | 60.8,39,23 | 14.29,29.8 | 1009,0.0 | 0.0
2018-11-04,33.0,16.0,39.0,18.0,29.8,0.0,33 | 91.4,16 | 60.8,39,18 | 11.18,29.8 | 1009,0.0 | 0.0
2018-11-05,32.0,15.0,38.0,21.0,29.8,0.0,32 | 89.6,15 | 59.0,38,21 | 13.05,29.8 | 1009,0.0 | 0.0
2018-11-06,32.0,15.0,37.0,20.0,29.8,0.0,32 | 89.6,15 | 59.0,37,20 | 12.43,29.8 | 1009,0.0 | 0.0
2018-11-07,33.0,15.0,36.0,21.0,29.83,0.0,33 | 91.4,15 | 59.0,36,21 | 13.05,29.83 | 1010,0.0 | 0.0
2018-11-08,33.0,15.0,37.0,21.0,29.83,0.0,33 | 91.4,15 | 59.0,37,21 | 13.05,29.83 | 1010,0.0 | 0.0
2018-11-09,33.0,16.0,38.0,17.0,29.8,0.0,33 | 91.4,16 | 60.8,38,17 | 10.56,29.8 | 1009,0.0 | 0.0
2018-11-10,32.0,17.0,41.0,17.0,29.83,2.9,32 | 89.6,17 | 62.6,41,17 | 10.56,29.83 | 1010,2.9 | 0.11
2018-11-11,32.0,16.0,42.0,19.0,29.85,0.0,32 | 89.6,16 | 60.8,42,19 | 11.81,29.85 | 1011,0.0 | 0.0
2018-11-12,32.0,17.0,42.0,24.0,29.83,0.7,32 | 89.6,17 | 62.6,42,24 | 14.91,29.83 | 1010,0.7 | 0.03
2018-11-13,32.0,16.0,42.0,25.0,29.8,0.0,32 | 89.6,16 | 60.8,42,25 | 15.53,29.8 | 1009,0.0 | 0.0
2018-11-14,32.0,16.0,42.0,23.0,29.77,1.1,32 | 89.6,16 | 60.8,42,23 | 14.29,29.77 | 1008,1.1 | 0.04
2018-11-15,32.0,16.0,42.0,22.0,29.77,0.0,32 | 89.6,16 | 60.8,42,22 | 13.67,29.77 | 1008,0.0 | 0.0
2018-11-16,32.0,16.0,40.0,19.0,29.83,0.0,32 | 89.6,16 | 60.8,40,19 | 11.81,29.83 | 1010,0.0 | 0.0
2018-11-17,33.0,14.0,35.0,15.0,29.83,0.0,33 | 91.4,14 | 57.2,35,15 | 9.32,29.83 | 1010,0.0 | 0.0
2018-11-18,30.0,17.0,47.0,20.0,29.85,0.3,30 | 86.0,17 | 62.6,47,20 | 12.43,29.85 | 1011,0.3 | 0.01
2018-11-19,30.0,17.0,47.0,11.0,29.85,10.1,30 | 86.0,17 | 62.6,47,11 | 6.84,29.85 | 1011,10.1 | 0.4
2018-11-20,32.0,16.0,40.0,24.0,29.83,0.4,32 | 89.6,16 | 60.8,40,24 | 14.91,29.83 | 1010,0.4 | 0.02
2018-11-21,33.0,14.0,36.0,23.0,29.83,0.0,33 | 91.4,14 | 57.2,36,23 | 14.29,29.83 | 1010,0.0 | 0.0
2018-11-22,32.0,14.0,36.0,20.0,29.83,0.0,32 | 89.6,14 | 57.2,36,20 | 12.43,29.83 | 1010,0.0 | 0.0
2018-11-23,33.0,13.0,33.0,18.0,29.83,0.0,33 | 91.4,13 | 55.4,33,18 | 11.18,29.83 | 1010,0.0 | 0.0
2018-11-24,32.0,14.0,36.0,21.0,29.85,0.0,32 | 89.6,14 | 57.2,36,21 | 13.05,29.85 | 1011,0.0 | 0.0
2018-11-25,32.0,16.0,40.0,26.0,29.85,0.0,32 | 89.6,16 | 60.8,40,26 | 16.16,29.85 | 1011,0.0 | 0.0
2018-11-26,32.0,17.0,44.0,26.0,29.83,0.0,32 | 89.6,17 | 62.6,44,26 | 16.16,29.83 | 1010,0.0 | 0.0
2018-11-27,32.0,16.0,42.0,19.0,29.8,0.0,32 | 89.6,16 | 60.8,42,19 | 11.81,29.8 | 1009,0.0 | 0.0
2018-11-28,32.0,17.0,44.0,24.0,29.83,0.0,32 | 89.6,17 | 62.6,44,24 | 14.91,29.83 | 1010,0.0 | 0.0
2018-11-29,31.0,17.0,46.0,27.0,29.83,0.5,31 | 87.8,17 | 62.6,46,27 | 16.78,29.83 | 1010,0.5 | 0.02
2018-11-30,32.0,15.0,39.0,27.0,29.83,0.0,32 | 89.6,15 | 59.0,39,27 | 16.78,29.83 | 1010,0.0 | 0.0
2018-12-01,31.0,15.0,39.0,23.0,29.83,0.0,31 | 87.8,15 | 59.0,39,23 | 14.29,29.83 | 1010,0.0 | 0.0
2018-12-02,31.0,17.0,45.0,17.0,29.8,0.3,31 | 87.8,17 | 62.6,45,17 | 10.56,29.8 | 1009,0.3 | 0.01
2018-12-03,30.0,17.0,48.0,14.0,29.8,8.1,30 | 86.0,17 | 62.6,48,14 | 8.7,29.8 | 1009,8.1 | 0.32
2018-12-04,31.0,17.0,45.0,19.0,29.8,0.1,31 | 87.8,17 | 62.6,45,19 | 11.81,29.8 | 1009,0.1 | 0.0
2018-12-05,32.0,16.0,40.0,21.0,29.83,0.0,32 | 89.6,16 | 60.8,40,21 | 13.05,29.83 | 1010,0.0 | 0.0
2018-12-06,32.0,15.0,38.0,13.0,29.8,0.0,32 | 89.6,15 | 59.0,38,13 | 8.08,29.8 | 1009,0.0 | 0.0
2018-12-07,33.0,16.0,41.0,20.0,29.74,0.0,33 | 91.4,16 | 60.8,41,20 | 12.43,29.74 | 1007,0.0 | 0.0
2018-12-08,32.0,16.0,40.0,17.0,29.8,0.0,32 | 89.6,16 | 60.8,40,17 | 10.56,29.8 | 1009,0.0 | 0.0
2018-12-09,32.0,17.0,42.0,17.0,29.85,0.8,32 | 89.6,17 | 62.6,42,17 | 10.56,29.85 | 1011,0.8 | 0.03
2018-12-10,30.0,17.0,46.0,8.0,29.88,4.4,30 | 86.0,17 | 62.6,46,8 | 4.97,29.88 | 1012,4.4 | 0.17
2018-12-11,31.0,17.0,45.0,8.0,29.91,6.3,31 | 87.8,17 | 62.6,45,8 | 4.97,29.91 | 1013,6.3 | 0.25
2018-12-12,30.0,17.0,45.0,9.0,29.91,1.9,30 | 86.0,17 | 62.6,45,9 | 5.59,29.91 | 1013,1.9 | 0.07
2018-12-13,31.0,16.0,42.0,16.0,29.91,0.0,31 | 87.8,16 | 60.8,42,16 | 9.94,29.91 | 1013,0.0 | 0.0
2018-12-14,31.0,16.0,44.0,16.0,29.91,2.1,31 | 87.8,16 | 60.8,44,16 | 9.94,29.91 | 1013,2.1 | 0.08
2018-12-15,32.0,16.0,41.0,19.0,29.88,0.0,32 | 89.6,16 | 60.8,41,19 | 11.81,29.88 | 1012,0.0 | 0.0
2018-12-16,32.0,15.0,39.0,13.0,29.88,0.0,32 | 89.6,15 | 59.0,39,13 | 8.08,29.88 | 1012,0.0 | 0.0
2018-12-17,32.0,14.0,36.0,12.0,29.88,0.0,32 | 89.6,14 | 57.2,36,12 | 7.46,29.88 | 1012,0.0 | 0.0
2018-12-18,32.0,14.0,36.0,12.0,29.85,0.0,32 | 89.6,14 | 57.2,36,12 | 7.46,29.85 | 1011,0.0 | 0.0
2018-12-19,32.0,14.0,35.0,13.0,29.85,0.0,32 | 89.6,14 | 57.2,35,13 | 8.08,29.85 | 1011,0.0 | 0.0
2018-12-20,32.0,13.0,34.0,15.0,29.83,0.0,32 | 89.6,13 | 55.4,34,15 | 9.32,29.83 | 1010,0.0 | 0.0
2018-12-21,32.0,13.0,34.0,13.0,29.83,0.0,32 | 89.6,13 | 55.4,34,13 | 8.08,29.83 | 1010,0.0 | 0.0
2018-12-22,32.0,15.0,38.0,13.0,29.8,0.0,32 | 89.6,15 | 59.0,38,13 | 8.08,29.8 | 1009,0.0 | 0.0
2018-12-23,32.0,15.0,39.0,15.0,29.8,0.0,32 | 89.6,15 | 59.0,39,15 | 9.32,29.8 | 1009,0.0 | 0.0
2018-12-24,32.0,13.0,35.0,13.0,29.83,0.0,32 | 89.6,13 | 55.4,35,13 | 8.08,29.83 | 1010,0.0 | 0.0
2018-12-25,32.0,14.0,36.0,18.0,29.83,0.0,32 | 89.6,14 | 57.2,36,18 | 11.18,29.83 | 1010,0.0 | 0.0
2018-12-26,32.0,13.0,34.0,19.0,29.85,0.0,32 | 89.6,13 | 55.4,34,19 | 11.81,29.85 | 1011,0.0 | 0.0
2018-12-27,31.0,14.0,36.0,19.0,29.85,0.0,31 | 87.8,14 | 57.2,36,19 | 11.81,29.85 | 1011,0.0 | 0.0
2018-12-28,32.0,16.0,40.0,13.0,29.83,0.0,32 | 89.6,16 | 60.8,40,13 | 8.08,29.83 | 1010,0.0 | 0.0
2018-12-29,32.0,16.0,40.0,18.0,29.83,0.0,32 | 89.6,16 | 60.8,40,18 | 11.18,29.83 | 1010,0.0 | 0.0
2018-12-30,32.0,17.0,42.0,21.0,29.85,0.0,32 | 89.6,17 | 62.6,42,21 | 13.05,29.85 | 1011,0.0 | 0.0
2018-12-31,32.0,16.0,40.0,24.0,29.85,0.0,32 | 89.6,16 | 60.8,40,24 | 14.91,29.85 | 1011,0.0 | 0.0
2019-01-01,32.0,15.0,40.0,22.0,29.88,0.0,32 | 89.6,15 | 59.0,40,22 | 13.67,29.88 | 1012,0.0 | 0.0
2019-01-02,32.0,14.0,36.0,12.0,29.88,0.0,32 | 89.6,14 | 57.2,36,12 | 7.46,29.88 | 1012,0.0 | 0.0
2019-01-03,33.0,15.0,35.0,25.0,29.85,0.0,33 | 91.4,15 | 59.0,35,25 | 15.53,29.85 | 1011,0.0 | 0.0
2019-01-04,31.0,17.0,45.0,24.0,29.85,17.9,31 | 87.8,17 | 62.6,45,24 | 14.91,29.85 | 1011,17.9 | 0.7
2019-01-05,31.0,15.0,40.0,19.0,29.85,0.0,31 | 87.8,15 | 59.0,40,19 | 11.81,29.85 | 1011,0.0 | 0.0
2019-01-06,32.0,11.0,32.0,15.0,29.85,0.0,32 | 89.6,11 | 51.8,32,15 | 9.32,29.85 | 1011,0.0 | 0.0
2019-01-07,31.0,9.0,26.0,11.0,29.83,0.0,31 | 87.8,9 | 48.2,26,11 | 6.84,29.83 | 1010,0.0 | 0.0
2019-01-08,33.0,9.0,25.0,18.0,29.83,0.0,33 | 91.4,9 | 48.2,25,18 | 11.18,29.83 | 1010,0.0 | 0.0
2019-01-09,32.0,9.0,27.0,19.0,29.83,0.0,32 | 89.6,9 | 48.2,27,19 | 11.81,29.83 | 1010,0.0 | 0.0
2019-01-10,32.0,12.0,32.0,20.0,29.83,0.0,32 | 89.6,12 | 53.6,32,20 | 12.43,29.83 | 1010,0.0 | 0.0
2019-01-11,32.0,12.0,31.0,22.0,29.83,0.0,32 | 89.6,12 | 53.6,31,22 | 13.67,29.83 | 1010,0.0 | 0.0
2019-01-12,32.0,11.0,29.0,23.0,29.8,0.0,32 | 89.6,11 | 51.8,29,23 | 14.29,29.8 | 1009,0.0 | 0.0
2019-01-13,32.0,12.0,32.0,24.0,29.83,0.0,32 | 89.6,12 | 53.6,32,24 | 14.91,29.83 | 1010,0.0 | 0.0
2019-01-14,32.0,13.0,33.0,15.0,29.83,0.0,32 | 89.6,13 | 55.4,33,15 | 9.32,29.83 | 1010,0.0 | 0.0
2019-01-15,33.0,14.0,34.0,16.0,29.83,0.0,33 | 91.4,14 | 57.2,34,16 | 9.94,29.83 | 1010,0.0 | 0.0
2019-01-16,33.0,15.0,36.0,15.0,29.83,0.0,33 | 91.4,15 | 59.0,36,15 | 9.32,29.83 | 1010,0.0 | 0.0
2019-01-17,33.0,14.0,34.0,15.0,29.8,0.0,33 | 91.4,14 | 57.2,34,15 | 9.32,29.8 | 1009,0.0 | 0.0
2019-01-18,33.0,13.0,31.0,16.0,29.8,0.0,33 | 91.4,13 | 55.4,31,16 | 9.94,29.8 | 1009,0.0 | 0.0
2019-01-19,33.0,12.0,28.0,16.0,29.83,0.1,33 | 91.4,12 | 53.6,28,16 | 9.94,29.83 | 1010,0.1 | 0.0
2019-01-20,33.0,11.0,26.0,13.0,29.83,0.0,33 | 91.4,11 | 51.8,26,13 | 8.08,29.83 | 1010,0.0 | 0.0
2019-01-21,34.0,9.0,24.0,14.0,29.85,0.0,34 | 93.2,9 | 48.2,24,14 | 8.7,29.85 | 1011,0.0 | 0.0
2019-01-22,34.0,12.0,29.0,17.0,29.8,0.0,34 | 93.2,12 | 53.6,29,17 | 10.56,29.8 | 1009,0.0 | 0.0
2019-01-23,33.0,13.0,31.0,17.0,29.8,0.0,33 | 91.4,13 | 55.4,31,17 | 10.56,29.8 | 1009,0.0 | 0.0
2019-01-24,33.0,13.0,31.0,18.0,29.83,0.0,33 | 91.4,13 | 55.4,31,18 | 11.18,29.83 | 1010,0.0 | 0.0
2019-01-25,34.0,13.0,31.0,19.0,29.83,0.0,34 | 93.2,13 | 55.4,31,19 | 11.81,29.83 | 1010,0.0 | 0.0
2019-01-26,33.0,12.0,30.0,19.0,29.83,0.0,33 | 91.4,12 | 53.6,30,19 | 11.81,29.83 | 1010,0.0 | 0.0
2019-01-27,33.0,14.0,33.0,18.0,29.83,0.0,33 | 91.4,14 | 57.2,33,18 | 11.18,29.83 | 1010,0.0 | 0.0
2019-01-28,33.0,13.0,31.0,21.0,29.83,0.0,33 | 91.4,13 | 55.4,31,21 | 13.05,29.83 | 1010,0.0 | 0.0
2019-01-29,32.0,12.0,31.0,21.0,29.85,0.0,32 | 89.6,12 | 53.6,31,21 | 13.05,29.85 | 1011,0.0 | 0.0
2019-01-30,33.0,11.0,28.0,18.0,29.83,0.0,33 | 91.4,11 | 51.8,28,18 | 11.18,29.83 | 1010,0.0 | 0.0
2019-01-31,33.0,11.0,28.0,17.0,29.83,0.0,33 | 91.4,11 | 51.8,28,17 | 10.56,29.83 | 1010,0.0 | 0.0
2019-02-01,33.0,11.0,28.0,18.0,29.83,0.0,33 | 91.4,11 | 51.8,28,18 | 11.18,29.83 | 1010,0.0 | 0.0
2019-02-02,34.0,9.0,25.0,17.0,29.8,0.0,34 | 93.2,9 | 48.2,25,17 | 10.56,29.8 | 1009,0.0 | 0.0
2019-02-03,34.0,10.0,25.0,16.0,29.8,0.0,34 | 93.2,10 | 50.0,25,16 | 9.94,29.8 | 1009,0.0 | 0.0
2019-02-04,34.0,11.0,27.0,19.0,29.8,0.0,34 | 93.2,11 | 51.8,27,19 | 11.81,29.8 | 1009,0.0 | 0.0
2019-02-05,33.0,12.0,30.0,22.0,29.8,0.0,33 | 91.4,12 | 53.6,30,22 | 13.67,29.8 | 1009,0.0 | 0.0
2019-02-06,33.0,12.0,31.0,19.0,29.83,0.0,33 | 91.4,12 | 53.6,31,19 | 11.81,29.83 | 1010,0.0 | 0.0
2019-02-07,33.0,12.0,29.0,21.0,29.8,0.0,33 | 91.4,12 | 53.6,29,21 | 13.05,29.8 | 1009,0.0 | 0.0
2019-02-08,34.0,14.0,33.0,21.0,29.8,0.0,34 | 93.2,14 | 57.2,33,21 | 13.05,29.8 | 1009,0.0 | 0.0
2019-02-09,34.0,13.0,29.0,21.0,29.77,0.0,34 | 93.2,13 | 55.4,29,21 | 13.05,29.77 | 1008,0.0 | 0.0
2019-02-10,33.0,13.0,30.0,28.0,29.8,0.0,33 | 91.4,13 | 55.4,30,28 | 17.4,29.8 | 1009,0.0 | 0.0
2019-02-11,33.0,12.0,31.0,19.0,29.8,0.0,33 | 91.4,12 | 53.6,31,19 | 11.81,29.8 | 1009,0.0 | 0.0
2019-02-12,33.0,12.0,30.0,21.0,29.8,0.0,33 | 91.4,12 | 53.6,30,21 | 13.05,29.8 | 1009,0.0 | 0.0
2019-02-13,33.0,11.0,28.0,25.0,29.83,0.0,33 | 91.4,11 | 51.8,28,25 | 15.53,29.83 | 1010,0.0 | 0.0
2019-02-14,33.0,14.0,33.0,22.0,29.85,0.0,33 | 91.4,14 | 57.2,33,22 | 13.67,29.85 | 1011,0.0 | 0.0
2019-02-15,33.0,15.0,36.0,19.0,29.85,0.0,33 | 91.4,15 | 59.0,36,19 | 11.81,29.85 | 1011,0.0 | 0.0
2019-02-16,33.0,15.0,35.0,18.0,29.85,0.0,33 | 91.4,15 | 59.0,35,18 | 11.18,29.85 | 1011,0.0 | 0.0
2019-02-17,34.0,13.0,30.0,17.0,29.83,0.0,34 | 93.2,13 | 55.4,30,17 | 10.56,29.83 | 1010,0.0 | 0.0
2019-02-18,34.0,11.0,28.0,11.0,29.77,0.0,34 | 93.2,11 | 51.8,28,11 | 6.84,29.77 | 1008,0.0 | 0.0
2019-02-19,33.0,14.0,32.0,15.0,29.77,0.3,33 | 91.4,14 | 57.2,32,15 | 9.32,29.77 | 1008,0.3 | 0.01
2019-02-20,34.0,15.0,34.0,23.0,29.77,1.5,34 | 93.2,15 | 59.0,34,23 | 14.29,29.77 | 1008,1.5 | 0.06
2019-02-21,33.0,16.0,37.0,25.0,29.83,0.0,33 | 91.4,16 | 60.8,37,25 | 15.53,29.83 | 1010,0.0 | 0.0
2019-02-22,33.0,15.0,36.0,23.0,29.83,0.0,33 | 91.4,15 | 59.0,36,23 | 14.29,29.83 | 1010,0.0 | 0.0
2019-02-23,33.0,15.0,37.0,14.0,29.8,0.0,33 | 91.4,15 | 59.0,37,14 | 8.7,29.8 | 1009,0.0 | 0.0
2019-02-24,33.0,15.0,36.0,16.0,29.8,0.0,33 | 91.4,15 | 59.0,36,16 | 9.94,29.8 | 1009,0.0 | 0.0
2019-02-25,33.0,15.0,36.0,18.0,29.83,0.1,33 | 91.4,15 | 59.0,36,18 | 11.18,29.83 | 1010,0.1 | 0.0
2019-02-26,34.0,13.0,31.0,19.0,29.8,0.0,34 | 93.2,13 | 55.4,31,19 | 11.81,29.8 | 1009,0.0 | 0.0
2019-02-27,34.0,11.0,27.0,19.0,29.77,0.0,34 | 93.2,11 | 51.8,27,19 | 11.81,29.77 | 1008,0.0 | 0.0
2019-02-28,34.0,12.0,29.0,18.0,29.8,0.0,34 | 93.2,12 | 53.6,29,18 | 11.18,29.8 | 1009,0.0 | 0.0
2019-03-01,35.0,12.0,27.0,10.0,29.77,0.0,35 | 95.0,12 | 53.6,27,10 | 6.21,29.77 | 1008,0.0 | 0.0
2019-03-02,35.0,11.0,25.0,11.0,29.77,0.0,35 | 95.0,11 | 51.8,25,11 | 6.84,29.77 | 1008,0.0 | 0.0
2019-03-03,35.0,9.0,22.0,11.0,29.8,0.0,35 | 95.0,9 | 48.2,22,11 | 6.84,29.8 | 1009,0.0 | 0.0
2019-03-04,32.0,16.0,39.0,14.0,29.8,4.6,32 | 89.6,16 | 60.8,39,14 | 8.7,29.8 | 1009,4.6 | 0.18
2019-03-05,32.0,17.0,41.0,14.0,29.8,1.7,32 | 89.6,17 | 62.6,41,14 | 8.7,29.8 | 1009,1.7 | 0.07
2019-03-06,34.0,15.0,33.0,15.0,29.83,0.0,34 | 93.2,15 | 59.0,33,15 | 9.32,29.83 | 1010,0.0 | 0.0
2019-03-07,35.0,13.0,30.0,10.0,29.8,0.0,35 | 95.0,13 | 55.4,30,10 | 6.21,29.8 | 1009,0.0 | 0.0
2019-03-08,31.0,15.0,36.0,8.0,29.83,1.3,31 | 87.8,15 | 59.0,36,8 | 4.97,29.83 | 1010,1.3 | 0.05
2019-03-09,33.0,13.0,32.0,20.0,29.83,0.0,33 | 91.4,13 | 55.4,32,20 | 12.43,29.83 | 1010,0.0 | 0.0
2019-03-10,34.0,12.0,28.0,20.0,29.83,0.0,34 | 93.2,12 | 53.6,28,20 | 12.43,29.83 | 1010,0.0 | 0.0
2019-03-11,34.0,13.0,30.0,17.0,29.83,0.0,34 | 93.2,13 | 55.4,30,17 | 10.56,29.83 | 1010,0.0 | 0.0
2019-03-12,34.0,12.0,28.0,19.0,29.8,0.0,34 | 93.2,12 | 53.6,28,19 | 11.81,29.8 | 1009,0.0 | 0.0
2019-03-13,34.0,11.0,27.0,20.0,29.83,0.0,34 | 93.2,11 | 51.8,27,20 | 12.43,29.83 | 1010,0.0 | 0.0
2019-03-14,33.0,14.0,31.0,24.0,29.83,0.0,33 | 91.4,14 | 57.2,31,24 | 14.91,29.83 | 1010,0.0 | 0.0
2019-03-15,34.0,14.0,33.0,22.0,29.8,0.0,34 | 93.2,14 | 57.2,33,22 | 13.67,29.8 | 1009,0.0 | 0.0
2019-03-16,35.0,14.0,30.0,22.0,29.8,0.0,35 | 95.0,14 | 57.2,30,22 | 13.67,29.8 | 1009,0.0 | 0.0
2019-03-17,35.0,14.0,30.0,18.0,29.8,0.0,35 | 95.0,14 | 57.2,30,18 | 11.18,29.8 | 1009,0.0 | 0.0
2019-03-18,35.0,14.0,30.0,21.0,29.8,0.0,35 | 95.0,14 | 57.2,30,21 | 13.05,29.8 | 1009,0.0 | 0.0
2019-03-19,35.0,14.0,30.0,24.0,29.77,0.0,35 | 95.0,14 | 57.2,30,24 | 14.91,29.77 | 1008,0.0 | 0.0
2019-03-20,35.0,13.0,30.0,21.0,29.74,0.0,35 | 95.0,13 | 55.4,30,21 | 13.05,29.74 | 1007,0.0 | 0.0
2019-03-21,35.0,14.0,31.0,18.0,29.77,0.0,35 | 95.0,14 | 57.2,31,18 | 11.18,29.77 | 1008,0.0 | 0.0
2019-03-22,35.0,14.0,31.0,23.0,29.77,0.0,35 | 95.0,14 | 57.2,31,23 | 14.29,29.77 | 1008,0.0 | 0.0
2019-03-23,34.0,14.0,32.0,22.0,29.77,0.0,34 | 93.2,14 | 57.2,32,22 | 13.67,29.77 | 1008,0.0 | 0.0
2019-03-24,34.0,14.0,32.0,23.0,29.74,0.0,34 | 93.2,14 | 57.2,32,23 | 14.29,29.74 | 1007,0.0 | 0.0
2019-03-25,34.0,14.0,33.0,17.0,29.74,0.0,34 | 93.2,14 | 57.2,33,17 | 10.56,29.74 | 1007,0.0 | 0.0
2019-03-26,35.0,15.0,32.0,19.0,29.8,0.0,35 | 95.0,15 | 59.0,32,19 | 11.81,29.8 | 1009,0.0 | 0.0
2019-03-27,34.0,16.0,36.0,24.0,29.85,0.2,34 | 93.2,16 | 60.8,36,24 | 14.91,29.85 | 1011,0.2 | 0.01
2019-03-28,33.0,17.0,42.0,27.0,29.88,0.0,33 | 91.4,17 | 62.6,42,27 | 16.78,29.88 | 1012,0.0 | 0.0
2019-03-29,34.0,15.0,34.0,15.0,29.83,0.0,34 | 93.2,15 | 59.0,34,15 | 9.32,29.83 | 1010,0.0 | 0.0
2019-03-30,35.0,15.0,33.0,21.0,29.8,0.0,35 | 95.0,15 | 59.0,33,21 | 13.05,29.8 | 1009,0.0 | 0.0
2019-03-31,35.0,14.0,31.0,21.0,29.77,0.0,35 | 95.0,14 | 57.2,31,21 | 13.05,29.77 | 1008,0.0 | 0.0
2019-04-01,34.0,15.0,34.0,22.0,29.8,0.0,34 | 93.2,15 | 59.0,34,22 | 13.67,29.8 | 1009,0.0 | 0.0
2019-04-02,34.0,15.0,35.0,24.0,29.8,0.0,34 | 93.2,15 | 59.0,35,24 | 14.91,29.8 | 1009,0.0 | 0.0
2019-04-03,34.0,14.0,31.0,19.0,29.77,0.0,34 | 93.2,14 | 57.2,31,19 | 11.81,29.77 | 1008,0.0 | 0.0
2019-04-04,34.0,15.0,35.0,23.0,29.8,0.0,34 | 93.2,15 | 59.0,35,23 | 14.29,29.8 | 1009,0.0 | 0.0
2019-04-05,34.0,17.0,38.0,28.0,29.8,0.0,34 | 93.2,17 | 62.6,38,28 | 17.4,29.8 | 1009,0.0 | 0.0
2019-04-06,34.0,17.0,39.0,27.0,29.8,0.0,34 | 93.2,17 | 62.6,39,27 | 16.78,29.8 | 1009,0.0 | 0.0
2019-04-07,34.0,16.0,36.0,24.0,29.8,0.0,34 | 93.2,16 | 60.8,36,24 | 14.91,29.8 | 1009,0.0 | 0.0
2019-04-08,34.0,15.0,34.0,17.0,29.77,0.0,34 | 93.2,15 | 59.0,34,17 | 10.56,29.77 | 1008,0.0 | 0.0
2019-04-09,31.0,17.0,42.0,20.0,29.8,0.9,31 | 87.8,17 | 62.6,42,20 | 12.43,29.8 | 1009,0.9 | 0.04
2019-04-10,32.0,16.0,42.0,16.0,29.77,0.4,32 | 89.6,16 | 60.8,42,16 | 9.94,29.77 | 1008,0.4 | 0.02
2019-04-11,34.0,17.0,39.0,23.0,29.77,1.9,34 | 93.2,17 | 62.6,39,23 | 14.29,29.77 | 1008,1.9 | 0.07
2019-04-12,34.0,18.0,42.0,25.0,29.77,0.0,34 | 93.2,18 | 64.4,42,25 | 15.53,29.77 | 1008,0.0 | 0.0
2019-04-13,34.0,17.0,40.0,20.0,29.77,0.0,34 | 93.2,17 | 62.6,40,20 | 12.43,29.77 | 1008,0.0 | 0.0
2019-04-14,34.0,16.0,35.0,24.0,29.77,0.0,34 | 93.2,16 | 60.8,35,24 | 14.91,29.77 | 1008,0.0 | 0.0
2019-04-15,35.0,15.0,34.0,23.0,29.8,0.0,35 | 95.0,15 | 59.0,34,23 | 14.29,29.8 | 1009,0.0 | 0.0
2019-04-16,34.0,16.0,35.0,22.0,29.8,0.0,34 | 93.2,16 | 60.8,35,22 | 13.67,29.8 | 1009,0.0 | 0.0
2019-04-17,34.0,16.0,37.0,22.0,29.83,0.0,34 | 93.2,16 | 60.8,37,22 | 13.67,29.83 | 1010,0.0 | 0.0
2019-04-18,35.0,16.0,34.0,24.0,29.83,0.0,35 | 95.0,16 | 60.8,34,24 | 14.91,29.83 | 1010,0.0 | 0.0
2019-04-19,35.0,16.0,34.0,22.0,29.8,0.0,35 | 95.0,16 | 60.8,34,22 | 13.67,29.8 | 1009,0.0 | 0.0
2019-04-20,34.0,17.0,38.0,19.0,29.77,0.0,34 | 93.2,17 | 62.6,38,19 | 11.81,29.77 | 1008,0.0 | 0.0
2019-04-21,31.0,18.0,46.0,9.0,29.74,20.8,31 | 87.8,18 | 64.4,46,9 | 5.59,29.74 | 1007,20.8 | 0.82
2019-04-22,32.0,18.0,46.0,8.0,29.74,12.9,32 | 89.6,18 | 64.4,46,8 | 4.97,29.74 | 1007,12.9 | 0.51
2019-04-23,29.0,20.0,57.0,7.0,29.83,46.7,29 | 84.2,20 | 68.0,57,7 | 4.35,29.83 | 1010,46.7 | 1.84
2019-04-24,31.0,19.0,49.0,8.0,29.85,0.4,31 | 87.8,19 | 66.2,49,8 | 4.97,29.85 | 1011,0.4 | 0.02
2019-04-25,33.0,19.0,44.0,12.0,29.83,0.9,33 | 91.4,19 | 66.2,44,12 | 7.46,29.83 | 1010,0.9 | 0.04
2019-04-26,32.0,19.0,46.0,20.0,29.8,0.8,32 | 89.6,19 | 66.2,46,20 | 12.43,29.8 | 1009,0.8 | 0.03
2019-04-27,32.0,18.0,46.0,16.0,29.83,1.2,32 | 89.6,18 | 64.4,46,16 | 9.94,29.83 | 1010,1.2 | 0.05
2019-04-28,32.0,17.0,42.0,12.0,29.83,0.0,32 | 89.6,17 | 62.6,42,12 | 7.46,29.83 | 1010,0.0 | 0.0
2019-04-29,33.0,18.0,43.0,17.0,29.83,0.9,33 | 91.4,18 | 64.4,43,17 | 10.56,29.83 | 1010,0.9 | 0.04
2019-04-30,33.0,18.0,42.0,24.0,29.83,0.0,33 | 91.4,18 | 64.4,42,24 | 14.91,29.83 | 1010,0.0 | 0.0
2019-05-01,34.0,16.0,38.0,23.0,29.83,0.0,34 | 93.2,16 | 60.8,38,23 | 14.29,29.83 | 1010,0.0 | 0.0
2019-05-02,34.0,15.0,35.0,20.0,29.83,0.0,34 | 93.2,15 | 59.0,35,20 | 12.43,29.83 | 1010,0.0 | 0.0
2019-05-03,34.0,18.0,40.0,21.0,29.8,0.0,34 | 93.2,18 | 64.4,40,21 | 13.05,29.8 | 1009,0.0 | 0.0
2019-05-04,33.0,18.0,42.0,26.0,29.8,0.1,33 | 91.4,18 | 64.4,42,26 | 16.16,29.8 | 1009,0.1 | 0.0
2019-05-05,33.0,18.0,46.0,27.0,29.83,0.0,33 | 91.4,18 | 64.4,46,27 | 16.78,29.83 | 1010,0.0 | 0.0
2019-05-06,33.0,18.0,44.0,24.0,29.83,0.0,33 | 91.4,18 | 64.4,44,24 | 14.91,29.83 | 1010,0.0 | 0.0
2019-05-07,33.0,17.0,41.0,21.0,29.83,0.1,33 | 91.4,17 | 62.6,41,21 | 13.05,29.83 | 1010,0.1 | 0.0
2019-05-08,32.0,18.0,43.0,21.0,29.83,3.1,32 | 89.6,18 | 64.4,43,21 | 13.05,29.83 | 1010,3.1 | 0.12
2019-05-09,32.0,18.0,44.0,19.0,29.8,0.2,32 | 89.6,18 | 64.4,44,19 | 11.81,29.8 | 1009,0.2 | 0.01
2019-05-10,32.0,18.0,46.0,17.0,29.8,3.0,32 | 89.6,18 | 64.4,46,17 | 10.56,29.8 | 1009,3.0 | 0.12
2019-05-11,32.0,18.0,45.0,22.0,29.8,0.0,32 | 89.6,18 | 64.4,45,22 | 13.67,29.8 | 1009,0.0 | 0.0
2019-05-12,32.0,18.0,45.0,20.0,29.83,0.0,32 | 89.6,18 | 64.4,45,20 | 12.43,29.83 | 1010,0.0 | 0.0
2019-05-13,30.0,19.0,53.0,20.0,29.8,12.9,30 | 86.0,19 | 66.2,53,20 | 12.43,29.8 | 1009,12.9 | 0.51
2019-05-14,31.0,19.0,50.0,18.0,29.83,3.0,31 | 87.8,19 | 66.2,50,18 | 11.18,29.83 | 1010,3.0 | 0.12
2019-05-15,32.0,19.0,48.0,22.0,29.83,2.3,32 | 89.6,19 | 66.2,48,22 | 13.67,29.83 | 1010,2.3 | 0.09
2019-05-16,32.0,18.0,46.0,21.0,29.83,1.7,32 | 89.6,18 | 64.4,46,21 | 13.05,29.83 | 1010,1.7 | 0.07
2019-05-17,32.0,18.0,46.0,20.0,29.83,0.0,32 | 89.6,18 | 64.4,46,20 | 12.43,29.83 | 1010,0.0 | 0.0
2019-05-18,32.0,18.0,46.0,19.0,29.83,0.0,32 | 89.6,18 | 64.4,46,19 | 11.81,29.83 | 1010,0.0 | 0.0
2019-05-19,32.0,17.0,44.0,22.0,29.83,0.0,32 | 89.6,17 | 62.6,44,22 | 13.67,29.83 | 1010,0.0 | 0.0
2019-05-20,31.0,18.0,46.0,19.0,29.85,0.4,31 | 87.8,18 | 64.4,46,19 | 11.81,29.85 | 1011,0.4 | 0.02
2019-05-21,32.0,17.0,43.0,20.0,29.85,1.8,32 | 89.6,17 | 62.6,43,20 | 12.43,29.85 | 1011,1.8 | 0.07
2019-05-22,32.0,17.0,43.0,20.0,29.83,0.0,32 | 89.6,17 | 62.6,43,20 | 12.43,29.83 | 1010,0.0 | 0.0
2019-05-23,32.0,17.0,44.0,21.0,29.83,0.0,32 | 89.6,17 | 62.6,44,21 | 13.05,29.83 | 1010,0.0 | 0.0
2019-05-24,29.0,19.0,54.0,14.0,29.88,34.0,29 | 84.2,19 | 66.2,54,14 | 8.7,29.88 | 1012,34.0 | 1.34
2019-05-25,30.0,18.0,49.0,15.0,29.88,6.5,30 | 86.0,18 | 64.4,49,15 | 9.32,29.88 | 1012,6.5 | 0.26
2019-05-26,31.0,17.0,46.0,20.0,29.83,0.0,31 | 87.8,17 | 62.6,46,20 | 12.43,29.83 | 1010,0.0 | 0.0
2019-05-27,31.0,17.0,45.0,21.0,29.8,0.0,31 | 87.8,17 | 62.6,45,21 | 13.05,29.8 | 1009,0.0 | 0.0
2019-05-28,31.0,17.0,44.0,20.0,29.83,0.1,31 | 87.8,17 | 62.6,44,20 | 12.43,29.83 | 1010,0.1 | 0.0
2019-05-29,31.0,17.0,44.0,18.0,29.83,0.0,31 | 87.8,17 | 62.6,44,18 | 11.18,29.83 | 1010,0.0 | 0.0
2019-05-30,31.0,16.0,41.0,16.0,29.83,0.0,31 | 87.8,16 | 60.8,41,16 | 9.94,29.83 | 1010,0.0 | 0.0
2019-05-31,31.0,17.0,43.0,13.0,29.8,0.0,31 | 87.8,17 | 62.6,43,13 | 8.08,29.8 | 1009,0.0 | 0.0
2019-06-01,31.0,17.0,43.0,14.0,29.8,0.0,31 | 87.8,17 | 62.6,43,14 | 8.7,29.8 | 1009,0.0 | 0.0
2019-06-02,31.0,18.0,47.0,17.0,29.83,0.1,31 | 87.8,18 | 64.4,47,17 | 10.56,29.83 | 1010,0.1 | 0.0
2019-06-03,29.0,19.0,53.0,14.0,29.88,24.1,29 | 84.2,19 | 66.2,53,14 | 8.7,29.88 | 1012,24.1 | 0.95
2019-06-04,30.0,18.0,52.0,9.0,29.85,4.4,30 | 86.0,18 | 64.4,52,9 | 5.59,29.85 | 1011,4.4 | 0.17
2019-06-05,31.0,17.0,44.0,11.0,29.85,0.0,31 | 87.8,17 | 62.6,44,11 | 6.84,29.85 | 1011,0.0 | 0.0
2019-06-06,31.0,17.0,43.0,9.0,29.85,0.0,31 | 87.8,17 | 62.6,43,9 | 5.59,29.85 | 1011,0.0 | 0.0
2019-06-07,31.0,17.0,42.0,13.0,29.85,0.1,31 | 87.8,17 | 62.6,42,13 | 8.08,29.85 | 1011,0.1 | 0.0
2019-06-08,31.0,17.0,43.0,12.0,29.88,0.0,31 | 87.8,17 | 62.6,43,12 | 7.46,29.88 | 1012,0.0 | 0.0
2019-06-09,32.0,17.0,41.0,7.0,29.88,0.0,32 | 89.6,17 | 62.6,41,7 | 4.35,29.88 | 1012,0.0 | 0.0
2019-06-10,29.0,17.0,48.0,11.0,29.91,7.0,29 | 84.2,17 | 62.6,48,11 | 6.84,29.91 | 1013,7.0 | 0.28
2019-06-11,30.0,16.0,45.0,12.0,29.91,0.0,30 | 86.0,16 | 60.8,45,12 | 7.46,29.91 | 1013,0.0 | 0.0
2019-06-12,31.0,16.0,41.0,12.0,29.91,0.0,31 | 87.8,16 | 60.8,41,12 | 7.46,29.91 | 1013,0.0 | 0.0
2019-06-13,31.0,16.0,43.0,12.0,29.88,0.0,31 | 87.8,16 | 60.8,43,12 | 7.46,29.88 | 1012,0.0 | 0.0
2019-06-14,30.0,16.0,42.0,13.0,29.88,0.0,30 | 86.0,16 | 60.8,42,13 | 8.08,29.88 | 1012,0.0 | 0.0
2019-06-15,30.0,16.0,42.0,17.0,29.85,0.0,30 | 86.0,16 | 60.8,42,17 | 10.56,29.85 | 1011,0.0 | 0.0
2019-06-16,30.0,15.0,42.0,16.0,29.88,0.0,30 | 86.0,15 | 59.0,42,16 | 9.94,29.88 | 1012,0.0 | 0.0
2019-06-17,30.0,13.0,36.0,20.0,29.91,0.0,30 | 86.0,13 | 55.4,36,20 | 12.43,29.91 | 1013,0.0 | 0.0
2019-06-18,30.0,15.0,40.0,17.0,29.91,0.0,30 | 86.0,15 | 59.0,40,17 | 10.56,29.91 | 1013,0.0 | 0.0
2019-06-19,31.0,15.0,41.0,15.0,29.88,0.0,31 | 87.8,15 | 59.0,41,15 | 9.32,29.88 | 1012,0.0 | 0.0
2019-06-20,31.0,16.0,40.0,14.0,29.88,0.0,31 | 87.8,16 | 60.8,40,14 | 8.7,29.88 | 1012,0.0 | 0.0
2019-06-21,31.0,16.0,42.0,15.0,29.85,0.0,31 | 87.8,16 | 60.8,42,15 | 9.32,29.85 | 1011,0.0 | 0.0
2019-06-22,31.0,16.0,43.0,17.0,29.85,0.0,31 | 87.8,16 | 60.8,43,17 | 10.56,29.85 | 1011,0.0 | 0.0
2019-06-23,30.0,17.0,48.0,19.0,29.85,4.9,30 | 86.0,17 | 62.6,48,19 | 11.81,29.85 | 1011,4.9 | 0.19
2019-06-24,30.0,17.0,47.0,13.0,29.85,4.2,30 | 86.0,17 | 62.6,47,13 | 8.08,29.85 | 1011,4.2 | 0.17
2019-06-25,31.0,15.0,40.0,12.0,29.83,0.0,31 | 87.8,15 | 59.0,40,12 | 7.46,29.83 | 1010,0.0 | 0.0
2019-06-26,31.0,15.0,41.0,19.0,29.85,0.0,31 | 87.8,15 | 59.0,41,19 | 11.81,29.85 | 1011,0.0 | 0.0
2019-06-27,31.0,15.0,41.0,16.0,29.85,0.0,31 | 87.8,15 | 59.0,41,16 | 9.94,29.85 | 1011,0.0 | 0.0
2019-06-28,30.0,16.0,43.0,15.0,29.85,0.1,30 | 86.0,16 | 60.8,43,15 | 9.32,29.85 | 1011,0.1 | 0.0
2019-06-29,30.0,16.0,43.0,16.0,29.85,0.1,30 | 86.0,16 | 60.8,43,16 | 9.94,29.85 | 1011,0.1 | 0.0
2019-06-30,31.0,16.0,41.0,11.0,29.88,0.1,31 | 87.8,16 | 60.8,41,11 | 6.84,29.88 | 1012,0.1 | 0.0
2019-07-01,31.0,16.0,41.0,15.0,29.83,0.2,31 | 87.8,16 | 60.8,41,15 | 9.32,29.83 | 1010,0.2 | 0.01
2019-07-02,30.0,16.0,41.0,17.0,29.83,0.0,30 | 86.0,16 | 60.8,41,17 | 10.56,29.83 | 1010,0.0 | 0.0
2019-07-03,30.0,15.0,41.0,17.0,29.83,0.1,30 | 86.0,15 | 59.0,41,17 | 10.56,29.83 | 1010,0.1 | 0.0
2019-07-04,30.0,15.0,41.0,16.0,29.85,0.1,30 | 86.0,15 | 59.0,41,16 | 9.94,29.85 | 1011,0.1 | 0.0
2019-07-05,30.0,15.0,40.0,18.0,29.83,0.0,30 | 86.0,15 | 59.0,40,18 | 11.18,29.83 | 1010,0.0 | 0.0
2019-07-06,31.0,15.0,40.0,19.0,29.83,0.0,31 | 87.8,15 | 59.0,40,19 | 11.81,29.83 | 1010,0.0 | 0.0
2019-07-07,31.0,15.0,42.0,23.0,29.83,0.0,31 | 87.8,15 | 59.0,42,23 | 14.29,29.83 | 1010,0.0 | 0.0
2019-07-08,31.0,15.0,41.0,23.0,29.85,0.0,31 | 87.8,15 | 59.0,41,23 | 14.29,29.85 | 1011,0.0 | 0.0
2019-07-09,31.0,14.0,38.0,18.0,29.85,0.0,31 | 87.8,14 | 57.2,38,18 | 11.18,29.85 | 1011,0.0 | 0.0
2019-07-10,31.0,16.0,42.0,16.0,29.83,0.2,31 | 87.8,16 | 60.8,42,16 | 9.94,29.83 | 1010,0.2 | 0.01
2019-07-11,30.0,16.0,42.0,24.0,29.83,0.8,30 | 86.0,16 | 60.8,42,24 | 14.91,29.83 | 1010,0.8 | 0.03
2019-07-12,29.0,17.0,48.0,23.0,29.88,3.5,29 | 84.2,17 | 62.6,48,23 | 14.29,29.88 | 1012,3.5 | 0.14
2019-07-13,29.0,16.0,48.0,14.0,29.91,0.2,29 | 84.2,16 | 60.8,48,14 | 8.7,29.91 | 1013,0.2 | 0.01
2019-07-14,30.0,15.0,41.0,21.0,29.88,0.2,30 | 86.0,15 | 59.0,41,21 | 13.05,29.88 | 1012,0.2 | 0.01
2019-07-15,30.0,15.0,42.0,28.0,29.85,0.0,30 | 86.0,15 | 59.0,42,28 | 17.4,29.85 | 1011,0.0 | 0.0
2019-07-16,29.0,14.0,42.0,24.0,29.88,0.0,29 | 84.2,14 | 57.2,42,24 | 14.91,29.88 | 1012,0.0 | 0.0
2019-07-17,30.0,14.0,42.0,24.0,29.91,0.0,30 | 86.0,14 | 57.2,42,24 | 14.91,29.91 | 1013,0.0 | 0.0
2019-07-18,29.0,14.0,43.0,25.0,29.91,0.0,29 | 84.2,14 | 57.2,43,25 | 15.53,29.91 | 1013,0.0 | 0.0
2019-07-19,29.0,14.0,42.0,22.0,29.85,0.0,29 | 84.2,14 | 57.2,42,22 | 13.67,29.85 | 1011,0.0 | 0.0
2019-07-20,29.0,15.0,44.0,16.0,29.85,0.0,29 | 84.2,15 | 59.0,44,16 | 9.94,29.85 | 1011,0.0 | 0.0
2019-07-21,31.0,14.0,38.0,13.0,29.83,0.0,31 | 87.8,14 | 57.2,38,13 | 8.08,29.83 | 1010,0.0 | 0.0
2019-07-22,29.0,16.0,47.0,20.0,29.85,2.9,29 | 84.2,16 | 60.8,47,20 | 12.43,29.85 | 1011,2.9 | 0.11
2019-07-23,30.0,16.0,45.0,14.0,29.85,0.3,30 | 86.0,16 | 60.8,45,14 | 8.7,29.85 | 1011,0.3 | 0.01
2019-07-24,29.0,17.0,50.0,10.0,29.83,10.4,29 | 84.2,17 | 62.6,50,10 | 6.21,29.83 | 1010,10.4 | 0.41
2019-07-25,24.0,19.0,73.0,10.0,29.91,44.4,24 | 75.2,19 | 66.2,73,10 | 6.21,29.91 | 1013,44.4 | 1.75
2019-07-26,28.0,18.0,58.0,8.0,29.85,0.0,28 | 82.4,18 | 64.4,58,8 | 4.97,29.85 | 1011,0.0 | 0.0
2019-07-27,28.0,16.0,50.0,10.0,29.83,4.2,28 | 82.4,16 | 60.8,50,10 | 6.21,29.83 | 1010,4.2 | 0.17
2019-07-28,27.0,16.0,51.0,11.0,29.85,1.4,27 | 80.6,16 | 60.8,51,11 | 6.84,29.85 | 1011,1.4 | 0.06
2019-07-29,27.0,16.0,52.0,9.0,29.88,0.1,27 | 80.6,16 | 60.8,52,9 | 5.59,29.88 | 1012,0.1 | 0.0
2019-07-30,29.0,16.0,46.0,10.0,29.85,1.2,29 | 84.2,16 | 60.8,46,10 | 6.21,29.85 | 1011,1.2 | 0.05
2019-07-31,29.0,16.0,47.0,8.0,29.85,1.6,29 | 84.2,16 | 60.8,47,8 | 4.97,29.85 | 1011,1.6 | 0.06
2019-08-01,30.0,17.0,45.0,15.0,29.88,0.2,30 | 86.0,17 | 62.6,45,15 | 9.32,29.88 | 1012,0.2 | 0.01
2019-08-02,30.0,15.0,41.0,21.0,29.85,0.2,30 | 86.0,15 | 59.0,41,21 | 13.05,29.85 | 1011,0.2 | 0.01
2019-08-03,30.0,16.0,46.0,22.0,29.85,0.0,30 | 86.0,16 | 60.8,46,22 | 13.67,29.85 | 1011,0.0 | 0.0
2019-08-04,29.0,15.0,43.0,21.0,29.88,0.0,29 | 84.2,15 | 59.0,43,21 | 13.05,29.88 | 1012,0.0 | 0.0
2019-08-05,29.0,15.0,42.0,17.0,29.91,0.0,29 | 84.2,15 | 59.0,42,17 | 10.56,29.91 | 1013,0.0 | 0.0
2019-08-06,31.0,14.0,37.0,12.0,29.91,0.0,31 | 87.8,14 | 57.2,37,12 | 7.46,29.91 | 1013,0.0 | 0.0
2019-08-07,31.0,15.0,39.0,19.0,29.85,0.0,31 | 87.8,15 | 59.0,39,19 | 11.81,29.85 | 1011,0.0 | 0.0
2019-08-08,30.0,16.0,46.0,26.0,29.88,0.0,30 | 86.0,16 | 60.8,46,26 | 16.16,29.88 | 1012,0.0 | 0.0
2019-08-09,30.0,15.0,41.0,19.0,29.88,0.0,30 | 86.0,15 | 59.0,41,19 | 11.81,29.88 | 1012,0.0 | 0.0
2019-08-10,30.0,15.0,42.0,19.0,29.94,3.3,30 | 86.0,15 | 59.0,42,19 | 11.81,29.94 | 1014,3.3 | 0.13
2019-08-11,28.0,15.0,45.0,15.0,29.91,0.0,28 | 82.4,15 | 59.0,45,15 | 9.32,29.91 | 1013,0.0 | 0.0
2019-08-12,29.0,14.0,40.0,17.0,29.88,0.0,29 | 84.2,14 | 57.2,40,17 | 10.56,29.88 | 1012,0.0 | 0.0
2019-08-13,30.0,14.0,40.0,20.0,29.88,0.0,30 | 86.0,14 | 57.2,40,20 | 12.43,29.88 | 1012,0.0 | 0.0
2019-08-14,29.0,15.0,42.0,22.0,29.88,0.0,29 | 84.2,15 | 59.0,42,22 | 13.67,29.88 | 1012,0.0 | 0.0
2019-08-15,29.0,14.0,40.0,22.0,29.88,0.0,29 | 84.2,14 | 57.2,40,22 | 13.67,29.88 | 1012,0.0 | 0.0
2019-08-16,29.0,13.0,37.0,19.0,29.88,0.0,29 | 84.2,13 | 55.4,37,19 | 11.81,29.88 | 1012,0.0 | 0.0
2019-08-17,30.0,14.0,40.0,18.0,29.85,0.0,30 | 86.0,14 | 57.2,40,18 | 11.18,29.85 | 1011,0.0 | 0.0
2019-08-18,30.0,14.0,40.0,18.0,29.83,0.0,30 | 86.0,14 | 57.2,40,18 | 11.18,29.83 | 1010,0.0 | 0.0
2019-08-19,30.0,15.0,41.0,22.0,29.85,0.0,30 | 86.0,15 | 59.0,41,22 | 13.67,29.85 | 1011,0.0 | 0.0
2019-08-20,30.0,14.0,40.0,18.0,29.85,0.0,30 | 86.0,14 | 57.2,40,18 | 11.18,29.85 | 1011,0.0 | 0.0
2019-08-21,30.0,14.0,38.0,22.0,29.85,0.3,30 | 86.0,14 | 57.2,38,22 | 13.67,29.85 | 1011,0.3 | 0.01
2019-08-22,30.0,15.0,43.0,20.0,29.85,0.0,30 | 86.0,15 | 59.0,43,20 | 12.43,29.85 | 1011,0.0 | 0.0
2019-08-23,30.0,15.0,42.0,23.0,29.88,3.0,30 | 86.0,15 | 59.0,42,23 | 14.29,29.88 | 1012,3.0 | 0.12
2019-08-24,31.0,16.0,44.0,26.0,29.88,0.7,31 | 87.8,16 | 60.8,44,26 | 16.16,29.88 | 1012,0.7 | 0.03
2019-08-25,31.0,15.0,42.0,25.0,29.85,0.0,31 | 87.8,15 | 59.0,42,25 | 15.53,29.85 | 1011,0.0 | 0.0
2019-08-26,30.0,15.0,41.0,23.0,29.85,0.0,30 | 86.0,15 | 59.0,41,23 | 14.29,29.85 | 1011,0.0 | 0.0
2019-08-27,30.0,14.0,39.0,17.0,29.88,0.0,30 | 86.0,14 | 57.2,39,17 | 10.56,29.88 | 1012,0.0 | 0.0
2019-08-28,31.0,14.0,37.0,24.0,29.85,0.0,31 | 87.8,14 | 57.2,37,24 | 14.91,29.85 | 1011,0.0 | 0.0
2019-08-29,30.0,16.0,43.0,14.0,29.85,7.9,30 | 86.0,16 | 60.8,43,14 | 8.7,29.85 | 1011,7.9 | 0.31
2019-08-30,31.0,16.0,43.0,13.0,29.83,0.0,31 | 87.8,16 | 60.8,43,13 | 8.08,29.83 | 1010,0.0 | 0.0
2019-08-31,31.0,16.0,42.0,21.0,29.8,0.0,31 | 87.8,16 | 60.8,42,21 | 13.05,29.8 | 1009,0.0 | 0.0
2019-09-01,31.0,17.0,44.0,10.0,29.8,5.0,31 | 87.8,17 | 62.6,44,10 | 6.21,29.8 | 1009,5.0 | 0.2
2019-09-02,31.0,17.0,44.0,15.0,29.83,5.5,31 | 87.8,17 | 62.6,44,15 | 9.32,29.83 | 1010,5.5 | 0.22
2019-09-03,30.0,17.0,45.0,17.0,29.83,1.5,30 | 86.0,17 | 62.6,45,17 | 10.56,29.83 | 1010,1.5 | 0.06
2019-09-04,30.0,16.0,43.0,24.0,29.83,0.0,30 | 86.0,16 | 60.8,43,24 | 14.91,29.83 | 1010,0.0 | 0.0
2019-09-05,31.0,15.0,38.0,18.0,29.83,0.0,31 | 87.8,15 | 59.0,38,18 | 11.18,29.83 | 1010,0.0 | 0.0
2019-09-06,30.0,15.0,41.0,16.0,29.85,0.0,30 | 86.0,15 | 59.0,41,16 | 9.94,29.85 | 1011,0.0 | 0.0
2019-09-07,31.0,15.0,39.0,21.0,29.85,0.2,31 | 87.8,15 | 59.0,39,21 | 13.05,29.85 | 1011,0.2 | 0.01
2019-09-08,30.0,15.0,41.0,18.0,29.85,0.1,30 | 86.0,15 | 59.0,41,18 | 11.18,29.85 | 1011,0.1 | 0.0
2019-09-09,30.0,14.0,40.0,23.0,29.85,0.0,30 | 86.0,14 | 57.2,40,23 | 14.29,29.85 | 1011,0.0 | 0.0
2019-09-10,31.0,16.0,42.0,28.0,29.85,0.0,31 | 87.8,16 | 60.8,42,28 | 17.4,29.85 | 1011,0.0 | 0.0
2019-09-11,30.0,16.0,45.0,22.0,29.85,0.0,30 | 86.0,16 | 60.8,45,22 | 13.67,29.85 | 1011,0.0 | 0.0
2019-09-12,31.0,15.0,40.0,23.0,29.85,0.0,31 | 87.8,15 | 59.0,40,23 | 14.29,29.85 | 1011,0.0 | 0.0
2019-09-13,31.0,15.0,40.0,24.0,29.83,0.0,31 | 87.8,15 | 59.0,40,24 | 14.91,29.83 | 1010,0.0 | 0.0
2019-09-14,32.0,15.0,38.0,24.0,29.83,0.0,32 | 89.6,15 | 59.0,38,24 | 14.91,29.83 | 1010,0.0 | 0.0
2019-09-15,32.0,15.0,38.0,23.0,29.83,0.0,32 | 89.6,15 | 59.0,38,23 | 14.29,29.83 | 1010,0.0 | 0.0
2019-09-16,32.0,14.0,36.0,26.0,29.8,0.0,32 | 89.6,14 | 57.2,36,26 | 16.16,29.8 | 1009,0.0 | 0.0
2019-09-17,31.0,14.0,37.0,25.0,29.8,0.0,31 | 87.8,14 | 57.2,37,25 | 15.53,29.8 | 1009,0.0 | 0.0
2019-09-18,30.0,13.0,36.0,20.0,29.83,0.0,30 | 86.0,13 | 55.4,36,20 | 12.43,29.83 | 1010,0.0 | 0.0
2019-09-19,32.0,13.0,35.0,21.0,29.8,0.0,32 | 89.6,13 | 55.4,35,21 | 13.05,29.8 | 1009,0.0 | 0.0
2019-09-20,31.0,14.0,38.0,24.0,29.8,0.0,31 | 87.8,14 | 57.2,38,24 | 14.91,29.8 | 1009,0.0 | 0.0
2019-09-21,30.0,14.0,39.0,19.0,29.8,0.0,30 | 86.0,14 | 57.2,39,19 | 11.81,29.8 | 1009,0.0 | 0.0
2019-09-22,31.0,14.0,39.0,22.0,29.83,0.0,31 | 87.8,14 | 57.2,39,22 | 13.67,29.83 | 1010,0.0 | 0.0
2019-09-23,31.0,14.0,37.0,21.0,29.83,0.0,31 | 87.8,14 | 57.2,37,21 | 13.05,29.83 | 1010,0.0 | 0.0
2019-09-24,31.0,15.0,39.0,21.0,29.8,0.0,31 | 87.8,15 | 59.0,39,21 | 13.05,29.8 | 1009,0.0 | 0.0
2019-09-25,32.0,15.0,38.0,19.0,29.77,0.0,32 | 89.6,15 | 59.0,38,19 | 11.81,29.77 | 1008,0.0 | 0.0
2019-09-26,31.0,16.0,42.0,30.0,29.8,0.0,31 | 87.8,16 | 60.8,42,30 | 18.64,29.8 | 1009,0.0 | 0.0
2019-09-27,30.0,17.0,47.0,29.0,29.85,3.6,30 | 86.0,17 | 62.6,47,29 | 18.02,29.85 | 1011,3.6 | 0.14
2019-09-28,31.0,14.0,37.0,23.0,29.83,0.0,31 | 87.8,14 | 57.2,37,23 | 14.29,29.83 | 1010,0.0 | 0.0
2019-09-29,33.0,13.0,32.0,21.0,29.77,0.0,33 | 91.4,13 | 55.4,32,21 | 13.05,29.77 | 1008,0.0 | 0.0
2019-09-30,33.0,14.0,35.0,27.0,29.74,0.0,33 | 91.4,14 | 57.2,35,27 | 16.78,29.74 | 1007,0.0 | 0.0
2019-10-01,31.0,17.0,45.0,15.0,29.77,5.5,31 | 87.8,17 | 62.6,45,15 | 9.32,29.77 | 1008,5.5 | 0.22
2019-10-02,32.0,17.0,45.0,27.0,29.8,12.5,32 | 89.6,17 | 62.6,45,27 | 16.78,29.8 | 1009,12.5 | 0.49
2019-10-03,32.0,15.0,38.0,27.0,29.8,0.0,32 | 89.6,15 | 59.0,38,27 | 16.78,29.8 | 1009,0.0 | 0.0
2019-10-04,32.0,15.0,40.0,32.0,29.8,0.0,32 | 89.6,15 | 59.0,40,32 | 19.88,29.8 | 1009,0.0 | 0.0
2019-10-05,31.0,16.0,41.0,24.0,29.8,0.0,31 | 87.8,16 | 60.8,41,24 | 14.91,29.8 | 1009,0.0 | 0.0
2019-10-06,30.0,16.0,45.0,26.0,29.8,0.1,30 | 86.0,16 | 60.8,45,26 | 16.16,29.8 | 1009,0.1 | 0.0
2019-10-07,31.0,16.0,43.0,26.0,29.77,1.1,31 | 87.8,16 | 60.8,43,26 | 16.16,29.77 | 1008,1.1 | 0.04
2019-10-08,32.0,14.0,35.0,24.0,29.77,0.0,32 | 89.6,14 | 57.2,35,24 | 14.91,29.77 | 1008,0.0 | 0.0
2019-10-09,32.0,16.0,39.0,24.0,29.77,0.9,32 | 89.6,16 | 60.8,39,24 | 14.91,29.77 | 1008,0.9 | 0.04
2019-10-10,31.0,17.0,46.0,28.0,29.8,0.4,31 | 87.8,17 | 62.6,46,28 | 17.4,29.8 | 1009,0.4 | 0.02
2019-10-11,32.0,17.0,45.0,30.0,29.77,0.0,32 | 89.6,17 | 62.6,45,30 | 18.64,29.77 | 1008,0.0 | 0.0
2019-10-12,32.0,17.0,45.0,26.0,29.77,0.5,32 | 89.6,17 | 62.6,45,26 | 16.16,29.77 | 1008,0.5 | 0.02
2019-10-13,31.0,17.0,45.0,23.0,29.77,0.1,31 | 87.8,17 | 62.6,45,23 | 14.29,29.77 | 1008,0.1 | 0.0
2019-10-14,31.0,17.0,44.0,26.0,29.83,1.1,31 | 87.8,17 | 62.6,44,26 | 16.16,29.83 | 1010,1.1 | 0.04
2019-10-15,32.0,16.0,41.0,25.0,29.8,0.0,32 | 89.6,16 | 60.8,41,25 | 15.53,29.8 | 1009,0.0 | 0.0
2019-10-16,33.0,15.0,37.0,29.0,29.77,0.0,33 | 91.4,15 | 59.0,37,29 | 18.02,29.77 | 1008,0.0 | 0.0
2019-10-17,33.0,15.0,38.0,25.0,29.8,0.1,33 | 91.4,15 | 59.0,38,25 | 15.53,29.8 | 1009,0.1 | 0.0
2019-10-18,32.0,17.0,42.0,20.0,29.8,5.2,32 | 89.6,17 | 62.6,42,20 | 12.43,29.8 | 1009,5.2 | 0.2
2019-10-19,32.0,16.0,43.0,24.0,29.8,0.1,32 | 89.6,16 | 60.8,43,24 | 14.91,29.8 | 1009,0.1 | 0.0
2019-10-20,30.0,18.0,50.0,30.0,29.8,5.4,30 | 86.0,18 | 64.4,50,30 | 18.64,29.8 | 1009,5.4 | 0.21
2019-10-21,31.0,17.0,44.0,25.0,29.8,0.0,31 | 87.8,17 | 62.6,44,25 | 15.53,29.8 | 1009,0.0 | 0.0
2019-10-22,32.0,16.0,41.0,24.0,29.77,0.2,32 | 89.6,16 | 60.8,41,24 | 14.91,29.77 | 1008,0.2 | 0.01
2019-10-23,32.0,17.0,45.0,25.0,29.77,1.6,32 | 89.6,17 | 62.6,45,25 | 15.53,29.77 | 1008,1.6 | 0.06
2019-10-24,32.0,16.0,41.0,20.0,29.8,0.4,32 | 89.6,16 | 60.8,41,20 | 12.43,29.8 | 1009,0.4 | 0.02
2019-10-25,32.0,17.0,43.0,21.0,29.8,0.0,32 | 89.6,17 | 62.6,43,21 | 13.05,29.8 | 1009,0.0 | 0.0
2019-10-26,32.0,17.0,43.0,23.0,29.77,0.0,32 | 89.6,17 | 62.6,43,23 | 14.29,29.77 | 1008,0.0 | 0.0
2019-10-27,32.0,16.0,43.0,19.0,29.77,0.0,32 | 89.6,16 | 60.8,43,19 | 11.81,29.77 | 1008,0.0 | 0.0
2019-10-28,32.0,16.0,41.0,20.0,29.74,0.1,32 | 89.6,16 | 60.8,41,20 | 12.43,29.74 | 1007,0.1 | 0.0
2019-10-29,32.0,17.0,44.0,19.0,29.77,2.8,32 | 89.6,17 | 62.6,44,19 | 11.81,29.77 | 1008,2.8 | 0.11
2019-10-30,32.0,17.0,44.0,25.0,29.8,1.3,32 | 89.6,17 | 62.6,44,25 | 15.53,29.8 | 1009,1.3 | 0.05
2019-10-31,32.0,15.0,41.0,25.0,29.8,0.0,32 | 89.6,15 | 59.0,41,25 | 15.53,29.8 | 1009,0.0 | 0.0
2019-11-01,32.0,15.0,38.0,18.0,29.8,0.0,32 | 89.6,15 | 59.0,38,18 | 11.18,29.8 | 1009,0.0 | 0.0
2019-11-02,32.0,16.0,40.0,18.0,29.8,0.4,32 | 89.6,16 | 60.8,40,18 | 11.18,29.8 | 1009,0.4 | 0.02
2019-11-03,31.0,15.0,39.0,22.0,29.83,0.0,31 | 87.8,15 | 59.0,39,22 | 13.67,29.83 | 1010,0.0 | 0.0
2019-11-04,32.0,15.0,40.0,20.0,29.83,0.0,32 | 89.6,15 | 59.0,40,20 | 12.43,29.83 | 1010,0.0 | 0.0
2019-11-05,32.0,16.0,40.0,25.0,29.8,0.0,32 | 89.6,16 | 60.8,40,25 | 15.53,29.8 | 1009,0.0 | 0.0
2019-11-06,32.0,16.0,42.0,21.0,29.77,0.1,32 | 89.6,16 | 60.8,42,21 | 13.05,29.77 | 1008,0.1 | 0.0
2019-11-07,31.0,17.0,43.0,28.0,29.8,0.0,31 | 87.8,17 | 62.6,43,28 | 17.4,29.8 | 1009,0.0 | 0.0
2019-11-08,31.0,18.0,47.0,22.0,29.83,1.0,31 | 87.8,18 | 64.4,47,22 | 13.67,29.83 | 1010,1.0 | 0.04
2019-11-09,31.0,17.0,46.0,20.0,29.8,0.0,31 | 87.8,17 | 62.6,46,20 | 12.43,29.8 | 1009,0.0 | 0.0
2019-11-10,32.0,17.0,43.0,19.0,29.74,0.3,32 | 89.6,17 | 62.6,43,19 | 11.81,29.74 | 1007,0.3 | 0.01
2019-11-11,32.0,18.0,46.0,26.0,29.71,0.1,32 | 89.6,18 | 64.4,46,26 | 16.16,29.71 | 1006,0.1 | 0.0
2019-11-12,31.0,18.0,48.0,27.0,29.74,0.1,31 | 87.8,18 | 64.4,48,27 | 16.78,29.74 | 1007,0.1 | 0.0
2019-11-13,31.0,16.0,44.0,27.0,29.77,0.0,31 | 87.8,16 | 60.8,44,27 | 16.78,29.77 | 1008,0.0 | 0.0
2019-11-14,32.0,15.0,40.0,25.0,29.8,0.0,32 | 89.6,15 | 59.0,40,25 | 15.53,29.8 | 1009,0.0 | 0.0
2019-11-15,32.0,16.0,41.0,26.0,29.8,0.0,32 | 89.6,16 | 60.8,41,26 | 16.16,29.8 | 1009,0.0 | 0.0
2019-11-16,33.0,15.0,39.0,25.0,29.74,0.0,33 | 91.4,15 | 59.0,39,25 | 15.53,29.74 | 1007,0.0 | 0.0
2019-11-17,33.0,13.0,35.0,26.0,29.71,0.0,33 | 91.4,13 | 55.4,35,26 | 16.16,29.71 | 1006,0.0 | 0.0
2019-11-18,33.0,12.0,31.0,24.0,29.74,0.0,33 | 91.4,12 | 53.6,31,24 | 14.91,29.74 | 1007,0.0 | 0.0
2019-11-19,33.0,13.0,31.0,20.0,29.77,0.0,33 | 91.4,13 | 55.4,31,20 | 12.43,29.77 | 1008,0.0 | 0.0
2019-11-20,32.0,16.0,41.0,23.0,29.74,1.4,32 | 89.6,16 | 60.8,41,23 | 14.29,29.74 | 1007,1.4 | 0.06
2019-11-21,31.0,17.0,45.0,15.0,29.71,0.4,31 | 87.8,17 | 62.6,45,15 | 9.32,29.71 | 1006,0.4 | 0.02
2019-11-22,31.0,18.0,47.0,22.0,29.74,3.9,31 | 87.8,18 | 64.4,47,22 | 13.67,29.74 | 1007,3.9 | 0.15
2019-11-23,28.0,19.0,59.0,18.0,29.8,29.9,28 | 82.4,19 | 66.2,59,18 | 11.18,29.8 | 1009,29.9 | 1.18
2019-11-24,24.0,18.0,69.0,10.0,29.88,13.5,24 | 75.2,18 | 64.4,69,10 | 6.21,29.88 | 1012,13.5 | 0.53
2019-11-25,25.0,18.0,71.0,9.0,29.88,30.3,25 | 77.0,18 | 64.4,71,9 | 5.59,29.88 | 1012,30.3 | 1.19
2019-11-26,27.0,18.0,61.0,12.0,29.85,1.1,27 | 80.6,18 | 64.4,61,12 | 7.46,29.85 | 1011,1.1 | 0.04
2019-11-27,29.0,18.0,56.0,14.0,29.83,5.9,29 | 84.2,18 | 64.4,56,14 | 8.7,29.83 | 1010,5.9 | 0.23
2019-11-28,30.0,16.0,46.0,24.0,29.83,0.0,30 | 86.0,16 | 60.8,46,24 | 14.91,29.83 | 1010,0.0 | 0.0
2019-11-29,30.0,17.0,48.0,12.0,29.83,0.0,30 | 86.0,17 | 62.6,48,12 | 7.46,29.83 | 1010,0.0 | 0.0
2019-11-30,31.0,18.0,49.0,17.0,29.8,0.3,31 | 87.8,18 | 64.4,49,17 | 10.56,29.8 | 1009,0.3 | 0.01
2019-12-01,31.0,17.0,46.0,20.0,29.8,0.1,31 | 87.8,17 | 62.6,46,20 | 12.43,29.8 | 1009,0.1 | 0.0
2019-12-02,31.0,17.0,46.0,17.0,29.8,0.2,31 | 87.8,17 | 62.6,46,17 | 10.56,29.8 | 1009,0.2 | 0.01
2019-12-03,31.0,17.0,45.0,15.0,29.77,0.2,31 | 87.8,17 | 62.6,45,15 | 9.32,29.77 | 1008,0.2 | 0.01
2019-12-04,31.0,17.0,47.0,14.0,29.77,4.1,31 | 87.8,17 | 62.6,47,14 | 8.7,29.77 | 1008,4.1 | 0.16
2019-12-05,31.0,17.0,45.0,13.0,29.77,3.4,31 | 87.8,17 | 62.6,45,13 | 8.08,29.77 | 1008,3.4 | 0.13
2019-12-06,31.0,16.0,43.0,11.0,29.77,0.6,31 | 87.8,16 | 60.8,43,11 | 6.84,29.77 | 1008,0.6 | 0.02
2019-12-07,32.0,15.0,40.0,13.0,29.74,0.0,32 | 89.6,15 | 59.0,40,13 | 8.08,29.74 | 1007,0.0 | 0.0
2019-12-08,32.0,15.0,38.0,15.0,29.77,0.0,32 | 89.6,15 | 59.0,38,15 | 9.32,29.77 | 1008,0.0 | 0.0
2019-12-09,31.0,17.0,44.0,26.0,29.77,0.0,31 | 87.8,17 | 62.6,44,26 | 16.16,29.77 | 1008,0.0 | 0.0
2019-12-10,30.0,18.0,50.0,27.0,29.8,7.2,30 | 86.0,18 | 64.4,50,27 | 16.78,29.8 | 1009,7.2 | 0.28
2019-12-11,31.0,17.0,47.0,19.0,29.8,0.0,31 | 87.8,17 | 62.6,47,19 | 11.81,29.8 | 1009,0.0 | 0.0
2019-12-12,31.0,17.0,46.0,18.0,29.8,0.3,31 | 87.8,17 | 62.6,46,18 | 11.18,29.8 | 1009,0.3 | 0.01
2019-12-13,32.0,16.0,42.0,18.0,29.8,0.1,32 | 89.6,16 | 60.8,42,18 | 11.18,29.8 | 1009,0.1 | 0.0
2019-12-14,31.0,17.0,46.0,24.0,29.83,1.3,31 | 87.8,17 | 62.6,46,24 | 14.91,29.83 | 1010,1.3 | 0.05
2019-12-15,31.0,17.0,46.0,23.0,29.83,4.7,31 | 87.8,17 | 62.6,46,23 | 14.29,29.83 | 1010,4.7 | 0.19
2019-12-16,31.0,16.0,43.0,20.0,29.8,0.0,31 | 87.8,16 | 60.8,43,20 | 12.43,29.8 | 1009,0.0 | 0.0
2019-12-17,32.0,15.0,39.0,20.0,29.77,0.0,32 | 89.6,15 | 59.0,39,20 | 12.43,29.77 | 1008,0.0 | 0.0
2019-12-18,32.0,14.0,35.0,27.0,29.8,0.0,32 | 89.6,14 | 57.2,35,27 | 16.78,29.8 | 1009,0.0 | 0.0
2019-12-19,31.0,12.0,33.0,24.0,29.83,0.0,31 | 87.8,12 | 53.6,33,24 | 14.91,29.83 | 1010,0.0 | 0.0
2019-12-20,32.0,13.0,35.0,18.0,29.83,0.0,32 | 89.6,13 | 55.4,35,18 | 11.18,29.83 | 1010,0.0 | 0.0
2019-12-21,32.0,16.0,42.0,17.0,29.83,0.0,32 | 89.6,16 | 60.8,42,17 | 10.56,29.83 | 1010,0.0 | 0.0
2019-12-22,32.0,15.0,39.0,23.0,29.83,0.0,32 | 89.6,15 | 59.0,39,23 | 14.29,29.83 | 1010,0.0 | 0.0
2019-12-23,32.0,16.0,41.0,16.0,29.83,0.0,32 | 89.6,16 | 60.8,41,16 | 9.94,29.83 | 1010,0.0 | 0.0
2019-12-24,32.0,16.0,41.0,16.0,29.8,0.0,32 | 89.6,16 | 60.8,41,16 | 9.94,29.8 | 1009,0.0 | 0.0
2019-12-25,32.0,16.0,42.0,17.0,29.8,0.0,32 | 89.6,16 | 60.8,42,17 | 10.56,29.8 | 1009,0.0 | 0.0
2019-12-26,32.0,16.0,39.0,14.0,29.77,0.0,32 | 89.6,16 | 60.8,39,14 | 8.7,29.77 | 1008,0.0 | 0.0
2019-12-27,33.0,15.0,37.0,13.0,29.77,0.0,33 | 91.4,15 | 59.0,37,13 | 8.08,29.77 | 1008,0.0 | 0.0
2019-12-28,33.0,14.0,34.0,12.0,29.77,0.0,33 | 91.4,14 | 57.2,34,12 | 7.46,29.77 | 1008,0.0 | 0.0
2019-12-29,33.0,12.0,30.0,11.0,29.77,0.1,33 | 91.4,12 | 53.6,30,11 | 6.84,29.77 | 1008,0.1 | 0.0
2019-12-30,33.0,13.0,33.0,20.0,29.77,0.0,33 | 91.4,13 | 55.4,33,20 | 12.43,29.77 | 1008,0.0 | 0.0
2019-12-31,32.0,14.0,36.0,25.0,29.83,0.0,32 | 89.6,14 | 57.2,36,25 | 15.53,29.83 | 1010,0.0 | 0.0
2020-01-01,33.0,12.0,30.0,20.0,29.77,0.0,33 | 91.4,12 | 53.6,30,20 | 12.43,29.77 | 1008,0.0 | 0.0
2020-01-02,33.0,15.0,36.0,28.0,29.8,0.0,33 | 91.4,15 | 59.0,36,28 | 17.4,29.8 | 1009,0.0 | 0.0
2020-01-03,33.0,14.0,35.0,27.0,29.83,0.0,33 | 91.4,14 | 57.2,35,27 | 16.78,29.83 | 1010,0.0 | 0.0
2020-01-04,32.0,15.0,39.0,24.0,29.83,0.4,32 | 89.6,15 | 59.0,39,24 | 14.91,29.83 | 1010,0.4 | 0.02
2020-01-05,32.0,14.0,37.0,17.0,29.77,0.0,32 | 89.6,14 | 57.2,37,17 | 10.56,29.77 | 1008,0.0 | 0.0
2020-01-06,32.0,15.0,38.0,16.0,29.77,0.0,32 | 89.6,15 | 59.0,38,16 | 9.94,29.77 | 1008,0.0 | 0.0
2020-01-07,33.0,15.0,38.0,19.0,29.77,0.0,33 | 91.4,15 | 59.0,38,19 | 11.81,29.77 | 1008,0.0 | 0.0
2020-01-08,32.0,16.0,41.0,25.0,29.8,3.5,32 | 89.6,16 | 60.8,41,25 | 15.53,29.8 | 1009,3.5 | 0.14
2020-01-09,33.0,14.0,35.0,13.0,29.77,0.0,33 | 91.4,14 | 57.2,35,13 | 8.08,29.77 | 1008,0.0 | 0.0
2020-01-10,33.0,13.0,31.0,15.0,29.77,0.0,33 | 91.4,13 | 55.4,31,15 | 9.32,29.77 | 1008,0.0 | 0.0
2020-01-11,32.0,12.0,30.0,9.0,29.77,0.0,32 | 89.6,12 | 53.6,30,9 | 5.59,29.77 | 1008,0.0 | 0.0
2020-01-12,33.0,7.0,22.0,14.0,29.8,0.0,33 | 91.4,7 | 44.6,22,14 | 8.7,29.8 | 1009,0.0 | 0.0
2020-01-13,28.0,10.0,33.0,12.0,29.83,11.9,28 | 82.4,10 | 50.0,33,12 | 7.46,29.83 | 1010,11.9 | 0.47
2020-01-14,31.0,15.0,42.0,12.0,29.8,0.7,31 | 87.8,15 | 59.0,42,12 | 7.46,29.8 | 1009,0.7 | 0.03
2020-01-15,32.0,15.0,38.0,20.0,29.8,0.0,32 | 89.6,15 | 59.0,38,20 | 12.43,29.8 | 1009,0.0 | 0.0
2020-01-16,33.0,13.0,33.0,19.0,29.8,0.0,33 | 91.4,13 | 55.4,33,19 | 11.81,29.8 | 1009,0.0 | 0.0
2020-01-17,33.0,9.0,28.0,18.0,29.8,0.0,33 | 91.4,9 | 48.2,28,18 | 11.18,29.8 | 1009,0.0 | 0.0
2020-01-18,33.0,8.0,23.0,17.0,29.77,0.0,33 | 91.4,8 | 46.4,23,17 | 10.56,29.77 | 1008,0.0 | 0.0
2020-01-19,33.0,8.0,24.0,15.0,29.8,0.0,33 | 91.4,8 | 46.4,24,15 | 9.32,29.8 | 1009,0.0 | 0.0
2020-01-20,33.0,9.0,26.0,12.0,29.77,0.0,33 | 91.4,9 | 48.2,26,12 | 7.46,29.77 | 1008,0.0 | 0.0
2020-01-21,34.0,9.0,25.0,10.0,29.77,0.0,34 | 93.2,9 | 48.2,25,10 | 6.21,29.77 | 1008,0.0 | 0.0
2020-01-22,34.0,8.0,23.0,9.0,29.74,0.0,34 | 93.2,8 | 46.4,23,9 | 5.59,29.74 | 1007,0.0 | 0.0
2020-01-23,33.0,8.0,23.0,12.0,29.77,0.0,33 | 91.4,8 | 46.4,23,12 | 7.46,29.77 | 1008,0.0 | 0.0
2020-01-24,33.0,11.0,29.0,14.0,29.8,0.0,33 | 91.4,11 | 51.8,29,14 | 8.7,29.8 | 1009,0.0 | 0.0
2020-01-25,32.0,16.0,40.0,17.0,29.83,1.0,32 | 89.6,16 | 60.8,40,17 | 10.56,29.83 | 1010,1.0 | 0.04
2020-01-26,31.0,17.0,47.0,12.0,29.83,2.6,31 | 87.8,17 | 62.6,47,12 | 7.46,29.83 | 1010,2.6 | 0.1
2020-01-27,31.0,18.0,48.0,15.0,29.83,3.8,31 | 87.8,18 | 64.4,48,15 | 9.32,29.83 | 1010,3.8 | 0.15
2020-01-28,29.0,19.0,58.0,21.0,29.85,17.7,29 | 84.2,19 | 66.2,58,21 | 13.05,29.85 | 1011,17.7 | 0.7
2020-01-29,20.0,18.0,80.0,18.0,29.94,106.0,20 | 68.0,18 | 64.4,80,18 | 11.18,29.94 | 1014,106.0 | 4.17
2020-01-30,24.0,19.0,69.0,9.0,29.91,9.1,24 | 75.2,19 | 66.2,69,9 | 5.59,29.91 | 1013,9.1 | 0.36
2020-01-31,30.0,18.0,53.0,6.0,29.85,0.1,30 | 86.0,18 | 64.4,53,6 | 3.73,29.85 | 1011,0.1 | 0.0
2020-02-01,30.0,19.0,52.0,10.0,29.83,0.3,30 | 86.0,19 | 66.2,52,10 | 6.21,29.83 | 1010,0.3 | 0.01
2020-02-02,31.0,18.0,50.0,9.0,29.83,0.0,31 | 87.8,18 | 64.4,50,9 | 5.59,29.83 | 1010,0.0 | 0.0
2020-02-03,31.0,18.0,47.0,14.0,29.85,0.0,31 | 87.8,18 | 64.4,47,14 | 8.7,29.85 | 1011,0.0 | 0.0
2020-02-04,31.0,17.0,45.0,17.0,29.83,0.0,31 | 87.8,17 | 62.6,45,17 | 10.56,29.83 | 1010,0.0 | 0.0
2020-02-05,31.0,17.0,47.0,14.0,29.83,0.2,31 | 87.8,17 | 62.6,47,14 | 8.7,29.83 | 1010,0.2 | 0.01
2020-02-06,31.0,16.0,44.0,14.0,29.85,0.0,31 | 87.8,16 | 60.8,44,14 | 8.7,29.85 | 1011,0.0 | 0.0
2020-02-07,32.0,14.0,37.0,19.0,29.85,0.0,32 | 89.6,14 | 57.2,37,19 | 11.81,29.85 | 1011,0.0 | 0.0
2020-02-08,32.0,13.0,35.0,20.0,29.85,0.0,32 | 89.6,13 | 55.4,35,20 | 12.43,29.85 | 1011,0.0 | 0.0
2020-02-09,32.0,13.0,34.0,20.0,29.85,0.0,32 | 89.6,13 | 55.4,34,20 | 12.43,29.85 | 1011,0.0 | 0.0
2020-02-10,32.0,12.0,32.0,16.0,29.83,0.0,32 | 89.6,12 | 53.6,32,16 | 9.94,29.83 | 1010,0.0 | 0.0
2020-02-11,34.0,13.0,31.0,12.0,29.77,0.0,34 | 93.2,13 | 55.4,31,12 | 7.46,29.77 | 1008,0.0 | 0.0
2020-02-12,34.0,13.0,30.0,11.0,29.74,0.0,34 | 93.2,13 | 55.4,30,11 | 6.84,29.74 | 1007,0.0 | 0.0
2020-02-13,33.0,15.0,35.0,21.0,29.8,0.0,33 | 91.4,15 | 59.0,35,21 | 13.05,29.8 | 1009,0.0 | 0.0
2020-02-14,32.0,15.0,40.0,22.0,29.8,0.0,32 | 89.6,15 | 59.0,40,22 | 13.67,29.8 | 1009,0.0 | 0.0
2020-02-15,32.0,15.0,37.0,29.0,29.8,0.0,32 | 89.6,15 | 59.0,37,29 | 18.02,29.8 | 1009,0.0 | 0.0
2020-02-16,33.0,15.0,37.0,28.0,29.8,0.0,33 | 91.4,15 | 59.0,37,28 | 17.4,29.8 | 1009,0.0 | 0.0
2020-02-17,34.0,15.0,35.0,21.0,29.77,0.0,34 | 93.2,15 | 59.0,35,21 | 13.05,29.77 | 1008,0.0 | 0.0
2020-02-18,34.0,16.0,36.0,27.0,29.77,0.0,34 | 93.2,16 | 60.8,36,27 | 16.78,29.77 | 1008,0.0 | 0.0
2020-02-19,34.0,16.0,38.0,22.0,29.8,0.0,34 | 93.2,16 | 60.8,38,22 | 13.67,29.8 | 1009,0.0 | 0.0
2020-02-20,34.0,14.0,33.0,17.0,29.74,0.0,34 | 93.2,14 | 57.2,33,17 | 10.56,29.74 | 1007,0.0 | 0.0
2020-02-21,34.0,15.0,32.0,23.0,29.74,0.0,34 | 93.2,15 | 59.0,32,23 | 14.29,29.74 | 1007,0.0 | 0.0
2020-02-22,34.0,15.0,33.0,24.0,29.77,0.0,34 | 93.2,15 | 59.0,33,24 | 14.91,29.77 | 1008,0.0 | 0.0
2020-02-23,34.0,13.0,31.0,25.0,29.74,0.0,34 | 93.2,13 | 55.4,31,25 | 15.53,29.74 | 1007,0.0 | 0.0
2020-02-24,33.0,10.0,27.0,24.0,29.77,0.0,33 | 91.4,10 | 50.0,27,24 | 14.91,29.77 | 1008,0.0 | 0.0
2020-02-25,34.0,9.0,24.0,13.0,29.77,0.0,34 | 93.2,9 | 48.2,24,13 | 8.08,29.77 | 1008,0.0 | 0.0
2020-02-26,34.0,14.0,33.0,16.0,29.77,0.4,34 | 93.2,14 | 57.2,33,16 | 9.94,29.77 | 1008,0.4 | 0.02
2020-02-27,34.0,16.0,38.0,22.0,29.77,0.0,34 | 93.2,16 | 60.8,38,22 | 13.67,29.77 | 1008,0.0 | 0.0
2020-02-28,34.0,15.0,35.0,20.0,29.77,0.0,34 | 93.2,15 | 59.0,35,20 | 12.43,29.77 | 1008,0.0 | 0.0
2020-02-29,34.0,13.0,33.0,15.0,29.74,0.0,34 | 93.2,13 | 55.4,33,15 | 9.32,29.74 | 1007,0.0 | 0.0
2020-03-01,35.0,14.0,30.0,16.0,29.74,0.0,35 | 95.0,14 | 57.2,30,16 | 9.94,29.74 | 1007,0.0 | 0.0
2020-03-02,33.0,15.0,35.0,17.0,29.77,0.2,33 | 91.4,15 | 59.0,35,17 | 10.56,29.77 | 1008,0.2 | 0.01
2020-03-03,34.0,14.0,33.0,12.0,29.8,0.0,34 | 93.2,14 | 57.2,33,12 | 7.46,29.8 | 1009,0.0 | 0.0
2020-03-04,34.0,15.0,34.0,19.0,29.8,0.0,34 | 93.2,15 | 59.0,34,19 | 11.81,29.8 | 1009,0.0 | 0.0
2020-03-05,34.0,15.0,37.0,15.0,29.83,0.1,34 | 93.2,15 | 59.0,37,15 | 9.32,29.83 | 1010,0.1 | 0.0
2020-03-06,34.0,15.0,35.0,14.0,29.77,0.0,34 | 93.2,15 | 59.0,35,14 | 8.7,29.77 | 1008,0.0 | 0.0
2020-03-07,35.0,15.0,33.0,21.0,29.74,0.0,35 | 95.0,15 | 59.0,33,21 | 13.05,29.74 | 1007,0.0 | 0.0
2020-03-08,35.0,17.0,38.0,24.0,29.74,0.0,35 | 95.0,17 | 62.6,38,24 | 14.91,29.74 | 1007,0.0 | 0.0
2020-03-09,35.0,16.0,37.0,21.0,29.71,0.0,35 | 95.0,16 | 60.8,37,21 | 13.05,29.71 | 1006,0.0 | 0.0
2020-03-10,34.0,17.0,38.0,17.0,29.71,0.0,34 | 93.2,17 | 62.6,38,17 | 10.56,29.71 | 1006,0.0 | 0.0
2020-03-11,33.0,16.0,39.0,23.0,29.74,0.8,33 | 91.4,16 | 60.8,39,23 | 14.29,29.74 | 1007,0.8 | 0.03
2020-03-12,34.0,16.0,36.0,27.0,29.74,0.0,34 | 93.2,16 | 60.8,36,27 | 16.78,29.74 | 1007,0.0 | 0.0
2020-03-13,34.0,13.0,30.0,23.0,29.74,0.0,34 | 93.2,13 | 55.4,30,23 | 14.29,29.74 | 1007,0.0 | 0.0
2020-03-14,34.0,14.0,31.0,18.0,29.77,0.0,34 | 93.2,14 | 57.2,31,18 | 11.18,29.77 | 1008,0.0 | 0.0
2020-03-15,34.0,15.0,35.0,16.0,29.74,0.0,34 | 93.2,15 | 59.0,35,16 | 9.94,29.74 | 1007,0.0 | 0.0
2020-03-16,34.0,17.0,41.0,16.0,29.74,0.2,34 | 93.2,17 | 62.6,41,16 | 9.94,29.74 | 1007,0.2 | 0.01
2020-03-17,33.0,18.0,43.0,18.0,29.77,2.8,33 | 91.4,18 | 64.4,43,18 | 11.18,29.77 | 1008,2.8 | 0.11
2020-03-18,33.0,17.0,41.0,22.0,29.77,0.0,33 | 91.4,17 | 62.6,41,22 | 13.67,29.77 | 1008,0.0 | 0.0
2020-03-19,33.0,17.0,41.0,22.0,29.8,0.0,33 | 91.4,17 | 62.6,41,22 | 13.67,29.8 | 1009,0.0 | 0.0
2020-03-20,33.0,16.0,40.0,23.0,29.8,0.1,33 | 91.4,16 | 60.8,40,23 | 14.29,29.8 | 1009,0.1 | 0.0
2020-03-21,33.0,17.0,41.0,27.0,29.77,0.0,33 | 91.4,17 | 62.6,41,27 | 16.78,29.77 | 1008,0.0 | 0.0
2020-03-22,33.0,15.0,38.0,22.0,29.8,0.0,33 | 91.4,15 | 59.0,38,22 | 13.67,29.8 | 1009,0.0 | 0.0
2020-03-23,33.0,14.0,34.0,18.0,29.8,0.0,33 | 91.4,14 | 57.2,34,18 | 11.18,29.8 | 1009,0.0 | 0.0
2020-03-24,34.0,16.0,38.0,20.0,29.74,0.2,34 | 93.2,16 | 60.8,38,20 | 12.43,29.74 | 1007,0.2 | 0.01
2020-03-25,34.0,17.0,40.0,22.0,29.71,1.1,34 | 93.2,17 | 62.6,40,22 | 13.67,29.71 | 1006,1.1 | 0.04
2020-03-26,34.0,17.0,40.0,16.0,29.68,0.0,34 | 93.2,17 | 62.6,40,16 | 9.94,29.68 | 1005,0.0 | 0.0
2020-03-27,32.0,18.0,46.0,24.0,29.77,4.5,32 | 89.6,18 | 64.4,46,24 | 14.91,29.77 | 1008,4.5 | 0.18
2020-03-28,31.0,17.0,48.0,14.0,29.83,8.5,31 | 87.8,17 | 62.6,48,14 | 8.7,29.83 | 1010,8.5 | 0.33
2020-03-29,32.0,17.0,44.0,13.0,29.8,0.0,32 | 89.6,17 | 62.6,44,13 | 8.08,29.8 | 1009,0.0 | 0.0
2020-03-30,33.0,17.0,43.0,21.0,29.77,0.0,33 | 91.4,17 | 62.6,43,21 | 13.05,29.77 | 1008,0.0 | 0.0
2020-03-31,33.0,16.0,39.0,26.0,29.8,0.0,33 | 91.4,16 | 60.8,39,26 | 16.16,29.8 | 1009,0.0 | 0.0
2020-04-01,34.0,16.0,38.0,24.0,29.8,0.0,34 | 93.2,16 | 60.8,38,24 | 14.91,29.8 | 1009,0.0 | 0.0
2020-04-02,34.0,15.0,37.0,25.0,29.8,0.0,34 | 93.2,15 | 59.0,37,25 | 15.53,29.8 | 1009,0.0 | 0.0
2020-04-03,34.0,16.0,37.0,28.0,29.77,0.0,34 | 93.2,16 | 60.8,37,28 | 17.4,29.77 | 1008,0.0 | 0.0
2020-04-04,33.0,15.0,38.0,25.0,29.77,0.0,33 | 91.4,15 | 59.0,38,25 | 15.53,29.77 | 1008,0.0 | 0.0
2020-04-05,34.0,14.0,34.0,26.0,29.83,0.0,34 | 93.2,14 | 57.2,34,26 | 16.16,29.83 | 1010,0.0 | 0.0
2020-04-06,33.0,14.0,34.0,27.0,29.83,0.0,33 | 91.4,14 | 57.2,34,27 | 16.78,29.83 | 1010,0.0 | 0.0
2020-04-07,34.0,14.0,34.0,25.0,29.8,0.0,34 | 93.2,14 | 57.2,34,25 | 15.53,29.8 | 1009,0.0 | 0.0
2020-04-08,34.0,14.0,34.0,25.0,29.8,0.0,34 | 93.2,14 | 57.2,34,25 | 15.53,29.8 | 1009,0.0 | 0.0
2020-04-09,34.0,15.0,37.0,28.0,29.8,0.0,34 | 93.2,15 | 59.0,37,28 | 17.4,29.8 | 1009,0.0 | 0.0
2020-04-10,33.0,16.0,39.0,25.0,29.77,0.0,33 | 91.4,16 | 60.8,39,25 | 15.53,29.77 | 1008,0.0 | 0.0
2020-04-11,34.0,14.0,34.0,20.0,29.77,0.0,34 | 93.2,14 | 57.2,34,20 | 12.43,29.77 | 1008,0.0 | 0.0
2020-04-12,34.0,15.0,35.0,21.0,29.77,0.0,34 | 93.2,15 | 59.0,35,21 | 13.05,29.77 | 1008,0.0 | 0.0
2020-04-13,34.0,17.0,40.0,21.0,29.77,0.1,34 | 93.2,17 | 62.6,40,21 | 13.05,29.77 | 1008,0.1 | 0.0
2020-04-14,33.0,17.0,42.0,19.0,29.77,2.7,33 | 91.4,17 | 62.6,42,19 | 11.81,29.77 | 1008,2.7 | 0.11
2020-04-15,33.0,18.0,43.0,12.0,29.8,8.0,33 | 91.4,18 | 64.4,43,12 | 7.46,29.8 | 1009,8.0 | 0.31
2020-04-16,32.0,18.0,47.0,11.0,29.77,1.7,32 | 89.6,18 | 64.4,47,11 | 6.84,29.77 | 1008,1.7 | 0.07
2020-04-17,33.0,17.0,42.0,17.0,29.71,0.7,33 | 91.4,17 | 62.6,42,17 | 10.56,29.71 | 1006,0.7 | 0.03
2020-04-18,32.0,18.0,47.0,22.0,29.74,1.1,32 | 89.6,18 | 64.4,47,22 | 13.67,29.74 | 1007,1.1 | 0.04
2020-04-19,25.0,19.0,61.0,21.0,29.83,18.6,25 | 77.0,19 | 66.2,61,21 | 13.05,29.83 | 1010,18.6 | 0.73
2020-04-20,29.0,16.0,50.0,8.0,29.83,0.0,29 | 84.2,16 | 60.8,50,8 | 4.97,29.83 | 1010,0.0 | 0.0
2020-04-21,30.0,19.0,53.0,14.0,29.83,7.3,30 | 86.0,19 | 66.2,53,14 | 8.7,29.83 | 1010,7.3 | 0.29
2020-04-22,31.0,19.0,53.0,17.0,29.8,1.6,31 | 87.8,19 | 66.2,53,17 | 10.56,29.8 | 1009,1.6 | 0.06
2020-04-23,31.0,18.0,49.0,16.0,29.8,0.6,31 | 87.8,18 | 64.4,49,16 | 9.94,29.8 | 1009,0.6 | 0.02
2020-04-24,28.0,18.0,54.0,15.0,29.85,8.4,28 | 82.4,18 | 64.4,54,15 | 9.32,29.85 | 1011,8.4 | 0.33
2020-04-25,30.0,18.0,52.0,14.0,29.83,0.1,30 | 86.0,18 | 64.4,52,14 | 8.7,29.83 | 1010,0.1 | 0.0
2020-04-26,30.0,18.0,51.0,17.0,29.85,1.6,30 | 86.0,18 | 64.4,51,17 | 10.56,29.85 | 1011,1.6 | 0.06
2020-04-27,31.0,18.0,48.0,20.0,29.83,0.2,31 | 87.8,18 | 64.4,48,20 | 12.43,29.83 | 1010,0.2 | 0.01
2020-04-28,31.0,18.0,49.0,20.0,29.85,0.2,31 | 87.8,18 | 64.4,49,20 | 12.43,29.85 | 1011,0.2 | 0.01
2020-04-29,30.0,19.0,53.0,16.0,29.85,3.6,30 | 86.0,19 | 66.2,53,16 | 9.94,29.85 | 1011,3.6 | 0.14
2020-04-30,29.0,19.0,56.0,16.0,29.91,12.4,29 | 84.2,19 | 66.2,56,16 | 9.94,29.91 | 1013,12.4 | 0.49
2020-05-01,28.0,19.0,60.0,8.0,29.91,0.0,28 | 82.4,19 | 66.2,60,8 | 4.97,29.91 | 1013,0.0 | 0.0
2020-05-02,29.0,20.0,61.0,14.0,29.85,19.5,29 | 84.2,20 | 68.0,61,14 | 8.7,29.85 | 1011,19.5 | 0.77
2020-05-03,29.0,19.0,54.0,12.0,29.85,4.0,29 | 84.2,19 | 66.2,54,12 | 7.46,29.85 | 1011,4.0 | 0.16
2020-05-04,28.0,19.0,57.0,9.0,29.85,10.2,28 | 82.4,19 | 66.2,57,9 | 5.59,29.85 | 1011,10.2 | 0.4
2020-05-05,31.0,18.0,50.0,11.0,29.85,0.0,31 | 87.8,18 | 64.4,50,11 | 6.84,29.85 | 1011,0.0 | 0.0
2020-05-06,30.0,18.0,49.0,17.0,29.83,2.2,30 | 86.0,18 | 64.4,49,17 | 10.56,29.83 | 1010,2.2 | 0.09
2020-05-07,31.0,18.0,50.0,21.0,29.8,0.9,31 | 87.8,18 | 64.4,50,21 | 13.05,29.8 | 1009,0.9 | 0.04
2020-05-08,30.0,18.0,49.0,20.0,29.83,5.3,30 | 86.0,18 | 64.4,49,20 | 12.43,29.83 | 1010,5.3 | 0.21
2020-05-09,31.0,18.0,46.0,18.0,29.83,0.0,31 | 87.8,18 | 64.4,46,18 | 11.18,29.83 | 1010,0.0 | 0.0
2020-05-10,31.0,18.0,46.0,21.0,29.83,0.0,31 | 87.8,18 | 64.4,46,21 | 13.05,29.83 | 1010,0.0 | 0.0
2020-05-11,30.0,18.0,48.0,21.0,29.85,2.4,30 | 86.0,18 | 64.4,48,21 | 13.05,29.85 | 1011,2.4 | 0.09
2020-05-12,31.0,18.0,48.0,14.0,29.85,0.1,31 | 87.8,18 | 64.4,48,14 | 8.7,29.85 | 1011,0.1 | 0.0
2020-05-13,31.0,18.0,47.0,13.0,29.85,0.0,31 | 87.8,18 | 64.4,47,13 | 8.08,29.85 | 1011,0.0 | 0.0
2020-05-14,32.0,17.0,44.0,20.0,29.85,0.0,32 | 89.6,17 | 62.6,44,20 | 12.43,29.85 | 1011,0.0 | 0.0
2020-05-15,32.0,17.0,43.0,20.0,29.83,0.0,32 | 89.6,17 | 62.6,43,20 | 12.43,29.83 | 1010,0.0 | 0.0
2020-05-16,31.0,17.0,46.0,17.0,29.83,0.0,31 | 87.8,17 | 62.6,46,17 | 10.56,29.83 | 1010,0.0 | 0.0
2020-05-17,31.0,17.0,45.0,23.0,29.85,0.0,31 | 87.8,17 | 62.6,45,23 | 14.29,29.85 | 1011,0.0 | 0.0
2020-05-18,31.0,16.0,44.0,23.0,29.88,0.0,31 | 87.8,16 | 60.8,44,23 | 14.29,29.88 | 1012,0.0 | 0.0
2020-05-19,32.0,15.0,38.0,19.0,29.85,0.0,32 | 89.6,15 | 59.0,38,19 | 11.81,29.85 | 1011,0.0 | 0.0
2020-05-20,32.0,16.0,40.0,19.0,29.85,0.0,32 | 89.6,16 | 60.8,40,19 | 11.81,29.85 | 1011,0.0 | 0.0
2020-05-21,31.0,18.0,47.0,25.0,29.88,0.2,31 | 87.8,18 | 64.4,47,25 | 15.53,29.88 | 1012,0.2 | 0.01
2020-05-22,30.0,16.0,45.0,20.0,29.91,0.0,30 | 86.0,16 | 60.8,45,20 | 12.43,29.91 | 1013,0.0 | 0.0
2020-05-23,31.0,15.0,41.0,17.0,29.91,0.0,31 | 87.8,15 | 59.0,41,17 | 10.56,29.91 | 1013,0.0 | 0.0
2020-05-24,31.0,15.0,39.0,20.0,29.85,0.0,31 | 87.8,15 | 59.0,39,20 | 12.43,29.85 | 1011,0.0 | 0.0
2020-05-25,32.0,14.0,38.0,18.0,29.85,0.0,32 | 89.6,14 | 57.2,38,18 | 11.18,29.85 | 1011,0.0 | 0.0
2020-05-26,32.0,16.0,42.0,19.0,29.85,0.0,32 | 89.6,16 | 60.8,42,19 | 11.81,29.85 | 1011,0.0 | 0.0
2020-05-27,32.0,17.0,43.0,23.0,29.85,0.0,32 | 89.6,17 | 62.6,43,23 | 14.29,29.85 | 1011,0.0 | 0.0
2020-05-28,32.0,16.0,41.0,23.0,29.85,0.0,32 | 89.6,16 | 60.8,41,23 | 14.29,29.85 | 1011,0.0 | 0.0
2020-05-29,32.0,16.0,43.0,22.0,29.85,0.0,32 | 89.6,16 | 60.8,43,22 | 13.67,29.85 | 1011,0.0 | 0.0
2020-05-30,30.0,15.0,42.0,21.0,29.85,0.0,30 | 86.0,15 | 59.0,42,21 | 13.05,29.85 | 1011,0.0 | 0.0
2020-05-31,31.0,14.0,37.0,16.0,29.88,0.0,31 | 87.8,14 | 57.2,37,16 | 9.94,29.88 | 1012,0.0 | 0.0
2020-06-01,31.0,16.0,41.0,18.0,29.88,0.0,31 | 87.8,16 | 60.8,41,18 | 11.18,29.88 | 1012,0.0 | 0.0
2020-06-02,31.0,16.0,41.0,20.0,29.85,0.0,31 | 87.8,16 | 60.8,41,20 | 12.43,29.85 | 1011,0.0 | 0.0
2020-06-03,31.0,16.0,43.0,21.0,29.83,0.1,31 | 87.8,16 | 60.8,43,21 | 13.05,29.83 | 1010,0.1 | 0.0
2020-06-04,31.0,16.0,43.0,19.0,29.85,0.0,31 | 87.8,16 | 60.8,43,19 | 11.81,29.85 | 1011,0.0 | 0.0
2020-06-05,31.0,14.0,38.0,15.0,29.88,0.0,31 | 87.8,14 | 57.2,38,15 | 9.32,29.88 | 1012,0.0 | 0.0
2020-06-06,32.0,15.0,38.0,13.0,29.85,0.0,32 | 89.6,15 | 59.0,38,13 | 8.08,29.85 | 1011,0.0 | 0.0
2020-06-07,32.0,16.0,38.0,15.0,29.83,0.0,32 | 89.6,16 | 60.8,38,15 | 9.32,29.83 | 1010,0.0 | 0.0
2020-06-08,31.0,17.0,44.0,17.0,29.83,2.5,31 | 87.8,17 | 62.6,44,17 | 10.56,29.83 | 1010,2.5 | 0.1
2020-06-09,27.0,18.0,57.0,10.0,29.88,8.3,27 | 80.6,18 | 64.4,57,10 | 6.21,29.88 | 1012,8.3 | 0.33
2020-06-10,29.0,16.0,44.0,18.0,29.85,0.0,29 | 84.2,16 | 60.8,44,18 | 11.18,29.85 | 1011,0.0 | 0.0
2020-06-11,29.0,16.0,45.0,16.0,29.85,0.0,29 | 84.2,16 | 60.8,45,16 | 9.94,29.85 | 1011,0.0 | 0.0
2020-06-12,30.0,16.0,45.0,12.0,29.85,0.0,30 | 86.0,16 | 60.8,45,12 | 7.46,29.85 | 1011,0.0 | 0.0
2020-06-13,30.0,17.0,47.0,11.0,29.83,0.8,30 | 86.0,17 | 62.6,47,11 | 6.84,29.83 | 1010,0.8 | 0.03
2020-06-14,28.0,18.0,55.0,6.0,29.88,1.0,28 | 82.4,18 | 64.4,55,6 | 3.73,29.88 | 1012,1.0 | 0.04
2020-06-15,29.0,17.0,47.0,10.0,29.91,0.8,29 | 84.2,17 | 62.6,47,10 | 6.21,29.91 | 1013,0.8 | 0.03
2020-06-16,29.0,16.0,43.0,14.0,29.85,0.0,29 | 84.2,16 | 60.8,43,14 | 8.7,29.85 | 1011,0.0 | 0.0
2020-06-17,29.0,16.0,44.0,16.0,29.85,0.0,29 | 84.2,16 | 60.8,44,16 | 9.94,29.85 | 1011,0.0 | 0.0
2020-06-18,29.0,15.0,43.0,15.0,29.88,0.0,29 | 84.2,15 | 59.0,43,15 | 9.32,29.88 | 1012,0.0 | 0.0
2020-06-19,29.0,15.0,43.0,12.0,29.88,0.0,29 | 84.2,15 | 59.0,43,12 | 7.46,29.88 | 1012,0.0 | 0.0
2020-06-20,30.0,16.0,41.0,11.0,29.88,0.0,30 | 86.0,16 | 60.8,41,11 | 6.84,29.88 | 1012,0.0 | 0.0
2020-06-21,30.0,18.0,50.0,15.0,29.85,2.8,30 | 86.0,18 | 64.4,50,15 | 9.32,29.85 | 1011,2.8 | 0.11
2020-06-22,30.0,17.0,48.0,11.0,29.85,1.8,30 | 86.0,17 | 62.6,48,11 | 6.84,29.85 | 1011,1.8 | 0.07
2020-06-23,30.0,17.0,49.0,14.0,29.83,10.4,30 | 86.0,17 | 62.6,49,14 | 8.7,29.83 | 1010,10.4 | 0.41
2020-06-24,30.0,17.0,47.0,13.0,29.83,1.8,30 | 86.0,17 | 62.6,47,13 | 8.08,29.83 | 1010,1.8 | 0.07
2020-06-25,29.0,17.0,47.0,18.0,29.83,0.0,29 | 84.2,17 | 62.6,47,18 | 11.18,29.83 | 1010,0.0 | 0.0
2020-06-26,30.0,16.0,44.0,15.0,29.83,0.0,30 | 86.0,16 | 60.8,44,15 | 9.32,29.83 | 1010,0.0 | 0.0
2020-06-27,30.0,16.0,43.0,16.0,29.8,0.0,30 | 86.0,16 | 60.8,43,16 | 9.94,29.8 | 1009,0.0 | 0.0
2020-06-28,30.0,16.0,42.0,20.0,29.83,0.3,30 | 86.0,16 | 60.8,42,20 | 12.43,29.83 | 1010,0.3 | 0.01
2020-06-29,31.0,16.0,43.0,20.0,29.83,0.0,31 | 87.8,16 | 60.8,43,20 | 12.43,29.83 | 1010,0.0 | 0.0
2020-06-30,31.0,13.0,35.0,23.0,29.8,0.0,31 | 87.8,13 | 55.4,35,23 | 14.29,29.8 | 1009,0.0 | 0.0
2020-07-01,30.0,14.0,39.0,18.0,29.83,0.0,30 | 86.0,14 | 57.2,39,18 | 11.18,29.83 | 1010,0.0 | 0.0
2020-07-02,29.0,15.0,43.0,20.0,29.83,0.0,29 | 84.2,15 | 59.0,43,20 | 12.43,29.83 | 1010,0.0 | 0.0
2020-07-03,29.0,15.0,45.0,19.0,29.83,0.0,29 | 84.2,15 | 59.0,45,19 | 11.81,29.83 | 1010,0.0 | 0.0
2020-07-04,29.0,15.0,42.0,18.0,29.83,0.0,29 | 84.2,15 | 59.0,42,18 | 11.18,29.83 | 1010,0.0 | 0.0
2020-07-05,29.0,15.0,42.0,17.0,29.8,0.0,29 | 84.2,15 | 59.0,42,17 | 10.56,29.8 | 1009,0.0 | 0.0
2020-07-06,30.0,14.0,39.0,20.0,29.77,0.0,30 | 86.0,14 | 57.2,39,20 | 12.43,29.77 | 1008,0.0 | 0.0
2020-07-07,29.0,15.0,42.0,20.0,29.83,0.0,29 | 84.2,15 | 59.0,42,20 | 12.43,29.83 | 1010,0.0 | 0.0
2020-07-08,30.0,15.0,44.0,15.0,29.85,0.0,30 | 86.0,15 | 59.0,44,15 | 9.32,29.85 | 1011,0.0 | 0.0
2020-07-09,31.0,14.0,39.0,19.0,29.83,0.1,31 | 87.8,14 | 57.2,39,19 | 11.81,29.83 | 1010,0.1 | 0.0
2020-07-10,30.0,16.0,45.0,24.0,29.83,1.4,30 | 86.0,16 | 60.8,45,24 | 14.91,29.83 | 1010,1.4 | 0.06
2020-07-11,30.0,13.0,38.0,18.0,29.85,0.2,30 | 86.0,13 | 55.4,38,18 | 11.18,29.85 | 1011,0.2 | 0.01
2020-07-12,30.0,14.0,40.0,18.0,29.83,0.0,30 | 86.0,14 | 57.2,40,18 | 11.18,29.83 | 1010,0.0 | 0.0
2020-07-13,30.0,15.0,42.0,16.0,29.8,1.2,30 | 86.0,15 | 59.0,42,16 | 9.94,29.8 | 1009,1.2 | 0.05
2020-07-14,30.0,14.0,37.0,19.0,29.8,0.0,30 | 86.0,14 | 57.2,37,19 | 11.81,29.8 | 1009,0.0 | 0.0
2020-07-15,30.0,14.0,40.0,25.0,29.83,0.0,30 | 86.0,14 | 57.2,40,25 | 15.53,29.83 | 1010,0.0 | 0.0
2020-07-16,28.0,15.0,44.0,22.0,29.85,0.0,28 | 82.4,15 | 59.0,44,22 | 13.67,29.85 | 1011,0.0 | 0.0
2020-07-17,28.0,15.0,47.0,19.0,29.88,0.0,28 | 82.4,15 | 59.0,47,19 | 11.81,29.88 | 1012,0.0 | 0.0
2020-07-18,26.0,12.0,42.0,16.0,29.85,0.1,26 | 78.8,12 | 53.6,42,16 | 9.94,29.85 | 1011,0.1 | 0.0
2020-07-19,28.0,13.0,41.0,12.0,29.88,0.0,28 | 82.4,13 | 55.4,41,12 | 7.46,29.88 | 1012,0.0 | 0.0
2020-07-20,27.0,14.0,44.0,12.0,29.85,0.0,27 | 80.6,14 | 57.2,44,12 | 7.46,29.85 | 1011,0.0 | 0.0
2020-07-21,28.0,14.0,40.0,12.0,29.83,0.0,28 | 82.4,14 | 57.2,40,12 | 7.46,29.83 | 1010,0.0 | 0.0
2020-07-22,27.0,16.0,47.0,13.0,29.83,1.5,27 | 80.6,16 | 60.8,47,13 | 8.08,29.83 | 1010,1.5 | 0.06
2020-07-23,28.0,17.0,50.0,19.0,29.83,10.2,28 | 82.4,17 | 62.6,50,19 | 11.81,29.83 | 1010,10.2 | 0.4
2020-07-24,29.0,16.0,48.0,14.0,29.83,6.0,29 | 84.2,16 | 60.8,48,14 | 8.7,29.83 | 1010,6.0 | 0.24
2020-07-25,26.0,17.0,55.0,17.0,29.85,14.4,26 | 78.8,17 | 62.6,55,17 | 10.56,29.85 | 1011,14.4 | 0.57
2020-07-26,28.0,16.0,51.0,11.0,29.85,1.5,28 | 82.4,16 | 60.8,51,11 | 6.84,29.85 | 1011,1.5 | 0.06
2020-07-27,27.0,16.0,54.0,13.0,29.85,0.0,27 | 80.6,16 | 60.8,54,13 | 8.08,29.85 | 1011,0.0 | 0.0
2020-07-28,26.0,17.0,55.0,9.0,29.85,3.1,26 | 78.8,17 | 62.6,55,9 | 5.59,29.85 | 1011,3.1 | 0.12
2020-07-29,28.0,16.0,50.0,10.0,29.85,2.4,28 | 82.4,16 | 60.8,50,10 | 6.21,29.85 | 1011,2.4 | 0.09
2020-07-30,29.0,15.0,43.0,22.0,29.85,0.0,29 | 84.2,15 | 59.0,43,22 | 13.67,29.85 | 1011,0.0 | 0.0
2020-07-31,29.0,16.0,44.0,18.0,29.85,0.0,29 | 84.2,16 | 60.8,44,18 | 11.18,29.85 | 1011,0.0 | 0.0
2020-08-01,29.0,16.0,46.0,20.0,29.85,0.1,29 | 84.2,16 | 60.8,46,20 | 12.43,29.85 | 1011,0.1 | 0.0
2020-08-02,28.0,15.0,43.0,24.0,29.88,0.2,28 | 82.4,15 | 59.0,43,24 | 14.91,29.88 | 1012,0.2 | 0.01
2020-08-03,28.0,13.0,41.0,24.0,29.91,0.0,28 | 82.4,13 | 55.4,41,24 | 14.91,29.91 | 1013,0.0 | 0.0
2020-08-04,28.0,14.0,43.0,18.0,29.91,0.0,28 | 82.4,14 | 57.2,43,18 | 11.18,29.91 | 1013,0.0 | 0.0
2020-08-05,29.0,14.0,43.0,11.0,29.88,0.0,29 | 84.2,14 | 57.2,43,11 | 6.84,29.88 | 1012,0.0 | 0.0
2020-08-06,30.0,16.0,45.0,14.0,29.88,0.0,30 | 86.0,16 | 60.8,45,14 | 8.7,29.88 | 1012,0.0 | 0.0
2020-08-07,30.0,16.0,44.0,11.0,29.88,4.6,30 | 86.0,16 | 60.8,44,11 | 6.84,29.88 | 1012,4.6 | 0.18
2020-08-08,26.0,18.0,59.0,10.0,29.91,24.5,26 | 78.8,18 | 64.4,59,10 | 6.21,29.91 | 1013,24.5 | 0.96
2020-08-09,27.0,16.0,48.0,18.0,29.85,0.3,27 | 80.6,16 | 60.8,48,18 | 11.18,29.85 | 1011,0.3 | 0.01
2020-08-10,29.0,15.0,44.0,14.0,29.85,0.0,29 | 84.2,15 | 59.0,44,14 | 8.7,29.85 | 1011,0.0 | 0.0
2020-08-11,30.0,15.0,38.0,10.0,29.83,0.3,30 | 86.0,15 | 59.0,38,10 | 6.21,29.83 | 1010,0.3 | 0.01
2020-08-12,24.0,17.0,60.0,15.0,29.88,23.8,24 | 75.2,17 | 62.6,60,15 | 9.32,29.88 | 1012,23.8 | 0.94
2020-08-13,28.0,17.0,51.0,11.0,29.85,0.0,28 | 82.4,17 | 62.6,51,11 | 6.84,29.85 | 1011,0.0 | 0.0
2020-08-14,29.0,16.0,43.0,13.0,29.8,0.0,29 | 84.2,16 | 60.8,43,13 | 8.08,29.8 | 1009,0.0 | 0.0
2020-08-15,30.0,15.0,42.0,13.0,29.77,0.0,30 | 86.0,15 | 59.0,42,13 | 8.08,29.77 | 1008,0.0 | 0.0
2020-08-16,28.0,15.0,43.0,16.0,29.77,0.4,28 | 82.4,15 | 59.0,43,16 | 9.94,29.77 | 1008,0.4 | 0.02
2020-08-17,29.0,16.0,45.0,23.0,29.8,0.0,29 | 84.2,16 | 60.8,45,23 | 14.29,29.8 | 1009,0.0 | 0.0
2020-08-18,29.0,15.0,44.0,20.0,29.8,0.0,29 | 84.2,15 | 59.0,44,20 | 12.43,29.8 | 1009,0.0 | 0.0
2020-08-19,29.0,16.0,45.0,15.0,29.8,0.6,29 | 84.2,16 | 60.8,45,15 | 9.32,29.8 | 1009,0.6 | 0.02
2020-08-20,29.0,16.0,45.0,23.0,29.77,0.0,29 | 84.2,16 | 60.8,45,23 | 14.29,29.77 | 1008,0.0 | 0.0
2020-08-21,30.0,15.0,42.0,25.0,29.8,0.0,30 | 86.0,15 | 59.0,42,25 | 15.53,29.8 | 1009,0.0 | 0.0
2020-08-22,30.0,15.0,41.0,25.0,29.8,0.0,30 | 86.0,15 | 59.0,41,25 | 15.53,29.8 | 1009,0.0 | 0.0
2020-08-23,29.0,14.0,41.0,25.0,29.8,0.0,29 | 84.2,14 | 57.2,41,25 | 15.53,29.8 | 1009,0.0 | 0.0
2020-08-24,28.0,15.0,44.0,20.0,29.8,0.0,28 | 82.4,15 | 59.0,44,20 | 12.43,29.8 | 1009,0.0 | 0.0
2020-08-25,30.0,14.0,39.0,22.0,29.83,0.0,30 | 86.0,14 | 57.2,39,22 | 13.67,29.83 | 1010,0.0 | 0.0
2020-08-26,29.0,14.0,40.0,21.0,29.83,0.0,29 | 84.2,14 | 57.2,40,21 | 13.05,29.83 | 1010,0.0 | 0.0
2020-08-27,30.0,15.0,42.0,21.0,29.83,0.0,30 | 86.0,15 | 59.0,42,21 | 13.05,29.83 | 1010,0.0 | 0.0
2020-08-28,31.0,15.0,40.0,21.0,29.77,0.0,31 | 87.8,15 | 59.0,40,21 | 13.05,29.77 | 1008,0.0 | 0.0
2020-08-29,30.0,14.0,38.0,21.0,29.77,0.0,30 | 86.0,14 | 57.2,38,21 | 13.05,29.77 | 1008,0.0 | 0.0
2020-08-30,31.0,14.0,36.0,19.0,29.8,0.0,31 | 87.8,14 | 57.2,36,19 | 11.81,29.8 | 1009,0.0 | 0.0
2020-08-31,31.0,13.0,35.0,20.0,29.77,0.0,31 | 87.8,13 | 55.4,35,20 | 12.43,29.77 | 1008,0.0 | 0.0
2020-09-01,31.0,14.0,37.0,21.0,29.8,0.0,31 | 87.8,14 | 57.2,37,21 | 13.05,29.8 | 1009,0.0 | 0.0
2020-09-02,30.0,12.0,37.0,24.0,29.8,0.0,30 | 86.0,12 | 53.6,37,24 | 14.91,29.8 | 1009,0.0 | 0.0
2020-09-03,30.0,13.0,36.0,21.0,29.83,0.0,30 | 86.0,13 | 55.4,36,21 | 13.05,29.83 | 1010,0.0 | 0.0
2020-09-04,30.0,13.0,36.0,14.0,29.83,0.0,30 | 86.0,13 | 55.4,36,14 | 8.7,29.83 | 1010,0.0 | 0.0
2020-09-05,31.0,13.0,35.0,14.0,29.77,0.0,31 | 87.8,13 | 55.4,35,14 | 8.7,29.77 | 1008,0.0 | 0.0
2020-09-06,30.0,16.0,44.0,24.0,29.77,0.2,30 | 86.0,16 | 60.8,44,24 | 14.91,29.77 | 1008,0.2 | 0.01
2020-09-07,30.0,15.0,43.0,23.0,29.8,0.0,30 | 86.0,15 | 59.0,43,23 | 14.29,29.8 | 1009,0.0 | 0.0
2020-09-08,29.0,14.0,42.0,21.0,29.85,0.0,29 | 84.2,14 | 57.2,42,21 | 13.05,29.85 | 1011,0.0 | 0.0
2020-09-09,30.0,13.0,37.0,21.0,29.83,0.0,30 | 86.0,13 | 55.4,37,21 | 13.05,29.83 | 1010,0.0 | 0.0
2020-09-10,30.0,12.0,34.0,19.0,29.8,0.0,30 | 86.0,12 | 53.6,34,19 | 11.81,29.8 | 1009,0.0 | 0.0
2020-09-11,31.0,14.0,40.0,23.0,29.77,0.0,31 | 87.8,14 | 57.2,40,23 | 14.29,29.77 | 1008,0.0 | 0.0
2020-09-12,31.0,14.0,37.0,24.0,29.8,0.0,31 | 87.8,14 | 57.2,37,24 | 14.91,29.8 | 1009,0.0 | 0.0
2020-09-13,31.0,13.0,35.0,24.0,29.83,0.0,31 | 87.8,13 | 55.4,35,24 | 14.91,29.83 | 1010,0.0 | 0.0
2020-09-14,31.0,13.0,36.0,24.0,29.83,0.0,31 | 87.8,13 | 55.4,36,24 | 14.91,29.83 | 1010,0.0 | 0.0
2020-09-15,32.0,13.0,36.0,23.0,29.8,0.0,32 | 89.6,13 | 55.4,36,23 | 14.29,29.8 | 1009,0.0 | 0.0
2020-09-16,30.0,14.0,39.0,21.0,29.77,0.0,30 | 86.0,14 | 57.2,39,21 | 13.05,29.77 | 1008,0.0 | 0.0
2020-09-17,32.0,13.0,32.0,23.0,29.77,0.0,32 | 89.6,13 | 55.4,32,23 | 14.29,29.77 | 1008,0.0 | 0.0
2020-09-18,31.0,13.0,36.0,24.0,29.8,0.0,31 | 87.8,13 | 55.4,36,24 | 14.91,29.8 | 1009,0.0 | 0.0
2020-09-19,31.0,15.0,40.0,24.0,29.77,0.0,31 | 87.8,15 | 59.0,40,24 | 14.91,29.77 | 1008,0.0 | 0.0
2020-09-20,31.0,15.0,41.0,20.0,29.8,0.0,31 | 87.8,15 | 59.0,41,20 | 12.43,29.8 | 1009,0.0 | 0.0
2020-09-21,31.0,14.0,40.0,23.0,29.8,0.0,31 | 87.8,14 | 57.2,40,23 | 14.29,29.8 | 1009,0.0 | 0.0
2020-09-22,32.0,13.0,35.0,22.0,29.8,0.0,32 | 89.6,13 | 55.4,35,22 | 13.67,29.8 | 1009,0.0 | 0.0
2020-09-23,31.0,15.0,40.0,25.0,29.83,0.0,31 | 87.8,15 | 59.0,40,25 | 15.53,29.83 | 1010,0.0 | 0.0
2020-09-24,32.0,15.0,40.0,26.0,29.8,0.8,32 | 89.6,15 | 59.0,40,26 | 16.16,29.8 | 1009,0.8 | 0.03
2020-09-25,31.0,15.0,41.0,24.0,29.8,0.0,31 | 87.8,15 | 59.0,41,24 | 14.91,29.8 | 1009,0.0 | 0.0
2020-09-26,31.0,14.0,39.0,20.0,29.77,0.0,31 | 87.8,14 | 57.2,39,20 | 12.43,29.77 | 1008,0.0 | 0.0
2020-09-27,32.0,15.0,38.0,20.0,29.77,0.0,32 | 89.6,15 | 59.0,38,20 | 12.43,29.77 | 1008,0.0 | 0.0
2020-09-28,33.0,15.0,37.0,23.0,29.74,0.0,33 | 91.4,15 | 59.0,37,23 | 14.29,29.74 | 1007,0.0 | 0.0
2020-09-29,33.0,13.0,34.0,25.0,29.77,0.0,33 | 91.4,13 | 55.4,34,25 | 15.53,29.77 | 1008,0.0 | 0.0
2020-09-30,32.0,14.0,36.0,19.0,29.74,0.0,32 | 89.6,14 | 57.2,36,19 | 11.81,29.74 | 1007,0.0 | 0.0
2020-10-01,32.0,15.0,37.0,24.0,29.77,0.1,32 | 89.6,15 | 59.0,37,24 | 14.91,29.77 | 1008,0.1 | 0.0
2020-10-02,32.0,14.0,35.0,20.0,29.77,0.0,32 | 89.6,14 | 57.2,35,20 | 12.43,29.77 | 1008,0.0 | 0.0
2020-10-03,32.0,14.0,36.0,25.0,29.77,0.0,32 | 89.6,14 | 57.2,36,25 | 15.53,29.77 | 1008,0.0 | 0.0
2020-10-04,33.0,12.0,31.0,25.0,29.8,0.0,33 | 91.4,12 | 53.6,31,25 | 15.53,29.8 | 1009,0.0 | 0.0
2020-10-05,32.0,12.0,31.0,22.0,29.8,0.0,32 | 89.6,12 | 53.6,31,22 | 13.67,29.8 | 1009,0.0 | 0.0
2020-10-06,33.0,14.0,33.0,18.0,29.77,0.0,33 | 91.4,14 | 57.2,33,18 | 11.18,29.77 | 1008,0.0 | 0.0
2020-10-07,33.0,13.0,31.0,24.0,29.8,0.0,33 | 91.4,13 | 55.4,31,24 | 14.91,29.8 | 1009,0.0 | 0.0
2020-10-08,33.0,12.0,30.0,21.0,29.8,0.0,33 | 91.4,12 | 53.6,30,21 | 13.05,29.8 | 1009,0.0 | 0.0
2020-10-09,33.0,15.0,37.0,18.0,29.77,0.0,33 | 91.4,15 | 59.0,37,18 | 11.18,29.77 | 1008,0.0 | 0.0
2020-10-10,33.0,15.0,37.0,13.0,29.8,0.5,33 | 91.4,15 | 59.0,37,13 | 8.08,29.8 | 1009,0.5 | 0.02
2020-10-11,28.0,19.0,57.0,10.0,29.83,24.3,28 | 82.4,19 | 66.2,57,10 | 6.21,29.83 | 1010,24.3 | 0.96
2020-10-12,29.0,18.0,56.0,11.0,29.8,9.4,29 | 84.2,18 | 64.4,56,11 | 6.84,29.8 | 1009,9.4 | 0.37
2020-10-13,33.0,16.0,38.0,15.0,29.77,0.0,33 | 91.4,16 | 60.8,38,15 | 9.32,29.77 | 1008,0.0 | 0.0
2020-10-14,32.0,17.0,44.0,17.0,29.8,3.0,32 | 89.6,17 | 62.6,44,17 | 10.56,29.8 | 1009,3.0 | 0.12
2020-10-15,31.0,16.0,47.0,16.0,29.83,0.0,31 | 87.8,16 | 60.8,47,16 | 9.94,29.83 | 1010,0.0 | 0.0
2020-10-16,32.0,15.0,38.0,17.0,29.77,0.0,32 | 89.6,15 | 59.0,38,17 | 10.56,29.77 | 1008,0.0 | 0.0
2020-10-17,32.0,15.0,39.0,24.0,29.77,0.0,32 | 89.6,15 | 59.0,39,24 | 14.91,29.77 | 1008,0.0 | 0.0
2020-10-18,31.0,16.0,41.0,21.0,29.77,0.0,31 | 87.8,16 | 60.8,41,21 | 13.05,29.77 | 1008,0.0 | 0.0
2020-10-19,32.0,14.0,35.0,19.0,29.77,0.0,32 | 89.6,14 | 57.2,35,19 | 11.81,29.77 | 1008,0.0 | 0.0
2020-10-20,32.0,14.0,35.0,20.0,29.74,0.0,32 | 89.6,14 | 57.2,35,20 | 12.43,29.74 | 1007,0.0 | 0.0
2020-10-21,32.0,15.0,36.0,21.0,29.77,0.0,32 | 89.6,15 | 59.0,36,21 | 13.05,29.77 | 1008,0.0 | 0.0
2020-10-22,33.0,14.0,34.0,20.0,29.77,0.0,33 | 91.4,14 | 57.2,34,20 | 12.43,29.77 | 1008,0.0 | 0.0
2020-10-23,33.0,14.0,35.0,20.0,29.77,0.0,33 | 91.4,14 | 57.2,35,20 | 12.43,29.77 | 1008,0.0 | 0.0
2020-10-24,33.0,15.0,35.0,20.0,29.74,0.0,33 | 91.4,15 | 59.0,35,20 | 12.43,29.74 | 1007,0.0 | 0.0
2020-10-25,32.0,16.0,39.0,27.0,29.74,0.1,32 | 89.6,16 | 60.8,39,27 | 16.78,29.74 | 1007,0.1 | 0.0
2020-10-26,32.0,15.0,39.0,24.0,29.77,0.0,32 | 89.6,15 | 59.0,39,24 | 14.91,29.77 | 1008,0.0 | 0.0
2020-10-27,32.0,15.0,37.0,23.0,29.74,0.0,32 | 89.6,15 | 59.0,37,23 | 14.29,29.74 | 1007,0.0 | 0.0
2020-10-28,31.0,16.0,42.0,27.0,29.77,0.0,31 | 87.8,16 | 60.8,42,27 | 16.78,29.77 | 1008,0.0 | 0.0
2020-10-29,31.0,16.0,43.0,30.0,29.8,0.0,31 | 87.8,16 | 60.8,43,30 | 18.64,29.8 | 1009,0.0 | 0.0
2020-10-30,31.0,15.0,40.0,25.0,29.83,0.0,31 | 87.8,15 | 59.0,40,25 | 15.53,29.83 | 1010,0.0 | 0.0
2020-10-31,31.0,16.0,43.0,23.0,29.83,1.1,31 | 87.8,16 | 60.8,43,23 | 14.29,29.83 | 1010,1.1 | 0.04
2020-11-01,31.0,15.0,41.0,25.0,29.8,0.0,31 | 87.8,15 | 59.0,41,25 | 15.53,29.8 | 1009,0.0 | 0.0
2020-11-02,31.0,16.0,44.0,28.0,29.83,0.0,31 | 87.8,16 | 60.8,44,28 | 17.4,29.83 | 1010,0.0 | 0.0
2020-11-03,31.0,17.0,45.0,29.0,29.85,0.0,31 | 87.8,17 | 62.6,45,29 | 18.02,29.85 | 1011,0.0 | 0.0
2020-11-04,32.0,16.0,42.0,26.0,29.83,0.0,32 | 89.6,16 | 60.8,42,26 | 16.16,29.83 | 1010,0.0 | 0.0
2020-11-05,32.0,17.0,44.0,23.0,29.77,0.0,32 | 89.6,17 | 62.6,44,23 | 14.29,29.77 | 1008,0.0 | 0.0
2020-11-06,32.0,17.0,43.0,24.0,29.77,0.0,32 | 89.6,17 | 62.6,43,24 | 14.91,29.77 | 1008,0.0 | 0.0
2020-11-07,32.0,17.0,44.0,23.0,29.8,0.1,32 | 89.6,17 | 62.6,44,23 | 14.29,29.8 | 1009,0.1 | 0.0
2020-11-08,32.0,17.0,45.0,19.0,29.83,0.2,32 | 89.6,17 | 62.6,45,19 | 11.81,29.83 | 1010,0.2 | 0.01
2020-11-09,31.0,17.0,46.0,22.0,29.85,0.3,31 | 87.8,17 | 62.6,46,22 | 13.67,29.85 | 1011,0.3 | 0.01
2020-11-10,32.0,15.0,40.0,25.0,29.8,0.0,32 | 89.6,15 | 59.0,40,25 | 15.53,29.8 | 1009,0.0 | 0.0
2020-11-11,31.0,15.0,42.0,25.0,29.8,0.0,31 | 87.8,15 | 59.0,42,25 | 15.53,29.8 | 1009,0.0 | 0.0
2020-11-12,31.0,15.0,42.0,24.0,29.83,0.0,31 | 87.8,15 | 59.0,42,24 | 14.91,29.83 | 1010,0.0 | 0.0
2020-11-13,32.0,15.0,40.0,26.0,29.8,0.0,32 | 89.6,15 | 59.0,40,26 | 16.16,29.8 | 1009,0.0 | 0.0
2020-11-14,31.0,16.0,42.0,24.0,29.8,0.0,31 | 87.8,16 | 60.8,42,24 | 14.91,29.8 | 1009,0.0 | 0.0
2020-11-15,32.0,16.0,42.0,26.0,29.77,0.0,32 | 89.6,16 | 60.8,42,26 | 16.16,29.77 | 1008,0.0 | 0.0
2020-11-16,32.0,15.0,40.0,26.0,29.77,0.0,32 | 89.6,15 | 59.0,40,26 | 16.16,29.77 | 1008,0.0 | 0.0
2020-11-17,32.0,14.0,37.0,22.0,29.8,0.0,32 | 89.6,14 | 57.2,37,22 | 13.67,29.8 | 1009,0.0 | 0.0
2020-11-18,32.0,12.0,35.0,24.0,29.77,0.0,32 | 89.6,12 | 53.6,35,24 | 14.91,29.77 | 1008,0.0 | 0.0
2020-11-19,32.0,15.0,40.0,23.0,29.77,0.0,32 | 89.6,15 | 59.0,40,23 | 14.29,29.77 | 1008,0.0 | 0.0
2020-11-20,32.0,14.0,37.0,23.0,29.77,0.0,32 | 89.6,14 | 57.2,37,23 | 14.29,29.77 | 1008,0.0 | 0.0
2020-11-21,32.0,14.0,37.0,27.0,29.77,0.0,32 | 89.6,14 | 57.2,37,27 | 16.78,29.77 | 1008,0.0 | 0.0
2020-11-22,33.0,14.0,37.0,26.0,29.77,0.0,33 | 91.4,14 | 57.2,37,26 | 16.16,29.77 | 1008,0.0 | 0.0
2020-11-23,33.0,13.0,35.0,22.0,29.8,0.0,33 | 91.4,13 | 55.4,35,22 | 13.67,29.8 | 1009,0.0 | 0.0
2020-11-24,33.0,13.0,35.0,17.0,29.77,0.0,33 | 91.4,13 | 55.4,35,17 | 10.56,29.77 | 1008,0.0 | 0.0
2020-11-25,33.0,15.0,37.0,15.0,29.74,0.0,33 | 91.4,15 | 59.0,37,15 | 9.32,29.74 | 1007,0.0 | 0.0
2020-11-26,33.0,16.0,40.0,14.0,29.74,0.0,33 | 91.4,16 | 60.8,40,14 | 8.7,29.74 | 1007,0.0 | 0.0
2020-11-27,31.0,17.0,47.0,22.0,29.77,3.9,31 | 87.8,17 | 62.6,47,22 | 13.67,29.77 | 1008,3.9 | 0.15
2020-11-28,32.0,17.0,46.0,23.0,29.8,1.1,32 | 89.6,17 | 62.6,46,23 | 14.29,29.8 | 1009,1.1 | 0.04
2020-11-29,32.0,16.0,42.0,22.0,29.77,0.0,32 | 89.6,16 | 60.8,42,22 | 13.67,29.77 | 1008,0.0 | 0.0
2020-11-30,32.0,12.0,34.0,17.0,29.8,0.0,32 | 89.6,12 | 53.6,34,17 | 10.56,29.8 | 1009,0.0 | 0.0
2020-12-01,33.0,12.0,32.0,17.0,29.77,0.0,33 | 91.4,12 | 53.6,32,17 | 10.56,29.77 | 1008,0.0 | 0.0
2020-12-02,33.0,13.0,35.0,21.0,29.77,0.0,33 | 91.4,13 | 55.4,35,21 | 13.05,29.77 | 1008,0.0 | 0.0
2020-12-03,33.0,13.0,33.0,24.0,29.8,0.0,33 | 91.4,13 | 55.4,33,24 | 14.91,29.8 | 1009,0.0 | 0.0
2020-12-04,32.0,13.0,35.0,23.0,29.83,0.0,32 | 89.6,13 | 55.4,35,23 | 14.29,29.83 | 1010,0.0 | 0.0
2020-12-05,33.0,13.0,35.0,20.0,29.83,0.0,33 | 91.4,13 | 55.4,35,20 | 12.43,29.83 | 1010,0.0 | 0.0
2020-12-06,33.0,14.0,36.0,20.0,29.8,0.0,33 | 91.4,14 | 57.2,36,20 | 12.43,29.8 | 1009,0.0 | 0.0
2020-12-07,33.0,15.0,39.0,20.0,29.83,0.0,33 | 91.4,15 | 59.0,39,20 | 12.43,29.83 | 1010,0.0 | 0.0
2020-12-08,31.0,16.0,43.0,21.0,29.83,0.0,31 | 87.8,16 | 60.8,43,21 | 13.05,29.83 | 1010,0.0 | 0.0
2020-12-09,32.0,13.0,36.0,22.0,29.8,0.0,32 | 89.6,13 | 55.4,36,22 | 13.67,29.8 | 1009,0.0 | 0.0
2020-12-10,32.0,11.0,33.0,23.0,29.83,0.0,32 | 89.6,11 | 51.8,33,23 | 14.29,29.83 | 1010,0.0 | 0.0
2020-12-11,32.0,11.0,33.0,20.0,29.83,0.0,32 | 89.6,11 | 51.8,33,20 | 12.43,29.83 | 1010,0.0 | 0.0
2020-12-12,32.0,10.0,32.0,19.0,29.8,0.0,32 | 89.6,10 | 50.0,32,19 | 11.81,29.8 | 1009,0.0 | 0.0
2020-12-13,31.0,10.0,32.0,22.0,29.8,0.0,31 | 87.8,10 | 50.0,32,22 | 13.67,29.8 | 1009,0.0 | 0.0
2020-12-14,31.0,10.0,32.0,18.0,29.8,0.0,31 | 87.8,10 | 50.0,32,18 | 11.18,29.8 | 1009,0.0 | 0.0
2020-12-15,32.0,8.0,29.0,17.0,29.8,0.0,32 | 89.6,8 | 46.4,29,17 | 10.56,29.8 | 1009,0.0 | 0.0
2020-12-16,32.0,10.0,30.0,16.0,29.8,0.0,32 | 89.6,10 | 50.0,30,16 | 9.94,29.8 | 1009,0.0 | 0.0
2020-12-17,32.0,10.0,31.0,19.0,29.8,0.0,32 | 89.6,10 | 50.0,31,19 | 11.81,29.8 | 1009,0.0 | 0.0
2020-12-18,32.0,9.0,28.0,20.0,29.77,0.0,32 | 89.6,9 | 48.2,28,20 | 12.43,29.77 | 1008,0.0 | 0.0
2020-12-19,32.0,12.0,34.0,20.0,29.77,0.0,32 | 89.6,12 | 53.6,34,20 | 12.43,29.77 | 1008,0.0 | 0.0
2020-12-20,32.0,14.0,38.0,21.0,29.8,0.0,32 | 89.6,14 | 57.2,38,21 | 13.05,29.8 | 1009,0.0 | 0.0
2020-12-21,30.0,16.0,49.0,21.0,29.83,2.6,30 | 86.0,16 | 60.8,49,21 | 13.05,29.83 | 1010,2.6 | 0.1
2020-12-22,32.0,14.0,39.0,23.0,29.8,0.0,32 | 89.6,14 | 57.2,39,23 | 14.29,29.8 | 1009,0.0 | 0.0
2020-12-23,32.0,14.0,39.0,22.0,29.77,0.0,32 | 89.6,14 | 57.2,39,22 | 13.67,29.77 | 1008,0.0 | 0.0
2020-12-24,33.0,13.0,35.0,18.0,29.74,0.0,33 | 91.4,13 | 55.4,35,18 | 11.18,29.74 | 1007,0.0 | 0.0
2020-12-25,32.0,12.0,36.0,16.0,29.74,0.0,32 | 89.6,12 | 53.6,36,16 | 9.94,29.74 | 1007,0.0 | 0.0
2020-12-26,33.0,10.0,31.0,23.0,29.74,0.0,33 | 91.4,10 | 50.0,31,23 | 14.29,29.74 | 1007,0.0 | 0.0
2020-12-27,32.0,6.0,24.0,22.0,29.77,0.0,32 | 89.6,6 | 42.8,24,22 | 13.67,29.77 | 1008,0.0 | 0.0
2020-12-28,31.0,9.0,28.0,21.0,29.77,0.0,31 | 87.8,9 | 48.2,28,21 | 13.05,29.77 | 1008,0.0 | 0.0
2020-12-29,32.0,11.0,32.0,22.0,29.77,0.0,32 | 89.6,11 | 51.8,32,22 | 13.67,29.77 | 1008,0.0 | 0.0
2020-12-30,33.0,14.0,38.0,22.0,29.77,0.0,33 | 91.4,14 | 57.2,38,22 | 13.67,29.77 | 1008,0.0 | 0.0
2020-12-31,32.0,17.0,46.0,22.0,29.77,5.6,32 | 89.6,17 | 62.6,46,22 | 13.67,29.77 | 1008,5.6 | 0.22
,,,,,,,° C | ° F,° C | ° F,%,Kph | Mph,Hg | Mb,Total (mm/in)
,,,,,,,° C | ° F,° C | ° F,%,Kph | Mph,Hg | Mb,Total (mm/in)
,,,,,,,° C | ° F,° C | ° F,%,Kph | Mph,Hg | Mb,Total (mm/in)
,,,,,,,° C | ° F,° C | ° F,%,Kph | Mph,Hg | Mb,Total (mm/in)
,,,,,,,° C | ° F,° C | ° F,%,Kph | Mph,Hg | Mb,Total (mm/in)
,,,,,,,° C | ° F,° C | ° F,%,Kph | Mph,Hg | Mb,Total (mm/in)
,,,,,,,° C | ° F,° C | ° F,%,Kph | Mph,Hg | Mb,Total (mm/in)
,,,,,,,° C | ° F,° C | ° F,%,Kph | Mph,Hg | Mb,Total (mm/in)
,,,,,,,° C | ° F,° C | ° F,%,Kph | Mph,Hg | Mb,Total (mm/in)
,,,,,,,° C | ° F,° C | ° F,%,Kph | Mph,Hg | Mb,Total (mm/in)
,,,,,,,° C | ° F,° C | ° F,%,Kph | Mph,Hg | Mb,Total (mm/in)
,,,,,,,° C | ° F,° C | ° F,%,Kph | Mph,Hg | Mb,Total (mm/in)
,,,,,,,° C | ° F,° C | ° F,%,Kph | Mph,Hg | Mb,Total (mm/in)
,,,,,,,° C | ° F,° C | ° F,%,Kph | Mph,Hg | Mb,Total (mm/in)
,,,,,,,° C | ° F,° C | ° F,%,Kph | Mph,Hg | Mb,Total (mm/in)
,,,,,,,° C | ° F,° C | ° F,%,Kph | Mph,Hg | Mb,Total (mm/in)
,,,,,,,° C | ° F,° C | ° F,%,Kph | Mph,Hg | Mb,Total (mm/in)
,,,,,,,° C | ° F,° C | ° F,%,Kph | Mph,Hg | Mb,Total (mm/in)
,,,,,,,° C | ° F,° C | ° F,%,Kph | Mph,Hg | Mb,Total (mm/in)
,,,,,,,° C | ° F,° C | ° F,%,Kph | Mph,Hg | Mb,Total (mm/in)
,,,,,,,° C | ° F,° C | ° F,%,Kph | Mph,Hg | Mb,Total (mm/in)
,,,,,,,° C | ° F,° C | ° F,%,Kph | Mph,Hg | Mb,Total (mm/in)
,,,,,,,° C | ° F,° C | ° F,%,Kph | Mph,Hg | Mb,Total (mm/in)
,,,,,,,° C | ° F,° C | ° F,%,Kph | Mph,Hg | Mb,Total (mm/in)
,,,,,,,° C | ° F,° C | ° F,%,Kph | Mph,Hg | Mb,Total (mm/in)
,,,,,,,° C | ° F,° C | ° F,%,Kph | Mph,Hg | Mb,Total (mm/in)
,,,,,,,° C | ° F,° C | ° F,%,Kph | Mph,Hg | Mb,Total (mm/in)
,,,,,,,° C | ° F,° C | ° F,%,Kph | Mph,Hg | Mb,Total (mm/in)
,,,,,,,° C | ° F,° C | ° F,%,Kph | Mph,Hg | Mb,Total (mm/in)
,,,,,,,° C | ° F,° C | ° F,%,Kph | Mph,Hg | Mb,Total (mm/in)
,,,,,,,° C | ° F,° C | ° F,%,Kph | Mph,Hg | Mb,Total (mm/in)
,,,,,,,° C | ° F,° C | ° F,%,Kph | Mph,Hg | Mb,Total (mm/in)
,,,,,,,° C | ° F,° C | ° F,%,Kph | Mph,Hg | Mb,Total (mm/in)
,,,,,,,° C | ° F,° C | ° F,%,Kph | Mph,Hg | Mb,Total (mm/in)
,,,,,,,° C | ° F,° C | ° F,%,Kph | Mph,Hg | Mb,Total (mm/in)
,,,,,,,° C | ° F,° C | ° F,%,Kph | Mph,Hg | Mb,Total (mm/in)
,,,,,,,° C | ° F,° C | ° F,%,Kph | Mph,Hg | Mb,Total (mm/in)
,,,,,,,° C | ° F,° C | ° F,%,Kph | Mph,Hg | Mb,Total (mm/in)
,,,,,,,° C | ° F,° C | ° F,%,Kph | Mph,Hg | Mb,Total (mm/in)
,,,,,,,° C | ° F,° C | ° F,%,Kph | Mph,Hg | Mb,Total (mm/in)
,,,,,,,° C | ° F,° C | ° F,%,Kph | Mph,Hg | Mb,Total (mm/in)
,,,,,,,° C | ° F,° C | ° F,%,Kph | Mph,Hg | Mb,Total (mm/in)
,,,,,,,° C | ° F,° C | ° F,%,Kph | Mph,Hg | Mb,Total (mm/in)
,,,,,,,° C | ° F,° C | ° F,%,Kph | Mph,Hg | Mb,Total (mm/in)
,,,,,,,° C | ° F,° C | ° F,%,Kph | Mph,Hg | Mb,Total (mm/in)
,,,,,,,° C | ° F,° C | ° F,%,Kph | Mph,Hg | Mb,Total (mm/in)
,,,,,,,° C | ° F,° C | ° F,%,Kph | Mph,Hg | Mb,Total (mm/in)
,,,,,,,° C | ° F,° C | ° F,%,Kph | Mph,Hg | Mb,Total (mm/in)
,,,,,,,° C | ° F,° C | ° F,%,Kph | Mph,Hg | Mb,Total (mm/in)
,,,,,,,° C | ° F,° C | ° F,%,Kph | Mph,Hg | Mb,Total (mm/in)
,,,,,,,° C | ° F,° C | ° F,%,Kph | Mph,Hg | Mb,Total (mm/in)
,,,,,,,° C | ° F,° C | ° F,%,Kph | Mph,Hg | Mb,Total (mm/in)
,,,,,,,° C | ° F,° C | ° F,%,Kph | Mph,Hg | Mb,Total (mm/in)
,,,,,,,° C | ° F,° C | ° F,%,Kph | Mph,Hg | Mb,Total (mm/in)
,,,,,,,° C | ° F,° C | ° F,%,Kph | Mph,Hg | Mb,Total (mm/in)
,,,,,,,° C | ° F,° C | ° F,%,Kph | Mph,Hg | Mb,Total (mm/in)
,,,,,,,° C | ° F,° C | ° F,%,Kph | Mph,Hg | Mb,Total (mm/in)
,,,,,,,° C | ° F,° C | ° F,%,Kph | Mph,Hg | Mb,Total (mm/in)
,,,,,,,° C | ° F,° C | ° F,%,Kph | Mph,Hg | Mb,Total (mm/in)
,,,,,,,° C | ° F,° C | ° F,%,Kph | Mph,Hg | Mb,Total (mm/in)
,,,,,,,° C | ° F,° C | ° F,%,Kph | Mph,Hg | Mb,Total (mm/in)
,,,,,,,° C | ° F,° C | ° F,%,Kph | Mph,Hg | Mb,Total (mm/in)
,,,,,,,° C | ° F,° C | ° F,%,Kph | Mph,Hg | Mb,Total (mm/in)
,,,,,,,° C | ° F,° C | ° F,%,Kph | Mph,Hg | Mb,Total (mm/in)
,,,,,,,° C | ° F,° C | ° F,%,Kph | Mph,Hg | Mb,Total (mm/in)
,,,,,,,° C | ° F,° C | ° F,%,Kph | Mph,Hg | Mb,Total (mm/in)
,,,,,,,° C | ° F,° C | ° F,%,Kph | Mph,Hg | Mb,Total (mm/in)
,,,,,,,° C | ° F,° C | ° F,%,Kph | Mph,Hg | Mb,Total (mm/in)
,,,,,,,° C | ° F,° C | ° F,%,Kph | Mph,Hg | Mb,Total (mm/in)
,,,,,,,° C | ° F,° C | ° F,%,Kph | Mph,Hg | Mb,Total (mm/in)
,,,,,,,° C | ° F,° C | ° F,%,Kph | Mph,Hg | Mb,Total (mm/in)
,,,,,,,° C | ° F,° C | ° F,%,Kph | Mph,Hg | Mb,Total (mm/in)
,,,,,,,° C | ° F,° C | ° F,%,Kph | Mph,Hg | Mb,Total (mm/in)
,,,,,,,° C | ° F,° C | ° F,%,Kph | Mph,Hg | Mb,Total (mm/in)
,,,,,,,° C | ° F,° C | ° F,%,Kph | Mph,Hg | Mb,Total (mm/in)
,,,,,,,° C | ° F,° C | ° F,%,Kph | Mph,Hg | Mb,Total (mm/in)
,,,,,,,° C | ° F,° C | ° F,%,Kph | Mph,Hg | Mb,Total (mm/in)
,,,,,,,° C | ° F,° C | ° F,%,Kph | Mph,Hg | Mb,Total (mm/in)
,,,,,,,° C | ° F,° C | ° F,%,Kph | Mph,Hg | Mb,Total (mm/in)
,,,,,,,° C | ° F,° C | ° F,%,Kph | Mph,Hg | Mb,Total (mm/in)
,,,,,,,° C | ° F,° C | ° F,%,Kph | Mph,Hg | Mb,Total (mm/in)
,,,,,,,° C | ° F,° C | ° F,%,Kph | Mph,Hg | Mb,Total (mm/in)
,,,,,,,° C | ° F,° C | ° F,%,Kph | Mph,Hg | Mb,Total (mm/in)
,,,,,,,° C | ° F,° C | ° F,%,Kph | Mph,Hg | Mb,Total (mm/in)
,,,,,,,° C | ° F,° C | ° F,%,Kph | Mph,Hg | Mb,Total (mm/in)
,,,,,,,° C | ° F,° C | ° F,%,Kph | Mph,Hg | Mb,Total (mm/in)
,,,,,,,° C | ° F,° C | ° F,%,Kph | Mph,Hg | Mb,Total (mm/in)
,,,,,,,° C | ° F,° C | ° F,%,Kph | Mph,Hg | Mb,Total (mm/in)
,,,,,,,° C | ° F,° C | ° F,%,Kph | Mph,Hg | Mb,Total (mm/in)
,,,,,,,° C | ° F,° C | ° F,%,Kph | Mph,Hg | Mb,Total (mm/in)
,,,,,,,° C | ° F,° C | ° F,%,Kph | Mph,Hg | Mb,Total (mm/in)
,,,,,,,° C | ° F,° C | ° F,%,Kph | Mph,Hg | Mb,Total (mm/in)
,,,,,,,° C | ° F,° C | ° F,%,Kph | Mph,Hg | Mb,Total (mm/in)
,,,,,,,° C | ° F,° C | ° F,%,Kph | Mph,Hg | Mb,Total (mm/in)
,,,,,,,° C | ° F,° C | ° F,%,Kph | Mph,Hg | Mb,Total (mm/in)
,,,,,,,° C | ° F,° C | ° F,%,Kph | Mph,Hg | Mb,Total (mm/in)
,,,,,,,° C | ° F,° C | ° F,%,Kph | Mph,Hg | Mb,Total (mm/in)
,,,,,,,° C | ° F,° C | ° F,%,Kph | Mph,Hg | Mb,Total (mm/in)
,,,,,,,° C | ° F,° C | ° F,%,Kph | Mph,Hg | Mb,Total (mm/in)
,,,,,,,° C | ° F,° C | ° F,%,Kph | Mph,Hg | Mb,Total (mm/in)
,,,,,,,° C | ° F,° C | ° F,%,Kph | Mph,Hg | Mb,Total (mm/in)
,,,,,,,° C | ° F,° C | ° F,%,Kph | Mph,Hg | Mb,Total (mm/in)
,,,,,,,° C | ° F,° C | ° F,%,Kph | Mph,Hg | Mb,Total (mm/in)
,,,,,,,° C | ° F,° C | ° F,%,Kph | Mph,Hg | Mb,Total (mm/in)
,,,,,,,° C | ° F,° C | ° F,%,Kph | Mph,Hg | Mb,Total (mm/in)
,,,,,,,° C | ° F,° C | ° F,%,Kph | Mph,Hg | Mb,Total (mm/in)
,,,,,,,° C | ° F,° C | ° F,%,Kph | Mph,Hg | Mb,Total (mm/in)
,,,,,,,° C | ° F,° C | ° F,%,Kph | Mph,Hg | Mb,Total (mm/in)
,,,,,,,° C | ° F,° C | ° F,%,Kph | Mph,Hg | Mb,Total (mm/in)
,,,,,,,° C | ° F,° C | ° F,%,Kph | Mph,Hg | Mb,Total (mm/in)
,,,,,,,° C | ° F,° C | ° F,%,Kph | Mph,Hg | Mb,Total (mm/in)
,,,,,,,° C | ° F,° C | ° F,%,Kph | Mph,Hg | Mb,Total (mm/in)
,,,,,,,° C | ° F,° C | ° F,%,Kph | Mph,Hg | Mb,Total (mm/in)
,,,,,,,° C | ° F,° C | ° F,%,Kph | Mph,Hg | Mb,Total (mm/in)
,,,,,,,° C | ° F,° C | ° F,%,Kph | Mph,Hg | Mb,Total (mm/in)
,,,,,,,° C | ° F,° C | ° F,%,Kph | Mph,Hg | Mb,Total (mm/in)
,,,,,,,° C | ° F,° C | ° F,%,Kph | Mph,Hg | Mb,Total (mm/in)
,,,,,,,° C | ° F,° C | ° F,%,Kph | Mph,Hg | Mb,Total (mm/in)
,,,,,,,° C | ° F,° C | ° F,%,Kph | Mph,Hg | Mb,Total (mm/in)
,,,,,,,° C | ° F,° C | ° F,%,Kph | Mph,Hg | Mb,Total (mm/in)
,,,,,,,° C | ° F,° C | ° F,%,Kph | Mph,Hg | Mb,Total (mm/in)
,,,,,,,° C | ° F,° C | ° F,%,Kph | Mph,Hg | Mb,Total (mm/in)
,,,,,,,° C | ° F,° C | ° F,%,Kph | Mph,Hg | Mb,Total (mm/in)
,,,,,,,° C | ° F,° C | ° F,%,Kph | Mph,Hg | Mb,Total (mm/in)
,,,,,,,° C | ° F,° C | ° F,%,Kph | Mph,Hg | Mb,Total (mm/in)
,,,,,,,° C | ° F,° C | ° F,%,Kph | Mph,Hg | Mb,Total (mm/in)
,,,,,,,° C | ° F,° C | ° F,%,Kph | Mph,Hg | Mb,Total (mm/in)
,,,,,,,° C | ° F,° C | ° F,%,Kph | Mph,Hg | Mb,Total (mm/in)
,,,,,,,° C | ° F,° C | ° F,%,Kph | Mph,Hg | Mb,Total (mm/in)
,,,,,,,° C | ° F,° C | ° F,%,Kph | Mph,Hg | Mb,Total (mm/in)
,,,,,,,° C | ° F,° C | ° F,%,Kph | Mph,Hg | Mb,Total (mm/in)
