time,temperature,dew_point,humidity,wind_speed,pressure,precipitation,temperature_raw,dew_point_raw,humidity_raw,wind_speed_raw,pressure_raw,precipitation_raw
2010-01-01,18.0,14.0,85.0,5.0,29.91,23.0,18 | 64.4,14 | 57.2,85,5 | 3.11,29.91 | 1013,23.0 | 0.91
2010-01-02,18.0,16.0,89.0,6.0,29.94,28.8,18 | 64.4,16 | 60.8,89,6 | 3.73,29.94 | 1014,28.8 | 1.13
2010-01-03,18.0,14.0,82.0,10.0,29.94,2.5,18 | 64.4,14 | 57.2,82,10 | 6.21,29.94 | 1014,2.5 | 0.1
2010-01-04,18.0,13.0,76.0,9.0,29.94,1.7,18 | 64.4,13 | 55.4,76,9 | 5.59,29.94 | 1014,1.7 | 0.07
2010-01-05,19.0,12.0,69.0,10.0,29.91,1.3,19 | 66.2,12 | 53.6,69,10 | 6.21,29.91 | 1013,1.3 | 0.05
2010-01-06,19.0,11.0,66.0,8.0,29.88,0.7,19 | 66.2,11 | 51.8,66,8 | 4.97,29.88 | 1012,0.7 | 0.03
2010-01-07,20.0,11.0,66.0,8.0,29.88,0.5,20 | 68.0,11 | 51.8,66,8 | 4.97,29.88 | 1012,0.5 | 0.02
2010-01-08,20.0,12.0,69.0,9.0,29.88,0.4,20 | 68.0,12 | 53.6,69,9 | 5.59,29.88 | 1012,0.4 | 0.02
2010-01-09,19.0,13.0,72.0,7.0,29.88,6.4,19 | 66.2,13 | 55.4,72,7 | 4.35,29.88 | 1012,6.4 | 0.25
2010-01-10,18.0,13.0,75.0,4.0,29.91,4.2,18 | 64.4,13 | 55.4,75,4 | 2.49,29.91 | 1013,4.2 | 0.17
2010-01-11,18.0,10.0,67.0,9.0,29.91,0.3,18 | 64.4,10 | 50.0,67,9 | 5.59,29.91 | 1013,0.3 | 0.01
2010-01-12,19.0,7.0,52.0,11.0,29.91,0.0,19 | 66.2,7 | 44.6,52,11 | 6.84,29.91 | 1013,0.0 | 0.0
2010-01-13,19.0,7.0,52.0,12.0,29.91,0.0,19 | 66.2,7 | 44.6,52,12 | 7.46,29.91 | 1013,0.0 | 0.0
2010-01-14,19.0,7.0,53.0,13.0,29.94,0.0,19 | 66.2,7 | 44.6,53,13 | 8.08,29.94 | 1014,0.0 | 0.0
2010-01-15,20.0,10.0,64.0,13.0,29.94,0.0,20 | 68.0,10 | 50.0,64,13 | 8.08,29.94 | 1014,0.0 | 0.0
2010-01-16,20.0,10.0,62.0,11.0,30.0,0.0,20 | 68.0,10 | 50.0,62,11 | 6.84,30.0 | 1016,0.0 | 0.0
2010-01-17,20.0,9.0,60.0,13.0,30.0,0.0,20 | 68.0,9 | 48.2,60,13 | 8.08,30.0 | 1016,0.0 | 0.0
2010-01-18,20.0,8.0,56.0,14.0,29.97,0.0,20 | 68.0,8 | 46.4,56,14 | 8.7,29.97 | 1015,0.0 | 0.0
2010-01-19,21.0,9.0,59.0,13.0,29.94,0.0,21 | 69.8,9 | 48.2,59,13 | 8.08,29.94 | 1014,0.0 | 0.0
2010-01-20,21.0,10.0,61.0,13.0,29.91,0.0,21 | 69.8,10 | 50.0,61,13 | 8.08,29.91 | 1013,0.0 | 0.0
2010-01-21,20.0,9.0,62.0,12.0,29.94,0.0,20 | 68.0,9 | 48.2,62,12 | 7.46,29.94 | 1014,0.0 | 0.0
2010-01-22,20.0,7.0,56.0,10.0,29.94,0.0,20 | 68.0,7 | 44.6,56,10 | 6.21,29.94 | 1014,0.0 | 0.0
2010-01-23,20.0,8.0,58.0,12.0,29.91,0.0,20 | 68.0,8 | 46.4,58,12 | 7.46,29.91 | 1013,0.0 | 0.0
2010-01-24,20.0,8.0,55.0,15.0,29.88,0.0,20 | 68.0,8 | 46.4,55,15 | 9.32,29.88 | 1012,0.0 | 0.0
2010-01-25,20.0,6.0,53.0,14.0,29.88,0.0,20 | 68.0,6 | 42.8,53,14 | 8.7,29.88 | 1012,0.0 | 0.0
2010-01-26,20.0,4.0,48.0,14.0,29.88,0.0,20 | 68.0,4 | 39.2,48,14 | 8.7,29.88 | 1012,0.0 | 0.0
2010-01-27,20.0,5.0,47.0,13.0,29.91,0.0,20 | 68.0,5 | 41.0,47,13 | 8.08,29.91 | 1013,0.0 | 0.0
2010-01-28,20.0,4.0,42.0,14.0,29.91,0.0,20 | 68.0,4 | 39.2,42,14 | 8.7,29.91 | 1013,0.0 | 0.0
2010-01-29,21.0,8.0,51.0,13.0,29.88,0.0,21 | 69.8,8 | 46.4,51,13 | 8.08,29.88 | 1012,0.0 | 0.0
2010-01-30,21.0,7.0,52.0,12.0,29.94,0.0,21 | 69.8,7 | 44.6,52,12 | 7.46,29.94 | 1014,0.0 | 0.0
2010-01-31,22.0,8.0,52.0,15.0,29.94,0.0,22 | 71.6,8 | 46.4,52,15 | 9.32,29.94 | 1014,0.0 | 0.0
2010-02-01,22.0,8.0,53.0,13.0,29.91,0.0,22 | 71.6,8 | 46.4,53,13 | 8.08,29.91 | 1013,0.0 | 0.0
2010-02-02,22.0,7.0,47.0,10.0,29.88,0.0,22 | 71.6,7 | 44.6,47,10 | 6.21,29.88 | 1012,0.0 | 0.0
2010-02-03,23.0,7.0,44.0,9.0,29.85,0.0,23 | 73.4,7 | 44.6,44,9 | 5.59,29.85 | 1011,0.0 | 0.0
2010-02-04,23.0,10.0,53.0,9.0,29.85,0.0,23 | 73.4,10 | 50.0,53,9 | 5.59,29.85 | 1011,0.0 | 0.0
2010-02-05,22.0,13.0,64.0,6.0,29.88,5.1,22 | 71.6,13 | 55.4,64,6 | 3.73,29.88 | 1012,5.1 | 0.2
2010-02-06,20.0,14.0,74.0,6.0,29.91,15.1,20 | 68.0,14 | 57.2,74,6 | 3.73,29.91 | 1013,15.1 | 0.59
2010-02-07,20.0,13.0,68.0,7.0,29.91,3.5,20 | 68.0,13 | 55.4,68,7 | 4.35,29.91 | 1013,3.5 | 0.14
2010-02-08,22.0,10.0,56.0,11.0,29.88,0.0,22 | 71.6,10 | 50.0,56,11 | 6.84,29.88 | 1012,0.0 | 0.0
2010-02-09,21.0,9.0,54.0,15.0,29.88,0.0,21 | 69.8,9 | 48.2,54,15 | 9.32,29.88 | 1012,0.0 | 0.0
2010-02-10,20.0,6.0,49.0,14.0,29.91,0.0,20 | 68.0,6 | 42.8,49,14 | 8.7,29.91 | 1013,0.0 | 0.0
2010-02-11,19.0,7.0,53.0,11.0,29.88,0.0,19 | 66.2,7 | 44.6,53,11 | 6.84,29.88 | 1012,0.0 | 0.0
2010-02-12,21.0,8.0,53.0,14.0,29.91,0.0,21 | 69.8,8 | 46.4,53,14 | 8.7,29.91 | 1013,0.0 | 0.0
2010-02-13,22.0,10.0,59.0,15.0,29.91,0.0,22 | 71.6,10 | 50.0,59,15 | 9.32,29.91 | 1013,0.0 | 0.0
2010-02-14,21.0,10.0,59.0,14.0,29.85,0.0,21 | 69.8,10 | 50.0,59,14 | 8.7,29.85 | 1011,0.0 | 0.0
2010-02-15,21.0,11.0,60.0,11.0,29.83,1.4,21 | 69.8,11 | 51.8,60,11 | 6.84,29.83 | 1010,1.4 | 0.06
2010-02-16,21.0,11.0,61.0,9.0,29.88,2.0,21 | 69.8,11 | 51.8,61,9 | 5.59,29.88 | 1012,2.0 | 0.08
2010-02-17,20.0,12.0,67.0,7.0,29.94,1.4,20 | 68.0,12 | 53.6,67,7 | 4.35,29.94 | 1014,1.4 | 0.06
2010-02-18,16.0,12.0,80.0,9.0,29.97,7.9,16 | 60.8,12 | 53.6,80,9 | 5.59,29.97 | 1015,7.9 | 0.31
2010-02-19,21.0,11.0,64.0,11.0,29.91,4.4,21 | 69.8,11 | 51.8,64,11 | 6.84,29.91 | 1013,4.4 | 0.17
2010-02-20,22.0,12.0,60.0,11.0,29.88,0.2,22 | 71.6,12 | 53.6,60,11 | 6.84,29.88 | 1012,0.2 | 0.01
2010-02-21,20.0,14.0,70.0,11.0,29.88,0.7,20 | 68.0,14 | 57.2,70,11 | 6.84,29.88 | 1012,0.7 | 0.03
2010-02-22,21.0,13.0,68.0,12.0,29.88,1.7,21 | 69.8,13 | 55.4,68,12 | 7.46,29.88 | 1012,1.7 | 0.07
2010-02-23,21.0,12.0,67.0,11.0,29.91,5.0,21 | 69.8,12 | 53.6,67,11 | 6.84,29.91 | 1013,5.0 | 0.2
2010-02-24,21.0,12.0,61.0,10.0,29.88,0.2,21 | 69.8,12 | 53.6,61,10 | 6.21,29.88 | 1012,0.2 | 0.01
2010-02-25,22.0,14.0,67.0,7.0,29.85,3.3,22 | 71.6,14 | 57.2,67,7 | 4.35,29.85 | 1011,3.3 | 0.13
2010-02-26,20.0,14.0,72.0,5.0,29.88,1.0,20 | 68.0,14 | 57.2,72,5 | 3.11,29.88 | 1012,1.0 | 0.04
2010-02-27,21.0,15.0,76.0,5.0,29.91,19.5,21 | 69.8,15 | 59.0,76,5 | 3.11,29.91 | 1013,19.5 | 0.77
2010-02-28,17.0,16.0,91.0,5.0,29.94,32.2,17 | 62.6,16 | 60.8,91,5 | 3.11,29.94 | 1014,32.2 | 1.27
2010-03-01,16.0,15.0,94.0,7.0,29.97,51.5,16 | 60.8,15 | 59.0,94,7 | 4.35,29.97 | 1015,51.5 | 2.03
2010-03-02,19.0,15.0,85.0,9.0,29.97,5.2,19 | 66.2,15 | 59.0,85,9 | 5.59,29.97 | 1015,5.2 | 0.2
2010-03-03,19.0,16.0,84.0,5.0,29.97,17.1,19 | 66.2,16 | 60.8,84,5 | 3.11,29.97 | 1015,17.1 | 0.67
2010-03-04,18.0,16.0,90.0,6.0,29.94,24.3,18 | 64.4,16 | 60.8,90,6 | 3.73,29.94 | 1014,24.3 | 0.96
2010-03-05,20.0,16.0,82.0,6.0,29.94,16.5,20 | 68.0,16 | 60.8,82,6 | 3.73,29.94 | 1014,16.5 | 0.65
2010-03-06,17.0,13.0,83.0,10.0,29.94,3.3,17 | 62.6,13 | 55.4,83,10 | 6.21,29.94 | 1014,3.3 | 0.13
2010-03-07,19.0,13.0,77.0,12.0,29.94,2.3,19 | 66.2,13 | 55.4,77,12 | 7.46,29.94 | 1014,2.3 | 0.09
2010-03-08,17.0,13.0,84.0,13.0,29.97,1.4,17 | 62.6,13 | 55.4,84,13 | 8.08,29.97 | 1015,1.4 | 0.06
2010-03-09,19.0,13.0,77.0,18.0,29.94,0.2,19 | 66.2,13 | 55.4,77,18 | 11.18,29.94 | 1014,0.2 | 0.01
2010-03-10,20.0,12.0,72.0,17.0,29.94,0.2,20 | 68.0,12 | 53.6,72,17 | 10.56,29.94 | 1014,0.2 | 0.01
2010-03-11,20.0,11.0,65.0,14.0,29.94,0.0,20 | 68.0,11 | 51.8,65,14 | 8.7,29.94 | 1014,0.0 | 0.0
2010-03-12,21.0,10.0,61.0,12.0,29.94,0.0,21 | 69.8,10 | 50.0,61,12 | 7.46,29.94 | 1014,0.0 | 0.0
2010-03-13,21.0,10.0,61.0,11.0,29.91,0.0,21 | 69.8,10 | 50.0,61,11 | 6.84,29.91 | 1013,0.0 | 0.0
2010-03-14,21.0,10.0,62.0,14.0,29.88,0.0,21 | 69.8,10 | 50.0,62,14 | 8.7,29.88 | 1012,0.0 | 0.0
2010-03-15,20.0,9.0,60.0,16.0,29.88,0.0,20 | 68.0,9 | 48.2,60,16 | 9.94,29.88 | 1012,0.0 | 0.0
2010-03-16,20.0,12.0,68.0,15.0,29.91,4.3,20 | 68.0,12 | 53.6,68,15 | 9.32,29.91 | 1013,4.3 | 0.17
2010-03-17,21.0,13.0,68.0,15.0,29.91,0.0,21 | 69.8,13 | 55.4,68,15 | 9.32,29.91 | 1013,0.0 | 0.0
2010-03-18,22.0,12.0,65.0,11.0,29.91,0.0,22 | 71.6,12 | 53.6,65,11 | 6.84,29.91 | 1013,0.0 | 0.0
2010-03-19,22.0,13.0,69.0,9.0,29.91,1.6,22 | 71.6,13 | 55.4,69,9 | 5.59,29.91 | 1013,1.6 | 0.06
2010-03-20,20.0,15.0,79.0,7.0,29.91,16.9,20 | 68.0,15 | 59.0,79,7 | 4.35,29.91 | 1013,16.9 | 0.67
2010-03-21,19.0,16.0,87.0,8.0,29.94,21.9,19 | 66.2,16 | 60.8,87,8 | 4.97,29.94 | 1014,21.9 | 0.86
2010-03-22,18.0,15.0,88.0,7.0,29.91,30.6,18 | 64.4,15 | 59.0,88,7 | 4.35,29.91 | 1013,30.6 | 1.2
2010-03-23,19.0,13.0,77.0,8.0,29.85,3.5,19 | 66.2,13 | 55.4,77,8 | 4.97,29.85 | 1011,3.5 | 0.14
2010-03-24,19.0,12.0,75.0,7.0,29.83,5.2,19 | 66.2,12 | 53.6,75,7 | 4.35,29.83 | 1010,5.2 | 0.2
2010-03-25,18.0,14.0,85.0,3.0,29.91,4.2,18 | 64.4,14 | 57.2,85,3 | 1.86,29.91 | 1013,4.2 | 0.17
2010-03-26,19.0,15.0,85.0,4.0,29.94,22.2,19 | 66.2,15 | 59.0,85,4 | 2.49,29.94 | 1014,22.2 | 0.87
2010-03-27,17.0,15.0,92.0,5.0,29.94,42.2,17 | 62.6,15 | 59.0,92,5 | 3.11,29.94 | 1014,42.2 | 1.66
2010-03-28,17.0,14.0,87.0,4.0,29.94,3.9,17 | 62.6,14 | 57.2,87,4 | 2.49,29.94 | 1014,3.9 | 0.15
2010-03-29,18.0,15.0,89.0,6.0,29.97,20.8,18 | 64.4,15 | 59.0,89,6 | 3.73,29.97 | 1015,20.8 | 0.82
2010-03-30,17.0,15.0,90.0,4.0,30.0,41.0,17 | 62.6,15 | 59.0,90,4 | 2.49,30.0 | 1016,41.0 | 1.61
2010-03-31,20.0,15.0,83.0,7.0,29.94,6.3,20 | 68.0,15 | 59.0,83,7 | 4.35,29.94 | 1014,6.3 | 0.25
2010-04-01,19.0,14.0,84.0,8.0,29.91,7.6,19 | 66.2,14 | 57.2,84,8 | 4.97,29.91 | 1013,7.6 | 0.3
2010-04-02,18.0,15.0,88.0,8.0,29.91,5.7,18 | 64.4,15 | 59.0,88,8 | 4.97,29.91 | 1013,5.7 | 0.22
2010-04-03,19.0,15.0,85.0,9.0,29.88,7.3,19 | 66.2,15 | 59.0,85,9 | 5.59,29.88 | 1012,7.3 | 0.29
2010-04-04,19.0,14.0,81.0,11.0,29.91,3.8,19 | 66.2,14 | 57.2,81,11 | 6.84,29.91 | 1013,3.8 | 0.15
2010-04-05,20.0,13.0,76.0,11.0,29.91,0.0,20 | 68.0,13 | 55.4,76,11 | 6.84,29.91 | 1013,0.0 | 0.0
2010-04-06,19.0,13.0,75.0,9.0,29.88,0.2,19 | 66.2,13 | 55.4,75,9 | 5.59,29.88 | 1012,0.2 | 0.01
2010-04-07,20.0,13.0,76.0,9.0,29.88,2.0,20 | 68.0,13 | 55.4,76,9 | 5.59,29.88 | 1012,2.0 | 0.08
2010-04-08,21.0,14.0,75.0,12.0,29.88,0.0,21 | 69.8,14 | 57.2,75,12 | 7.46,29.88 | 1012,0.0 | 0.0
2010-04-09,20.0,11.0,69.0,11.0,29.94,0.0,20 | 68.0,11 | 51.8,69,11 | 6.84,29.94 | 1014,0.0 | 0.0
2010-04-10,20.0,11.0,69.0,7.0,29.91,0.0,20 | 68.0,11 | 51.8,69,7 | 4.35,29.91 | 1013,0.0 | 0.0
2010-04-11,22.0,12.0,68.0,4.0,29.85,0.0,22 | 71.6,12 | 53.6,68,4 | 2.49,29.85 | 1011,0.0 | 0.0
2010-04-12,21.0,12.0,68.0,5.0,29.88,2.1,21 | 69.8,12 | 53.6,68,5 | 3.11,29.88 | 1012,2.1 | 0.08
2010-04-13,19.0,15.0,84.0,5.0,29.88,14.3,19 | 66.2,15 | 59.0,84,5 | 3.11,29.88 | 1012,14.3 | 0.56
2010-04-14,20.0,15.0,82.0,5.0,29.88,6.7,20 | 68.0,15 | 59.0,82,5 | 3.11,29.88 | 1012,6.7 | 0.26
2010-04-15,17.0,16.0,93.0,4.0,29.94,51.9,17 | 62.6,16 | 60.8,93,4 | 2.49,29.94 | 1014,51.9 | 2.04
2010-04-16,19.0,16.0,90.0,7.0,29.94,23.2,19 | 66.2,16 | 60.8,90,7 | 4.35,29.94 | 1014,23.2 | 0.91
2010-04-17,18.0,15.0,89.0,8.0,29.94,8.3,18 | 64.4,15 | 59.0,89,8 | 4.97,29.94 | 1014,8.3 | 0.33
2010-04-18,17.0,15.0,90.0,7.0,29.97,13.2,17 | 62.6,15 | 59.0,90,7 | 4.35,29.97 | 1015,13.2 | 0.52
2010-04-19,19.0,15.0,87.0,6.0,29.94,30.2,19 | 66.2,15 | 59.0,87,6 | 3.73,29.94 | 1014,30.2 | 1.19
2010-04-20,20.0,16.0,87.0,5.0,29.94,14.3,20 | 68.0,16 | 60.8,87,5 | 3.11,29.94 | 1014,14.3 | 0.56
2010-04-21,20.0,15.0,86.0,5.0,29.91,3.9,20 | 68.0,15 | 59.0,86,5 | 3.11,29.91 | 1013,3.9 | 0.15
2010-04-22,20.0,15.0,84.0,4.0,29.91,2.5,20 | 68.0,15 | 59.0,84,4 | 2.49,29.91 | 1013,2.5 | 0.1
2010-04-23,18.0,15.0,90.0,4.0,29.94,19.8,18 | 64.4,15 | 59.0,90,4 | 2.49,29.94 | 1014,19.8 | 0.78
2010-04-24,16.0,15.0,97.0,4.0,29.97,71.1,16 | 60.8,15 | 59.0,97,4 | 2.49,29.97 | 1015,71.1 | 2.8
2010-04-25,17.0,15.0,92.0,2.0,29.94,2.8,17 | 62.6,15 | 59.0,92,2 | 1.24,29.94 | 1014,2.8 | 0.11
2010-04-26,19.0,16.0,91.0,4.0,29.91,20.7,19 | 66.2,16 | 60.8,91,4 | 2.49,29.91 | 1013,20.7 | 0.81
2010-04-27,20.0,17.0,89.0,6.0,29.94,20.1,20 | 68.0,17 | 62.6,89,6 | 3.73,29.94 | 1014,20.1 | 0.79
2010-04-28,19.0,17.0,90.0,5.0,29.91,13.8,19 | 66.2,17 | 62.6,90,5 | 3.11,29.91 | 1013,13.8 | 0.54
2010-04-29,18.0,16.0,93.0,7.0,29.91,9.9,18 | 64.4,16 | 60.8,93,7 | 4.35,29.91 | 1013,9.9 | 0.39
2010-04-30,19.0,15.0,88.0,7.0,29.88,1.7,19 | 66.2,15 | 59.0,88,7 | 4.35,29.88 | 1012,1.7 | 0.07
2010-05-01,19.0,16.0,90.0,6.0,29.88,26.8,19 | 66.2,16 | 60.8,90,6 | 3.73,29.88 | 1012,26.8 | 1.06
2010-05-02,18.0,16.0,95.0,7.0,29.91,18.7,18 | 64.4,16 | 60.8,95,7 | 4.35,29.91 | 1013,18.7 | 0.74
2010-05-03,19.0,16.0,90.0,5.0,29.91,10.5,19 | 66.2,16 | 60.8,90,5 | 3.11,29.91 | 1013,10.5 | 0.41
2010-05-04,19.0,15.0,89.0,4.0,29.88,11.4,19 | 66.2,15 | 59.0,89,4 | 2.49,29.88 | 1012,11.4 | 0.45
2010-05-05,19.0,15.0,88.0,5.0,29.88,2.9,19 | 66.2,15 | 59.0,88,5 | 3.11,29.88 | 1012,2.9 | 0.11
2010-05-06,19.0,15.0,89.0,3.0,29.88,23.0,19 | 66.2,15 | 59.0,89,3 | 1.86,29.88 | 1012,23.0 | 0.91
2010-05-07,17.0,16.0,94.0,4.0,29.91,52.9,17 | 62.6,16 | 60.8,94,4 | 2.49,29.91 | 1013,52.9 | 2.08
2010-05-08,18.0,16.0,91.0,4.0,29.91,31.7,18 | 64.4,16 | 60.8,91,4 | 2.49,29.91 | 1013,31.7 | 1.25
2010-05-09,17.0,16.0,94.0,4.0,29.94,66.2,17 | 62.6,16 | 60.8,94,4 | 2.49,29.94 | 1014,66.2 | 2.61
2010-05-10,17.0,15.0,94.0,4.0,29.91,29.5,17 | 62.6,15 | 59.0,94,4 | 2.49,29.91 | 1013,29.5 | 1.16
2010-05-11,16.0,15.0,97.0,4.0,29.97,97.6,16 | 60.8,15 | 59.0,97,4 | 2.49,29.97 | 1015,97.6 | 3.84
2010-05-12,16.0,15.0,96.0,3.0,30.0,23.1,16 | 60.8,15 | 59.0,96,3 | 1.86,30.0 | 1016,23.1 | 0.91
2010-05-13,17.0,15.0,91.0,4.0,30.0,11.3,17 | 62.6,15 | 59.0,91,4 | 2.49,30.0 | 1016,11.3 | 0.44
2010-05-14,17.0,15.0,95.0,4.0,29.97,14.0,17 | 62.6,15 | 59.0,95,4 | 2.49,29.97 | 1015,14.0 | 0.55
2010-05-15,17.0,15.0,94.0,3.0,29.97,39.4,17 | 62.6,15 | 59.0,94,3 | 1.86,29.97 | 1015,39.4 | 1.55
2010-05-16,18.0,16.0,96.0,4.0,29.97,91.3,18 | 64.4,16 | 60.8,96,4 | 2.49,29.97 | 1015,91.3 | 3.59
2010-05-17,17.0,16.0,95.0,4.0,29.97,26.8,17 | 62.6,16 | 60.8,95,4 | 2.49,29.97 | 1015,26.8 | 1.06
2010-05-18,18.0,16.0,92.0,3.0,29.94,8.3,18 | 64.4,16 | 60.8,92,3 | 1.86,29.94 | 1014,8.3 | 0.33
2010-05-19,19.0,15.0,88.0,3.0,29.91,1.9,19 | 66.2,15 | 59.0,88,3 | 1.86,29.91 | 1013,1.9 | 0.07
2010-05-20,19.0,15.0,85.0,5.0,29.94,0.7,19 | 66.2,15 | 59.0,85,5 | 3.11,29.94 | 1014,0.7 | 0.03
2010-05-21,19.0,14.0,85.0,4.0,29.91,0.9,19 | 66.2,14 | 57.2,85,4 | 2.49,29.91 | 1013,0.9 | 0.04
2010-05-22,20.0,15.0,84.0,6.0,29.94,1.4,20 | 68.0,15 | 59.0,84,6 | 3.73,29.94 | 1014,1.4 | 0.06
2010-05-23,20.0,16.0,89.0,4.0,29.94,6.2,20 | 68.0,16 | 60.8,89,4 | 2.49,29.94 | 1014,6.2 | 0.24
2010-05-24,20.0,17.0,91.0,3.0,29.94,19.6,20 | 68.0,17 | 62.6,91,3 | 1.86,29.94 | 1014,19.6 | 0.77
2010-05-25,17.0,16.0,95.0,5.0,29.94,14.9,17 | 62.6,16 | 60.8,95,5 | 3.11,29.94 | 1014,14.9 | 0.59
2010-05-26,18.0,15.0,89.0,4.0,29.94,7.4,18 | 64.4,15 | 59.0,89,4 | 2.49,29.94 | 1014,7.4 | 0.29
2010-05-27,18.0,14.0,82.0,4.0,29.94,1.5,18 | 64.4,14 | 57.2,82,4 | 2.49,29.94 | 1014,1.5 | 0.06
2010-05-28,19.0,14.0,83.0,4.0,29.97,0.9,19 | 66.2,14 | 57.2,83,4 | 2.49,29.97 | 1015,0.9 | 0.04
2010-05-29,19.0,15.0,86.0,3.0,29.97,5.1,19 | 66.2,15 | 59.0,86,3 | 1.86,29.97 | 1015,5.1 | 0.2
2010-05-30,18.0,15.0,89.0,4.0,29.97,3.8,18 | 64.4,15 | 59.0,89,4 | 2.49,29.97 | 1015,3.8 | 0.15
2010-05-31,18.0,14.0,85.0,4.0,29.94,2.2,18 | 64.4,14 | 57.2,85,4 | 2.49,29.94 | 1014,2.2 | 0.09
2010-06-01,18.0,14.0,86.0,2.0,29.97,2.1,18 | 64.4,14 | 57.2,86,2 | 1.24,29.97 | 1015,2.1 | 0.08
2010-06-02,19.0,13.0,85.0,2.0,29.97,1.4,19 | 66.2,13 | 55.4,85,2 | 1.24,29.97 | 1015,1.4 | 0.06
2010-06-03,19.0,13.0,84.0,4.0,29.97,3.8,19 | 66.2,13 | 55.4,84,4 | 2.49,29.97 | 1015,3.8 | 0.15
2010-06-04,18.0,15.0,90.0,3.0,30.0,6.0,18 | 64.4,15 | 59.0,90,3 | 1.86,30.0 | 1016,6.0 | 0.24
2010-06-05,17.0,14.0,92.0,3.0,30.03,9.5,17 | 62.6,14 | 57.2,92,3 | 1.86,30.03 | 1017,9.5 | 0.37
2010-06-06,18.0,15.0,91.0,3.0,30.0,16.2,18 | 64.4,15 | 59.0,91,3 | 1.86,30.0 | 1016,16.2 | 0.64
2010-06-07,19.0,14.0,88.0,5.0,30.0,4.0,19 | 66.2,14 | 57.2,88,5 | 3.11,30.0 | 1016,4.0 | 0.16
2010-06-08,18.0,13.0,86.0,4.0,30.0,1.7,18 | 64.4,13 | 55.4,86,4 | 2.49,30.0 | 1016,1.7 | 0.07
2010-06-09,18.0,13.0,87.0,4.0,30.0,1.2,18 | 64.4,13 | 55.4,87,4 | 2.49,30.0 | 1016,1.2 | 0.05
2010-06-10,17.0,13.0,88.0,4.0,30.0,3.1,17 | 62.6,13 | 55.4,88,4 | 2.49,30.0 | 1016,3.1 | 0.12
2010-06-11,18.0,13.0,88.0,3.0,30.0,0.9,18 | 64.4,13 | 55.4,88,3 | 1.86,30.0 | 1016,0.9 | 0.04
2010-06-12,17.0,13.0,90.0,5.0,29.97,3.3,17 | 62.6,13 | 55.4,90,5 | 3.11,29.97 | 1015,3.3 | 0.13
2010-06-13,17.0,15.0,94.0,3.0,30.0,8.5,17 | 62.6,15 | 59.0,94,3 | 1.86,30.0 | 1016,8.5 | 0.33
2010-06-14,16.0,15.0,95.0,3.0,30.0,84.2,16 | 60.8,15 | 59.0,95,3 | 1.86,30.0 | 1016,84.2 | 3.31
2010-06-15,17.0,14.0,89.0,4.0,29.97,11.3,17 | 62.6,14 | 57.2,89,4 | 2.49,29.97 | 1015,11.3 | 0.44
2010-06-16,18.0,15.0,92.0,5.0,29.97,5.1,18 | 64.4,15 | 59.0,92,5 | 3.11,29.97 | 1015,5.1 | 0.2
2010-06-17,17.0,15.0,94.0,4.0,29.97,17.7,17 | 62.6,15 | 59.0,94,4 | 2.49,29.97 | 1015,17.7 | 0.7
2010-06-18,18.0,15.0,91.0,4.0,29.97,9.8,18 | 64.4,15 | 59.0,91,4 | 2.49,29.97 | 1015,9.8 | 0.39
2010-06-19,18.0,14.0,87.0,5.0,29.97,5.6,18 | 64.4,14 | 57.2,87,5 | 3.11,29.97 | 1015,5.6 | 0.22
2010-06-20,17.0,14.0,91.0,2.0,29.97,8.9,17 | 62.6,14 | 57.2,91,2 | 1.24,29.97 | 1015,8.9 | 0.35
2010-06-21,18.0,15.0,89.0,3.0,29.97,8.2,18 | 64.4,15 | 59.0,89,3 | 1.86,29.97 | 1015,8.2 | 0.32
2010-06-22,19.0,15.0,90.0,2.0,29.94,7.2,19 | 66.2,15 | 59.0,90,2 | 1.24,29.94 | 1014,7.2 | 0.28
2010-06-23,18.0,14.0,89.0,4.0,29.94,1.9,18 | 64.4,14 | 57.2,89,4 | 2.49,29.94 | 1014,1.9 | 0.07
2010-06-24,17.0,14.0,90.0,4.0,29.97,3.3,17 | 62.6,14 | 57.2,90,4 | 2.49,29.97 | 1015,3.3 | 0.13
2010-06-25,18.0,15.0,88.0,4.0,29.97,5.4,18 | 64.4,15 | 59.0,88,4 | 2.49,29.97 | 1015,5.4 | 0.21
2010-06-26,17.0,14.0,89.0,3.0,29.97,2.5,17 | 62.6,14 | 57.2,89,3 | 1.86,29.97 | 1015,2.5 | 0.1
2010-06-27,18.0,14.0,90.0,2.0,29.97,3.7,18 | 64.4,14 | 57.2,90,2 | 1.24,29.97 | 1015,3.7 | 0.15
2010-06-28,18.0,13.0,87.0,5.0,29.97,0.9,18 | 64.4,13 | 55.4,87,5 | 3.11,29.97 | 1015,0.9 | 0.04
2010-06-29,17.0,13.0,85.0,3.0,30.0,2.5,17 | 62.6,13 | 55.4,85,3 | 1.86,30.0 | 1016,2.5 | 0.1
2010-06-30,18.0,14.0,87.0,4.0,29.97,7.0,18 | 64.4,14 | 57.2,87,4 | 2.49,29.97 | 1015,7.0 | 0.28
2010-07-01,16.0,14.0,94.0,4.0,29.97,5.0,16 | 60.8,14 | 57.2,94,4 | 2.49,29.97 | 1015,5.0 | 0.2
2010-07-02,16.0,14.0,93.0,4.0,29.97,6.1,16 | 60.8,14 | 57.2,93,4 | 2.49,29.97 | 1015,6.1 | 0.24
2010-07-03,16.0,15.0,95.0,4.0,29.97,29.0,16 | 60.8,15 | 59.0,95,4 | 2.49,29.97 | 1015,29.0 | 1.14
2010-07-04,15.0,14.0,96.0,4.0,30.0,33.3,15 | 59.0,14 | 57.2,96,4 | 2.49,30.0 | 1016,33.3 | 1.31
2010-07-05,18.0,15.0,89.0,3.0,29.97,4.2,18 | 64.4,15 | 59.0,89,3 | 1.86,29.97 | 1015,4.2 | 0.17
2010-07-06,15.0,14.0,95.0,2.0,29.97,9.8,15 | 59.0,14 | 57.2,95,2 | 1.24,29.97 | 1015,9.8 | 0.39
2010-07-07,17.0,14.0,92.0,3.0,29.97,3.5,17 | 62.6,14 | 57.2,92,3 | 1.86,29.97 | 1015,3.5 | 0.14
2010-07-08,17.0,14.0,92.0,2.0,29.97,6.4,17 | 62.6,14 | 57.2,92,2 | 1.24,29.97 | 1015,6.4 | 0.25
2010-07-09,16.0,14.0,93.0,2.0,29.97,9.4,16 | 60.8,14 | 57.2,93,2 | 1.24,29.97 | 1015,9.4 | 0.37
2010-07-10,17.0,15.0,92.0,3.0,29.94,5.5,17 | 62.6,15 | 59.0,92,3 | 1.86,29.94 | 1014,5.5 | 0.22
2010-07-11,18.0,14.0,90.0,4.0,29.94,3.4,18 | 64.4,14 | 57.2,90,4 | 2.49,29.94 | 1014,3.4 | 0.13
2010-07-12,17.0,14.0,91.0,3.0,29.94,3.6,17 | 62.6,14 | 57.2,91,3 | 1.86,29.94 | 1014,3.6 | 0.14
2010-07-13,17.0,12.0,84.0,5.0,29.94,0.2,17 | 62.6,12 | 53.6,84,5 | 3.11,29.94 | 1014,0.2 | 0.01
2010-07-14,17.0,13.0,85.0,3.0,29.91,2.3,17 | 62.6,13 | 55.4,85,3 | 1.86,29.91 | 1013,2.3 | 0.09
2010-07-15,16.0,14.0,89.0,4.0,29.91,1.3,16 | 60.8,14 | 57.2,89,4 | 2.49,29.91 | 1013,1.3 | 0.05
2010-07-16,17.0,12.0,83.0,6.0,29.94,0.2,17 | 62.6,12 | 53.6,83,6 | 3.73,29.94 | 1014,0.2 | 0.01
2010-07-17,17.0,13.0,85.0,3.0,29.97,1.6,17 | 62.6,13 | 55.4,85,3 | 1.86,29.97 | 1015,1.6 | 0.06
2010-07-18,17.0,13.0,87.0,4.0,30.0,3.0,17 | 62.6,13 | 55.4,87,4 | 2.49,30.0 | 1016,3.0 | 0.12
2010-07-19,17.0,13.0,84.0,5.0,30.0,5.6,17 | 62.6,13 | 55.4,84,5 | 3.11,30.0 | 1016,5.6 | 0.22
2010-07-20,17.0,14.0,89.0,5.0,30.0,1.3,17 | 62.6,14 | 57.2,89,5 | 3.11,30.0 | 1016,1.3 | 0.05
2010-07-21,17.0,14.0,90.0,4.0,29.97,4.6,17 | 62.6,14 | 57.2,90,4 | 2.49,29.97 | 1015,4.6 | 0.18
2010-07-22,15.0,14.0,96.0,4.0,29.97,37.6,15 | 59.0,14 | 57.2,96,4 | 2.49,29.97 | 1015,37.6 | 1.48
2010-07-23,16.0,14.0,90.0,4.0,30.03,14.2,16 | 60.8,14 | 57.2,90,4 | 2.49,30.03 | 1017,14.2 | 0.56
2010-07-24,16.0,14.0,95.0,3.0,30.0,5.6,16 | 60.8,14 | 57.2,95,3 | 1.86,30.0 | 1016,5.6 | 0.22
2010-07-25,14.0,13.0,98.0,3.0,30.0,25.4,14 | 57.2,13 | 55.4,98,3 | 1.86,30.0 | 1016,25.4 | 1.0
2010-07-26,16.0,15.0,96.0,3.0,30.0,66.4,16 | 60.8,15 | 59.0,96,3 | 1.86,30.0 | 1016,66.4 | 2.61
2010-07-27,16.0,15.0,95.0,3.0,30.03,64.7,16 | 60.8,15 | 59.0,95,3 | 1.86,30.03 | 1017,64.7 | 2.55
2010-07-28,16.0,15.0,95.0,4.0,30.03,43.8,16 | 60.8,15 | 59.0,95,4 | 2.49,30.03 | 1017,43.8 | 1.72
2010-07-29,16.0,14.0,92.0,6.0,30.0,45.5,16 | 60.8,14 | 57.2,92,6 | 3.73,30.0 | 1016,45.5 | 1.79
2010-07-30,18.0,13.0,86.0,4.0,29.97,1.1,18 | 64.4,13 | 55.4,86,4 | 2.49,29.97 | 1015,1.1 | 0.04
2010-07-31,17.0,14.0,89.0,3.0,29.97,4.8,17 | 62.6,14 | 57.2,89,3 | 1.86,29.97 | 1015,4.8 | 0.19
2010-08-01,16.0,14.0,93.0,4.0,30.0,21.1,16 | 60.8,14 | 57.2,93,4 | 2.49,30.0 | 1016,21.1 | 0.83
2010-08-02,17.0,13.0,90.0,5.0,30.0,3.2,17 | 62.6,13 | 55.4,90,5 | 3.11,30.0 | 1016,3.2 | 0.13
2010-08-03,18.0,13.0,88.0,4.0,30.0,2.6,18 | 64.4,13 | 55.4,88,4 | 2.49,30.0 | 1016,2.6 | 0.1
2010-08-04,18.0,13.0,87.0,3.0,29.97,1.3,18 | 64.4,13 | 55.4,87,3 | 1.86,29.97 | 1015,1.3 | 0.05
2010-08-05,18.0,13.0,87.0,5.0,29.97,1.2,18 | 64.4,13 | 55.4,87,5 | 3.11,29.97 | 1015,1.2 | 0.05
2010-08-06,18.0,13.0,84.0,4.0,30.0,1.9,18 | 64.4,13 | 55.4,84,4 | 2.49,30.0 | 1016,1.9 | 0.07
2010-08-07,18.0,14.0,88.0,5.0,30.0,8.8,18 | 64.4,14 | 57.2,88,5 | 3.11,30.0 | 1016,8.8 | 0.35
2010-08-08,17.0,14.0,92.0,4.0,29.97,11.7,17 | 62.6,14 | 57.2,92,4 | 2.49,29.97 | 1015,11.7 | 0.46
2010-08-09,18.0,15.0,92.0,4.0,29.97,37.4,18 | 64.4,15 | 59.0,92,4 | 2.49,29.97 | 1015,37.4 | 1.47
2010-08-10,18.0,14.0,89.0,3.0,29.97,8.4,18 | 64.4,14 | 57.2,89,3 | 1.86,29.97 | 1015,8.4 | 0.33
2010-08-11,18.0,14.0,88.0,4.0,30.0,8.0,18 | 64.4,14 | 57.2,88,4 | 2.49,30.0 | 1016,8.0 | 0.31
2010-08-12,18.0,13.0,85.0,5.0,30.0,1.5,18 | 64.4,13 | 55.4,85,5 | 3.11,30.0 | 1016,1.5 | 0.06
2010-08-13,18.0,12.0,84.0,4.0,30.0,4.3,18 | 64.4,12 | 53.6,84,4 | 2.49,30.0 | 1016,4.3 | 0.17
2010-08-14,17.0,13.0,89.0,2.0,30.0,1.8,17 | 62.6,13 | 55.4,89,2 | 1.24,30.0 | 1016,1.8 | 0.07
2010-08-15,18.0,14.0,87.0,5.0,30.0,2.0,18 | 64.4,14 | 57.2,87,5 | 3.11,30.0 | 1016,2.0 | 0.08
2010-08-16,18.0,12.0,84.0,4.0,30.0,1.5,18 | 64.4,12 | 53.6,84,4 | 2.49,30.0 | 1016,1.5 | 0.06
2010-08-17,18.0,12.0,84.0,5.0,30.0,1.6,18 | 64.4,12 | 53.6,84,5 | 3.11,30.0 | 1016,1.6 | 0.06
2010-08-18,18.0,12.0,84.0,4.0,29.94,2.4,18 | 64.4,12 | 53.6,84,4 | 2.49,29.94 | 1014,2.4 | 0.09
2010-08-19,18.0,13.0,84.0,4.0,29.94,3.4,18 | 64.4,13 | 55.4,84,4 | 2.49,29.94 | 1014,3.4 | 0.13
2010-08-20,18.0,12.0,82.0,5.0,29.97,1.2,18 | 64.4,12 | 53.6,82,5 | 3.11,29.97 | 1015,1.2 | 0.05
2010-08-21,18.0,13.0,83.0,6.0,29.97,1.1,18 | 64.4,13 | 55.4,83,6 | 3.73,29.97 | 1015,1.1 | 0.04
2010-08-22,18.0,13.0,82.0,5.0,29.94,1.3,18 | 64.4,13 | 55.4,82,5 | 3.11,29.94 | 1014,1.3 | 0.05
2010-08-23,18.0,12.0,83.0,5.0,29.94,1.0,18 | 64.4,12 | 53.6,83,5 | 3.11,29.94 | 1014,1.0 | 0.04
2010-08-24,18.0,12.0,83.0,5.0,29.97,1.5,18 | 64.4,12 | 53.6,83,5 | 3.11,29.97 | 1015,1.5 | 0.06
2010-08-25,18.0,14.0,87.0,5.0,30.0,1.3,18 | 64.4,14 | 57.2,87,5 | 3.11,30.0 | 1016,1.3 | 0.05
2010-08-26,15.0,13.0,92.0,4.0,29.97,7.9,15 | 59.0,13 | 55.4,92,4 | 2.49,29.97 | 1015,7.9 | 0.31
2010-08-27,18.0,14.0,87.0,5.0,29.94,3.7,18 | 64.4,14 | 57.2,87,5 | 3.11,29.94 | 1014,3.7 | 0.15
2010-08-28,18.0,15.0,91.0,5.0,29.94,40.5,18 | 64.4,15 | 59.0,91,5 | 3.11,29.94 | 1014,40.5 | 1.59
2010-08-29,16.0,15.0,94.0,5.0,29.97,57.6,16 | 60.8,15 | 59.0,94,5 | 3.11,29.97 | 1015,57.6 | 2.27
2010-08-30,17.0,14.0,88.0,4.0,29.97,7.9,17 | 62.6,14 | 57.2,88,4 | 2.49,29.97 | 1015,7.9 | 0.31
2010-08-31,17.0,15.0,95.0,3.0,29.97,37.9,17 | 62.6,15 | 59.0,95,3 | 1.86,29.97 | 1015,37.9 | 1.49
2010-09-01,17.0,14.0,92.0,3.0,29.97,7.3,17 | 62.6,14 | 57.2,92,3 | 1.86,29.97 | 1015,7.3 | 0.29
2010-09-02,17.0,14.0,91.0,5.0,29.97,6.4,17 | 62.6,14 | 57.2,91,5 | 3.11,29.97 | 1015,6.4 | 0.25
2010-09-03,18.0,14.0,88.0,4.0,29.97,12.8,18 | 64.4,14 | 57.2,88,4 | 2.49,29.97 | 1015,12.8 | 0.5
2010-09-04,19.0,14.0,87.0,4.0,29.94,9.0,19 | 66.2,14 | 57.2,87,4 | 2.49,29.94 | 1014,9.0 | 0.35
2010-09-05,19.0,14.0,87.0,4.0,29.94,12.1,19 | 66.2,14 | 57.2,87,4 | 2.49,29.94 | 1014,12.1 | 0.48
2010-09-06,19.0,14.0,88.0,3.0,29.94,12.7,19 | 66.2,14 | 57.2,88,3 | 1.86,29.94 | 1014,12.7 | 0.5
2010-09-07,18.0,14.0,86.0,3.0,29.94,2.3,18 | 64.4,14 | 57.2,86,3 | 1.86,29.94 | 1014,2.3 | 0.09
2010-09-08,18.0,13.0,88.0,5.0,29.94,2.8,18 | 64.4,13 | 55.4,88,5 | 3.11,29.94 | 1014,2.8 | 0.11
2010-09-09,19.0,13.0,85.0,3.0,29.97,1.4,19 | 66.2,13 | 55.4,85,3 | 1.86,29.97 | 1015,1.4 | 0.06
2010-09-10,18.0,13.0,85.0,3.0,29.94,8.9,18 | 64.4,13 | 55.4,85,3 | 1.86,29.94 | 1014,8.9 | 0.35
2010-09-11,18.0,14.0,86.0,4.0,29.91,15.9,18 | 64.4,14 | 57.2,86,4 | 2.49,29.91 | 1013,15.9 | 0.63
2010-09-12,18.0,14.0,88.0,3.0,29.94,16.3,18 | 64.4,14 | 57.2,88,3 | 1.86,29.94 | 1014,16.3 | 0.64
2010-09-13,18.0,14.0,88.0,3.0,29.97,6.9,18 | 64.4,14 | 57.2,88,3 | 1.86,29.97 | 1015,6.9 | 0.27
2010-09-14,17.0,12.0,84.0,5.0,29.94,2.5,17 | 62.6,12 | 53.6,84,5 | 3.11,29.94 | 1014,2.5 | 0.1
2010-09-15,18.0,13.0,84.0,4.0,29.94,10.7,18 | 64.4,13 | 55.4,84,4 | 2.49,29.94 | 1014,10.7 | 0.42
2010-09-16,18.0,13.0,86.0,3.0,29.94,9.7,18 | 64.4,13 | 55.4,86,3 | 1.86,29.94 | 1014,9.7 | 0.38
2010-09-17,18.0,14.0,87.0,4.0,29.97,22.6,18 | 64.4,14 | 57.2,87,4 | 2.49,29.97 | 1015,22.6 | 0.89
2010-09-18,18.0,14.0,87.0,3.0,29.94,14.4,18 | 64.4,14 | 57.2,87,3 | 1.86,29.94 | 1014,14.4 | 0.57
2010-09-19,18.0,14.0,87.0,4.0,29.91,20.1,18 | 64.4,14 | 57.2,87,4 | 2.49,29.91 | 1013,20.1 | 0.79
2010-09-20,18.0,15.0,90.0,4.0,29.88,31.1,18 | 64.4,15 | 59.0,90,4 | 2.49,29.88 | 1012,31.1 | 1.22
2010-09-21,18.0,14.0,89.0,2.0,29.91,19.2,18 | 64.4,14 | 57.2,89,2 | 1.24,29.91 | 1013,19.2 | 0.76
2010-09-22,18.0,14.0,85.0,5.0,29.91,9.7,18 | 64.4,14 | 57.2,85,5 | 3.11,29.91 | 1013,9.7 | 0.38
2010-09-23,18.0,12.0,82.0,5.0,29.91,3.1,18 | 64.4,12 | 53.6,82,5 | 3.11,29.91 | 1013,3.1 | 0.12
2010-09-24,18.0,13.0,84.0,3.0,29.94,6.2,18 | 64.4,13 | 55.4,84,3 | 1.86,29.94 | 1014,6.2 | 0.24
2010-09-25,18.0,13.0,84.0,3.0,29.94,3.7,18 | 64.4,13 | 55.4,84,3 | 1.86,29.94 | 1014,3.7 | 0.15
2010-09-26,18.0,12.0,82.0,4.0,29.94,8.5,18 | 64.4,12 | 53.6,82,4 | 2.49,29.94 | 1014,8.5 | 0.33
2010-09-27,18.0,12.0,81.0,5.0,29.94,5.1,18 | 64.4,12 | 53.6,81,5 | 3.11,29.94 | 1014,5.1 | 0.2
2010-09-28,19.0,12.0,79.0,5.0,29.91,4.5,19 | 66.2,12 | 53.6,79,5 | 3.11,29.91 | 1013,4.5 | 0.18
2010-09-29,19.0,12.0,81.0,6.0,29.91,7.0,19 | 66.2,12 | 53.6,81,6 | 3.73,29.91 | 1013,7.0 | 0.28
2010-09-30,18.0,12.0,82.0,4.0,29.91,3.6,18 | 64.4,12 | 53.6,82,4 | 2.49,29.91 | 1013,3.6 | 0.14
2010-10-01,19.0,13.0,81.0,4.0,29.91,3.5,19 | 66.2,13 | 55.4,81,4 | 2.49,29.91 | 1013,3.5 | 0.14
2010-10-02,19.0,13.0,81.0,4.0,29.88,11.2,19 | 66.2,13 | 55.4,81,4 | 2.49,29.88 | 1012,11.2 | 0.44
2010-10-03,19.0,13.0,80.0,4.0,29.91,13.5,19 | 66.2,13 | 55.4,80,4 | 2.49,29.91 | 1013,13.5 | 0.53
2010-10-04,19.0,13.0,81.0,4.0,29.91,10.5,19 | 66.2,13 | 55.4,81,4 | 2.49,29.91 | 1013,10.5 | 0.41
2010-10-05,19.0,14.0,82.0,5.0,29.91,20.9,19 | 66.2,14 | 57.2,82,5 | 3.11,29.91 | 1013,20.9 | 0.82
2010-10-06,19.0,15.0,84.0,3.0,29.94,23.3,19 | 66.2,15 | 59.0,84,3 | 1.86,29.94 | 1014,23.3 | 0.92
2010-10-07,19.0,15.0,85.0,5.0,29.94,24.4,19 | 66.2,15 | 59.0,85,5 | 3.11,29.94 | 1014,24.4 | 0.96
2010-10-08,18.0,14.0,82.0,4.0,29.97,16.5,18 | 64.4,14 | 57.2,82,4 | 2.49,29.97 | 1015,16.5 | 0.65
2010-10-09,18.0,13.0,84.0,3.0,29.94,17.1,18 | 64.4,13 | 55.4,84,3 | 1.86,29.94 | 1014,17.1 | 0.67
2010-10-10,19.0,14.0,82.0,5.0,29.91,6.2,19 | 66.2,14 | 57.2,82,5 | 3.11,29.91 | 1013,6.2 | 0.24
2010-10-11,19.0,13.0,76.0,7.0,29.88,2.3,19 | 66.2,13 | 55.4,76,7 | 4.35,29.88 | 1012,2.3 | 0.09
2010-10-12,19.0,13.0,77.0,8.0,29.91,7.3,19 | 66.2,13 | 55.4,77,8 | 4.97,29.91 | 1013,7.3 | 0.29
2010-10-13,19.0,12.0,74.0,8.0,29.91,0.2,19 | 66.2,12 | 53.6,74,8 | 4.97,29.91 | 1013,0.2 | 0.01
2010-10-14,18.0,10.0,71.0,8.0,29.91,3.3,18 | 64.4,10 | 50.0,71,8 | 4.97,29.91 | 1013,3.3 | 0.13
2010-10-15,19.0,13.0,79.0,8.0,29.91,10.3,19 | 66.2,13 | 55.4,79,8 | 4.97,29.91 | 1013,10.3 | 0.41
2010-10-16,19.0,13.0,80.0,9.0,29.91,9.1,19 | 66.2,13 | 55.4,80,9 | 5.59,29.91 | 1013,9.1 | 0.36
2010-10-17,19.0,14.0,82.0,6.0,29.91,14.8,19 | 66.2,14 | 57.2,82,6 | 3.73,29.91 | 1013,14.8 | 0.58
2010-10-18,18.0,14.0,85.0,5.0,29.88,10.1,18 | 64.4,14 | 57.2,85,5 | 3.11,29.88 | 1012,10.1 | 0.4
2010-10-19,18.0,14.0,87.0,4.0,29.91,12.0,18 | 64.4,14 | 57.2,87,4 | 2.49,29.91 | 1013,12.0 | 0.47
2010-10-20,19.0,14.0,84.0,5.0,29.88,12.6,19 | 66.2,14 | 57.2,84,5 | 3.11,29.88 | 1012,12.6 | 0.5
2010-10-21,18.0,13.0,81.0,5.0,29.88,9.5,18 | 64.4,13 | 55.4,81,5 | 3.11,29.88 | 1012,9.5 | 0.37
2010-10-22,19.0,13.0,78.0,7.0,29.88,2.9,19 | 66.2,13 | 55.4,78,7 | 4.35,29.88 | 1012,2.9 | 0.11
2010-10-23,19.0,14.0,81.0,7.0,29.88,9.2,19 | 66.2,14 | 57.2,81,7 | 4.35,29.88 | 1012,9.2 | 0.36
2010-10-24,19.0,13.0,79.0,4.0,29.88,2.6,19 | 66.2,13 | 55.4,79,4 | 2.49,29.88 | 1012,2.6 | 0.1
2010-10-25,18.0,13.0,83.0,6.0,29.88,13.4,18 | 64.4,13 | 55.4,83,6 | 3.73,29.88 | 1012,13.4 | 0.53
2010-10-26,18.0,13.0,83.0,8.0,29.88,14.5,18 | 64.4,13 | 55.4,83,8 | 4.97,29.88 | 1012,14.5 | 0.57
2010-10-27,18.0,12.0,80.0,9.0,29.88,0.7,18 | 64.4,12 | 53.6,80,9 | 5.59,29.88 | 1012,0.7 | 0.03
2010-10-28,19.0,11.0,68.0,9.0,29.88,0.0,19 | 66.2,11 | 51.8,68,9 | 5.59,29.88 | 1012,0.0 | 0.0
2010-10-29,19.0,12.0,72.0,7.0,29.88,2.7,19 | 66.2,12 | 53.6,72,7 | 4.35,29.88 | 1012,2.7 | 0.11
2010-10-30,19.0,12.0,72.0,7.0,29.94,0.7,19 | 66.2,12 | 53.6,72,7 | 4.35,29.94 | 1014,0.7 | 0.03
2010-10-31,19.0,13.0,76.0,8.0,29.94,4.7,19 | 66.2,13 | 55.4,76,8 | 4.97,29.94 | 1014,4.7 | 0.19
2010-11-01,19.0,13.0,77.0,8.0,29.91,7.5,19 | 66.2,13 | 55.4,77,8 | 4.97,29.91 | 1013,7.5 | 0.3
2010-11-02,19.0,13.0,78.0,5.0,29.88,5.2,19 | 66.2,13 | 55.4,78,5 | 3.11,29.88 | 1012,5.2 | 0.2
2010-11-03,19.0,13.0,78.0,8.0,29.88,6.5,19 | 66.2,13 | 55.4,78,8 | 4.97,29.88 | 1012,6.5 | 0.26
2010-11-04,19.0,13.0,79.0,9.0,29.91,9.8,19 | 66.2,13 | 55.4,79,9 | 5.59,29.91 | 1013,9.8 | 0.39
2010-11-05,19.0,13.0,78.0,10.0,29.91,7.3,19 | 66.2,13 | 55.4,78,10 | 6.21,29.91 | 1013,7.3 | 0.29
2010-11-06,19.0,13.0,77.0,9.0,29.91,4.9,19 | 66.2,13 | 55.4,77,9 | 5.59,29.91 | 1013,4.9 | 0.19
2010-11-07,19.0,14.0,81.0,7.0,29.88,16.1,19 | 66.2,14 | 57.2,81,7 | 4.35,29.88 | 1012,16.1 | 0.63
2010-11-08,19.0,14.0,82.0,7.0,29.85,15.4,19 | 66.2,14 | 57.2,82,7 | 4.35,29.85 | 1011,15.4 | 0.61
2010-11-09,19.0,13.0,80.0,9.0,29.88,6.9,19 | 66.2,13 | 55.4,80,9 | 5.59,29.88 | 1012,6.9 | 0.27
2010-11-10,19.0,14.0,79.0,11.0,29.91,9.2,19 | 66.2,14 | 57.2,79,11 | 6.84,29.91 | 1013,9.2 | 0.36
2010-11-11,19.0,13.0,78.0,13.0,29.91,2.9,19 | 66.2,13 | 55.4,78,13 | 8.08,29.91 | 1013,2.9 | 0.11
2010-11-12,19.0,13.0,79.0,10.0,29.85,5.6,19 | 66.2,13 | 55.4,79,10 | 6.21,29.85 | 1011,5.6 | 0.22
2010-11-13,19.0,13.0,79.0,10.0,29.83,2.3,19 | 66.2,13 | 55.4,79,10 | 6.21,29.83 | 1010,2.3 | 0.09
2010-11-14,18.0,12.0,78.0,12.0,29.88,1.8,18 | 64.4,12 | 53.6,78,12 | 7.46,29.88 | 1012,1.8 | 0.07
2010-11-15,18.0,10.0,72.0,16.0,29.94,0.1,18 | 64.4,10 | 50.0,72,16 | 9.94,29.94 | 1014,0.1 | 0.0
2010-11-16,18.0,10.0,72.0,10.0,29.91,0.2,18 | 64.4,10 | 50.0,72,10 | 6.21,29.91 | 1013,0.2 | 0.01
2010-11-17,18.0,10.0,71.0,8.0,29.85,0.3,18 | 64.4,10 | 50.0,71,8 | 4.97,29.85 | 1011,0.3 | 0.01
2010-11-18,19.0,10.0,70.0,10.0,29.88,0.1,19 | 66.2,10 | 50.0,70,10 | 6.21,29.88 | 1012,0.1 | 0.0
2010-11-19,19.0,10.0,68.0,12.0,29.91,0.0,19 | 66.2,10 | 50.0,68,12 | 7.46,29.91 | 1013,0.0 | 0.0
2010-11-20,19.0,10.0,66.0,9.0,29.91,0.0,19 | 66.2,10 | 50.0,66,9 | 5.59,29.91 | 1013,0.0 | 0.0
2010-11-21,19.0,10.0,68.0,9.0,29.85,0.2,19 | 66.2,10 | 50.0,68,9 | 5.59,29.85 | 1011,0.2 | 0.01
2010-11-22,19.0,10.0,68.0,10.0,29.8,0.1,19 | 66.2,10 | 50.0,68,10 | 6.21,29.8 | 1009,0.1 | 0.0
2010-11-23,19.0,12.0,75.0,9.0,29.83,9.5,19 | 66.2,12 | 53.6,75,9 | 5.59,29.83 | 1010,9.5 | 0.37
2010-11-24,19.0,11.0,72.0,10.0,29.85,0.3,19 | 66.2,11 | 51.8,72,10 | 6.21,29.85 | 1011,0.3 | 0.01
2010-11-25,19.0,12.0,75.0,11.0,29.88,2.4,19 | 66.2,12 | 53.6,75,11 | 6.84,29.88 | 1012,2.4 | 0.09
2010-11-26,18.0,12.0,80.0,13.0,29.88,7.2,18 | 64.4,12 | 53.6,80,13 | 8.08,29.88 | 1012,7.2 | 0.28
2010-11-27,18.0,11.0,74.0,13.0,29.88,0.1,18 | 64.4,11 | 51.8,74,13 | 8.08,29.88 | 1012,0.1 | 0.0
2010-11-28,18.0,11.0,73.0,10.0,29.88,4.2,18 | 64.4,11 | 51.8,73,10 | 6.21,29.88 | 1012,4.2 | 0.17
2010-11-29,18.0,10.0,73.0,9.0,29.88,3.1,18 | 64.4,10 | 50.0,73,9 | 5.59,29.88 | 1012,3.1 | 0.12
2010-11-30,19.0,10.0,72.0,9.0,29.88,4.2,19 | 66.2,10 | 50.0,72,9 | 5.59,29.88 | 1012,4.2 | 0.17
2010-12-01,19.0,11.0,75.0,8.0,29.85,8.6,19 | 66.2,11 | 51.8,75,8 | 4.97,29.85 | 1011,8.6 | 0.34
2010-12-02,19.0,11.0,71.0,10.0,29.85,0.4,19 | 66.2,11 | 51.8,71,10 | 6.21,29.85 | 1011,0.4 | 0.02
2010-12-03,19.0,9.0,65.0,11.0,29.88,0.0,19 | 66.2,9 | 48.2,65,11 | 6.84,29.88 | 1012,0.0 | 0.0
2010-12-04,19.0,8.0,59.0,8.0,29.88,0.0,19 | 66.2,8 | 46.4,59,8 | 4.97,29.88 | 1012,0.0 | 0.0
2010-12-05,20.0,8.0,57.0,5.0,29.85,0.0,20 | 68.0,8 | 46.4,57,5 | 3.11,29.85 | 1011,0.0 | 0.0
2010-12-06,18.0,9.0,64.0,5.0,29.83,2.5,18 | 64.4,9 | 48.2,64,5 | 3.11,29.83 | 1010,2.5 | 0.1
2010-12-07,18.0,10.0,70.0,6.0,29.83,4.8,18 | 64.4,10 | 50.0,70,6 | 3.73,29.83 | 1010,4.8 | 0.19
2010-12-08,19.0,11.0,73.0,8.0,29.85,3.7,19 | 66.2,11 | 51.8,73,8 | 4.97,29.85 | 1011,3.7 | 0.15
2010-12-09,19.0,10.0,72.0,6.0,29.91,1.7,19 | 66.2,10 | 50.0,72,6 | 3.73,29.91 | 1013,1.7 | 0.07
2010-12-10,18.0,10.0,74.0,6.0,29.91,4.5,18 | 64.4,10 | 50.0,74,6 | 3.73,29.91 | 1013,4.5 | 0.18
2010-12-11,18.0,10.0,73.0,7.0,29.85,0.6,18 | 64.4,10 | 50.0,73,7 | 4.35,29.85 | 1011,0.6 | 0.02
2010-12-12,19.0,10.0,68.0,9.0,29.83,0.0,19 | 66.2,10 | 50.0,68,9 | 5.59,29.83 | 1010,0.0 | 0.0
2010-12-13,18.0,8.0,64.0,15.0,29.85,0.0,18 | 64.4,8 | 46.4,64,15 | 9.32,29.85 | 1011,0.0 | 0.0
2010-12-14,18.0,6.0,61.0,17.0,29.88,0.0,18 | 64.4,6 | 42.8,61,17 | 10.56,29.88 | 1012,0.0 | 0.0
2010-12-15,17.0,7.0,62.0,14.0,29.91,0.0,17 | 62.6,7 | 44.6,62,14 | 8.7,29.91 | 1013,0.0 | 0.0
2010-12-16,18.0,6.0,55.0,11.0,29.91,0.0,18 | 64.4,6 | 42.8,55,11 | 6.84,29.91 | 1013,0.0 | 0.0
2010-12-17,19.0,7.0,58.0,11.0,29.88,0.0,19 | 66.2,7 | 44.6,58,11 | 6.84,29.88 | 1012,0.0 | 0.0
2010-12-18,19.0,7.0,56.0,10.0,29.88,0.0,19 | 66.2,7 | 44.6,56,10 | 6.21,29.88 | 1012,0.0 | 0.0
2010-12-19,18.0,4.0,47.0,9.0,29.88,0.0,18 | 64.4,4 | 39.2,47,9 | 5.59,29.88 | 1012,0.0 | 0.0
2010-12-20,19.0,5.0,49.0,9.0,29.85,0.0,19 | 66.2,5 | 41.0,49,9 | 5.59,29.85 | 1011,0.0 | 0.0
2010-12-21,19.0,7.0,54.0,9.0,29.88,0.0,19 | 66.2,7 | 44.6,54,9 | 5.59,29.88 | 1012,0.0 | 0.0
2010-12-22,19.0,8.0,62.0,8.0,29.88,0.0,19 | 66.2,8 | 46.4,62,8 | 4.97,29.88 | 1012,0.0 | 0.0
2010-12-23,19.0,7.0,58.0,9.0,29.88,0.0,19 | 66.2,7 | 44.6,58,9 | 5.59,29.88 | 1012,0.0 | 0.0
2010-12-24,19.0,8.0,60.0,6.0,29.88,0.3,19 | 66.2,8 | 46.4,60,6 | 3.73,29.88 | 1012,0.3 | 0.01
2010-12-25,18.0,10.0,70.0,6.0,29.88,9.1,18 | 64.4,10 | 50.0,70,6 | 3.73,29.88 | 1012,9.1 | 0.36
2010-12-26,20.0,11.0,68.0,9.0,29.85,0.5,20 | 68.0,11 | 51.8,68,9 | 5.59,29.85 | 1011,0.5 | 0.02
2010-12-27,20.0,11.0,69.0,10.0,29.85,0.7,20 | 68.0,11 | 51.8,69,10 | 6.21,29.85 | 1011,0.7 | 0.03
2010-12-28,19.0,11.0,73.0,8.0,29.85,9.0,19 | 66.2,11 | 51.8,73,8 | 4.97,29.85 | 1011,9.0 | 0.35
2010-12-29,19.0,11.0,74.0,8.0,29.85,3.9,19 | 66.2,11 | 51.8,74,8 | 4.97,29.85 | 1011,3.9 | 0.15
2010-12-30,18.0,10.0,72.0,7.0,29.88,0.6,18 | 64.4,10 | 50.0,72,7 | 4.35,29.88 | 1012,0.6 | 0.02
2010-12-31,19.0,10.0,68.0,12.0,29.88,0.0,19 | 66.2,10 | 50.0,68,12 | 7.46,29.88 | 1012,0.0 | 0.0
2011-01-01,19.0,7.0,61.0,12.0,29.85,0.0,19 | 66.2,7 | 44.6,61,12 | 7.46,29.85 | 1011,0.0 | 0.0
2011-01-02,18.0,7.0,62.0,13.0,29.85,0.0,18 | 64.4,7 | 44.6,62,13 | 8.08,29.85 | 1011,0.0 | 0.0
2011-01-03,18.0,6.0,60.0,12.0,29.85,0.0,18 | 64.4,6 | 42.8,60,12 | 7.46,29.85 | 1011,0.0 | 0.0
2011-01-04,19.0,6.0,57.0,8.0,29.88,0.0,19 | 66.2,6 | 42.8,57,8 | 4.97,29.88 | 1012,0.0 | 0.0
2011-01-05,19.0,7.0,57.0,8.0,29.85,0.4,19 | 66.2,7 | 44.6,57,8 | 4.97,29.85 | 1011,0.4 | 0.02
2011-01-06,19.0,6.0,55.0,9.0,29.83,0.0,19 | 66.2,6 | 42.8,55,9 | 5.59,29.83 | 1010,0.0 | 0.0
2011-01-07,19.0,7.0,58.0,9.0,29.85,0.0,19 | 66.2,7 | 44.6,58,9 | 5.59,29.85 | 1011,0.0 | 0.0
2011-01-08,19.0,7.0,57.0,8.0,29.88,0.1,19 | 66.2,7 | 44.6,57,8 | 4.97,29.88 | 1012,0.1 | 0.0
2011-01-09,19.0,7.0,59.0,5.0,29.88,0.5,19 | 66.2,7 | 44.6,59,5 | 3.11,29.88 | 1012,0.5 | 0.02
2011-01-10,19.0,7.0,55.0,6.0,29.88,0.0,19 | 66.2,7 | 44.6,55,6 | 3.73,29.88 | 1012,0.0 | 0.0
2011-01-11,20.0,9.0,60.0,8.0,29.88,0.1,20 | 68.0,9 | 48.2,60,8 | 4.97,29.88 | 1012,0.1 | 0.0
2011-01-12,21.0,10.0,63.0,7.0,29.85,5.6,21 | 69.8,10 | 50.0,63,7 | 4.35,29.85 | 1011,5.6 | 0.22
2011-01-13,19.0,10.0,69.0,8.0,29.85,8.1,19 | 66.2,10 | 50.0,69,8 | 4.97,29.85 | 1011,8.1 | 0.32
2011-01-14,19.0,9.0,67.0,8.0,29.85,2.6,19 | 66.2,9 | 48.2,67,8 | 4.97,29.85 | 1011,2.6 | 0.1
2011-01-15,20.0,8.0,63.0,7.0,29.91,0.1,20 | 68.0,8 | 46.4,63,7 | 4.35,29.91 | 1013,0.1 | 0.0
2011-01-16,20.0,10.0,65.0,5.0,29.91,3.7,20 | 68.0,10 | 50.0,65,5 | 3.11,29.91 | 1013,3.7 | 0.15
2011-01-17,20.0,9.0,61.0,6.0,29.85,0.2,20 | 68.0,9 | 48.2,61,6 | 3.73,29.85 | 1011,0.2 | 0.01
2011-01-18,20.0,9.0,63.0,7.0,29.83,0.5,20 | 68.0,9 | 48.2,63,7 | 4.35,29.83 | 1010,0.5 | 0.02
2011-01-19,18.0,10.0,69.0,6.0,29.83,4.0,18 | 64.4,10 | 50.0,69,6 | 3.73,29.83 | 1010,4.0 | 0.16
2011-01-20,19.0,9.0,63.0,6.0,29.83,0.8,19 | 66.2,9 | 48.2,63,6 | 3.73,29.83 | 1010,0.8 | 0.03
2011-01-21,20.0,8.0,56.0,9.0,29.85,0.0,20 | 68.0,8 | 46.4,56,9 | 5.59,29.85 | 1011,0.0 | 0.0
2011-01-22,19.0,7.0,57.0,15.0,29.85,0.0,19 | 66.2,7 | 44.6,57,15 | 9.32,29.85 | 1011,0.0 | 0.0
2011-01-23,19.0,9.0,65.0,17.0,29.85,0.2,19 | 66.2,9 | 48.2,65,17 | 10.56,29.85 | 1011,0.2 | 0.01
2011-01-24,19.0,9.0,65.0,15.0,29.85,0.5,19 | 66.2,9 | 48.2,65,15 | 9.32,29.85 | 1011,0.5 | 0.02
2011-01-25,19.0,6.0,54.0,16.0,29.85,0.0,19 | 66.2,6 | 42.8,54,16 | 9.94,29.85 | 1011,0.0 | 0.0
2011-01-26,20.0,4.0,47.0,14.0,29.88,0.0,20 | 68.0,4 | 39.2,47,14 | 8.7,29.88 | 1012,0.0 | 0.0
2011-01-27,19.0,1.0,39.0,15.0,29.91,0.0,19 | 66.2,1 | 33.8,39,15 | 9.32,29.91 | 1013,0.0 | 0.0
2011-01-28,19.0,3.0,42.0,16.0,29.94,0.0,19 | 66.2,3 | 37.4,42,16 | 9.94,29.94 | 1014,0.0 | 0.0
2011-01-29,21.0,7.0,54.0,11.0,29.94,0.0,21 | 69.8,7 | 44.6,54,11 | 6.84,29.94 | 1014,0.0 | 0.0
2011-01-30,21.0,6.0,49.0,9.0,29.91,0.0,21 | 69.8,6 | 42.8,49,9 | 5.59,29.91 | 1013,0.0 | 0.0
2011-01-31,20.0,6.0,47.0,9.0,29.88,0.1,20 | 68.0,6 | 42.8,47,9 | 5.59,29.88 | 1012,0.1 | 0.0
2011-02-01,21.0,9.0,59.0,9.0,29.88,5.0,21 | 69.8,9 | 48.2,59,9 | 5.59,29.88 | 1012,5.0 | 0.2
2011-02-02,20.0,12.0,71.0,6.0,29.88,12.7,20 | 68.0,12 | 53.6,71,6 | 3.73,29.88 | 1012,12.7 | 0.5
2011-02-03,21.0,12.0,68.0,8.0,29.91,5.0,21 | 69.8,12 | 53.6,68,8 | 4.97,29.91 | 1013,5.0 | 0.2
2011-02-04,20.0,8.0,58.0,17.0,29.91,0.0,20 | 68.0,8 | 46.4,58,17 | 10.56,29.91 | 1013,0.0 | 0.0
2011-02-05,19.0,5.0,50.0,15.0,29.91,0.0,19 | 66.2,5 | 41.0,50,15 | 9.32,29.91 | 1013,0.0 | 0.0
2011-02-06,20.0,2.0,40.0,11.0,29.91,0.0,20 | 68.0,2 | 35.6,40,11 | 6.84,29.91 | 1013,0.0 | 0.0
2011-02-07,20.0,-2.0,28.0,9.0,29.88,0.0,20 | 68.0,-2 | 28.4,28,9 | 5.59,29.88 | 1012,0.0 | 0.0
2011-02-08,21.0,-0.0,30.0,7.0,29.85,0.0,21 | 69.8,-0 | 32.0,30,7 | 4.35,29.85 | 1011,0.0 | 0.0
2011-02-09,21.0,2.0,37.0,7.0,29.83,0.0,21 | 69.8,2 | 35.6,37,7 | 4.35,29.83 | 1010,0.0 | 0.0
2011-02-10,21.0,4.0,45.0,4.0,29.83,0.0,21 | 69.8,4 | 39.2,45,4 | 2.49,29.83 | 1010,0.0 | 0.0
2011-02-11,21.0,3.0,41.0,5.0,29.83,0.0,21 | 69.8,3 | 37.4,41,5 | 3.11,29.83 | 1010,0.0 | 0.0
2011-02-12,21.0,4.0,44.0,5.0,29.85,0.8,21 | 69.8,4 | 39.2,44,5 | 3.11,29.85 | 1011,0.8 | 0.03
2011-02-13,21.0,9.0,57.0,6.0,29.88,1.8,21 | 69.8,9 | 48.2,57,6 | 3.73,29.88 | 1012,1.8 | 0.07
2011-02-14,21.0,8.0,56.0,4.0,29.88,0.9,21 | 69.8,8 | 46.4,56,4 | 2.49,29.88 | 1012,0.9 | 0.04
2011-02-15,21.0,8.0,55.0,5.0,29.85,1.8,21 | 69.8,8 | 46.4,55,5 | 3.11,29.85 | 1011,1.8 | 0.07
2011-02-16,21.0,11.0,64.0,5.0,29.85,7.8,21 | 69.8,11 | 51.8,64,5 | 3.11,29.85 | 1011,7.8 | 0.31
2011-02-17,20.0,12.0,71.0,7.0,29.88,11.6,20 | 68.0,12 | 53.6,71,7 | 4.35,29.88 | 1012,11.6 | 0.46
2011-02-18,21.0,11.0,66.0,9.0,29.85,1.9,21 | 69.8,11 | 51.8,66,9 | 5.59,29.85 | 1011,1.9 | 0.07
2011-02-19,21.0,10.0,63.0,15.0,29.85,0.3,21 | 69.8,10 | 50.0,63,15 | 9.32,29.85 | 1011,0.3 | 0.01
2011-02-20,21.0,7.0,53.0,14.0,29.91,0.0,21 | 69.8,7 | 44.6,53,14 | 8.7,29.91 | 1013,0.0 | 0.0
2011-02-21,21.0,6.0,49.0,11.0,29.91,0.0,21 | 69.8,6 | 42.8,49,11 | 6.84,29.91 | 1013,0.0 | 0.0
2011-02-22,21.0,6.0,47.0,8.0,29.88,0.1,21 | 69.8,6 | 42.8,47,8 | 4.97,29.88 | 1012,0.1 | 0.0
2011-02-23,20.0,7.0,53.0,14.0,29.88,0.0,20 | 68.0,7 | 44.6,53,14 | 8.7,29.88 | 1012,0.0 | 0.0
2011-02-24,20.0,6.0,54.0,16.0,29.91,0.0,20 | 68.0,6 | 42.8,54,16 | 9.94,29.91 | 1013,0.0 | 0.0
2011-02-25,21.0,4.0,47.0,11.0,29.85,0.0,21 | 69.8,4 | 39.2,47,11 | 6.84,29.85 | 1011,0.0 | 0.0
2011-02-26,21.0,2.0,37.0,11.0,29.85,0.0,21 | 69.8,2 | 35.6,37,11 | 6.84,29.85 | 1011,0.0 | 0.0
2011-02-27,21.0,9.0,54.0,11.0,29.88,1.5,21 | 69.8,9 | 48.2,54,11 | 6.84,29.88 | 1012,1.5 | 0.06
2011-02-28,21.0,6.0,49.0,13.0,29.85,0.0,21 | 69.8,6 | 42.8,49,13 | 8.08,29.85 | 1011,0.0 | 0.0
2011-03-01,22.0,5.0,46.0,12.0,29.85,0.0,22 | 71.6,5 | 41.0,46,12 | 7.46,29.85 | 1011,0.0 | 0.0
2011-03-02,22.0,4.0,45.0,11.0,29.85,0.0,22 | 71.6,4 | 39.2,45,11 | 6.84,29.85 | 1011,0.0 | 0.0
2011-03-03,21.0,9.0,57.0,10.0,29.88,1.6,21 | 69.8,9 | 48.2,57,10 | 6.21,29.88 | 1012,1.6 | 0.06
2011-03-04,21.0,9.0,58.0,10.0,29.91,1.8,21 | 69.8,9 | 48.2,58,10 | 6.21,29.91 | 1013,1.8 | 0.07
2011-03-05,22.0,9.0,56.0,10.0,29.88,1.2,22 | 71.6,9 | 48.2,56,10 | 6.21,29.88 | 1012,1.2 | 0.05
2011-03-06,22.0,9.0,56.0,11.0,29.88,0.3,22 | 71.6,9 | 48.2,56,11 | 6.84,29.88 | 1012,0.3 | 0.01
2011-03-07,21.0,9.0,61.0,6.0,29.88,4.8,21 | 69.8,9 | 48.2,61,6 | 3.73,29.88 | 1012,4.8 | 0.19
2011-03-08,22.0,8.0,52.0,14.0,29.88,0.5,22 | 71.6,8 | 46.4,52,14 | 8.7,29.88 | 1012,0.5 | 0.02
2011-03-09,22.0,5.0,45.0,15.0,29.85,0.0,22 | 71.6,5 | 41.0,45,15 | 9.32,29.85 | 1011,0.0 | 0.0
2011-03-10,20.0,5.0,48.0,17.0,29.88,0.0,20 | 68.0,5 | 41.0,48,17 | 10.56,29.88 | 1012,0.0 | 0.0
2011-03-11,21.0,3.0,45.0,10.0,29.88,0.0,21 | 69.8,3 | 37.4,45,10 | 6.21,29.88 | 1012,0.0 | 0.0
2011-03-12,22.0,7.0,51.0,8.0,29.85,1.5,22 | 71.6,7 | 44.6,51,8 | 4.97,29.85 | 1011,1.5 | 0.06
2011-03-13,22.0,10.0,57.0,8.0,29.85,3.2,22 | 71.6,10 | 50.0,57,8 | 4.97,29.85 | 1011,3.2 | 0.13
2011-03-14,21.0,10.0,61.0,8.0,29.85,0.3,21 | 69.8,10 | 50.0,61,8 | 4.97,29.85 | 1011,0.3 | 0.01
2011-03-15,20.0,11.0,66.0,6.0,29.85,12.2,20 | 68.0,11 | 51.8,66,6 | 3.73,29.85 | 1011,12.2 | 0.48
2011-03-16,20.0,13.0,75.0,4.0,29.85,32.5,20 | 68.0,13 | 55.4,75,4 | 2.49,29.85 | 1011,32.5 | 1.28
2011-03-17,17.0,14.0,87.0,6.0,29.88,97.2,17 | 62.6,14 | 57.2,87,6 | 3.73,29.88 | 1012,97.2 | 3.83
2011-03-18,17.0,14.0,91.0,6.0,29.88,74.9,17 | 62.6,14 | 57.2,91,6 | 3.73,29.88 | 1012,74.9 | 2.95
2011-03-19,18.0,14.0,85.0,4.0,29.88,29.1,18 | 64.4,14 | 57.2,85,4 | 2.49,29.88 | 1012,29.1 | 1.15
2011-03-20,18.0,14.0,83.0,3.0,29.85,23.0,18 | 64.4,14 | 57.2,83,3 | 1.86,29.85 | 1011,23.0 | 0.91
2011-03-21,18.0,13.0,80.0,5.0,29.88,13.9,18 | 64.4,13 | 55.4,80,5 | 3.11,29.88 | 1012,13.9 | 0.55
2011-03-22,19.0,12.0,78.0,5.0,29.91,9.2,19 | 66.2,12 | 53.6,78,5 | 3.11,29.91 | 1013,9.2 | 0.36
2011-03-23,19.0,11.0,75.0,5.0,29.91,1.1,19 | 66.2,11 | 51.8,75,5 | 3.11,29.91 | 1013,1.1 | 0.04
2011-03-24,19.0,11.0,69.0,10.0,29.91,0.4,19 | 66.2,11 | 51.8,69,10 | 6.21,29.91 | 1013,0.4 | 0.02
2011-03-25,19.0,9.0,65.0,10.0,29.91,0.0,19 | 66.2,9 | 48.2,65,10 | 6.21,29.91 | 1013,0.0 | 0.0
2011-03-26,19.0,9.0,65.0,10.0,29.91,0.4,19 | 66.2,9 | 48.2,65,10 | 6.21,29.91 | 1013,0.4 | 0.02
2011-03-27,20.0,11.0,68.0,9.0,29.94,0.5,20 | 68.0,11 | 51.8,68,9 | 5.59,29.94 | 1014,0.5 | 0.02
2011-03-28,21.0,11.0,67.0,7.0,29.94,0.3,21 | 69.8,11 | 51.8,67,7 | 4.35,29.94 | 1014,0.3 | 0.01
2011-03-29,21.0,12.0,70.0,6.0,29.91,4.1,21 | 69.8,12 | 53.6,70,6 | 3.73,29.91 | 1013,4.1 | 0.16
2011-03-30,20.0,12.0,70.0,8.0,29.91,1.7,20 | 68.0,12 | 53.6,70,8 | 4.97,29.91 | 1013,1.7 | 0.07
2011-03-31,20.0,11.0,69.0,7.0,29.88,5.3,20 | 68.0,11 | 51.8,69,7 | 4.35,29.88 | 1012,5.3 | 0.21
2011-04-01,20.0,11.0,72.0,9.0,29.91,1.4,20 | 68.0,11 | 51.8,72,9 | 5.59,29.91 | 1013,1.4 | 0.06
2011-04-02,20.0,10.0,68.0,9.0,29.91,0.2,20 | 68.0,10 | 50.0,68,9 | 5.59,29.91 | 1013,0.2 | 0.01
2011-04-03,20.0,11.0,71.0,9.0,29.88,6.4,20 | 68.0,11 | 51.8,71,9 | 5.59,29.88 | 1012,6.4 | 0.25
2011-04-04,19.0,12.0,76.0,8.0,29.88,3.9,19 | 66.2,12 | 53.6,76,8 | 4.97,29.88 | 1012,3.9 | 0.15
2011-04-05,21.0,12.0,72.0,9.0,29.88,0.4,21 | 69.8,12 | 53.6,72,9 | 5.59,29.88 | 1012,0.4 | 0.02
2011-04-06,21.0,10.0,66.0,7.0,29.88,0.2,21 | 69.8,10 | 50.0,66,7 | 4.35,29.88 | 1012,0.2 | 0.01
2011-04-07,20.0,10.0,66.0,6.0,29.85,0.0,20 | 68.0,10 | 50.0,66,6 | 3.73,29.85 | 1011,0.0 | 0.0
2011-04-08,17.0,11.0,76.0,10.0,29.91,1.0,17 | 62.6,11 | 51.8,76,10 | 6.21,29.91 | 1013,1.0 | 0.04
2011-04-09,20.0,9.0,65.0,11.0,29.94,0.0,20 | 68.0,9 | 48.2,65,11 | 6.84,29.94 | 1014,0.0 | 0.0
2011-04-10,20.0,9.0,62.0,12.0,29.94,0.0,20 | 68.0,9 | 48.2,62,12 | 7.46,29.94 | 1014,0.0 | 0.0
2011-04-11,20.0,7.0,59.0,11.0,29.91,0.0,20 | 68.0,7 | 44.6,59,11 | 6.84,29.91 | 1013,0.0 | 0.0
2011-04-12,21.0,8.0,59.0,9.0,29.88,0.0,21 | 69.8,8 | 46.4,59,9 | 5.59,29.88 | 1012,0.0 | 0.0
2011-04-13,21.0,9.0,63.0,11.0,29.88,0.1,21 | 69.8,9 | 48.2,63,11 | 6.84,29.88 | 1012,0.1 | 0.0
2011-04-14,21.0,11.0,67.0,8.0,29.85,0.5,21 | 69.8,11 | 51.8,67,8 | 4.97,29.85 | 1011,0.5 | 0.02
2011-04-15,20.0,12.0,75.0,6.0,29.85,8.3,20 | 68.0,12 | 53.6,75,6 | 3.73,29.85 | 1011,8.3 | 0.33
2011-04-16,20.0,13.0,78.0,11.0,29.85,8.1,20 | 68.0,13 | 55.4,78,11 | 6.84,29.85 | 1011,8.1 | 0.32
2011-04-17,20.0,12.0,74.0,13.0,29.91,0.3,20 | 68.0,12 | 53.6,74,13 | 8.08,29.91 | 1013,0.3 | 0.01
2011-04-18,21.0,12.0,70.0,12.0,29.91,0.1,21 | 69.8,12 | 53.6,70,12 | 7.46,29.91 | 1013,0.1 | 0.0
2011-04-19,21.0,12.0,73.0,8.0,29.88,7.0,21 | 69.8,12 | 53.6,73,8 | 4.97,29.88 | 1012,7.0 | 0.28
2011-04-20,20.0,13.0,76.0,9.0,29.85,5.0,20 | 68.0,13 | 55.4,76,9 | 5.59,29.85 | 1011,5.0 | 0.2
2011-04-21,20.0,13.0,77.0,8.0,29.88,6.2,20 | 68.0,13 | 55.4,77,8 | 4.97,29.88 | 1012,6.2 | 0.24
2011-04-22,21.0,14.0,79.0,6.0,29.85,19.0,21 | 69.8,14 | 57.2,79,6 | 3.73,29.85 | 1011,19.0 | 0.75
2011-04-23,19.0,14.0,85.0,4.0,29.85,35.0,19 | 66.2,14 | 57.2,85,4 | 2.49,29.85 | 1011,35.0 | 1.38
2011-04-24,20.0,14.0,84.0,3.0,29.85,25.8,20 | 68.0,14 | 57.2,84,3 | 1.86,29.85 | 1011,25.8 | 1.02
2011-04-25,19.0,15.0,85.0,5.0,29.85,34.5,19 | 66.2,15 | 59.0,85,5 | 3.11,29.85 | 1011,34.5 | 1.36
2011-04-26,20.0,16.0,86.0,4.0,29.88,58.9,20 | 68.0,16 | 60.8,86,4 | 2.49,29.88 | 1012,58.9 | 2.32
2011-04-27,19.0,16.0,88.0,3.0,29.91,46.5,19 | 66.2,16 | 60.8,88,3 | 1.86,29.91 | 1013,46.5 | 1.83
2011-04-28,19.0,16.0,87.0,3.0,29.91,36.3,19 | 66.2,16 | 60.8,87,3 | 1.86,29.91 | 1013,36.3 | 1.43
2011-04-29,18.0,15.0,88.0,4.0,29.88,28.8,18 | 64.4,15 | 59.0,88,4 | 2.49,29.88 | 1012,28.8 | 1.13
2011-04-30,18.0,16.0,90.0,4.0,29.91,59.1,18 | 64.4,16 | 60.8,90,4 | 2.49,29.91 | 1013,59.1 | 2.33
2011-05-01,20.0,15.0,85.0,4.0,29.94,2.1,20 | 68.0,15 | 59.0,85,4 | 2.49,29.94 | 1014,2.1 | 0.08
2011-05-02,18.0,14.0,86.0,3.0,29.94,15.2,18 | 64.4,14 | 57.2,86,3 | 1.86,29.94 | 1014,15.2 | 0.6
2011-05-03,16.0,14.0,91.0,5.0,29.97,29.6,16 | 60.8,14 | 57.2,91,5 | 3.11,29.97 | 1015,29.6 | 1.17
2011-05-04,19.0,15.0,89.0,5.0,29.94,39.3,19 | 66.2,15 | 59.0,89,5 | 3.11,29.94 | 1014,39.3 | 1.55
2011-05-05,18.0,15.0,90.0,5.0,29.97,24.2,18 | 64.4,15 | 59.0,90,5 | 3.11,29.97 | 1015,24.2 | 0.95
2011-05-06,19.0,15.0,89.0,2.0,29.97,11.9,19 | 66.2,15 | 59.0,89,2 | 1.24,29.97 | 1015,11.9 | 0.47
2011-05-07,19.0,15.0,87.0,6.0,29.94,9.0,19 | 66.2,15 | 59.0,87,6 | 3.73,29.94 | 1014,9.0 | 0.35
2011-05-08,19.0,15.0,86.0,4.0,29.91,16.8,19 | 66.2,15 | 59.0,86,4 | 2.49,29.91 | 1013,16.8 | 0.66
2011-05-09,19.0,15.0,86.0,4.0,29.88,7.9,19 | 66.2,15 | 59.0,86,4 | 2.49,29.88 | 1012,7.9 | 0.31
2011-05-10,19.0,15.0,87.0,6.0,29.88,2.7,19 | 66.2,15 | 59.0,87,6 | 3.73,29.88 | 1012,2.7 | 0.11
2011-05-11,19.0,14.0,86.0,4.0,29.91,5.8,19 | 66.2,14 | 57.2,86,4 | 2.49,29.91 | 1013,5.8 | 0.23
2011-05-12,18.0,13.0,82.0,5.0,29.91,0.1,18 | 64.4,13 | 55.4,82,5 | 3.11,29.91 | 1013,0.1 | 0.0
2011-05-13,18.0,12.0,83.0,4.0,29.91,0.9,18 | 64.4,12 | 53.6,83,4 | 2.49,29.91 | 1013,0.9 | 0.04
2011-05-14,18.0,12.0,83.0,4.0,29.88,1.2,18 | 64.4,12 | 53.6,83,4 | 2.49,29.88 | 1012,1.2 | 0.05
2011-05-15,18.0,13.0,86.0,5.0,29.88,7.3,18 | 64.4,13 | 55.4,86,5 | 3.11,29.88 | 1012,7.3 | 0.29
2011-05-16,19.0,14.0,86.0,4.0,29.88,5.1,19 | 66.2,14 | 57.2,86,4 | 2.49,29.88 | 1012,5.1 | 0.2
2011-05-17,19.0,14.0,85.0,7.0,29.91,1.1,19 | 66.2,14 | 57.2,85,7 | 4.35,29.91 | 1013,1.1 | 0.04
2011-05-18,19.0,13.0,82.0,5.0,29.91,0.4,19 | 66.2,13 | 55.4,82,5 | 3.11,29.91 | 1013,0.4 | 0.02
2011-05-19,19.0,14.0,87.0,3.0,29.91,8.6,19 | 66.2,14 | 57.2,87,3 | 1.86,29.91 | 1013,8.6 | 0.34
2011-05-20,17.0,14.0,89.0,3.0,29.91,22.3,17 | 62.6,14 | 57.2,89,3 | 1.86,29.91 | 1013,22.3 | 0.88
2011-05-21,14.0,13.0,94.0,5.0,29.97,77.0,14 | 57.2,13 | 55.4,94,5 | 3.11,29.97 | 1015,77.0 | 3.03
2011-05-22,17.0,13.0,90.0,3.0,29.94,9.1,17 | 62.6,13 | 55.4,90,3 | 1.86,29.94 | 1014,9.1 | 0.36
2011-05-23,17.0,12.0,89.0,4.0,29.94,4.0,17 | 62.6,12 | 53.6,89,4 | 2.49,29.94 | 1014,4.0 | 0.16
2011-05-24,17.0,13.0,86.0,5.0,29.94,2.0,17 | 62.6,13 | 55.4,86,5 | 3.11,29.94 | 1014,2.0 | 0.08
2011-05-25,18.0,13.0,86.0,5.0,29.97,5.9,18 | 64.4,13 | 55.4,86,5 | 3.11,29.97 | 1015,5.9 | 0.23
2011-05-26,18.0,14.0,87.0,4.0,29.97,5.0,18 | 64.4,14 | 57.2,87,4 | 2.49,29.97 | 1015,5.0 | 0.2
2011-05-27,18.0,13.0,85.0,4.0,29.97,4.4,18 | 64.4,13 | 55.4,85,4 | 2.49,29.97 | 1015,4.4 | 0.17
2011-05-28,18.0,13.0,84.0,3.0,29.97,2.0,18 | 64.4,13 | 55.4,84,3 | 1.86,29.97 | 1015,2.0 | 0.08
2011-05-29,18.0,13.0,85.0,4.0,29.97,1.7,18 | 64.4,13 | 55.4,85,4 | 2.49,29.97 | 1015,1.7 | 0.07
2011-05-30,18.0,13.0,85.0,4.0,29.97,4.2,18 | 64.4,13 | 55.4,85,4 | 2.49,29.97 | 1015,4.2 | 0.17
2011-05-31,17.0,13.0,87.0,2.0,30.0,6.6,17 | 62.6,13 | 55.4,87,2 | 1.24,30.0 | 1016,6.6 | 0.26
2011-06-01,18.0,14.0,89.0,3.0,30.0,17.7,18 | 64.4,14 | 57.2,89,3 | 1.86,30.0 | 1016,17.7 | 0.7
2011-06-02,18.0,15.0,90.0,3.0,29.97,19.1,18 | 64.4,15 | 59.0,90,3 | 1.86,29.97 | 1015,19.1 | 0.75
2011-06-03,19.0,15.0,90.0,2.0,29.94,6.6,19 | 66.2,15 | 59.0,90,2 | 1.24,29.94 | 1014,6.6 | 0.26
2011-06-04,18.0,14.0,89.0,3.0,29.94,9.1,18 | 64.4,14 | 57.2,89,3 | 1.86,29.94 | 1014,9.1 | 0.36
2011-06-05,18.0,13.0,88.0,2.0,29.94,0.8,18 | 64.4,13 | 55.4,88,2 | 1.24,29.94 | 1014,0.8 | 0.03
2011-06-06,17.0,12.0,88.0,2.0,29.94,2.6,17 | 62.6,12 | 53.6,88,2 | 1.24,29.94 | 1014,2.6 | 0.1
2011-06-07,18.0,13.0,83.0,3.0,29.94,2.7,18 | 64.4,13 | 55.4,83,3 | 1.86,29.94 | 1014,2.7 | 0.11
2011-06-08,18.0,14.0,83.0,4.0,29.97,3.6,18 | 64.4,14 | 57.2,83,4 | 2.49,29.97 | 1015,3.6 | 0.14
2011-06-09,18.0,15.0,87.0,4.0,29.94,7.2,18 | 64.4,15 | 59.0,87,4 | 2.49,29.94 | 1014,7.2 | 0.28
2011-06-10,16.0,12.0,88.0,7.0,29.94,0.2,16 | 60.8,12 | 53.6,88,7 | 4.35,29.94 | 1014,0.2 | 0.01
2011-06-11,17.0,12.0,83.0,5.0,29.97,4.2,17 | 62.6,12 | 53.6,83,5 | 3.11,29.97 | 1015,4.2 | 0.17
2011-06-12,18.0,14.0,83.0,4.0,30.0,1.5,18 | 64.4,14 | 57.2,83,4 | 2.49,30.0 | 1016,1.5 | 0.06
2011-06-13,17.0,15.0,90.0,4.0,30.03,6.1,17 | 62.6,15 | 59.0,90,4 | 2.49,30.03 | 1017,6.1 | 0.24
2011-06-14,17.0,15.0,92.0,6.0,30.0,34.0,17 | 62.6,15 | 59.0,92,6 | 3.73,30.0 | 1016,34.0 | 1.34
2011-06-15,18.0,15.0,92.0,3.0,30.0,11.7,18 | 64.4,15 | 59.0,92,3 | 1.86,30.0 | 1016,11.7 | 0.46
2011-06-16,18.0,15.0,90.0,3.0,29.97,8.6,18 | 64.4,15 | 59.0,90,3 | 1.86,29.97 | 1015,8.6 | 0.34
2011-06-17,18.0,14.0,89.0,3.0,29.97,1.7,18 | 64.4,14 | 57.2,89,3 | 1.86,29.97 | 1015,1.7 | 0.07
2011-06-18,18.0,14.0,90.0,2.0,29.94,10.8,18 | 64.4,14 | 57.2,90,2 | 1.24,29.94 | 1014,10.8 | 0.43
2011-06-19,17.0,14.0,91.0,3.0,29.94,1.0,17 | 62.6,14 | 57.2,91,3 | 1.86,29.94 | 1014,1.0 | 0.04
2011-06-20,16.0,14.0,92.0,4.0,29.94,5.8,16 | 60.8,14 | 57.2,92,4 | 2.49,29.94 | 1014,5.8 | 0.23
2011-06-21,17.0,14.0,91.0,4.0,29.97,5.4,17 | 62.6,14 | 57.2,91,4 | 2.49,29.97 | 1015,5.4 | 0.21
2011-06-22,17.0,14.0,90.0,5.0,29.94,1.7,17 | 62.6,14 | 57.2,90,5 | 3.11,29.94 | 1014,1.7 | 0.07
2011-06-23,17.0,13.0,90.0,2.0,29.94,5.9,17 | 62.6,13 | 55.4,90,2 | 1.24,29.94 | 1014,5.9 | 0.23
2011-06-24,18.0,14.0,92.0,3.0,29.94,21.0,18 | 64.4,14 | 57.2,92,3 | 1.86,29.94 | 1014,21.0 | 0.83
2011-06-25,17.0,13.0,91.0,2.0,29.97,15.7,17 | 62.6,13 | 55.4,91,2 | 1.24,29.97 | 1015,15.7 | 0.62
2011-06-26,17.0,13.0,91.0,4.0,29.94,11.4,17 | 62.6,13 | 55.4,91,4 | 2.49,29.94 | 1014,11.4 | 0.45
2011-06-27,18.0,13.0,83.0,4.0,29.97,1.8,18 | 64.4,13 | 55.4,83,4 | 2.49,29.97 | 1015,1.8 | 0.07
2011-06-28,16.0,14.0,92.0,4.0,29.97,7.9,16 | 60.8,14 | 57.2,92,4 | 2.49,29.97 | 1015,7.9 | 0.31
2011-06-29,17.0,14.0,91.0,3.0,29.97,21.3,17 | 62.6,14 | 57.2,91,3 | 1.86,29.97 | 1015,21.3 | 0.84
2011-06-30,17.0,14.0,92.0,3.0,30.0,16.6,17 | 62.6,14 | 57.2,92,3 | 1.86,30.0 | 1016,16.6 | 0.65
2011-07-01,17.0,13.0,90.0,3.0,29.97,5.0,17 | 62.6,13 | 55.4,90,3 | 1.86,29.97 | 1015,5.0 | 0.2
2011-07-02,17.0,12.0,89.0,2.0,29.94,13.0,17 | 62.6,12 | 53.6,89,2 | 1.24,29.94 | 1014,13.0 | 0.51
2011-07-03,18.0,13.0,88.0,3.0,29.94,1.4,18 | 64.4,13 | 55.4,88,3 | 1.86,29.94 | 1014,1.4 | 0.06
2011-07-04,18.0,13.0,89.0,2.0,30.0,1.0,18 | 64.4,13 | 55.4,89,2 | 1.24,30.0 | 1016,1.0 | 0.04
2011-07-05,18.0,13.0,87.0,4.0,30.0,1.1,18 | 64.4,13 | 55.4,87,4 | 2.49,30.0 | 1016,1.1 | 0.04
2011-07-06,17.0,13.0,90.0,3.0,30.0,0.9,17 | 62.6,13 | 55.4,90,3 | 1.86,30.0 | 1016,0.9 | 0.04
2011-07-07,17.0,13.0,89.0,2.0,29.97,10.8,17 | 62.6,13 | 55.4,89,2 | 1.24,29.97 | 1015,10.8 | 0.43
2011-07-08,17.0,13.0,90.0,4.0,29.97,6.5,17 | 62.6,13 | 55.4,90,4 | 2.49,29.97 | 1015,6.5 | 0.26
2011-07-09,17.0,13.0,89.0,4.0,30.0,2.5,17 | 62.6,13 | 55.4,89,4 | 2.49,30.0 | 1016,2.5 | 0.1
2011-07-10,17.0,12.0,89.0,3.0,30.0,3.5,17 | 62.6,12 | 53.6,89,3 | 1.86,30.0 | 1016,3.5 | 0.14
2011-07-11,17.0,12.0,89.0,2.0,29.97,5.0,17 | 62.6,12 | 53.6,89,2 | 1.24,29.97 | 1015,5.0 | 0.2
2011-07-12,17.0,12.0,89.0,3.0,29.97,4.9,17 | 62.6,12 | 53.6,89,3 | 1.86,29.97 | 1015,4.9 | 0.19
2011-07-13,17.0,12.0,86.0,2.0,29.97,7.4,17 | 62.6,12 | 53.6,86,2 | 1.24,29.97 | 1015,7.4 | 0.29
2011-07-14,17.0,12.0,86.0,4.0,29.97,5.8,17 | 62.6,12 | 53.6,86,4 | 2.49,29.97 | 1015,5.8 | 0.23
2011-07-15,17.0,13.0,87.0,3.0,30.0,4.4,17 | 62.6,13 | 55.4,87,3 | 1.86,30.0 | 1016,4.4 | 0.17
2011-07-16,17.0,13.0,87.0,2.0,30.0,3.8,17 | 62.6,13 | 55.4,87,2 | 1.24,30.0 | 1016,3.8 | 0.15
2011-07-17,17.0,13.0,88.0,3.0,29.97,1.9,17 | 62.6,13 | 55.4,88,3 | 1.86,29.97 | 1015,1.9 | 0.07
2011-07-18,17.0,13.0,87.0,4.0,30.0,2.9,17 | 62.6,13 | 55.4,87,4 | 2.49,30.0 | 1016,2.9 | 0.11
2011-07-19,18.0,14.0,87.0,3.0,30.0,6.4,18 | 64.4,14 | 57.2,87,3 | 1.86,30.0 | 1016,6.4 | 0.25
2011-07-20,17.0,14.0,88.0,5.0,30.0,5.1,17 | 62.6,14 | 57.2,88,5 | 3.11,30.0 | 1016,5.1 | 0.2
2011-07-21,17.0,14.0,90.0,4.0,30.0,18.9,17 | 62.6,14 | 57.2,90,4 | 2.49,30.0 | 1016,18.9 | 0.74
2011-07-22,16.0,13.0,91.0,4.0,30.0,2.0,16 | 60.8,13 | 55.4,91,4 | 2.49,30.0 | 1016,2.0 | 0.08
2011-07-23,17.0,14.0,89.0,3.0,30.0,3.6,17 | 62.6,14 | 57.2,89,3 | 1.86,30.0 | 1016,3.6 | 0.14
2011-07-24,17.0,15.0,90.0,4.0,29.97,21.9,17 | 62.6,15 | 59.0,90,4 | 2.49,29.97 | 1015,21.9 | 0.86
2011-07-25,17.0,14.0,90.0,6.0,29.94,18.9,17 | 62.6,14 | 57.2,90,6 | 3.73,29.94 | 1014,18.9 | 0.74
2011-07-26,18.0,15.0,91.0,3.0,29.94,16.3,18 | 64.4,15 | 59.0,91,3 | 1.86,29.94 | 1014,16.3 | 0.64
2011-07-27,18.0,14.0,89.0,4.0,29.94,3.0,18 | 64.4,14 | 57.2,89,4 | 2.49,29.94 | 1014,3.0 | 0.12
2011-07-28,18.0,13.0,87.0,5.0,29.88,0.9,18 | 64.4,13 | 55.4,87,5 | 3.11,29.88 | 1012,0.9 | 0.04
2011-07-29,18.0,14.0,89.0,3.0,29.88,12.1,18 | 64.4,14 | 57.2,89,3 | 1.86,29.88 | 1012,12.1 | 0.48
2011-07-30,17.0,15.0,93.0,4.0,29.94,14.4,17 | 62.6,15 | 59.0,93,4 | 2.49,29.94 | 1014,14.4 | 0.57
2011-07-31,18.0,15.0,92.0,2.0,29.94,16.1,18 | 64.4,15 | 59.0,92,2 | 1.24,29.94 | 1014,16.1 | 0.63
2011-08-01,18.0,14.0,89.0,4.0,29.94,7.4,18 | 64.4,14 | 57.2,89,4 | 2.49,29.94 | 1014,7.4 | 0.29
2011-08-02,18.0,14.0,90.0,3.0,29.94,3.0,18 | 64.4,14 | 57.2,90,3 | 1.86,29.94 | 1014,3.0 | 0.12
2011-08-03,18.0,14.0,89.0,3.0,29.94,10.8,18 | 64.4,14 | 57.2,89,3 | 1.86,29.94 | 1014,10.8 | 0.43
2011-08-04,17.0,14.0,90.0,3.0,30.0,4.1,17 | 62.6,14 | 57.2,90,3 | 1.86,30.0 | 1016,4.1 | 0.16
2011-08-05,18.0,14.0,86.0,3.0,29.97,10.9,18 | 64.4,14 | 57.2,86,3 | 1.86,29.97 | 1015,10.9 | 0.43
2011-08-06,17.0,14.0,91.0,2.0,29.97,10.2,17 | 62.6,14 | 57.2,91,2 | 1.24,29.97 | 1015,10.2 | 0.4
2011-08-07,17.0,15.0,90.0,6.0,29.97,17.7,17 | 62.6,15 | 59.0,90,6 | 3.73,29.97 | 1015,17.7 | 0.7
2011-08-08,16.0,15.0,94.0,5.0,30.0,63.7,16 | 60.8,15 | 59.0,94,5 | 3.11,30.0 | 1016,63.7 | 2.51
2011-08-09,17.0,15.0,94.0,4.0,30.0,7.9,17 | 62.6,15 | 59.0,94,4 | 2.49,30.0 | 1016,7.9 | 0.31
2011-08-10,17.0,15.0,92.0,5.0,29.94,11.5,17 | 62.6,15 | 59.0,92,5 | 3.11,29.94 | 1014,11.5 | 0.45
2011-08-11,17.0,14.0,91.0,4.0,29.94,6.9,17 | 62.6,14 | 57.2,91,4 | 2.49,29.94 | 1014,6.9 | 0.27
2011-08-12,16.0,14.0,94.0,4.0,29.94,18.3,16 | 60.8,14 | 57.2,94,4 | 2.49,29.94 | 1014,18.3 | 0.72
2011-08-13,16.0,15.0,94.0,5.0,29.91,30.5,16 | 60.8,15 | 59.0,94,5 | 3.11,29.91 | 1013,30.5 | 1.2
2011-08-14,16.0,14.0,94.0,4.0,29.94,21.0,16 | 60.8,14 | 57.2,94,4 | 2.49,29.94 | 1014,21.0 | 0.83
2011-08-15,17.0,14.0,90.0,3.0,29.97,2.7,17 | 62.6,14 | 57.2,90,3 | 1.86,29.97 | 1015,2.7 | 0.11
2011-08-16,17.0,14.0,90.0,4.0,29.94,4.4,17 | 62.6,14 | 57.2,90,4 | 2.49,29.94 | 1014,4.4 | 0.17
2011-08-17,16.0,14.0,92.0,3.0,29.97,15.3,16 | 60.8,14 | 57.2,92,3 | 1.86,29.97 | 1015,15.3 | 0.6
2011-08-18,16.0,14.0,93.0,2.0,29.97,24.1,16 | 60.8,14 | 57.2,93,2 | 1.24,29.97 | 1015,24.1 | 0.95
2011-08-19,17.0,13.0,89.0,4.0,29.94,5.0,17 | 62.6,13 | 55.4,89,4 | 2.49,29.94 | 1014,5.0 | 0.2
2011-08-20,17.0,13.0,89.0,3.0,29.94,4.0,17 | 62.6,13 | 55.4,89,3 | 1.86,29.94 | 1014,4.0 | 0.16
2011-08-21,18.0,13.0,89.0,4.0,29.94,7.5,18 | 64.4,13 | 55.4,89,4 | 2.49,29.94 | 1014,7.5 | 0.3
2011-08-22,18.0,15.0,90.0,4.0,29.94,19.7,18 | 64.4,15 | 59.0,90,4 | 2.49,29.94 | 1014,19.7 | 0.78
2011-08-23,19.0,14.0,87.0,2.0,29.97,13.3,19 | 66.2,14 | 57.2,87,2 | 1.24,29.97 | 1015,13.3 | 0.52
2011-08-24,18.0,15.0,87.0,4.0,29.97,17.8,18 | 64.4,15 | 59.0,87,4 | 2.49,29.97 | 1015,17.8 | 0.7
2011-08-25,17.0,14.0,89.0,5.0,29.94,8.5,17 | 62.6,14 | 57.2,89,5 | 3.11,29.94 | 1014,8.5 | 0.33
2011-08-26,18.0,14.0,87.0,5.0,29.97,8.8,18 | 64.4,14 | 57.2,87,5 | 3.11,29.97 | 1015,8.8 | 0.35
2011-08-27,17.0,14.0,89.0,4.0,30.0,14.1,17 | 62.6,14 | 57.2,89,4 | 2.49,30.0 | 1016,14.1 | 0.56
2011-08-28,17.0,14.0,91.0,2.0,29.97,17.9,17 | 62.6,14 | 57.2,91,2 | 1.24,29.97 | 1015,17.9 | 0.7
2011-08-29,18.0,15.0,89.0,3.0,29.97,14.6,18 | 64.4,15 | 59.0,89,3 | 1.86,29.97 | 1015,14.6 | 0.57
2011-08-30,18.0,14.0,88.0,5.0,29.97,10.2,18 | 64.4,14 | 57.2,88,5 | 3.11,29.97 | 1015,10.2 | 0.4
2011-08-31,18.0,14.0,87.0,3.0,29.97,8.8,18 | 64.4,14 | 57.2,87,3 | 1.86,29.97 | 1015,8.8 | 0.35
2011-09-01,18.0,15.0,87.0,3.0,29.97,23.2,18 | 64.4,15 | 59.0,87,3 | 1.86,29.97 | 1015,23.2 | 0.91
2011-09-02,17.0,15.0,91.0,4.0,29.97,24.5,17 | 62.6,15 | 59.0,91,4 | 2.49,29.97 | 1015,24.5 | 0.96
2011-09-03,18.0,14.0,89.0,6.0,29.94,2.9,18 | 64.4,14 | 57.2,89,6 | 3.73,29.94 | 1014,2.9 | 0.11
2011-09-04,18.0,14.0,89.0,4.0,29.94,37.8,18 | 64.4,14 | 57.2,89,4 | 2.49,29.94 | 1014,37.8 | 1.49
2011-09-05,17.0,15.0,92.0,6.0,29.97,17.3,17 | 62.6,15 | 59.0,92,6 | 3.73,29.97 | 1015,17.3 | 0.68
2011-09-06,16.0,14.0,95.0,4.0,30.0,14.6,16 | 60.8,14 | 57.2,95,4 | 2.49,30.0 | 1016,14.6 | 0.57
2011-09-07,14.0,13.0,94.0,4.0,30.03,58.1,14 | 57.2,13 | 55.4,94,4 | 2.49,30.03 | 1017,58.1 | 2.29
2011-09-08,17.0,12.0,88.0,5.0,29.97,18.9,17 | 62.6,12 | 53.6,88,5 | 3.11,29.97 | 1015,18.9 | 0.74
2011-09-09,18.0,14.0,89.0,7.0,29.97,19.0,18 | 64.4,14 | 57.2,89,7 | 4.35,29.97 | 1015,19.0 | 0.75
2011-09-10,18.0,14.0,88.0,6.0,29.97,6.1,18 | 64.4,14 | 57.2,88,6 | 3.73,29.97 | 1015,6.1 | 0.24
2011-09-11,18.0,14.0,86.0,6.0,29.97,6.1,18 | 64.4,14 | 57.2,86,6 | 3.73,29.97 | 1015,6.1 | 0.24
2011-09-12,18.0,14.0,88.0,5.0,29.91,4.3,18 | 64.4,14 | 57.2,88,5 | 3.11,29.91 | 1013,4.3 | 0.17
2011-09-13,18.0,14.0,88.0,4.0,29.94,8.6,18 | 64.4,14 | 57.2,88,4 | 2.49,29.94 | 1014,8.6 | 0.34
2011-09-14,18.0,14.0,86.0,5.0,29.94,9.3,18 | 64.4,14 | 57.2,86,5 | 3.11,29.94 | 1014,9.3 | 0.37
2011-09-15,18.0,14.0,88.0,4.0,29.94,8.2,18 | 64.4,14 | 57.2,88,4 | 2.49,29.94 | 1014,8.2 | 0.32
2011-09-16,19.0,15.0,87.0,4.0,29.91,26.8,19 | 66.2,15 | 59.0,87,4 | 2.49,29.91 | 1013,26.8 | 1.06
2011-09-17,18.0,15.0,90.0,3.0,29.94,17.9,18 | 64.4,15 | 59.0,90,3 | 1.86,29.94 | 1014,17.9 | 0.7
2011-09-18,18.0,14.0,87.0,3.0,29.94,3.4,18 | 64.4,14 | 57.2,87,3 | 1.86,29.94 | 1014,3.4 | 0.13
2011-09-19,17.0,13.0,85.0,5.0,29.94,5.4,17 | 62.6,13 | 55.4,85,5 | 3.11,29.94 | 1014,5.4 | 0.21
2011-09-20,18.0,12.0,81.0,6.0,29.97,0.3,18 | 64.4,12 | 53.6,81,6 | 3.73,29.97 | 1015,0.3 | 0.01
2011-09-21,18.0,11.0,76.0,8.0,29.97,0.0,18 | 64.4,11 | 51.8,76,8 | 4.97,29.97 | 1015,0.0 | 0.0
2011-09-22,18.0,10.0,73.0,5.0,29.94,0.1,18 | 64.4,10 | 50.0,73,5 | 3.11,29.94 | 1014,0.1 | 0.0
2011-09-23,19.0,12.0,75.0,3.0,29.94,3.1,19 | 66.2,12 | 53.6,75,3 | 1.86,29.94 | 1014,3.1 | 0.12
2011-09-24,19.0,13.0,80.0,5.0,29.94,8.6,19 | 66.2,13 | 55.4,80,5 | 3.11,29.94 | 1014,8.6 | 0.34
2011-09-25,19.0,14.0,81.0,3.0,29.97,8.4,19 | 66.2,14 | 57.2,81,3 | 1.86,29.97 | 1015,8.4 | 0.33
2011-09-26,19.0,13.0,79.0,4.0,29.94,5.0,19 | 66.2,13 | 55.4,79,4 | 2.49,29.94 | 1014,5.0 | 0.2
2011-09-27,19.0,14.0,84.0,6.0,29.94,9.3,19 | 66.2,14 | 57.2,84,6 | 3.73,29.94 | 1014,9.3 | 0.37
2011-09-28,18.0,13.0,83.0,5.0,29.91,6.0,18 | 64.4,13 | 55.4,83,5 | 3.11,29.91 | 1013,6.0 | 0.24
2011-09-29,18.0,12.0,79.0,7.0,29.91,3.9,18 | 64.4,12 | 53.6,79,7 | 4.35,29.91 | 1013,3.9 | 0.15
2011-09-30,18.0,12.0,78.0,6.0,29.91,5.2,18 | 64.4,12 | 53.6,78,6 | 3.73,29.91 | 1013,5.2 | 0.2
2011-10-01,18.0,12.0,78.0,8.0,29.94,0.9,18 | 64.4,12 | 53.6,78,8 | 4.97,29.94 | 1014,0.9 | 0.04
2011-10-02,19.0,12.0,78.0,7.0,29.91,0.5,19 | 66.2,12 | 53.6,78,7 | 4.35,29.91 | 1013,0.5 | 0.02
2011-10-03,18.0,11.0,75.0,7.0,29.91,0.6,18 | 64.4,11 | 51.8,75,7 | 4.35,29.91 | 1013,0.6 | 0.02
2011-10-04,19.0,13.0,78.0,6.0,29.91,2.7,19 | 66.2,13 | 55.4,78,6 | 3.73,29.91 | 1013,2.7 | 0.11
2011-10-05,19.0,13.0,74.0,6.0,29.91,3.5,19 | 66.2,13 | 55.4,74,6 | 3.73,29.91 | 1013,3.5 | 0.14
2011-10-06,20.0,13.0,77.0,8.0,29.91,3.7,20 | 68.0,13 | 55.4,77,8 | 4.97,29.91 | 1013,3.7 | 0.15
2011-10-07,19.0,12.0,73.0,9.0,29.91,0.7,19 | 66.2,12 | 53.6,73,9 | 5.59,29.91 | 1013,0.7 | 0.03
2011-10-08,18.0,10.0,70.0,9.0,29.91,0.0,18 | 64.4,10 | 50.0,70,9 | 5.59,29.91 | 1013,0.0 | 0.0
2011-10-09,19.0,11.0,68.0,6.0,29.91,1.5,19 | 66.2,11 | 51.8,68,6 | 3.73,29.91 | 1013,1.5 | 0.06
2011-10-10,19.0,12.0,73.0,5.0,29.91,0.3,19 | 66.2,12 | 53.6,73,5 | 3.11,29.91 | 1013,0.3 | 0.01
2011-10-11,19.0,13.0,76.0,5.0,29.88,3.1,19 | 66.2,13 | 55.4,76,5 | 3.11,29.88 | 1012,3.1 | 0.12
2011-10-12,19.0,13.0,79.0,9.0,29.85,4.9,19 | 66.2,13 | 55.4,79,9 | 5.59,29.85 | 1011,4.9 | 0.19
2011-10-13,18.0,14.0,82.0,8.0,29.85,2.4,18 | 64.4,14 | 57.2,82,8 | 4.97,29.85 | 1011,2.4 | 0.09
2011-10-14,18.0,14.0,85.0,11.0,29.85,9.6,18 | 64.4,14 | 57.2,85,11 | 6.84,29.85 | 1011,9.6 | 0.38
2011-10-15,18.0,14.0,84.0,12.0,29.85,2.9,18 | 64.4,14 | 57.2,84,12 | 7.46,29.85 | 1011,2.9 | 0.11
2011-10-16,19.0,13.0,75.0,9.0,29.85,0.0,19 | 66.2,13 | 55.4,75,9 | 5.59,29.85 | 1011,0.0 | 0.0
2011-10-17,19.0,13.0,76.0,10.0,29.83,1.2,19 | 66.2,13 | 55.4,76,10 | 6.21,29.83 | 1010,1.2 | 0.05
2011-10-18,19.0,13.0,78.0,11.0,29.83,3.6,19 | 66.2,13 | 55.4,78,11 | 6.84,29.83 | 1010,3.6 | 0.14
2011-10-19,19.0,14.0,83.0,10.0,29.85,12.1,19 | 66.2,14 | 57.2,83,10 | 6.21,29.85 | 1011,12.1 | 0.48
2011-10-20,18.0,13.0,82.0,9.0,29.85,12.2,18 | 64.4,13 | 55.4,82,9 | 5.59,29.85 | 1011,12.2 | 0.48
2011-10-21,18.0,13.0,79.0,11.0,29.85,2.5,18 | 64.4,13 | 55.4,79,11 | 6.84,29.85 | 1011,2.5 | 0.1
2011-10-22,19.0,12.0,74.0,12.0,29.83,0.1,19 | 66.2,12 | 53.6,74,12 | 7.46,29.83 | 1010,0.1 | 0.0
2011-10-23,19.0,11.0,72.0,9.0,29.85,0.3,19 | 66.2,11 | 51.8,72,9 | 5.59,29.85 | 1011,0.3 | 0.01
2011-10-24,18.0,12.0,78.0,5.0,29.85,21.3,18 | 64.4,12 | 53.6,78,5 | 3.11,29.85 | 1011,21.3 | 0.84
2011-10-25,18.0,13.0,81.0,7.0,29.85,15.2,18 | 64.4,13 | 55.4,81,7 | 4.35,29.85 | 1011,15.2 | 0.6
2011-10-26,17.0,12.0,79.0,6.0,29.85,9.7,17 | 62.6,12 | 53.6,79,6 | 3.73,29.85 | 1011,9.7 | 0.38
2011-10-27,17.0,12.0,81.0,6.0,29.88,14.1,17 | 62.6,12 | 53.6,81,6 | 3.73,29.88 | 1012,14.1 | 0.56
2011-10-28,18.0,14.0,86.0,5.0,29.88,33.3,18 | 64.4,14 | 57.2,86,5 | 3.11,29.88 | 1012,33.3 | 1.31
2011-10-29,18.0,14.0,87.0,2.0,29.91,42.8,18 | 64.4,14 | 57.2,87,2 | 1.24,29.91 | 1013,42.8 | 1.69
2011-10-30,18.0,14.0,85.0,3.0,29.85,20.5,18 | 64.4,14 | 57.2,85,3 | 1.86,29.85 | 1011,20.5 | 0.81
2011-10-31,20.0,13.0,77.0,5.0,29.85,3.3,20 | 68.0,13 | 55.4,77,5 | 3.11,29.85 | 1011,3.3 | 0.13
2011-11-01,19.0,13.0,81.0,5.0,29.88,13.0,19 | 66.2,13 | 55.4,81,5 | 3.11,29.88 | 1012,13.0 | 0.51
2011-11-02,19.0,14.0,84.0,4.0,29.88,34.2,19 | 66.2,14 | 57.2,84,4 | 2.49,29.88 | 1012,34.2 | 1.35
2011-11-03,18.0,15.0,88.0,5.0,29.88,31.5,18 | 64.4,15 | 59.0,88,5 | 3.11,29.88 | 1012,31.5 | 1.24
2011-11-04,16.0,15.0,92.0,6.0,29.91,49.7,16 | 60.8,15 | 59.0,92,6 | 3.73,29.91 | 1013,49.7 | 1.96
2011-11-05,19.0,15.0,88.0,5.0,29.91,23.5,19 | 66.2,15 | 59.0,88,5 | 3.11,29.91 | 1013,23.5 | 0.93
2011-11-06,18.0,15.0,87.0,4.0,29.94,27.9,18 | 64.4,15 | 59.0,87,4 | 2.49,29.94 | 1014,27.9 | 1.1
2011-11-07,19.0,14.0,84.0,6.0,29.91,2.5,19 | 66.2,14 | 57.2,84,6 | 3.73,29.91 | 1013,2.5 | 0.1
2011-11-08,19.0,14.0,82.0,8.0,29.88,11.0,19 | 66.2,14 | 57.2,82,8 | 4.97,29.88 | 1012,11.0 | 0.43
2011-11-09,18.0,15.0,87.0,3.0,29.85,36.9,18 | 64.4,15 | 59.0,87,3 | 1.86,29.85 | 1011,36.9 | 1.45
2011-11-10,19.0,15.0,84.0,6.0,29.85,10.6,19 | 66.2,15 | 59.0,84,6 | 3.73,29.85 | 1011,10.6 | 0.42
2011-11-11,19.0,14.0,83.0,11.0,29.85,2.5,19 | 66.2,14 | 57.2,83,11 | 6.84,29.85 | 1011,2.5 | 0.1
2011-11-12,18.0,13.0,82.0,14.0,29.85,0.6,18 | 64.4,13 | 55.4,82,14 | 8.7,29.85 | 1011,0.6 | 0.02
2011-11-13,18.0,13.0,83.0,12.0,29.88,15.4,18 | 64.4,13 | 55.4,83,12 | 7.46,29.88 | 1012,15.4 | 0.61
2011-11-14,17.0,12.0,79.0,14.0,29.85,0.2,17 | 62.6,12 | 53.6,79,14 | 8.7,29.85 | 1011,0.2 | 0.01
2011-11-15,18.0,13.0,81.0,14.0,29.88,2.1,18 | 64.4,13 | 55.4,81,14 | 8.7,29.88 | 1012,2.1 | 0.08
2011-11-16,18.0,13.0,82.0,15.0,29.88,0.9,18 | 64.4,13 | 55.4,82,15 | 9.32,29.88 | 1012,0.9 | 0.04
2011-11-17,19.0,14.0,80.0,13.0,29.88,0.8,19 | 66.2,14 | 57.2,80,13 | 8.08,29.88 | 1012,0.8 | 0.03
2011-11-18,19.0,14.0,80.0,12.0,29.85,4.9,19 | 66.2,14 | 57.2,80,12 | 7.46,29.85 | 1011,4.9 | 0.19
2011-11-19,19.0,14.0,82.0,10.0,29.85,9.4,19 | 66.2,14 | 57.2,82,10 | 6.21,29.85 | 1011,9.4 | 0.37
2011-11-20,19.0,14.0,80.0,9.0,29.88,8.6,19 | 66.2,14 | 57.2,80,9 | 5.59,29.88 | 1012,8.6 | 0.34
2011-11-21,19.0,14.0,81.0,6.0,29.88,11.7,19 | 66.2,14 | 57.2,81,6 | 3.73,29.88 | 1012,11.7 | 0.46
2011-11-22,19.0,14.0,80.0,7.0,29.91,9.4,19 | 66.2,14 | 57.2,80,7 | 4.35,29.91 | 1013,9.4 | 0.37
2011-11-23,19.0,13.0,78.0,9.0,29.88,1.3,19 | 66.2,13 | 55.4,78,9 | 5.59,29.88 | 1012,1.3 | 0.05
2011-11-24,19.0,14.0,81.0,6.0,29.88,16.7,19 | 66.2,14 | 57.2,81,6 | 3.73,29.88 | 1012,16.7 | 0.66
2011-11-25,17.0,14.0,86.0,5.0,29.91,34.8,17 | 62.6,14 | 57.2,86,5 | 3.11,29.91 | 1013,34.8 | 1.37
2011-11-26,17.0,14.0,88.0,4.0,29.94,27.6,17 | 62.6,14 | 57.2,88,4 | 2.49,29.94 | 1014,27.6 | 1.09
2011-11-27,19.0,14.0,83.0,6.0,29.88,14.5,19 | 66.2,14 | 57.2,83,6 | 3.73,29.88 | 1012,14.5 | 0.57
2011-11-28,19.0,14.0,83.0,7.0,29.88,20.7,19 | 66.2,14 | 57.2,83,7 | 4.35,29.88 | 1012,20.7 | 0.81
2011-11-29,19.0,15.0,84.0,3.0,29.88,22.2,19 | 66.2,15 | 59.0,84,3 | 1.86,29.88 | 1012,22.2 | 0.87
2011-11-30,18.0,14.0,85.0,4.0,29.88,20.5,18 | 64.4,14 | 57.2,85,4 | 2.49,29.88 | 1012,20.5 | 0.81
2011-12-01,18.0,14.0,86.0,3.0,29.91,22.1,18 | 64.4,14 | 57.2,86,3 | 1.86,29.91 | 1013,22.1 | 0.87
2011-12-02,18.0,15.0,89.0,4.0,29.91,29.1,18 | 64.4,15 | 59.0,89,4 | 2.49,29.91 | 1013,29.1 | 1.15
2011-12-03,17.0,14.0,88.0,10.0,29.88,28.0,17 | 62.6,14 | 57.2,88,10 | 6.21,29.88 | 1012,28.0 | 1.1
2011-12-04,18.0,13.0,84.0,11.0,29.85,6.1,18 | 64.4,13 | 55.4,84,11 | 6.84,29.85 | 1011,6.1 | 0.24
2011-12-05,18.0,12.0,77.0,13.0,29.88,0.2,18 | 64.4,12 | 53.6,77,13 | 8.08,29.88 | 1012,0.2 | 0.01
2011-12-06,18.0,12.0,77.0,12.0,29.91,3.1,18 | 64.4,12 | 53.6,77,12 | 7.46,29.91 | 1013,3.1 | 0.12
2011-12-07,17.0,11.0,77.0,10.0,29.91,0.2,17 | 62.6,11 | 51.8,77,10 | 6.21,29.91 | 1013,0.2 | 0.01
2011-12-08,17.0,10.0,75.0,14.0,29.88,0.0,17 | 62.6,10 | 50.0,75,14 | 8.7,29.88 | 1012,0.0 | 0.0
2011-12-09,16.0,10.0,74.0,15.0,29.85,0.0,16 | 60.8,10 | 50.0,74,15 | 9.32,29.85 | 1011,0.0 | 0.0
2011-12-10,17.0,11.0,75.0,13.0,29.88,0.0,17 | 62.6,11 | 51.8,75,13 | 8.08,29.88 | 1012,0.0 | 0.0
2011-12-11,18.0,10.0,70.0,11.0,29.88,0.0,18 | 64.4,10 | 50.0,70,11 | 6.84,29.88 | 1012,0.0 | 0.0
2011-12-12,17.0,9.0,67.0,12.0,29.88,0.0,17 | 62.6,9 | 48.2,67,12 | 7.46,29.88 | 1012,0.0 | 0.0
2011-12-13,18.0,11.0,74.0,10.0,29.91,0.4,18 | 64.4,11 | 51.8,74,10 | 6.21,29.91 | 1013,0.4 | 0.02
2011-12-14,17.0,10.0,74.0,11.0,29.91,0.1,17 | 62.6,10 | 50.0,74,11 | 6.84,29.91 | 1013,0.1 | 0.0
2011-12-15,18.0,10.0,73.0,11.0,29.91,0.3,18 | 64.4,10 | 50.0,73,11 | 6.84,29.91 | 1013,0.3 | 0.01
2011-12-16,18.0,12.0,77.0,10.0,29.91,18.7,18 | 64.4,12 | 53.6,77,10 | 6.21,29.91 | 1013,18.7 | 0.74
2011-12-17,18.0,11.0,74.0,9.0,29.88,0.4,18 | 64.4,11 | 51.8,74,9 | 5.59,29.88 | 1012,0.4 | 0.02
2011-12-18,19.0,11.0,71.0,10.0,29.91,0.4,19 | 66.2,11 | 51.8,71,10 | 6.21,29.91 | 1013,0.4 | 0.02
2011-12-19,18.0,11.0,73.0,13.0,29.91,0.1,18 | 64.4,11 | 51.8,73,13 | 8.08,29.91 | 1013,0.1 | 0.0
2011-12-20,17.0,9.0,70.0,14.0,29.94,0.0,17 | 62.6,9 | 48.2,70,14 | 8.7,29.94 | 1014,0.0 | 0.0
2011-12-21,17.0,9.0,68.0,13.0,29.94,0.0,17 | 62.6,9 | 48.2,68,13 | 8.08,29.94 | 1014,0.0 | 0.0
2011-12-22,17.0,10.0,72.0,14.0,29.94,0.0,17 | 62.6,10 | 50.0,72,14 | 8.7,29.94 | 1014,0.0 | 0.0
2011-12-23,18.0,10.0,69.0,12.0,29.94,0.0,18 | 64.4,10 | 50.0,69,12 | 7.46,29.94 | 1014,0.0 | 0.0
2011-12-24,19.0,11.0,72.0,7.0,29.94,2.1,19 | 66.2,11 | 51.8,72,7 | 4.35,29.94 | 1014,2.1 | 0.08
2011-12-25,19.0,12.0,72.0,5.0,29.94,7.0,19 | 66.2,12 | 53.6,72,5 | 3.11,29.94 | 1014,7.0 | 0.28
2011-12-26,19.0,11.0,70.0,8.0,29.97,0.7,19 | 66.2,11 | 51.8,70,8 | 4.97,29.97 | 1015,0.7 | 0.03
2011-12-27,19.0,13.0,73.0,10.0,29.94,7.6,19 | 66.2,13 | 55.4,73,10 | 6.21,29.94 | 1014,7.6 | 0.3
2011-12-28,19.0,12.0,72.0,12.0,29.94,0.6,19 | 66.2,12 | 53.6,72,12 | 7.46,29.94 | 1014,0.6 | 0.02
2011-12-29,18.0,8.0,63.0,12.0,29.94,0.0,18 | 64.4,8 | 46.4,63,12 | 7.46,29.94 | 1014,0.0 | 0.0
2011-12-30,17.0,7.0,58.0,14.0,29.97,0.0,17 | 62.6,7 | 44.6,58,14 | 8.7,29.97 | 1015,0.0 | 0.0
2011-12-31,17.0,8.0,61.0,12.0,29.97,0.0,17 | 62.6,8 | 46.4,61,12 | 7.46,29.97 | 1015,0.0 | 0.0
2012-01-01,17.0,7.0,62.0,14.0,29.97,0.0,17 | 62.6,7 | 44.6,62,14 | 8.7,29.97 | 1015,0.0 | 0.0
2012-01-02,17.0,3.0,48.0,11.0,29.97,0.0,17 | 62.6,3 | 37.4,48,11 | 6.84,29.97 | 1015,0.0 | 0.0
2012-01-03,17.0,2.0,45.0,9.0,29.94,0.0,17 | 62.6,2 | 35.6,45,9 | 5.59,29.94 | 1014,0.0 | 0.0
2012-01-04,18.0,6.0,54.0,7.0,29.94,0.0,18 | 64.4,6 | 42.8,54,7 | 4.35,29.94 | 1014,0.0 | 0.0
2012-01-05,18.0,7.0,55.0,7.0,29.94,0.1,18 | 64.4,7 | 44.6,55,7 | 4.35,29.94 | 1014,0.1 | 0.0
2012-01-06,19.0,8.0,56.0,10.0,29.91,0.0,19 | 66.2,8 | 46.4,56,10 | 6.21,29.91 | 1013,0.0 | 0.0
2012-01-07,20.0,8.0,56.0,9.0,29.91,0.3,20 | 68.0,8 | 46.4,56,9 | 5.59,29.91 | 1013,0.3 | 0.01
2012-01-08,19.0,10.0,65.0,11.0,29.94,0.0,19 | 66.2,10 | 50.0,65,11 | 6.84,29.94 | 1014,0.0 | 0.0
2012-01-09,20.0,8.0,58.0,8.0,29.91,0.8,20 | 68.0,8 | 46.4,58,8 | 4.97,29.91 | 1013,0.8 | 0.03
2012-01-10,18.0,9.0,63.0,16.0,29.94,0.0,18 | 64.4,9 | 48.2,63,16 | 9.94,29.94 | 1014,0.0 | 0.0
2012-01-11,18.0,9.0,67.0,18.0,29.94,0.0,18 | 64.4,9 | 48.2,67,18 | 11.18,29.94 | 1014,0.0 | 0.0
2012-01-12,19.0,9.0,64.0,17.0,29.94,0.0,19 | 66.2,9 | 48.2,64,17 | 10.56,29.94 | 1014,0.0 | 0.0
2012-01-13,19.0,9.0,62.0,11.0,29.97,0.0,19 | 66.2,9 | 48.2,62,11 | 6.84,29.97 | 1015,0.0 | 0.0
2012-01-14,19.0,5.0,50.0,9.0,29.94,0.0,19 | 66.2,5 | 41.0,50,9 | 5.59,29.94 | 1014,0.0 | 0.0
2012-01-15,20.0,6.0,50.0,8.0,29.88,0.0,20 | 68.0,6 | 42.8,50,8 | 4.97,29.88 | 1012,0.0 | 0.0
2012-01-16,19.0,9.0,59.0,10.0,29.85,0.6,19 | 66.2,9 | 48.2,59,10 | 6.21,29.85 | 1011,0.6 | 0.02
2012-01-17,19.0,7.0,53.0,13.0,29.85,0.0,19 | 66.2,7 | 44.6,53,13 | 8.08,29.85 | 1011,0.0 | 0.0
2012-01-18,19.0,8.0,57.0,13.0,29.88,0.1,19 | 66.2,8 | 46.4,57,13 | 8.08,29.88 | 1012,0.1 | 0.0
2012-01-19,19.0,9.0,58.0,10.0,29.91,0.4,19 | 66.2,9 | 48.2,58,10 | 6.21,29.91 | 1013,0.4 | 0.02
2012-01-20,19.0,8.0,55.0,9.0,29.91,0.0,19 | 66.2,8 | 46.4,55,9 | 5.59,29.91 | 1013,0.0 | 0.0
2012-01-21,19.0,5.0,47.0,11.0,29.88,0.0,19 | 66.2,5 | 41.0,47,11 | 6.84,29.88 | 1012,0.0 | 0.0
2012-01-22,19.0,2.0,41.0,12.0,29.91,0.0,19 | 66.2,2 | 35.6,41,12 | 7.46,29.91 | 1013,0.0 | 0.0
2012-01-23,19.0,3.0,42.0,11.0,29.94,0.0,19 | 66.2,3 | 37.4,42,11 | 6.84,29.94 | 1014,0.0 | 0.0
2012-01-24,19.0,4.0,45.0,12.0,29.94,0.0,19 | 66.2,4 | 39.2,45,12 | 7.46,29.94 | 1014,0.0 | 0.0
2012-01-25,19.0,4.0,45.0,14.0,29.91,0.0,19 | 66.2,4 | 39.2,45,14 | 8.7,29.91 | 1013,0.0 | 0.0
2012-01-26,19.0,5.0,51.0,11.0,29.91,0.0,19 | 66.2,5 | 41.0,51,11 | 6.84,29.91 | 1013,0.0 | 0.0
2012-01-27,20.0,7.0,54.0,13.0,29.91,0.0,20 | 68.0,7 | 44.6,54,13 | 8.08,29.91 | 1013,0.0 | 0.0
2012-01-28,20.0,5.0,48.0,13.0,29.88,0.0,20 | 68.0,5 | 41.0,48,13 | 8.08,29.88 | 1012,0.0 | 0.0
2012-01-29,19.0,4.0,44.0,14.0,29.85,0.0,19 | 66.2,4 | 39.2,44,14 | 8.7,29.85 | 1011,0.0 | 0.0
2012-01-30,18.0,4.0,46.0,15.0,29.85,0.0,18 | 64.4,4 | 39.2,46,15 | 9.32,29.85 | 1011,0.0 | 0.0
2012-01-31,18.0,2.0,41.0,18.0,29.91,0.0,18 | 64.4,2 | 35.6,41,18 | 11.18,29.91 | 1013,0.0 | 0.0
2012-02-01,18.0,3.0,46.0,16.0,29.94,0.0,18 | 64.4,3 | 37.4,46,16 | 9.94,29.94 | 1014,0.0 | 0.0
2012-02-02,19.0,4.0,48.0,8.0,29.94,0.0,19 | 66.2,4 | 39.2,48,8 | 4.97,29.94 | 1014,0.0 | 0.0
2012-02-03,20.0,2.0,39.0,12.0,29.94,0.0,20 | 68.0,2 | 35.6,39,12 | 7.46,29.94 | 1014,0.0 | 0.0
2012-02-04,20.0,6.0,48.0,15.0,29.94,0.0,20 | 68.0,6 | 42.8,48,15 | 9.32,29.94 | 1014,0.0 | 0.0
2012-02-05,20.0,7.0,51.0,17.0,29.88,0.0,20 | 68.0,7 | 44.6,51,17 | 10.56,29.88 | 1012,0.0 | 0.0
2012-02-06,19.0,5.0,51.0,18.0,29.88,0.0,19 | 66.2,5 | 41.0,51,18 | 11.18,29.88 | 1012,0.0 | 0.0
2012-02-07,19.0,6.0,50.0,19.0,29.88,0.0,19 | 66.2,6 | 42.8,50,19 | 11.81,29.88 | 1012,0.0 | 0.0
2012-02-08,18.0,5.0,50.0,18.0,29.88,0.0,18 | 64.4,5 | 41.0,50,18 | 11.18,29.88 | 1012,0.0 | 0.0
2012-02-09,19.0,4.0,46.0,17.0,29.88,0.0,19 | 66.2,4 | 39.2,46,17 | 10.56,29.88 | 1012,0.0 | 0.0
2012-02-10,19.0,6.0,52.0,16.0,29.85,0.0,19 | 66.2,6 | 42.8,52,16 | 9.94,29.85 | 1011,0.0 | 0.0
2012-02-11,20.0,9.0,58.0,15.0,29.88,0.2,20 | 68.0,9 | 48.2,58,15 | 9.32,29.88 | 1012,0.2 | 0.01
2012-02-12,21.0,10.0,58.0,12.0,29.85,2.1,21 | 69.8,10 | 50.0,58,12 | 7.46,29.85 | 1011,2.1 | 0.08
2012-02-13,20.0,9.0,57.0,17.0,29.85,0.0,20 | 68.0,9 | 48.2,57,17 | 10.56,29.85 | 1011,0.0 | 0.0
2012-02-14,20.0,8.0,54.0,19.0,29.85,0.0,20 | 68.0,8 | 46.4,54,19 | 11.81,29.85 | 1011,0.0 | 0.0
2012-02-15,19.0,5.0,49.0,20.0,29.91,0.0,19 | 66.2,5 | 41.0,49,20 | 12.43,29.91 | 1013,0.0 | 0.0
2012-02-16,20.0,7.0,51.0,15.0,29.85,0.6,20 | 68.0,7 | 44.6,51,15 | 9.32,29.85 | 1011,0.6 | 0.02
2012-02-17,19.0,10.0,67.0,12.0,29.85,2.0,19 | 66.2,10 | 50.0,67,12 | 7.46,29.85 | 1011,2.0 | 0.08
2012-02-18,19.0,11.0,70.0,12.0,29.85,19.3,19 | 66.2,11 | 51.8,70,12 | 7.46,29.85 | 1011,19.3 | 0.76
2012-02-19,20.0,9.0,62.0,14.0,29.88,0.0,20 | 68.0,9 | 48.2,62,14 | 8.7,29.88 | 1012,0.0 | 0.0
2012-02-20,20.0,7.0,52.0,13.0,29.91,0.0,20 | 68.0,7 | 44.6,52,13 | 8.08,29.91 | 1013,0.0 | 0.0
2012-02-21,21.0,9.0,54.0,12.0,29.88,0.0,21 | 69.8,9 | 48.2,54,12 | 7.46,29.88 | 1012,0.0 | 0.0
2012-02-22,20.0,10.0,59.0,14.0,29.83,1.0,20 | 68.0,10 | 50.0,59,14 | 8.7,29.83 | 1010,1.0 | 0.04
2012-02-23,20.0,10.0,62.0,16.0,29.83,0.0,20 | 68.0,10 | 50.0,62,16 | 9.94,29.83 | 1010,0.0 | 0.0
2012-02-24,19.0,7.0,55.0,16.0,29.85,0.0,19 | 66.2,7 | 44.6,55,16 | 9.94,29.85 | 1011,0.0 | 0.0
2012-02-25,19.0,4.0,50.0,8.0,29.85,0.0,19 | 66.2,4 | 39.2,50,8 | 4.97,29.85 | 1011,0.0 | 0.0
2012-02-26,19.0,8.0,59.0,4.0,29.83,6.4,19 | 66.2,8 | 46.4,59,4 | 2.49,29.83 | 1010,6.4 | 0.25
2012-02-27,19.0,11.0,69.0,7.0,29.85,6.2,19 | 66.2,11 | 51.8,69,7 | 4.35,29.85 | 1011,6.2 | 0.24
2012-02-28,20.0,11.0,66.0,9.0,29.85,6.4,20 | 68.0,11 | 51.8,66,9 | 5.59,29.85 | 1011,6.4 | 0.25
2012-02-29,20.0,10.0,63.0,10.0,29.83,6.8,20 | 68.0,10 | 50.0,63,10 | 6.21,29.83 | 1010,6.8 | 0.27
2012-03-01,20.0,10.0,58.0,7.0,29.85,7.1,20 | 68.0,10 | 50.0,58,7 | 4.35,29.85 | 1011,7.1 | 0.28
2012-03-02,20.0,10.0,63.0,7.0,29.88,2.3,20 | 68.0,10 | 50.0,63,7 | 4.35,29.88 | 1012,2.3 | 0.09
2012-03-03,19.0,11.0,67.0,8.0,29.91,6.0,19 | 66.2,11 | 51.8,67,8 | 4.97,29.91 | 1013,6.0 | 0.24
2012-03-04,20.0,11.0,67.0,6.0,29.91,5.3,20 | 68.0,11 | 51.8,67,6 | 3.73,29.91 | 1013,5.3 | 0.21
2012-03-05,20.0,12.0,70.0,7.0,29.88,10.4,20 | 68.0,12 | 53.6,70,7 | 4.35,29.88 | 1012,10.4 | 0.41
2012-03-06,20.0,11.0,67.0,12.0,29.88,1.0,20 | 68.0,11 | 51.8,67,12 | 7.46,29.88 | 1012,1.0 | 0.04
2012-03-07,19.0,7.0,57.0,14.0,29.91,0.2,19 | 66.2,7 | 44.6,57,14 | 8.7,29.91 | 1013,0.2 | 0.01
2012-03-08,18.0,5.0,48.0,15.0,29.91,0.0,18 | 64.4,5 | 41.0,48,15 | 9.32,29.91 | 1013,0.0 | 0.0
2012-03-09,19.0,4.0,47.0,14.0,29.91,0.0,19 | 66.2,4 | 39.2,47,14 | 8.7,29.91 | 1013,0.0 | 0.0
2012-03-10,20.0,5.0,51.0,8.0,29.91,0.0,20 | 68.0,5 | 41.0,51,8 | 4.97,29.91 | 1013,0.0 | 0.0
2012-03-11,21.0,6.0,46.0,8.0,29.88,0.0,21 | 69.8,6 | 42.8,46,8 | 4.97,29.88 | 1012,0.0 | 0.0
2012-03-12,20.0,5.0,45.0,11.0,29.91,0.0,20 | 68.0,5 | 41.0,45,11 | 6.84,29.91 | 1013,0.0 | 0.0
2012-03-13,20.0,5.0,46.0,13.0,29.94,0.0,20 | 68.0,5 | 41.0,46,13 | 8.08,29.94 | 1014,0.0 | 0.0
2012-03-14,20.0,6.0,46.0,11.0,29.97,0.0,20 | 68.0,6 | 42.8,46,11 | 6.84,29.97 | 1015,0.0 | 0.0
2012-03-15,21.0,4.0,40.0,9.0,29.94,0.0,21 | 69.8,4 | 39.2,40,9 | 5.59,29.94 | 1014,0.0 | 0.0
2012-03-16,21.0,2.0,34.0,8.0,29.94,0.0,21 | 69.8,2 | 35.6,34,8 | 4.97,29.94 | 1014,0.0 | 0.0
2012-03-17,22.0,6.0,43.0,10.0,29.91,0.0,22 | 71.6,6 | 42.8,43,10 | 6.21,29.91 | 1013,0.0 | 0.0
2012-03-18,21.0,8.0,50.0,11.0,29.91,0.1,21 | 69.8,8 | 46.4,50,11 | 6.84,29.91 | 1013,0.1 | 0.0
2012-03-19,21.0,10.0,58.0,14.0,29.91,0.5,21 | 69.8,10 | 50.0,58,14 | 8.7,29.91 | 1013,0.5 | 0.02
2012-03-20,21.0,11.0,62.0,16.0,29.91,0.5,21 | 69.8,11 | 51.8,62,16 | 9.94,29.91 | 1013,0.5 | 0.02
2012-03-21,21.0,10.0,60.0,16.0,29.88,0.0,21 | 69.8,10 | 50.0,60,16 | 9.94,29.88 | 1012,0.0 | 0.0
2012-03-22,20.0,8.0,56.0,13.0,29.88,0.0,20 | 68.0,8 | 46.4,56,13 | 8.08,29.88 | 1012,0.0 | 0.0
2012-03-23,20.0,9.0,60.0,13.0,29.85,0.0,20 | 68.0,9 | 48.2,60,13 | 8.08,29.85 | 1011,0.0 | 0.0
2012-03-24,21.0,10.0,63.0,12.0,29.85,0.0,21 | 69.8,10 | 50.0,63,12 | 7.46,29.85 | 1011,0.0 | 0.0
2012-03-25,20.0,11.0,64.0,14.0,29.88,0.2,20 | 68.0,11 | 51.8,64,14 | 8.7,29.88 | 1012,0.2 | 0.01
2012-03-26,21.0,9.0,59.0,14.0,29.88,0.0,21 | 69.8,9 | 48.2,59,14 | 8.7,29.88 | 1012,0.0 | 0.0
2012-03-27,21.0,10.0,63.0,12.0,29.88,0.6,21 | 69.8,10 | 50.0,63,12 | 7.46,29.88 | 1012,0.6 | 0.02
2012-03-28,21.0,9.0,59.0,13.0,29.91,0.0,21 | 69.8,9 | 48.2,59,13 | 8.08,29.91 | 1013,0.0 | 0.0
2012-03-29,21.0,8.0,56.0,10.0,29.91,0.0,21 | 69.8,8 | 46.4,56,10 | 6.21,29.91 | 1013,0.0 | 0.0
2012-03-30,20.0,10.0,64.0,10.0,29.91,0.6,20 | 68.0,10 | 50.0,64,10 | 6.21,29.91 | 1013,0.6 | 0.02
2012-03-31,21.0,11.0,66.0,8.0,29.91,6.3,21 | 69.8,11 | 51.8,66,8 | 4.97,29.91 | 1013,6.3 | 0.25
2012-04-01,21.0,11.0,68.0,7.0,29.94,2.6,21 | 69.8,11 | 51.8,68,7 | 4.35,29.94 | 1014,2.6 | 0.1
2012-04-02,20.0,13.0,76.0,5.0,29.94,25.8,20 | 68.0,13 | 55.4,76,5 | 3.11,29.94 | 1014,25.8 | 1.02
2012-04-03,19.0,14.0,79.0,6.0,29.94,29.1,19 | 66.2,14 | 57.2,79,6 | 3.73,29.94 | 1014,29.1 | 1.15
2012-04-04,20.0,13.0,76.0,10.0,29.88,13.1,20 | 68.0,13 | 55.4,76,10 | 6.21,29.88 | 1012,13.1 | 0.52
2012-04-05,18.0,13.0,78.0,10.0,29.88,5.2,18 | 64.4,13 | 55.4,78,10 | 6.21,29.88 | 1012,5.2 | 0.2
2012-04-06,18.0,13.0,82.0,8.0,29.88,28.3,18 | 64.4,13 | 55.4,82,8 | 4.97,29.88 | 1012,28.3 | 1.11
2012-04-07,18.0,12.0,78.0,9.0,29.88,10.7,18 | 64.4,12 | 53.6,78,9 | 5.59,29.88 | 1012,10.7 | 0.42
2012-04-08,19.0,11.0,71.0,9.0,29.85,0.3,19 | 66.2,11 | 51.8,71,9 | 5.59,29.85 | 1011,0.3 | 0.01
2012-04-09,20.0,13.0,77.0,8.0,29.85,15.9,20 | 68.0,13 | 55.4,77,8 | 4.97,29.85 | 1011,15.9 | 0.63
2012-04-10,20.0,14.0,79.0,9.0,29.85,9.4,20 | 68.0,14 | 57.2,79,9 | 5.59,29.85 | 1011,9.4 | 0.37
2012-04-11,20.0,11.0,70.0,7.0,29.88,3.2,20 | 68.0,11 | 51.8,70,7 | 4.35,29.88 | 1012,3.2 | 0.13
2012-04-12,19.0,12.0,75.0,6.0,29.91,18.9,19 | 66.2,12 | 53.6,75,6 | 3.73,29.91 | 1013,18.9 | 0.74
2012-04-13,19.0,13.0,79.0,4.0,29.88,19.6,19 | 66.2,13 | 55.4,79,4 | 2.49,29.88 | 1012,19.6 | 0.77
2012-04-14,19.0,15.0,82.0,5.0,29.85,36.1,19 | 66.2,15 | 59.0,82,5 | 3.11,29.85 | 1011,36.1 | 1.42
2012-04-15,19.0,14.0,83.0,4.0,29.85,38.8,19 | 66.2,14 | 57.2,83,4 | 2.49,29.85 | 1011,38.8 | 1.53
2012-04-16,19.0,13.0,80.0,6.0,29.85,19.9,19 | 66.2,13 | 55.4,80,6 | 3.73,29.85 | 1011,19.9 | 0.78
2012-04-17,19.0,14.0,83.0,4.0,29.88,13.5,19 | 66.2,14 | 57.2,83,4 | 2.49,29.88 | 1012,13.5 | 0.53
2012-04-18,18.0,14.0,85.0,5.0,29.88,30.7,18 | 64.4,14 | 57.2,85,5 | 3.11,29.88 | 1012,30.7 | 1.21
2012-04-19,19.0,15.0,83.0,3.0,29.88,7.5,19 | 66.2,15 | 59.0,83,3 | 1.86,29.88 | 1012,7.5 | 0.3
2012-04-20,20.0,13.0,78.0,3.0,29.88,1.1,20 | 68.0,13 | 55.4,78,3 | 1.86,29.88 | 1012,1.1 | 0.04
2012-04-21,19.0,14.0,82.0,4.0,29.91,14.3,19 | 66.2,14 | 57.2,82,4 | 2.49,29.91 | 1013,14.3 | 0.56
2012-04-22,18.0,15.0,89.0,5.0,29.94,15.2,18 | 64.4,15 | 59.0,89,5 | 3.11,29.94 | 1014,15.2 | 0.6
2012-04-23,19.0,15.0,85.0,3.0,29.91,24.5,19 | 66.2,15 | 59.0,85,3 | 1.86,29.91 | 1013,24.5 | 0.96
2012-04-24,16.0,15.0,94.0,6.0,29.94,51.8,16 | 60.8,15 | 59.0,94,6 | 3.73,29.94 | 1014,51.8 | 2.04
2012-04-25,16.0,12.0,87.0,5.0,30.0,8.3,16 | 60.8,12 | 53.6,87,5 | 3.11,30.0 | 1016,8.3 | 0.33
2012-04-26,19.0,14.0,85.0,4.0,29.94,12.8,19 | 66.2,14 | 57.2,85,4 | 2.49,29.94 | 1014,12.8 | 0.5
2012-04-27,19.0,15.0,87.0,3.0,29.94,26.6,19 | 66.2,15 | 59.0,87,3 | 1.86,29.94 | 1014,26.6 | 1.05
2012-04-28,19.0,15.0,88.0,2.0,29.91,47.0,19 | 66.2,15 | 59.0,88,2 | 1.24,29.91 | 1013,47.0 | 1.85
2012-04-29,17.0,15.0,90.0,4.0,29.94,41.5,17 | 62.6,15 | 59.0,90,4 | 2.49,29.94 | 1014,41.5 | 1.63
2012-04-30,18.0,15.0,89.0,4.0,29.91,36.6,18 | 64.4,15 | 59.0,89,4 | 2.49,29.91 | 1013,36.6 | 1.44
2012-05-01,18.0,14.0,88.0,4.0,29.91,36.1,18 | 64.4,14 | 57.2,88,4 | 2.49,29.91 | 1013,36.1 | 1.42
2012-05-02,19.0,14.0,87.0,4.0,29.91,13.2,19 | 66.2,14 | 57.2,87,4 | 2.49,29.91 | 1013,13.2 | 0.52
2012-05-03,18.0,14.0,89.0,3.0,29.91,22.8,18 | 64.4,14 | 57.2,89,3 | 1.86,29.91 | 1013,22.8 | 0.9
2012-05-04,18.0,14.0,90.0,3.0,29.91,20.1,18 | 64.4,14 | 57.2,90,3 | 1.86,29.91 | 1013,20.1 | 0.79
2012-05-05,18.0,14.0,90.0,4.0,29.91,23.2,18 | 64.4,14 | 57.2,90,4 | 2.49,29.91 | 1013,23.2 | 0.91
2012-05-06,18.0,15.0,90.0,3.0,29.91,26.8,18 | 64.4,15 | 59.0,90,3 | 1.86,29.91 | 1013,26.8 | 1.06
2012-05-07,18.0,16.0,91.0,3.0,29.91,32.4,18 | 64.4,16 | 60.8,91,3 | 1.86,29.91 | 1013,32.4 | 1.28
2012-05-08,15.0,14.0,95.0,5.0,29.91,65.3,15 | 59.0,14 | 57.2,95,5 | 3.11,29.91 | 1013,65.3 | 2.57
2012-05-09,18.0,14.0,90.0,4.0,29.91,13.4,18 | 64.4,14 | 57.2,90,4 | 2.49,29.91 | 1013,13.4 | 0.53
2012-05-10,18.0,15.0,91.0,7.0,29.91,15.9,18 | 64.4,15 | 59.0,91,7 | 4.35,29.91 | 1013,15.9 | 0.63
2012-05-11,18.0,14.0,86.0,5.0,29.94,0.8,18 | 64.4,14 | 57.2,86,5 | 3.11,29.94 | 1014,0.8 | 0.03
2012-05-12,18.0,13.0,86.0,3.0,29.91,3.6,18 | 64.4,13 | 55.4,86,3 | 1.86,29.91 | 1013,3.6 | 0.14
2012-05-13,18.0,14.0,89.0,5.0,29.88,9.6,18 | 64.4,14 | 57.2,89,5 | 3.11,29.88 | 1012,9.6 | 0.38
2012-05-14,18.0,14.0,91.0,5.0,29.88,22.9,18 | 64.4,14 | 57.2,91,5 | 3.11,29.88 | 1012,22.9 | 0.9
2012-05-15,18.0,13.0,87.0,5.0,29.94,2.2,18 | 64.4,13 | 55.4,87,5 | 3.11,29.94 | 1014,2.2 | 0.09
2012-05-16,18.0,13.0,87.0,4.0,29.94,1.8,18 | 64.4,13 | 55.4,87,4 | 2.49,29.94 | 1014,1.8 | 0.07
2012-05-17,18.0,14.0,90.0,3.0,29.91,17.9,18 | 64.4,14 | 57.2,90,3 | 1.86,29.91 | 1013,17.9 | 0.7
2012-05-18,18.0,14.0,92.0,3.0,29.91,14.2,18 | 64.4,14 | 57.2,92,3 | 1.86,29.91 | 1013,14.2 | 0.56
2012-05-19,19.0,14.0,88.0,4.0,29.94,5.1,19 | 66.2,14 | 57.2,88,4 | 2.49,29.94 | 1014,5.1 | 0.2
2012-05-20,18.0,14.0,86.0,7.0,29.94,3.2,18 | 64.4,14 | 57.2,86,7 | 4.35,29.94 | 1014,3.2 | 0.13
2012-05-21,18.0,13.0,86.0,5.0,29.94,2.7,18 | 64.4,13 | 55.4,86,5 | 3.11,29.94 | 1014,2.7 | 0.11
2012-05-22,17.0,13.0,86.0,3.0,29.94,6.0,17 | 62.6,13 | 55.4,86,3 | 1.86,29.94 | 1014,6.0 | 0.24
2012-05-23,17.0,13.0,87.0,4.0,29.97,5.1,17 | 62.6,13 | 55.4,87,4 | 2.49,29.97 | 1015,5.1 | 0.2
2012-05-24,17.0,13.0,88.0,4.0,29.94,15.0,17 | 62.6,13 | 55.4,88,4 | 2.49,29.94 | 1014,15.0 | 0.59
2012-05-25,17.0,13.0,87.0,7.0,29.97,6.7,17 | 62.6,13 | 55.4,87,7 | 4.35,29.97 | 1015,6.7 | 0.26
2012-05-26,18.0,13.0,85.0,5.0,29.97,0.5,18 | 64.4,13 | 55.4,85,5 | 3.11,29.97 | 1015,0.5 | 0.02
2012-05-27,18.0,12.0,84.0,3.0,30.0,2.7,18 | 64.4,12 | 53.6,84,3 | 1.86,30.0 | 1016,2.7 | 0.11
2012-05-28,17.0,12.0,86.0,4.0,30.0,14.3,17 | 62.6,12 | 53.6,86,4 | 2.49,30.0 | 1016,14.3 | 0.56
2012-05-29,18.0,12.0,84.0,4.0,30.0,2.5,18 | 64.4,12 | 53.6,84,4 | 2.49,30.0 | 1016,2.5 | 0.1
2012-05-30,17.0,11.0,78.0,5.0,30.03,0.0,17 | 62.6,11 | 51.8,78,5 | 3.11,30.03 | 1017,0.0 | 0.0
2012-05-31,17.0,10.0,79.0,3.0,30.0,0.1,17 | 62.6,10 | 50.0,79,3 | 1.86,30.0 | 1016,0.1 | 0.0
2012-06-01,17.0,11.0,83.0,2.0,30.0,0.7,17 | 62.6,11 | 51.8,83,2 | 1.24,30.0 | 1016,0.7 | 0.03
2012-06-02,17.0,12.0,88.0,2.0,30.0,3.3,17 | 62.6,12 | 53.6,88,2 | 1.24,30.0 | 1016,3.3 | 0.13
2012-06-03,17.0,12.0,88.0,3.0,30.0,2.7,17 | 62.6,12 | 53.6,88,3 | 1.86,30.0 | 1016,2.7 | 0.11
2012-06-04,17.0,13.0,88.0,3.0,29.97,1.7,17 | 62.6,13 | 55.4,88,3 | 1.86,29.97 | 1015,1.7 | 0.07
2012-06-05,17.0,12.0,86.0,3.0,29.97,1.8,17 | 62.6,12 | 53.6,86,3 | 1.86,29.97 | 1015,1.8 | 0.07
2012-06-06,17.0,13.0,89.0,2.0,29.97,0.9,17 | 62.6,13 | 55.4,89,2 | 1.24,29.97 | 1015,0.9 | 0.04
2012-06-07,17.0,13.0,91.0,5.0,30.0,5.6,17 | 62.6,13 | 55.4,91,5 | 3.11,30.0 | 1016,5.6 | 0.22
2012-06-08,17.0,14.0,92.0,4.0,29.97,13.4,17 | 62.6,14 | 57.2,92,4 | 2.49,29.97 | 1015,13.4 | 0.53
2012-06-09,18.0,14.0,90.0,2.0,30.0,10.4,18 | 64.4,14 | 57.2,90,2 | 1.24,30.0 | 1016,10.4 | 0.41
2012-06-10,18.0,13.0,85.0,3.0,30.0,0.3,18 | 64.4,13 | 55.4,85,3 | 1.86,30.0 | 1016,0.3 | 0.01
2012-06-11,18.0,12.0,83.0,5.0,29.97,0.1,18 | 64.4,12 | 53.6,83,5 | 3.11,29.97 | 1015,0.1 | 0.0
2012-06-12,18.0,12.0,84.0,3.0,29.94,1.8,18 | 64.4,12 | 53.6,84,3 | 1.86,29.94 | 1014,1.8 | 0.07
2012-06-13,18.0,12.0,86.0,3.0,29.94,2.5,18 | 64.4,12 | 53.6,86,3 | 1.86,29.94 | 1014,2.5 | 0.1
2012-06-14,18.0,13.0,85.0,3.0,29.94,2.8,18 | 64.4,13 | 55.4,85,3 | 1.86,29.94 | 1014,2.8 | 0.11
2012-06-15,18.0,12.0,85.0,3.0,29.94,1.0,18 | 64.4,12 | 53.6,85,3 | 1.86,29.94 | 1014,1.0 | 0.04
2012-06-16,17.0,13.0,89.0,2.0,29.94,4.6,17 | 62.6,13 | 55.4,89,2 | 1.24,29.94 | 1014,4.6 | 0.18
2012-06-17,18.0,14.0,90.0,3.0,29.97,8.4,18 | 64.4,14 | 57.2,90,3 | 1.86,29.97 | 1015,8.4 | 0.33
2012-06-18,17.0,13.0,89.0,3.0,30.0,3.0,17 | 62.6,13 | 55.4,89,3 | 1.86,30.0 | 1016,3.0 | 0.12
2012-06-19,17.0,14.0,91.0,2.0,30.0,15.8,17 | 62.6,14 | 57.2,91,2 | 1.24,30.0 | 1016,15.8 | 0.62
2012-06-20,17.0,15.0,91.0,3.0,30.0,11.4,17 | 62.6,15 | 59.0,91,3 | 1.86,30.0 | 1016,11.4 | 0.45
2012-06-21,16.0,14.0,92.0,3.0,29.97,15.7,16 | 60.8,14 | 57.2,92,3 | 1.86,29.97 | 1015,15.7 | 0.62
2012-06-22,16.0,14.0,93.0,3.0,30.0,10.1,16 | 60.8,14 | 57.2,93,3 | 1.86,30.0 | 1016,10.1 | 0.4
2012-06-23,17.0,13.0,89.0,4.0,30.0,7.0,17 | 62.6,13 | 55.4,89,4 | 2.49,30.0 | 1016,7.0 | 0.28
2012-06-24,15.0,12.0,93.0,3.0,30.0,10.1,15 | 59.0,12 | 53.6,93,3 | 1.86,30.0 | 1016,10.1 | 0.4
2012-06-25,17.0,12.0,86.0,3.0,29.97,11.8,17 | 62.6,12 | 53.6,86,3 | 1.86,29.97 | 1015,11.8 | 0.46
2012-06-26,17.0,13.0,91.0,5.0,30.03,8.4,17 | 62.6,13 | 55.4,91,5 | 3.11,30.03 | 1017,8.4 | 0.33
2012-06-27,17.0,12.0,88.0,2.0,30.03,5.0,17 | 62.6,12 | 53.6,88,2 | 1.24,30.03 | 1017,5.0 | 0.2
2012-06-28,16.0,12.0,89.0,2.0,30.0,1.1,16 | 60.8,12 | 53.6,89,2 | 1.24,30.0 | 1016,1.1 | 0.04
2012-06-29,17.0,13.0,89.0,3.0,29.97,2.3,17 | 62.6,13 | 55.4,89,3 | 1.86,29.97 | 1015,2.3 | 0.09
2012-06-30,17.0,13.0,90.0,3.0,29.94,3.0,17 | 62.6,13 | 55.4,90,3 | 1.86,29.94 | 1014,3.0 | 0.12
2012-07-01,17.0,13.0,89.0,4.0,29.94,3.3,17 | 62.6,13 | 55.4,89,4 | 2.49,29.94 | 1014,3.3 | 0.13
2012-07-02,16.0,12.0,88.0,3.0,29.94,2.7,16 | 60.8,12 | 53.6,88,3 | 1.86,29.94 | 1014,2.7 | 0.11
2012-07-03,17.0,13.0,89.0,3.0,29.94,6.0,17 | 62.6,13 | 55.4,89,3 | 1.86,29.94 | 1014,6.0 | 0.24
2012-07-04,17.0,14.0,91.0,5.0,29.94,8.8,17 | 62.6,14 | 57.2,91,5 | 3.11,29.94 | 1014,8.8 | 0.35
2012-07-05,16.0,12.0,83.0,7.0,29.94,0.9,16 | 60.8,12 | 53.6,83,7 | 4.35,29.94 | 1014,0.9 | 0.04
2012-07-06,16.0,13.0,85.0,4.0,29.94,3.9,16 | 60.8,13 | 55.4,85,4 | 2.49,29.94 | 1014,3.9 | 0.15
2012-07-07,16.0,12.0,84.0,5.0,29.97,0.3,16 | 60.8,12 | 53.6,84,5 | 3.11,29.97 | 1015,0.3 | 0.01
2012-07-08,17.0,13.0,88.0,4.0,29.94,1.9,17 | 62.6,13 | 55.4,88,4 | 2.49,29.94 | 1014,1.9 | 0.07
2012-07-09,17.0,13.0,88.0,3.0,29.94,2.3,17 | 62.6,13 | 55.4,88,3 | 1.86,29.94 | 1014,2.3 | 0.09
2012-07-10,18.0,14.0,89.0,3.0,29.94,1.5,18 | 64.4,14 | 57.2,89,3 | 1.86,29.94 | 1014,1.5 | 0.06
2012-07-11,18.0,14.0,88.0,3.0,29.94,1.3,18 | 64.4,14 | 57.2,88,3 | 1.86,29.94 | 1014,1.3 | 0.05
2012-07-12,18.0,14.0,89.0,4.0,29.94,1.5,18 | 64.4,14 | 57.2,89,4 | 2.49,29.94 | 1014,1.5 | 0.06
2012-07-13,17.0,13.0,89.0,3.0,29.94,2.6,17 | 62.6,13 | 55.4,89,3 | 1.86,29.94 | 1014,2.6 | 0.1
2012-07-14,17.0,13.0,88.0,4.0,29.97,1.7,17 | 62.6,13 | 55.4,88,4 | 2.49,29.97 | 1015,1.7 | 0.07
2012-07-15,17.0,12.0,87.0,2.0,29.97,1.2,17 | 62.6,12 | 53.6,87,2 | 1.24,29.97 | 1015,1.2 | 0.05
2012-07-16,17.0,12.0,88.0,5.0,29.97,1.1,17 | 62.6,12 | 53.6,88,5 | 3.11,29.97 | 1015,1.1 | 0.04
2012-07-17,17.0,13.0,84.0,5.0,29.97,0.9,17 | 62.6,13 | 55.4,84,5 | 3.11,29.97 | 1015,0.9 | 0.04
2012-07-18,16.0,13.0,90.0,5.0,30.0,19.3,16 | 60.8,13 | 55.4,90,5 | 3.11,30.0 | 1016,19.3 | 0.76
2012-07-19,16.0,13.0,89.0,3.0,30.0,4.4,16 | 60.8,13 | 55.4,89,3 | 1.86,30.0 | 1016,4.4 | 0.17
2012-07-20,17.0,13.0,90.0,3.0,30.0,7.4,17 | 62.6,13 | 55.4,90,3 | 1.86,30.0 | 1016,7.4 | 0.29
2012-07-21,18.0,13.0,88.0,3.0,30.0,1.2,18 | 64.4,13 | 55.4,88,3 | 1.86,30.0 | 1016,1.2 | 0.05
2012-07-22,17.0,13.0,86.0,3.0,30.0,1.6,17 | 62.6,13 | 55.4,86,3 | 1.86,30.0 | 1016,1.6 | 0.06
2012-07-23,17.0,13.0,88.0,4.0,29.97,0.9,17 | 62.6,13 | 55.4,88,4 | 2.49,29.97 | 1015,0.9 | 0.04
2012-07-24,17.0,13.0,87.0,4.0,29.97,3.4,17 | 62.6,13 | 55.4,87,4 | 2.49,29.97 | 1015,3.4 | 0.13
2012-07-25,17.0,13.0,87.0,5.0,30.0,1.8,17 | 62.6,13 | 55.4,87,5 | 3.11,30.0 | 1016,1.8 | 0.07
2012-07-26,16.0,13.0,89.0,3.0,30.0,2.2,16 | 60.8,13 | 55.4,89,3 | 1.86,30.0 | 1016,2.2 | 0.09
2012-07-27,17.0,14.0,89.0,5.0,29.97,3.1,17 | 62.6,14 | 57.2,89,5 | 3.11,29.97 | 1015,3.1 | 0.12
2012-07-28,17.0,14.0,89.0,5.0,29.94,2.1,17 | 62.6,14 | 57.2,89,5 | 3.11,29.94 | 1014,2.1 | 0.08
2012-07-29,14.0,12.0,90.0,2.0,29.97,3.5,14 | 57.2,12 | 53.6,90,2 | 1.24,29.97 | 1015,3.5 | 0.14
2012-07-30,18.0,13.0,87.0,3.0,29.94,4.7,18 | 64.4,13 | 55.4,87,3 | 1.86,29.94 | 1014,4.7 | 0.19
2012-07-31,17.0,14.0,91.0,4.0,29.94,2.9,17 | 62.6,14 | 57.2,91,4 | 2.49,29.94 | 1014,2.9 | 0.11
2012-08-01,18.0,13.0,88.0,2.0,29.94,2.0,18 | 64.4,13 | 55.4,88,2 | 1.24,29.94 | 1014,2.0 | 0.08
2012-08-02,17.0,14.0,90.0,4.0,29.97,10.5,17 | 62.6,14 | 57.2,90,4 | 2.49,29.97 | 1015,10.5 | 0.41
2012-08-03,18.0,14.0,88.0,4.0,30.0,9.5,18 | 64.4,14 | 57.2,88,4 | 2.49,30.0 | 1016,9.5 | 0.37
2012-08-04,17.0,15.0,91.0,4.0,29.97,10.4,17 | 62.6,15 | 59.0,91,4 | 2.49,29.97 | 1015,10.4 | 0.41
2012-08-05,17.0,15.0,91.0,3.0,29.97,9.6,17 | 62.6,15 | 59.0,91,3 | 1.86,29.97 | 1015,9.6 | 0.38
2012-08-06,18.0,14.0,89.0,4.0,29.94,7.5,18 | 64.4,14 | 57.2,89,4 | 2.49,29.94 | 1014,7.5 | 0.3
2012-08-07,18.0,14.0,85.0,3.0,29.91,6.1,18 | 64.4,14 | 57.2,85,3 | 1.86,29.91 | 1013,6.1 | 0.24
2012-08-08,17.0,14.0,87.0,4.0,29.97,8.3,17 | 62.6,14 | 57.2,87,4 | 2.49,29.97 | 1015,8.3 | 0.33
2012-08-09,18.0,14.0,88.0,5.0,29.97,5.8,18 | 64.4,14 | 57.2,88,5 | 3.11,29.97 | 1015,5.8 | 0.23
2012-08-10,18.0,12.0,82.0,4.0,29.97,0.8,18 | 64.4,12 | 53.6,82,4 | 2.49,29.97 | 1015,0.8 | 0.03
2012-08-11,18.0,12.0,77.0,2.0,29.97,1.3,18 | 64.4,12 | 53.6,77,2 | 1.24,29.97 | 1015,1.3 | 0.05
2012-08-12,17.0,14.0,87.0,3.0,29.97,7.3,17 | 62.6,14 | 57.2,87,3 | 1.86,29.97 | 1015,7.3 | 0.29
2012-08-13,18.0,14.0,90.0,4.0,29.97,6.8,18 | 64.4,14 | 57.2,90,4 | 2.49,29.97 | 1015,6.8 | 0.27
2012-08-14,18.0,13.0,85.0,3.0,29.97,1.4,18 | 64.4,13 | 55.4,85,3 | 1.86,29.97 | 1015,1.4 | 0.06
2012-08-15,17.0,13.0,89.0,3.0,30.0,1.1,17 | 62.6,13 | 55.4,89,3 | 1.86,30.0 | 1016,1.1 | 0.04
2012-08-16,16.0,13.0,88.0,5.0,30.0,6.7,16 | 60.8,13 | 55.4,88,5 | 3.11,30.0 | 1016,6.7 | 0.26
2012-08-17,17.0,13.0,84.0,3.0,29.97,1.6,17 | 62.6,13 | 55.4,84,3 | 1.86,29.97 | 1015,1.6 | 0.06
2012-08-18,17.0,12.0,87.0,6.0,29.94,1.4,17 | 62.6,12 | 53.6,87,6 | 3.73,29.94 | 1014,1.4 | 0.06
2012-08-19,17.0,12.0,86.0,5.0,29.97,2.5,17 | 62.6,12 | 53.6,86,5 | 3.11,29.97 | 1015,2.5 | 0.1
2012-08-20,18.0,12.0,84.0,3.0,29.97,3.3,18 | 64.4,12 | 53.6,84,3 | 1.86,29.97 | 1015,3.3 | 0.13
2012-08-21,18.0,12.0,82.0,3.0,30.0,0.9,18 | 64.4,12 | 53.6,82,3 | 1.86,30.0 | 1016,0.9 | 0.04
2012-08-22,17.0,12.0,84.0,3.0,30.0,10.3,17 | 62.6,12 | 53.6,84,3 | 1.86,30.0 | 1016,10.3 | 0.41
2012-08-23,18.0,13.0,87.0,5.0,29.97,10.4,18 | 64.4,13 | 55.4,87,5 | 3.11,29.97 | 1015,10.4 | 0.41
2012-08-24,18.0,14.0,84.0,3.0,29.94,13.0,18 | 64.4,14 | 57.2,84,3 | 1.86,29.94 | 1014,13.0 | 0.51
2012-08-25,18.0,13.0,86.0,4.0,29.97,14.3,18 | 64.4,13 | 55.4,86,4 | 2.49,29.97 | 1015,14.3 | 0.56
2012-08-26,18.0,13.0,87.0,2.0,30.0,18.7,18 | 64.4,13 | 55.4,87,2 | 1.24,30.0 | 1016,18.7 | 0.74
2012-08-27,18.0,13.0,88.0,3.0,30.0,9.8,18 | 64.4,13 | 55.4,88,3 | 1.86,30.0 | 1016,9.8 | 0.39
2012-08-28,19.0,14.0,86.0,2.0,29.97,10.6,19 | 66.2,14 | 57.2,86,2 | 1.24,29.97 | 1015,10.6 | 0.42
2012-08-29,18.0,14.0,85.0,5.0,29.97,2.7,18 | 64.4,14 | 57.2,85,5 | 3.11,29.97 | 1015,2.7 | 0.11
2012-08-30,18.0,13.0,87.0,4.0,29.97,5.9,18 | 64.4,13 | 55.4,87,4 | 2.49,29.97 | 1015,5.9 | 0.23
2012-08-31,19.0,13.0,85.0,2.0,29.97,2.1,19 | 66.2,13 | 55.4,85,2 | 1.24,29.97 | 1015,2.1 | 0.08
2012-09-01,19.0,13.0,85.0,4.0,29.94,5.2,19 | 66.2,13 | 55.4,85,4 | 2.49,29.94 | 1014,5.2 | 0.2
2012-09-02,18.0,14.0,87.0,4.0,29.97,16.3,18 | 64.4,14 | 57.2,87,4 | 2.49,29.97 | 1015,16.3 | 0.64
2012-09-03,18.0,14.0,87.0,4.0,29.97,16.4,18 | 64.4,14 | 57.2,87,4 | 2.49,29.97 | 1015,16.4 | 0.65
2012-09-04,18.0,13.0,81.0,4.0,29.94,4.4,18 | 64.4,13 | 55.4,81,4 | 2.49,29.94 | 1014,4.4 | 0.17
2012-09-05,18.0,14.0,82.0,3.0,29.94,8.5,18 | 64.4,14 | 57.2,82,3 | 1.86,29.94 | 1014,8.5 | 0.33
2012-09-06,18.0,14.0,85.0,3.0,29.97,11.6,18 | 64.4,14 | 57.2,85,3 | 1.86,29.97 | 1015,11.6 | 0.46
2012-09-07,18.0,13.0,85.0,4.0,30.0,13.6,18 | 64.4,13 | 55.4,85,4 | 2.49,30.0 | 1016,13.6 | 0.54
2012-09-08,18.0,13.0,86.0,4.0,29.97,5.2,18 | 64.4,13 | 55.4,86,4 | 2.49,29.97 | 1015,5.2 | 0.2
2012-09-09,18.0,13.0,88.0,4.0,29.97,4.9,18 | 64.4,13 | 55.4,88,4 | 2.49,29.97 | 1015,4.9 | 0.19
2012-09-10,19.0,13.0,84.0,2.0,29.97,9.9,19 | 66.2,13 | 55.4,84,2 | 1.24,29.97 | 1015,9.9 | 0.39
2012-09-11,19.0,13.0,82.0,4.0,29.97,7.1,19 | 66.2,13 | 55.4,82,4 | 2.49,29.97 | 1015,7.1 | 0.28
2012-09-12,18.0,12.0,83.0,5.0,29.97,2.9,18 | 64.4,12 | 53.6,83,5 | 3.11,29.97 | 1015,2.9 | 0.11
2012-09-13,19.0,12.0,80.0,3.0,29.94,2.3,19 | 66.2,12 | 53.6,80,3 | 1.86,29.94 | 1014,2.3 | 0.09
2012-09-14,19.0,12.0,81.0,3.0,29.97,6.6,19 | 66.2,12 | 53.6,81,3 | 1.86,29.97 | 1015,6.6 | 0.26
2012-09-15,19.0,13.0,82.0,4.0,29.97,14.6,19 | 66.2,13 | 55.4,82,4 | 2.49,29.97 | 1015,14.6 | 0.57
2012-09-16,18.0,12.0,79.0,4.0,29.97,1.0,18 | 64.4,12 | 53.6,79,4 | 2.49,29.97 | 1015,1.0 | 0.04
2012-09-17,18.0,10.0,73.0,5.0,29.97,0.7,18 | 64.4,10 | 50.0,73,5 | 3.11,29.97 | 1015,0.7 | 0.03
2012-09-18,18.0,10.0,74.0,5.0,29.97,1.4,18 | 64.4,10 | 50.0,74,5 | 3.11,29.97 | 1015,1.4 | 0.06
2012-09-19,19.0,12.0,76.0,4.0,29.94,2.2,19 | 66.2,12 | 53.6,76,4 | 2.49,29.94 | 1014,2.2 | 0.09
2012-09-20,19.0,11.0,73.0,4.0,29.91,0.5,19 | 66.2,11 | 51.8,73,4 | 2.49,29.91 | 1013,0.5 | 0.02
2012-09-21,19.0,12.0,76.0,5.0,29.94,2.6,19 | 66.2,12 | 53.6,76,5 | 3.11,29.94 | 1014,2.6 | 0.1
2012-09-22,19.0,12.0,77.0,4.0,29.94,3.8,19 | 66.2,12 | 53.6,77,4 | 2.49,29.94 | 1014,3.8 | 0.15
2012-09-23,18.0,11.0,76.0,4.0,29.94,2.9,18 | 64.4,11 | 51.8,76,4 | 2.49,29.94 | 1014,2.9 | 0.11
2012-09-24,19.0,12.0,77.0,4.0,29.94,17.6,19 | 66.2,12 | 53.6,77,4 | 2.49,29.94 | 1014,17.6 | 0.69
2012-09-25,20.0,13.0,80.0,4.0,29.91,21.4,20 | 68.0,13 | 55.4,80,4 | 2.49,29.91 | 1013,21.4 | 0.84
2012-09-26,19.0,12.0,76.0,6.0,29.91,2.0,19 | 66.2,12 | 53.6,76,6 | 3.73,29.91 | 1013,2.0 | 0.08
2012-09-27,19.0,11.0,75.0,4.0,29.94,4.1,19 | 66.2,11 | 51.8,75,4 | 2.49,29.94 | 1014,4.1 | 0.16
2012-09-28,19.0,12.0,76.0,7.0,29.97,4.2,19 | 66.2,12 | 53.6,76,7 | 4.35,29.97 | 1015,4.2 | 0.17
2012-09-29,19.0,12.0,73.0,6.0,29.97,0.9,19 | 66.2,12 | 53.6,73,6 | 3.73,29.97 | 1015,0.9 | 0.04
2012-09-30,20.0,12.0,72.0,5.0,29.94,4.6,20 | 68.0,12 | 53.6,72,5 | 3.11,29.94 | 1014,4.6 | 0.18
2012-10-01,20.0,12.0,70.0,7.0,29.94,0.5,20 | 68.0,12 | 53.6,70,7 | 4.35,29.94 | 1014,0.5 | 0.02
2012-10-02,20.0,11.0,69.0,3.0,29.94,2.0,20 | 68.0,11 | 51.8,69,3 | 1.86,29.94 | 1014,2.0 | 0.08
2012-10-03,19.0,10.0,69.0,6.0,29.94,0.3,19 | 66.2,10 | 50.0,69,6 | 3.73,29.94 | 1014,0.3 | 0.01
2012-10-04,19.0,10.0,71.0,4.0,29.91,1.7,19 | 66.2,10 | 50.0,71,4 | 2.49,29.91 | 1013,1.7 | 0.07
2012-10-05,19.0,11.0,75.0,8.0,29.88,5.9,19 | 66.2,11 | 51.8,75,8 | 4.97,29.88 | 1012,5.9 | 0.23
2012-10-06,19.0,11.0,73.0,10.0,29.91,4.5,19 | 66.2,11 | 51.8,73,10 | 6.21,29.91 | 1013,4.5 | 0.18
2012-10-07,19.0,11.0,73.0,11.0,29.91,2.5,19 | 66.2,11 | 51.8,73,11 | 6.84,29.91 | 1013,2.5 | 0.1
2012-10-08,20.0,11.0,71.0,8.0,29.91,0.1,20 | 68.0,11 | 51.8,71,8 | 4.97,29.91 | 1013,0.1 | 0.0
2012-10-09,20.0,10.0,66.0,5.0,29.88,3.6,20 | 68.0,10 | 50.0,66,5 | 3.11,29.88 | 1012,3.6 | 0.14
2012-10-10,19.0,12.0,72.0,6.0,29.88,8.2,19 | 66.2,12 | 53.6,72,6 | 3.73,29.88 | 1012,8.2 | 0.32
2012-10-11,20.0,12.0,72.0,6.0,29.88,4.4,20 | 68.0,12 | 53.6,72,6 | 3.73,29.88 | 1012,4.4 | 0.17
2012-10-12,19.0,12.0,76.0,4.0,29.91,12.7,19 | 66.2,12 | 53.6,76,4 | 2.49,29.91 | 1013,12.7 | 0.5
2012-10-13,18.0,13.0,83.0,4.0,29.94,33.2,18 | 64.4,13 | 55.4,83,4 | 2.49,29.94 | 1014,33.2 | 1.31
2012-10-14,19.0,14.0,83.0,4.0,29.91,28.1,19 | 66.2,14 | 57.2,83,4 | 2.49,29.91 | 1013,28.1 | 1.11
2012-10-15,19.0,13.0,79.0,9.0,29.91,10.9,19 | 66.2,13 | 55.4,79,9 | 5.59,29.91 | 1013,10.9 | 0.43
2012-10-16,18.0,11.0,72.0,11.0,29.91,0.0,18 | 64.4,11 | 51.8,72,11 | 6.84,29.91 | 1013,0.0 | 0.0
2012-10-17,19.0,11.0,69.0,13.0,29.91,0.5,19 | 66.2,11 | 51.8,69,13 | 8.08,29.91 | 1013,0.5 | 0.02
2012-10-18,19.0,12.0,76.0,12.0,29.88,3.6,19 | 66.2,12 | 53.6,76,12 | 7.46,29.88 | 1012,3.6 | 0.14
2012-10-19,19.0,13.0,77.0,13.0,29.88,1.9,19 | 66.2,13 | 55.4,77,13 | 8.08,29.88 | 1012,1.9 | 0.07
2012-10-20,19.0,12.0,75.0,15.0,29.88,1.3,19 | 66.2,12 | 53.6,75,15 | 9.32,29.88 | 1012,1.3 | 0.05
2012-10-21,19.0,13.0,76.0,13.0,29.88,0.9,19 | 66.2,13 | 55.4,76,13 | 8.08,29.88 | 1012,0.9 | 0.04
2012-10-22,19.0,11.0,72.0,12.0,29.88,0.3,19 | 66.2,11 | 51.8,72,12 | 7.46,29.88 | 1012,0.3 | 0.01
2012-10-23,19.0,11.0,71.0,10.0,29.88,1.3,19 | 66.2,11 | 51.8,71,10 | 6.21,29.88 | 1012,1.3 | 0.05
2012-10-24,19.0,12.0,78.0,7.0,29.88,11.8,19 | 66.2,12 | 53.6,78,7 | 4.35,29.88 | 1012,11.8 | 0.46
2012-10-25,20.0,13.0,79.0,6.0,29.88,9.0,20 | 68.0,13 | 55.4,79,6 | 3.73,29.88 | 1012,9.0 | 0.35
2012-10-26,19.0,14.0,82.0,4.0,29.91,28.8,19 | 66.2,14 | 57.2,82,4 | 2.49,29.91 | 1013,28.8 | 1.13
2012-10-27,20.0,13.0,78.0,4.0,29.88,8.9,20 | 68.0,13 | 55.4,78,4 | 2.49,29.88 | 1012,8.9 | 0.35
2012-10-28,19.0,13.0,79.0,5.0,29.91,9.3,19 | 66.2,13 | 55.4,79,5 | 3.11,29.91 | 1013,9.3 | 0.37
2012-10-29,18.0,13.0,82.0,5.0,29.91,14.1,18 | 64.4,13 | 55.4,82,5 | 3.11,29.91 | 1013,14.1 | 0.56
2012-10-30,19.0,13.0,79.0,4.0,29.88,17.3,19 | 66.2,13 | 55.4,79,4 | 2.49,29.88 | 1012,17.3 | 0.68
2012-10-31,19.0,14.0,82.0,5.0,29.88,16.9,19 | 66.2,14 | 57.2,82,5 | 3.11,29.88 | 1012,16.9 | 0.67
2012-11-01,18.0,14.0,84.0,5.0,29.91,26.2,18 | 64.4,14 | 57.2,84,5 | 3.11,29.91 | 1013,26.2 | 1.03
2012-11-02,18.0,13.0,82.0,6.0,29.91,13.4,18 | 64.4,13 | 55.4,82,6 | 3.73,29.91 | 1013,13.4 | 0.53
2012-11-03,18.0,13.0,79.0,7.0,29.94,6.2,18 | 64.4,13 | 55.4,79,7 | 4.35,29.94 | 1014,6.2 | 0.24
2012-11-04,18.0,12.0,80.0,9.0,29.91,12.5,18 | 64.4,12 | 53.6,80,9 | 5.59,29.91 | 1013,12.5 | 0.49
2012-11-05,18.0,12.0,82.0,4.0,29.94,16.9,18 | 64.4,12 | 53.6,82,4 | 2.49,29.94 | 1014,16.9 | 0.67
2012-11-06,18.0,12.0,78.0,6.0,29.94,3.0,18 | 64.4,12 | 53.6,78,6 | 3.73,29.94 | 1014,3.0 | 0.12
2012-11-07,18.0,12.0,79.0,5.0,29.91,9.6,18 | 64.4,12 | 53.6,79,5 | 3.11,29.91 | 1013,9.6 | 0.38
2012-11-08,19.0,13.0,78.0,5.0,29.88,18.5,19 | 66.2,13 | 55.4,78,5 | 3.11,29.88 | 1012,18.5 | 0.73
2012-11-09,19.0,14.0,80.0,7.0,29.88,17.7,19 | 66.2,14 | 57.2,80,7 | 4.35,29.88 | 1012,17.7 | 0.7
2012-11-10,19.0,13.0,80.0,9.0,29.91,12.0,19 | 66.2,13 | 55.4,80,9 | 5.59,29.91 | 1013,12.0 | 0.47
2012-11-11,18.0,11.0,75.0,11.0,29.94,0.6,18 | 64.4,11 | 51.8,75,11 | 6.84,29.94 | 1014,0.6 | 0.02
2012-11-12,18.0,10.0,72.0,10.0,29.94,0.1,18 | 64.4,10 | 50.0,72,10 | 6.21,29.94 | 1014,0.1 | 0.0
2012-11-13,19.0,13.0,77.0,10.0,29.91,6.4,19 | 66.2,13 | 55.4,77,10 | 6.21,29.91 | 1013,6.4 | 0.25
2012-11-14,20.0,14.0,77.0,8.0,29.91,5.8,20 | 68.0,14 | 57.2,77,8 | 4.97,29.91 | 1013,5.8 | 0.23
2012-11-15,20.0,13.0,75.0,6.0,29.88,2.7,20 | 68.0,13 | 55.4,75,6 | 3.73,29.88 | 1012,2.7 | 0.11
2012-11-16,20.0,13.0,76.0,6.0,29.91,9.3,20 | 68.0,13 | 55.4,76,6 | 3.73,29.91 | 1013,9.3 | 0.37
2012-11-17,20.0,14.0,79.0,11.0,29.91,4.5,20 | 68.0,14 | 57.2,79,11 | 6.84,29.91 | 1013,4.5 | 0.18
2012-11-18,20.0,14.0,78.0,13.0,29.91,4.8,20 | 68.0,14 | 57.2,78,13 | 8.08,29.91 | 1013,4.8 | 0.19
2012-11-19,19.0,13.0,77.0,12.0,29.91,5.2,19 | 66.2,13 | 55.4,77,12 | 7.46,29.91 | 1013,5.2 | 0.2
2012-11-20,20.0,13.0,75.0,8.0,29.91,5.0,20 | 68.0,13 | 55.4,75,8 | 4.97,29.91 | 1013,5.0 | 0.2
2012-11-21,20.0,12.0,72.0,10.0,29.91,0.3,20 | 68.0,12 | 53.6,72,10 | 6.21,29.91 | 1013,0.3 | 0.01
2012-11-22,19.0,11.0,71.0,8.0,29.91,0.6,19 | 66.2,11 | 51.8,71,8 | 4.97,29.91 | 1013,0.6 | 0.02
2012-11-23,18.0,10.0,70.0,11.0,29.91,0.1,18 | 64.4,10 | 50.0,70,11 | 6.84,29.91 | 1013,0.1 | 0.0
2012-11-24,19.0,11.0,71.0,10.0,29.88,0.0,19 | 66.2,11 | 51.8,71,10 | 6.21,29.88 | 1012,0.0 | 0.0
2012-11-25,20.0,11.0,68.0,9.0,29.91,1.2,20 | 68.0,11 | 51.8,68,9 | 5.59,29.91 | 1013,1.2 | 0.05
2012-11-26,19.0,10.0,67.0,8.0,29.91,1.4,19 | 66.2,10 | 50.0,67,8 | 4.97,29.91 | 1013,1.4 | 0.06
2012-11-27,20.0,11.0,71.0,7.0,29.91,0.7,20 | 68.0,11 | 51.8,71,7 | 4.35,29.91 | 1013,0.7 | 0.03
2012-11-28,19.0,12.0,77.0,4.0,29.94,13.8,19 | 66.2,12 | 53.6,77,4 | 2.49,29.94 | 1014,13.8 | 0.54
2012-11-29,19.0,13.0,79.0,6.0,29.91,12.2,19 | 66.2,13 | 55.4,79,6 | 3.73,29.91 | 1013,12.2 | 0.48
2012-11-30,20.0,13.0,74.0,13.0,29.91,0.5,20 | 68.0,13 | 55.4,74,13 | 8.08,29.91 | 1013,0.5 | 0.02
2012-12-01,18.0,11.0,71.0,17.0,29.91,0.0,18 | 64.4,11 | 51.8,71,17 | 10.56,29.91 | 1013,0.0 | 0.0
2012-12-02,19.0,12.0,74.0,14.0,29.91,2.3,19 | 66.2,12 | 53.6,74,14 | 8.7,29.91 | 1013,2.3 | 0.09
2012-12-03,18.0,12.0,75.0,12.0,29.91,1.9,18 | 64.4,12 | 53.6,75,12 | 7.46,29.91 | 1013,1.9 | 0.07
2012-12-04,19.0,12.0,76.0,6.0,29.85,3.5,19 | 66.2,12 | 53.6,76,6 | 3.73,29.85 | 1011,3.5 | 0.14
2012-12-05,20.0,12.0,74.0,5.0,29.85,5.6,20 | 68.0,12 | 53.6,74,5 | 3.11,29.85 | 1011,5.6 | 0.22
2012-12-06,19.0,12.0,73.0,7.0,29.91,5.7,19 | 66.2,12 | 53.6,73,7 | 4.35,29.91 | 1013,5.7 | 0.22
2012-12-07,19.0,11.0,73.0,7.0,29.94,2.8,19 | 66.2,11 | 51.8,73,7 | 4.35,29.94 | 1014,2.8 | 0.11
2012-12-08,18.0,11.0,72.0,9.0,29.91,2.7,18 | 64.4,11 | 51.8,72,9 | 5.59,29.91 | 1013,2.7 | 0.11
2012-12-09,18.0,9.0,68.0,9.0,29.91,0.0,18 | 64.4,9 | 48.2,68,9 | 5.59,29.91 | 1013,0.0 | 0.0
2012-12-10,18.0,8.0,61.0,10.0,29.88,0.0,18 | 64.4,8 | 46.4,61,10 | 6.21,29.88 | 1012,0.0 | 0.0
2012-12-11,18.0,9.0,64.0,8.0,29.91,0.1,18 | 64.4,9 | 48.2,64,8 | 4.97,29.91 | 1013,0.1 | 0.0
2012-12-12,19.0,10.0,67.0,10.0,29.91,2.2,19 | 66.2,10 | 50.0,67,10 | 6.21,29.91 | 1013,2.2 | 0.09
2012-12-13,20.0,12.0,72.0,14.0,29.88,1.7,20 | 68.0,12 | 53.6,72,14 | 8.7,29.88 | 1012,1.7 | 0.07
2012-12-14,20.0,13.0,76.0,14.0,29.88,5.1,20 | 68.0,13 | 55.4,76,14 | 8.7,29.88 | 1012,5.1 | 0.2
2012-12-15,19.0,13.0,75.0,16.0,29.88,1.6,19 | 66.2,13 | 55.4,75,16 | 9.94,29.88 | 1012,1.6 | 0.06
2012-12-16,19.0,12.0,74.0,8.0,29.91,3.8,19 | 66.2,12 | 53.6,74,8 | 4.97,29.91 | 1013,3.8 | 0.15
2012-12-17,18.0,11.0,71.0,8.0,29.88,2.2,18 | 64.4,11 | 51.8,71,8 | 4.97,29.88 | 1012,2.2 | 0.09
2012-12-18,19.0,12.0,76.0,14.0,29.88,4.1,19 | 66.2,12 | 53.6,76,14 | 8.7,29.88 | 1012,4.1 | 0.16
2012-12-19,18.0,10.0,70.0,20.0,29.88,0.0,18 | 64.4,10 | 50.0,70,20 | 12.43,29.88 | 1012,0.0 | 0.0
2012-12-20,18.0,8.0,60.0,13.0,29.88,0.0,18 | 64.4,8 | 46.4,60,13 | 8.08,29.88 | 1012,0.0 | 0.0
2012-12-21,19.0,10.0,70.0,7.0,29.88,9.2,19 | 66.2,10 | 50.0,70,7 | 4.35,29.88 | 1012,9.2 | 0.36
2012-12-22,18.0,11.0,72.0,6.0,29.91,7.6,18 | 64.4,11 | 51.8,72,6 | 3.73,29.91 | 1013,7.6 | 0.3
2012-12-23,19.0,11.0,72.0,6.0,29.94,5.2,19 | 66.2,11 | 51.8,72,6 | 3.73,29.94 | 1014,5.2 | 0.2
2012-12-24,19.0,12.0,73.0,5.0,29.94,5.7,19 | 66.2,12 | 53.6,73,5 | 3.11,29.94 | 1014,5.7 | 0.22
2012-12-25,18.0,11.0,73.0,7.0,29.91,11.3,18 | 64.4,11 | 51.8,73,7 | 4.35,29.91 | 1013,11.3 | 0.44
2012-12-26,18.0,12.0,76.0,5.0,29.91,11.3,18 | 64.4,12 | 53.6,76,5 | 3.11,29.91 | 1013,11.3 | 0.44
2012-12-27,19.0,13.0,78.0,6.0,29.91,15.2,19 | 66.2,13 | 55.4,78,6 | 3.73,29.91 | 1013,15.2 | 0.6
2012-12-28,19.0,14.0,79.0,5.0,29.88,17.1,19 | 66.2,14 | 57.2,79,5 | 3.11,29.88 | 1012,17.1 | 0.67
2012-12-29,17.0,13.0,84.0,4.0,29.91,15.8,17 | 62.6,13 | 55.4,84,4 | 2.49,29.91 | 1013,15.8 | 0.62
2012-12-30,18.0,11.0,76.0,8.0,29.91,5.9,18 | 64.4,11 | 51.8,76,8 | 4.97,29.91 | 1013,5.9 | 0.23
2012-12-31,19.0,11.0,73.0,7.0,29.91,1.2,19 | 66.2,11 | 51.8,73,7 | 4.35,29.91 | 1013,1.2 | 0.05
2013-01-01,19.0,12.0,73.0,8.0,29.91,5.6,19 | 66.2,12 | 53.6,73,8 | 4.97,29.91 | 1013,5.6 | 0.22
2013-01-02,19.0,12.0,72.0,7.0,29.91,6.9,19 | 66.2,12 | 53.6,72,7 | 4.35,29.91 | 1013,6.9 | 0.27
2013-01-03,18.0,10.0,71.0,11.0,29.94,0.3,18 | 64.4,10 | 50.0,71,11 | 6.84,29.94 | 1014,0.3 | 0.01
2013-01-04,18.0,7.0,59.0,10.0,29.97,0.0,18 | 64.4,7 | 44.6,59,10 | 6.21,29.97 | 1015,0.0 | 0.0
2013-01-05,19.0,9.0,64.0,7.0,29.94,0.0,19 | 66.2,9 | 48.2,64,7 | 4.35,29.94 | 1014,0.0 | 0.0
2013-01-06,19.0,11.0,72.0,4.0,29.94,11.9,19 | 66.2,11 | 51.8,72,4 | 2.49,29.94 | 1014,11.9 | 0.47
2013-01-07,19.0,11.0,70.0,6.0,29.97,8.2,19 | 66.2,11 | 51.8,70,6 | 3.73,29.97 | 1015,8.2 | 0.32
2013-01-08,19.0,10.0,70.0,7.0,29.97,0.3,19 | 66.2,10 | 50.0,70,7 | 4.35,29.97 | 1015,0.3 | 0.01
2013-01-09,19.0,10.0,68.0,6.0,29.97,0.4,19 | 66.2,10 | 50.0,68,6 | 3.73,29.97 | 1015,0.4 | 0.02
2013-01-10,19.0,10.0,68.0,5.0,29.94,0.1,19 | 66.2,10 | 50.0,68,5 | 3.11,29.94 | 1014,0.1 | 0.0
2013-01-11,19.0,10.0,65.0,8.0,29.94,0.1,19 | 66.2,10 | 50.0,65,8 | 4.97,29.94 | 1014,0.1 | 0.0
2013-01-12,20.0,10.0,62.0,14.0,29.91,0.0,20 | 68.0,10 | 50.0,62,14 | 8.7,29.91 | 1013,0.0 | 0.0
2013-01-13,19.0,10.0,63.0,15.0,29.91,0.0,19 | 66.2,10 | 50.0,63,15 | 9.32,29.91 | 1013,0.0 | 0.0
2013-01-14,18.0,9.0,63.0,19.0,29.88,0.0,18 | 64.4,9 | 48.2,63,19 | 11.81,29.88 | 1012,0.0 | 0.0
2013-01-15,18.0,11.0,71.0,16.0,29.91,0.3,18 | 64.4,11 | 51.8,71,16 | 9.94,29.91 | 1013,0.3 | 0.01
2013-01-16,19.0,10.0,69.0,18.0,29.91,0.0,19 | 66.2,10 | 50.0,69,18 | 11.18,29.91 | 1013,0.0 | 0.0
2013-01-17,19.0,11.0,69.0,14.0,29.91,6.4,19 | 66.2,11 | 51.8,69,14 | 8.7,29.91 | 1013,6.4 | 0.25
2013-01-18,19.0,9.0,63.0,13.0,29.91,0.0,19 | 66.2,9 | 48.2,63,13 | 8.08,29.91 | 1013,0.0 | 0.0
2013-01-19,20.0,9.0,59.0,13.0,29.94,0.0,20 | 68.0,9 | 48.2,59,13 | 8.08,29.94 | 1014,0.0 | 0.0
2013-01-20,20.0,7.0,51.0,12.0,29.94,0.0,20 | 68.0,7 | 44.6,51,12 | 7.46,29.94 | 1014,0.0 | 0.0
2013-01-21,20.0,4.0,44.0,14.0,29.97,0.0,20 | 68.0,4 | 39.2,44,14 | 8.7,29.97 | 1015,0.0 | 0.0
2013-01-22,19.0,5.0,48.0,13.0,29.97,0.0,19 | 66.2,5 | 41.0,48,13 | 8.08,29.97 | 1015,0.0 | 0.0
2013-01-23,21.0,7.0,52.0,13.0,29.94,0.0,21 | 69.8,7 | 44.6,52,13 | 8.08,29.94 | 1014,0.0 | 0.0
2013-01-24,21.0,8.0,55.0,12.0,29.91,0.0,21 | 69.8,8 | 46.4,55,12 | 7.46,29.91 | 1013,0.0 | 0.0
2013-01-25,20.0,11.0,64.0,10.0,29.91,4.2,20 | 68.0,11 | 51.8,64,10 | 6.21,29.91 | 1013,4.2 | 0.17
2013-01-26,21.0,9.0,56.0,9.0,29.91,0.0,21 | 69.8,9 | 48.2,56,9 | 5.59,29.91 | 1013,0.0 | 0.0
2013-01-27,21.0,10.0,56.0,10.0,29.91,0.2,21 | 69.8,10 | 50.0,56,10 | 6.21,29.91 | 1013,0.2 | 0.01
2013-01-28,21.0,10.0,59.0,7.0,29.94,0.3,21 | 69.8,10 | 50.0,59,7 | 4.35,29.94 | 1014,0.3 | 0.01
2013-01-29,22.0,10.0,58.0,4.0,29.91,6.6,22 | 71.6,10 | 50.0,58,4 | 2.49,29.91 | 1013,6.6 | 0.26
2013-01-30,20.0,13.0,71.0,6.0,29.88,13.8,20 | 68.0,13 | 55.4,71,6 | 3.73,29.88 | 1012,13.8 | 0.54
2013-01-31,20.0,13.0,71.0,6.0,29.91,9.1,20 | 68.0,13 | 55.4,71,6 | 3.73,29.91 | 1013,9.1 | 0.36
2013-02-01,19.0,13.0,73.0,6.0,29.94,13.6,19 | 66.2,13 | 55.4,73,6 | 3.73,29.94 | 1014,13.6 | 0.54
2013-02-02,20.0,13.0,71.0,9.0,29.94,3.7,20 | 68.0,13 | 55.4,71,9 | 5.59,29.94 | 1014,3.7 | 0.15
2013-02-03,20.0,10.0,62.0,13.0,29.91,0.0,20 | 68.0,10 | 50.0,62,13 | 8.08,29.91 | 1013,0.0 | 0.0
2013-02-04,20.0,8.0,56.0,17.0,29.94,0.0,20 | 68.0,8 | 46.4,56,17 | 10.56,29.94 | 1014,0.0 | 0.0
2013-02-05,21.0,9.0,56.0,14.0,29.94,0.0,21 | 69.8,9 | 48.2,56,14 | 8.7,29.94 | 1014,0.0 | 0.0
2013-02-06,21.0,10.0,60.0,13.0,29.94,0.0,21 | 69.8,10 | 50.0,60,13 | 8.08,29.94 | 1014,0.0 | 0.0
2013-02-07,20.0,9.0,60.0,13.0,29.91,0.1,20 | 68.0,9 | 48.2,60,13 | 8.08,29.91 | 1013,0.1 | 0.0
2013-02-08,20.0,8.0,58.0,12.0,29.88,0.0,20 | 68.0,8 | 46.4,58,12 | 7.46,29.88 | 1012,0.0 | 0.0
2013-02-09,20.0,6.0,53.0,10.0,29.88,0.0,20 | 68.0,6 | 42.8,53,10 | 6.21,29.88 | 1012,0.0 | 0.0
2013-02-10,21.0,7.0,47.0,8.0,29.85,0.0,21 | 69.8,7 | 44.6,47,8 | 4.97,29.85 | 1011,0.0 | 0.0
2013-02-11,21.0,9.0,56.0,10.0,29.85,1.1,21 | 69.8,9 | 48.2,56,10 | 6.21,29.85 | 1011,1.1 | 0.04
2013-02-12,21.0,9.0,57.0,9.0,29.83,0.0,21 | 69.8,9 | 48.2,57,9 | 5.59,29.83 | 1010,0.0 | 0.0
2013-02-13,21.0,11.0,62.0,8.0,29.85,4.6,21 | 69.8,11 | 51.8,62,8 | 4.97,29.85 | 1011,4.6 | 0.18
2013-02-14,20.0,9.0,61.0,9.0,29.88,0.3,20 | 68.0,9 | 48.2,61,9 | 5.59,29.88 | 1012,0.3 | 0.01
2013-02-15,20.0,6.0,51.0,9.0,29.88,0.1,20 | 68.0,6 | 42.8,51,9 | 5.59,29.88 | 1012,0.1 | 0.0
2013-02-16,21.0,6.0,47.0,9.0,29.88,0.0,21 | 69.8,6 | 42.8,47,9 | 5.59,29.88 | 1012,0.0 | 0.0
2013-02-17,22.0,6.0,43.0,9.0,29.85,0.0,22 | 71.6,6 | 42.8,43,9 | 5.59,29.85 | 1011,0.0 | 0.0
2013-02-18,22.0,6.0,46.0,10.0,29.83,0.0,22 | 71.6,6 | 42.8,46,10 | 6.21,29.83 | 1010,0.0 | 0.0
2013-02-19,21.0,5.0,46.0,11.0,29.85,0.0,21 | 69.8,5 | 41.0,46,11 | 6.84,29.85 | 1011,0.0 | 0.0
2013-02-20,21.0,4.0,43.0,6.0,29.91,0.0,21 | 69.8,4 | 39.2,43,6 | 3.73,29.91 | 1013,0.0 | 0.0
2013-02-21,21.0,8.0,57.0,6.0,29.91,0.0,21 | 69.8,8 | 46.4,57,6 | 3.73,29.91 | 1013,0.0 | 0.0
2013-02-22,22.0,8.0,52.0,11.0,29.91,0.1,22 | 71.6,8 | 46.4,52,11 | 6.84,29.91 | 1013,0.1 | 0.0
2013-02-23,21.0,7.0,50.0,16.0,29.91,0.0,21 | 69.8,7 | 44.6,50,16 | 9.94,29.91 | 1013,0.0 | 0.0
2013-02-24,21.0,4.0,42.0,20.0,29.91,0.0,21 | 69.8,4 | 39.2,42,20 | 12.43,29.91 | 1013,0.0 | 0.0
2013-02-25,21.0,8.0,52.0,18.0,29.91,0.1,21 | 69.8,8 | 46.4,52,18 | 11.18,29.91 | 1013,0.1 | 0.0
2013-02-26,21.0,8.0,55.0,19.0,29.94,0.0,21 | 69.8,8 | 46.4,55,19 | 11.81,29.94 | 1014,0.0 | 0.0
2013-02-27,21.0,8.0,55.0,17.0,29.94,0.0,21 | 69.8,8 | 46.4,55,17 | 10.56,29.94 | 1014,0.0 | 0.0
2013-02-28,21.0,6.0,46.0,11.0,29.94,0.0,21 | 69.8,6 | 42.8,46,11 | 6.84,29.94 | 1014,0.0 | 0.0
2013-03-01,22.0,4.0,41.0,9.0,29.91,0.0,22 | 71.6,4 | 39.2,41,9 | 5.59,29.91 | 1013,0.0 | 0.0
2013-03-02,21.0,4.0,40.0,11.0,29.91,0.0,21 | 69.8,4 | 39.2,40,11 | 6.84,29.91 | 1013,0.0 | 0.0
2013-03-03,23.0,7.0,48.0,10.0,29.91,0.0,23 | 73.4,7 | 44.6,48,10 | 6.21,29.91 | 1013,0.0 | 0.0
2013-03-04,22.0,7.0,49.0,11.0,29.91,0.0,22 | 71.6,7 | 44.6,49,11 | 6.84,29.91 | 1013,0.0 | 0.0
2013-03-05,23.0,9.0,54.0,10.0,29.91,0.1,23 | 73.4,9 | 48.2,54,10 | 6.21,29.91 | 1013,0.1 | 0.0
2013-03-06,23.0,9.0,53.0,8.0,29.88,0.2,23 | 73.4,9 | 48.2,53,8 | 4.97,29.88 | 1012,0.2 | 0.01
2013-03-07,22.0,10.0,57.0,5.0,29.88,1.0,22 | 71.6,10 | 50.0,57,5 | 3.11,29.88 | 1012,1.0 | 0.04
2013-03-08,22.0,12.0,64.0,8.0,29.91,3.4,22 | 71.6,12 | 53.6,64,8 | 4.97,29.91 | 1013,3.4 | 0.13
2013-03-09,22.0,10.0,60.0,11.0,29.91,0.2,22 | 71.6,10 | 50.0,60,11 | 6.84,29.91 | 1013,0.2 | 0.01
2013-03-10,22.0,9.0,56.0,7.0,29.91,0.6,22 | 71.6,9 | 48.2,56,7 | 4.35,29.91 | 1013,0.6 | 0.02
2013-03-11,22.0,10.0,61.0,6.0,29.88,1.8,22 | 71.6,10 | 50.0,61,6 | 3.73,29.88 | 1012,1.8 | 0.07
2013-03-12,22.0,11.0,61.0,7.0,29.88,1.7,22 | 71.6,11 | 51.8,61,7 | 4.35,29.88 | 1012,1.7 | 0.07
2013-03-13,22.0,9.0,57.0,13.0,29.88,0.1,22 | 71.6,9 | 48.2,57,13 | 8.08,29.88 | 1012,0.1 | 0.0
2013-03-14,21.0,9.0,62.0,13.0,29.91,0.4,21 | 69.8,9 | 48.2,62,13 | 8.08,29.91 | 1013,0.4 | 0.02
2013-03-15,21.0,10.0,61.0,14.0,29.91,1.3,21 | 69.8,10 | 50.0,61,14 | 8.7,29.91 | 1013,1.3 | 0.05
2013-03-16,22.0,11.0,62.0,16.0,29.91,0.3,22 | 71.6,11 | 51.8,62,16 | 9.94,29.91 | 1013,0.3 | 0.01
2013-03-17,22.0,12.0,67.0,9.0,29.88,7.3,22 | 71.6,12 | 53.6,67,9 | 5.59,29.88 | 1012,7.3 | 0.29
2013-03-18,22.0,12.0,66.0,6.0,29.85,2.1,22 | 71.6,12 | 53.6,66,6 | 3.73,29.85 | 1011,2.1 | 0.08
2013-03-19,20.0,14.0,75.0,4.0,29.85,35.9,20 | 68.0,14 | 57.2,75,4 | 2.49,29.85 | 1011,35.9 | 1.41
2013-03-20,20.0,15.0,79.0,5.0,29.88,28.9,20 | 68.0,15 | 59.0,79,5 | 3.11,29.88 | 1012,28.9 | 1.14
2013-03-21,21.0,13.0,73.0,7.0,29.88,5.6,21 | 69.8,13 | 55.4,73,7 | 4.35,29.88 | 1012,5.6 | 0.22
2013-03-22,21.0,13.0,73.0,9.0,29.85,4.2,21 | 69.8,13 | 55.4,73,9 | 5.59,29.85 | 1011,4.2 | 0.17
2013-03-23,20.0,12.0,69.0,10.0,29.85,1.6,20 | 68.0,12 | 53.6,69,10 | 6.21,29.85 | 1011,1.6 | 0.06
2013-03-24,21.0,12.0,66.0,9.0,29.85,1.0,21 | 69.8,12 | 53.6,66,9 | 5.59,29.85 | 1011,1.0 | 0.04
2013-03-25,21.0,12.0,68.0,6.0,29.88,4.0,21 | 69.8,12 | 53.6,68,6 | 3.73,29.88 | 1012,4.0 | 0.16
2013-03-26,21.0,12.0,72.0,6.0,29.88,6.4,21 | 69.8,12 | 53.6,72,6 | 3.73,29.88 | 1012,6.4 | 0.25
2013-03-27,20.0,13.0,76.0,4.0,29.91,17.7,20 | 68.0,13 | 55.4,76,4 | 2.49,29.91 | 1013,17.7 | 0.7
2013-03-28,19.0,14.0,80.0,5.0,29.94,17.4,19 | 66.2,14 | 57.2,80,5 | 3.11,29.94 | 1014,17.4 | 0.69
2013-03-29,19.0,13.0,79.0,3.0,29.94,16.4,19 | 66.2,13 | 55.4,79,3 | 1.86,29.94 | 1014,16.4 | 0.65
2013-03-30,19.0,14.0,81.0,5.0,29.91,35.2,19 | 66.2,14 | 57.2,81,5 | 3.11,29.91 | 1013,35.2 | 1.39
2013-03-31,17.0,14.0,86.0,5.0,29.94,39.3,17 | 62.6,14 | 57.2,86,5 | 3.11,29.94 | 1014,39.3 | 1.55
2013-04-01,18.0,13.0,82.0,5.0,30.0,8.3,18 | 64.4,13 | 55.4,82,5 | 3.11,30.0 | 1016,8.3 | 0.33
2013-04-02,19.0,13.0,79.0,3.0,29.97,4.8,19 | 66.2,13 | 55.4,79,3 | 1.86,29.97 | 1015,4.8 | 0.19
2013-04-03,21.0,14.0,78.0,3.0,29.91,9.0,21 | 69.8,14 | 57.2,78,3 | 1.86,29.91 | 1013,9.0 | 0.35
2013-04-04,21.0,14.0,76.0,4.0,29.91,11.9,21 | 69.8,14 | 57.2,76,4 | 2.49,29.91 | 1013,11.9 | 0.47
2013-04-05,20.0,14.0,77.0,3.0,29.91,9.5,20 | 68.0,14 | 57.2,77,3 | 1.86,29.91 | 1013,9.5 | 0.37
2013-04-06,20.0,14.0,80.0,4.0,29.88,12.1,20 | 68.0,14 | 57.2,80,4 | 2.49,29.88 | 1012,12.1 | 0.48
2013-04-07,18.0,14.0,87.0,4.0,29.91,19.4,18 | 64.4,14 | 57.2,87,4 | 2.49,29.91 | 1013,19.4 | 0.76
2013-04-08,19.0,14.0,82.0,8.0,29.94,33.8,19 | 66.2,14 | 57.2,82,8 | 4.97,29.94 | 1014,33.8 | 1.33
2013-04-09,20.0,13.0,81.0,4.0,29.91,12.3,20 | 68.0,13 | 55.4,81,4 | 2.49,29.91 | 1013,12.3 | 0.48
2013-04-10,19.0,13.0,81.0,3.0,29.91,18.5,19 | 66.2,13 | 55.4,81,3 | 1.86,29.91 | 1013,18.5 | 0.73
2013-04-11,18.0,14.0,85.0,4.0,29.88,19.3,18 | 64.4,14 | 57.2,85,4 | 2.49,29.88 | 1012,19.3 | 0.76
2013-04-12,16.0,14.0,90.0,6.0,29.94,42.6,16 | 60.8,14 | 57.2,90,6 | 3.73,29.94 | 1014,42.6 | 1.68
2013-04-13,18.0,14.0,85.0,4.0,29.97,19.5,18 | 64.4,14 | 57.2,85,4 | 2.49,29.97 | 1015,19.5 | 0.77
2013-04-14,17.0,14.0,88.0,4.0,29.97,7.2,17 | 62.6,14 | 57.2,88,4 | 2.49,29.97 | 1015,7.2 | 0.28
2013-04-15,20.0,14.0,79.0,7.0,29.91,10.6,20 | 68.0,14 | 57.2,79,7 | 4.35,29.91 | 1013,10.6 | 0.42
2013-04-16,20.0,14.0,81.0,7.0,29.88,11.5,20 | 68.0,14 | 57.2,81,7 | 4.35,29.88 | 1012,11.5 | 0.45
2013-04-17,19.0,14.0,81.0,5.0,29.88,12.2,19 | 66.2,14 | 57.2,81,5 | 3.11,29.88 | 1012,12.2 | 0.48
2013-04-18,19.0,14.0,83.0,3.0,29.88,16.2,19 | 66.2,14 | 57.2,83,3 | 1.86,29.88 | 1012,16.2 | 0.64
2013-04-19,20.0,14.0,80.0,4.0,29.88,10.2,20 | 68.0,14 | 57.2,80,4 | 2.49,29.88 | 1012,10.2 | 0.4
2013-04-20,19.0,13.0,80.0,5.0,29.91,6.7,19 | 66.2,13 | 55.4,80,5 | 3.11,29.91 | 1013,6.7 | 0.26
2013-04-21,19.0,13.0,81.0,3.0,29.88,5.9,19 | 66.2,13 | 55.4,81,3 | 1.86,29.88 | 1012,5.9 | 0.23
2013-04-22,20.0,14.0,83.0,5.0,29.88,11.4,20 | 68.0,14 | 57.2,83,5 | 3.11,29.88 | 1012,11.4 | 0.45
2013-04-23,20.0,14.0,81.0,4.0,29.88,6.3,20 | 68.0,14 | 57.2,81,4 | 2.49,29.88 | 1012,6.3 | 0.25
2013-04-24,19.0,13.0,79.0,8.0,29.91,0.9,19 | 66.2,13 | 55.4,79,8 | 4.97,29.91 | 1013,0.9 | 0.04
2013-04-25,19.0,13.0,80.0,3.0,29.94,8.2,19 | 66.2,13 | 55.4,80,3 | 1.86,29.94 | 1014,8.2 | 0.32
2013-04-26,19.0,14.0,81.0,5.0,29.94,12.8,19 | 66.2,14 | 57.2,81,5 | 3.11,29.94 | 1014,12.8 | 0.5
2013-04-27,19.0,15.0,87.0,2.0,29.91,31.9,19 | 66.2,15 | 59.0,87,2 | 1.24,29.91 | 1013,31.9 | 1.26
2013-04-28,19.0,14.0,82.0,4.0,29.88,5.4,19 | 66.2,14 | 57.2,82,4 | 2.49,29.88 | 1012,5.4 | 0.21
2013-04-29,19.0,14.0,83.0,5.0,29.91,13.0,19 | 66.2,14 | 57.2,83,5 | 3.11,29.91 | 1013,13.0 | 0.51
2013-04-30,18.0,14.0,86.0,3.0,29.94,25.7,18 | 64.4,14 | 57.2,86,3 | 1.86,29.94 | 1014,25.7 | 1.01
2013-05-01,18.0,14.0,87.0,4.0,29.94,24.5,18 | 64.4,14 | 57.2,87,4 | 2.49,29.94 | 1014,24.5 | 0.96
2013-05-02,17.0,14.0,90.0,3.0,29.91,54.7,17 | 62.6,14 | 57.2,90,3 | 1.86,29.91 | 1013,54.7 | 2.15
2013-05-03,18.0,14.0,89.0,5.0,29.94,8.6,18 | 64.4,14 | 57.2,89,5 | 3.11,29.94 | 1014,8.6 | 0.34
2013-05-04,19.0,14.0,84.0,3.0,29.91,13.2,19 | 66.2,14 | 57.2,84,3 | 1.86,29.91 | 1013,13.2 | 0.52
2013-05-05,19.0,14.0,85.0,3.0,29.94,19.7,19 | 66.2,14 | 57.2,85,3 | 1.86,29.94 | 1014,19.7 | 0.78
2013-05-06,19.0,16.0,89.0,3.0,29.97,68.2,19 | 66.2,16 | 60.8,89,3 | 1.86,29.97 | 1015,68.2 | 2.69
2013-05-07,18.0,16.0,90.0,4.0,29.97,53.0,18 | 64.4,16 | 60.8,90,4 | 2.49,29.97 | 1015,53.0 | 2.09
2013-05-08,19.0,15.0,89.0,4.0,29.97,44.0,19 | 66.2,15 | 59.0,89,4 | 2.49,29.97 | 1015,44.0 | 1.73
2013-05-09,18.0,14.0,89.0,4.0,29.97,12.9,18 | 64.4,14 | 57.2,89,4 | 2.49,29.97 | 1015,12.9 | 0.51
2013-05-10,19.0,14.0,85.0,4.0,29.97,6.6,19 | 66.2,14 | 57.2,85,4 | 2.49,29.97 | 1015,6.6 | 0.26
2013-05-11,19.0,14.0,85.0,3.0,29.97,7.1,19 | 66.2,14 | 57.2,85,3 | 1.86,29.97 | 1015,7.1 | 0.28
2013-05-12,19.0,14.0,82.0,5.0,30.0,1.9,19 | 66.2,14 | 57.2,82,5 | 3.11,30.0 | 1016,1.9 | 0.07
2013-05-13,19.0,12.0,79.0,4.0,30.0,0.4,19 | 66.2,12 | 53.6,79,4 | 2.49,30.0 | 1016,0.4 | 0.02
2013-05-14,19.0,13.0,82.0,3.0,29.97,4.1,19 | 66.2,13 | 55.4,82,3 | 1.86,29.97 | 1015,4.1 | 0.16
2013-05-15,19.0,12.0,81.0,4.0,29.94,0.4,19 | 66.2,12 | 53.6,81,4 | 2.49,29.94 | 1014,0.4 | 0.02
2013-05-16,18.0,10.0,77.0,5.0,29.94,0.0,18 | 64.4,10 | 50.0,77,5 | 3.11,29.94 | 1014,0.0 | 0.0
2013-05-17,18.0,10.0,73.0,6.0,29.97,0.0,18 | 64.4,10 | 50.0,73,6 | 3.73,29.97 | 1015,0.0 | 0.0
2013-05-18,18.0,11.0,75.0,5.0,29.97,0.2,18 | 64.4,11 | 51.8,75,5 | 3.11,29.97 | 1015,0.2 | 0.01
2013-05-19,18.0,11.0,81.0,3.0,29.97,1.2,18 | 64.4,11 | 51.8,81,3 | 1.86,29.97 | 1015,1.2 | 0.05
2013-05-20,18.0,12.0,82.0,2.0,29.94,2.2,18 | 64.4,12 | 53.6,82,2 | 1.24,29.94 | 1014,2.2 | 0.09
2013-05-21,18.0,12.0,81.0,3.0,29.97,3.1,18 | 64.4,12 | 53.6,81,3 | 1.86,29.97 | 1015,3.1 | 0.12
2013-05-22,18.0,12.0,83.0,2.0,29.97,1.2,18 | 64.4,12 | 53.6,83,2 | 1.24,29.97 | 1015,1.2 | 0.05
2013-05-23,19.0,13.0,82.0,3.0,29.97,0.7,19 | 66.2,13 | 55.4,82,3 | 1.86,29.97 | 1015,0.7 | 0.03
2013-05-24,19.0,12.0,79.0,3.0,29.97,0.5,19 | 66.2,12 | 53.6,79,3 | 1.86,29.97 | 1015,0.5 | 0.02
2013-05-25,19.0,12.0,79.0,2.0,29.97,1.2,19 | 66.2,12 | 53.6,79,2 | 1.24,29.97 | 1015,1.2 | 0.05
2013-05-26,19.0,12.0,80.0,3.0,29.97,5.5,19 | 66.2,12 | 53.6,80,3 | 1.86,29.97 | 1015,5.5 | 0.22
2013-05-27,19.0,13.0,81.0,3.0,29.94,1.6,19 | 66.2,13 | 55.4,81,3 | 1.86,29.94 | 1014,1.6 | 0.06
2013-05-28,19.0,12.0,76.0,5.0,29.91,0.1,19 | 66.2,12 | 53.6,76,5 | 3.11,29.91 | 1013,0.1 | 0.0
2013-05-29,18.0,11.0,77.0,4.0,29.91,0.8,18 | 64.4,11 | 51.8,77,4 | 2.49,29.91 | 1013,0.8 | 0.03
2013-05-30,18.0,11.0,81.0,3.0,29.94,4.2,18 | 64.4,11 | 51.8,81,3 | 1.86,29.94 | 1014,4.2 | 0.17
2013-05-31,18.0,11.0,81.0,3.0,29.94,2.3,18 | 64.4,11 | 51.8,81,3 | 1.86,29.94 | 1014,2.3 | 0.09
2013-06-01,18.0,12.0,82.0,3.0,29.97,1.7,18 | 64.4,12 | 53.6,82,3 | 1.86,29.97 | 1015,1.7 | 0.07
2013-06-02,18.0,12.0,80.0,4.0,29.94,0.9,18 | 64.4,12 | 53.6,80,4 | 2.49,29.94 | 1014,0.9 | 0.04
2013-06-03,18.0,12.0,84.0,3.0,29.94,4.1,18 | 64.4,12 | 53.6,84,3 | 1.86,29.94 | 1014,4.1 | 0.16
2013-06-04,18.0,12.0,84.0,2.0,29.94,1.6,18 | 64.4,12 | 53.6,84,2 | 1.24,29.94 | 1014,1.6 | 0.06
2013-06-05,18.0,12.0,85.0,2.0,29.97,2.1,18 | 64.4,12 | 53.6,85,2 | 1.24,29.97 | 1015,2.1 | 0.08
2013-06-06,18.0,13.0,84.0,3.0,30.0,12.4,18 | 64.4,13 | 55.4,84,3 | 1.86,30.0 | 1016,12.4 | 0.49
2013-06-07,18.0,14.0,89.0,4.0,30.03,12.9,18 | 64.4,14 | 57.2,89,4 | 2.49,30.03 | 1017,12.9 | 0.51
2013-06-08,17.0,14.0,90.0,4.0,29.97,6.5,17 | 62.6,14 | 57.2,90,4 | 2.49,29.97 | 1015,6.5 | 0.26
2013-06-09,17.0,12.0,87.0,3.0,29.97,3.0,17 | 62.6,12 | 53.6,87,3 | 1.86,29.97 | 1015,3.0 | 0.12
2013-06-10,18.0,13.0,87.0,2.0,29.97,9.1,18 | 64.4,13 | 55.4,87,2 | 1.24,29.97 | 1015,9.1 | 0.36
2013-06-11,18.0,13.0,86.0,3.0,30.0,9.4,18 | 64.4,13 | 55.4,86,3 | 1.86,30.0 | 1016,9.4 | 0.37
2013-06-12,17.0,14.0,89.0,3.0,29.97,16.2,17 | 62.6,14 | 57.2,89,3 | 1.86,29.97 | 1015,16.2 | 0.64
2013-06-13,17.0,15.0,92.0,3.0,29.97,29.8,17 | 62.6,15 | 59.0,92,3 | 1.86,29.97 | 1015,29.8 | 1.17
2013-06-14,18.0,14.0,88.0,4.0,29.97,16.7,18 | 64.4,14 | 57.2,88,4 | 2.49,29.97 | 1015,16.7 | 0.66
2013-06-15,17.0,15.0,92.0,4.0,29.97,49.0,17 | 62.6,15 | 59.0,92,4 | 2.49,29.97 | 1015,49.0 | 1.93
2013-06-16,18.0,14.0,89.0,6.0,29.97,2.5,18 | 64.4,14 | 57.2,89,6 | 3.73,29.97 | 1015,2.5 | 0.1
2013-06-17,17.0,14.0,89.0,6.0,29.97,1.4,17 | 62.6,14 | 57.2,89,6 | 3.73,29.97 | 1015,1.4 | 0.06
2013-06-18,16.0,14.0,93.0,5.0,29.97,5.3,16 | 60.8,14 | 57.2,93,5 | 3.11,29.97 | 1015,5.3 | 0.21
2013-06-19,17.0,15.0,93.0,3.0,29.97,12.6,17 | 62.6,15 | 59.0,93,3 | 1.86,29.97 | 1015,12.6 | 0.5
2013-06-20,16.0,14.0,95.0,3.0,30.0,37.6,16 | 60.8,14 | 57.2,95,3 | 1.86,30.0 | 1016,37.6 | 1.48
2013-06-21,18.0,14.0,89.0,4.0,30.0,1.7,18 | 64.4,14 | 57.2,89,4 | 2.49,30.0 | 1016,1.7 | 0.07
2013-06-22,18.0,12.0,84.0,5.0,30.0,0.2,18 | 64.4,12 | 53.6,84,5 | 3.11,30.0 | 1016,0.2 | 0.01
2013-06-23,18.0,12.0,82.0,3.0,30.0,0.2,18 | 64.4,12 | 53.6,82,3 | 1.86,30.0 | 1016,0.2 | 0.01
2013-06-24,18.0,12.0,84.0,2.0,30.0,1.8,18 | 64.4,12 | 53.6,84,2 | 1.24,30.0 | 1016,1.8 | 0.07
2013-06-25,17.0,12.0,87.0,2.0,29.97,2.4,17 | 62.6,12 | 53.6,87,2 | 1.24,29.97 | 1015,2.4 | 0.09
2013-06-26,17.0,12.0,87.0,2.0,29.97,2.0,17 | 62.6,12 | 53.6,87,2 | 1.24,29.97 | 1015,2.0 | 0.08
2013-06-27,18.0,13.0,87.0,3.0,29.94,5.7,18 | 64.4,13 | 55.4,87,3 | 1.86,29.94 | 1014,5.7 | 0.22
2013-06-28,18.0,13.0,86.0,3.0,29.94,3.2,18 | 64.4,13 | 55.4,86,3 | 1.86,29.94 | 1014,3.2 | 0.13
2013-06-29,18.0,12.0,86.0,3.0,29.94,1.6,18 | 64.4,12 | 53.6,86,3 | 1.86,29.94 | 1014,1.6 | 0.06
2013-06-30,18.0,12.0,86.0,3.0,30.0,3.6,18 | 64.4,12 | 53.6,86,3 | 1.86,30.0 | 1016,3.6 | 0.14
2013-07-01,17.0,12.0,87.0,4.0,30.0,2.2,17 | 62.6,12 | 53.6,87,4 | 2.49,30.0 | 1016,2.2 | 0.09
2013-07-02,17.0,11.0,84.0,3.0,29.97,0.9,17 | 62.6,11 | 51.8,84,3 | 1.86,29.97 | 1015,0.9 | 0.04
2013-07-03,18.0,12.0,85.0,4.0,29.94,3.6,18 | 64.4,12 | 53.6,85,4 | 2.49,29.94 | 1014,3.6 | 0.14
2013-07-04,17.0,12.0,85.0,4.0,29.94,0.8,17 | 62.6,12 | 53.6,85,4 | 2.49,29.94 | 1014,0.8 | 0.03
2013-07-05,17.0,12.0,84.0,3.0,29.97,0.7,17 | 62.6,12 | 53.6,84,3 | 1.86,29.97 | 1015,0.7 | 0.03
2013-07-06,18.0,12.0,83.0,4.0,29.97,6.3,18 | 64.4,12 | 53.6,83,4 | 2.49,29.97 | 1015,6.3 | 0.25
2013-07-07,18.0,12.0,84.0,3.0,29.97,4.8,18 | 64.4,12 | 53.6,84,3 | 1.86,29.97 | 1015,4.8 | 0.19
2013-07-08,17.0,12.0,86.0,3.0,30.0,3.4,17 | 62.6,12 | 53.6,86,3 | 1.86,30.0 | 1016,3.4 | 0.13
2013-07-09,17.0,12.0,87.0,5.0,30.0,1.2,17 | 62.6,12 | 53.6,87,5 | 3.11,30.0 | 1016,1.2 | 0.05
2013-07-10,17.0,11.0,83.0,5.0,29.97,1.0,17 | 62.6,11 | 51.8,83,5 | 3.11,29.97 | 1015,1.0 | 0.04
2013-07-11,17.0,12.0,85.0,6.0,29.97,11.9,17 | 62.6,12 | 53.6,85,6 | 3.73,29.97 | 1015,11.9 | 0.47
2013-07-12,17.0,12.0,85.0,4.0,29.97,2.3,17 | 62.6,12 | 53.6,85,4 | 2.49,29.97 | 1015,2.3 | 0.09
2013-07-13,17.0,13.0,87.0,4.0,30.0,2.6,17 | 62.6,13 | 55.4,87,4 | 2.49,30.0 | 1016,2.6 | 0.1
2013-07-14,17.0,12.0,82.0,6.0,29.97,1.9,17 | 62.6,12 | 53.6,82,6 | 3.73,29.97 | 1015,1.9 | 0.07
2013-07-15,18.0,11.0,78.0,5.0,29.97,0.5,18 | 64.4,11 | 51.8,78,5 | 3.11,29.97 | 1015,0.5 | 0.02
2013-07-16,18.0,10.0,74.0,5.0,30.0,0.1,18 | 64.4,10 | 50.0,74,5 | 3.11,30.0 | 1016,0.1 | 0.0
2013-07-17,18.0,9.0,71.0,6.0,30.0,0.1,18 | 64.4,9 | 48.2,71,6 | 3.73,30.0 | 1016,0.1 | 0.0
2013-07-18,17.0,10.0,76.0,5.0,30.0,0.5,17 | 62.6,10 | 50.0,76,5 | 3.11,30.0 | 1016,0.5 | 0.02
2013-07-19,18.0,13.0,83.0,4.0,29.97,5.1,18 | 64.4,13 | 55.4,83,4 | 2.49,29.97 | 1015,5.1 | 0.2
2013-07-20,18.0,12.0,85.0,4.0,29.94,2.4,18 | 64.4,12 | 53.6,85,4 | 2.49,29.94 | 1014,2.4 | 0.09
2013-07-21,17.0,13.0,86.0,4.0,29.94,2.2,17 | 62.6,13 | 55.4,86,4 | 2.49,29.94 | 1014,2.2 | 0.09
2013-07-22,17.0,13.0,87.0,4.0,29.94,7.8,17 | 62.6,13 | 55.4,87,4 | 2.49,29.94 | 1014,7.8 | 0.31
2013-07-23,18.0,14.0,87.0,4.0,29.94,29.8,18 | 64.4,14 | 57.2,87,4 | 2.49,29.94 | 1014,29.8 | 1.17
2013-07-24,18.0,13.0,87.0,3.0,29.97,3.8,18 | 64.4,13 | 55.4,87,3 | 1.86,29.97 | 1015,3.8 | 0.15
2013-07-25,18.0,14.0,88.0,4.0,30.0,4.1,18 | 64.4,14 | 57.2,88,4 | 2.49,30.0 | 1016,4.1 | 0.16
2013-07-26,17.0,13.0,87.0,3.0,30.0,3.8,17 | 62.6,13 | 55.4,87,3 | 1.86,30.0 | 1016,3.8 | 0.15
2013-07-27,17.0,12.0,85.0,5.0,29.97,1.2,17 | 62.6,12 | 53.6,85,5 | 3.11,29.97 | 1015,1.2 | 0.05
2013-07-28,18.0,12.0,83.0,4.0,30.0,0.9,18 | 64.4,12 | 53.6,83,4 | 2.49,30.0 | 1016,0.9 | 0.04
2013-07-29,18.0,13.0,84.0,3.0,30.0,7.7,18 | 64.4,13 | 55.4,84,3 | 1.86,30.0 | 1016,7.7 | 0.3
2013-07-30,17.0,13.0,89.0,4.0,30.0,10.9,17 | 62.6,13 | 55.4,89,4 | 2.49,30.0 | 1016,10.9 | 0.43
2013-07-31,17.0,14.0,89.0,3.0,30.0,12.4,17 | 62.6,14 | 57.2,89,3 | 1.86,30.0 | 1016,12.4 | 0.49
2013-08-01,17.0,14.0,87.0,2.0,30.03,10.0,17 | 62.6,14 | 57.2,87,2 | 1.24,30.03 | 1017,10.0 | 0.39
2013-08-02,18.0,13.0,86.0,4.0,30.03,5.4,18 | 64.4,13 | 55.4,86,4 | 2.49,30.03 | 1017,5.4 | 0.21
2013-08-03,16.0,13.0,90.0,4.0,30.0,2.8,16 | 60.8,13 | 55.4,90,4 | 2.49,30.0 | 1016,2.8 | 0.11
2013-08-04,17.0,13.0,88.0,3.0,30.0,8.0,17 | 62.6,13 | 55.4,88,3 | 1.86,30.0 | 1016,8.0 | 0.31
2013-08-05,17.0,13.0,87.0,2.0,29.97,12.8,17 | 62.6,13 | 55.4,87,2 | 1.24,29.97 | 1015,12.8 | 0.5
2013-08-06,17.0,14.0,90.0,4.0,29.97,20.8,17 | 62.6,14 | 57.2,90,4 | 2.49,29.97 | 1015,20.8 | 0.82
2013-08-07,18.0,14.0,90.0,5.0,29.94,27.5,18 | 64.4,14 | 57.2,90,5 | 3.11,29.94 | 1014,27.5 | 1.08
2013-08-08,17.0,13.0,87.0,5.0,29.94,8.5,17 | 62.6,13 | 55.4,87,5 | 3.11,29.94 | 1014,8.5 | 0.33
2013-08-09,18.0,13.0,86.0,4.0,29.94,6.2,18 | 64.4,13 | 55.4,86,4 | 2.49,29.94 | 1014,6.2 | 0.24
2013-08-10,18.0,14.0,86.0,4.0,29.94,5.6,18 | 64.4,14 | 57.2,86,4 | 2.49,29.94 | 1014,5.6 | 0.22
2013-08-11,18.0,13.0,85.0,4.0,29.94,1.6,18 | 64.4,13 | 55.4,85,4 | 2.49,29.94 | 1014,1.6 | 0.06
2013-08-12,18.0,13.0,84.0,4.0,29.94,1.8,18 | 64.4,13 | 55.4,84,4 | 2.49,29.94 | 1014,1.8 | 0.07
2013-08-13,18.0,13.0,84.0,3.0,29.94,8.9,18 | 64.4,13 | 55.4,84,3 | 1.86,29.94 | 1014,8.9 | 0.35
2013-08-14,18.0,13.0,85.0,3.0,29.91,10.2,18 | 64.4,13 | 55.4,85,3 | 1.86,29.91 | 1013,10.2 | 0.4
2013-08-15,18.0,13.0,83.0,4.0,29.91,2.9,18 | 64.4,13 | 55.4,83,4 | 2.49,29.91 | 1013,2.9 | 0.11
2013-08-16,19.0,13.0,83.0,4.0,29.91,5.1,19 | 66.2,13 | 55.4,83,4 | 2.49,29.91 | 1013,5.1 | 0.2
2013-08-17,18.0,13.0,86.0,3.0,29.91,11.1,18 | 64.4,13 | 55.4,86,3 | 1.86,29.91 | 1013,11.1 | 0.44
2013-08-18,18.0,14.0,85.0,4.0,29.91,2.0,18 | 64.4,14 | 57.2,85,4 | 2.49,29.91 | 1013,2.0 | 0.08
2013-08-19,18.0,14.0,86.0,3.0,29.94,20.0,18 | 64.4,14 | 57.2,86,3 | 1.86,29.94 | 1014,20.0 | 0.79
2013-08-20,18.0,15.0,89.0,3.0,29.94,11.8,18 | 64.4,15 | 59.0,89,3 | 1.86,29.94 | 1014,11.8 | 0.46
2013-08-21,18.0,15.0,91.0,4.0,29.94,18.1,18 | 64.4,15 | 59.0,91,4 | 2.49,29.94 | 1014,18.1 | 0.71
2013-08-22,18.0,14.0,87.0,4.0,29.94,12.7,18 | 64.4,14 | 57.2,87,4 | 2.49,29.94 | 1014,12.7 | 0.5
2013-08-23,18.0,14.0,86.0,4.0,29.94,8.7,18 | 64.4,14 | 57.2,86,4 | 2.49,29.94 | 1014,8.7 | 0.34
2013-08-24,18.0,13.0,85.0,5.0,29.97,3.4,18 | 64.4,13 | 55.4,85,5 | 3.11,29.97 | 1015,3.4 | 0.13
2013-08-25,18.0,12.0,86.0,3.0,29.97,3.4,18 | 64.4,12 | 53.6,86,3 | 1.86,29.97 | 1015,3.4 | 0.13
2013-08-26,17.0,12.0,84.0,3.0,29.94,7.1,17 | 62.6,12 | 53.6,84,3 | 1.86,29.94 | 1014,7.1 | 0.28
2013-08-27,17.0,12.0,85.0,3.0,29.97,1.7,17 | 62.6,12 | 53.6,85,3 | 1.86,29.97 | 1015,1.7 | 0.07
2013-08-28,18.0,13.0,84.0,3.0,29.97,4.3,18 | 64.4,13 | 55.4,84,3 | 1.86,29.97 | 1015,4.3 | 0.17
2013-08-29,18.0,12.0,83.0,4.0,29.97,2.3,18 | 64.4,12 | 53.6,83,4 | 2.49,29.97 | 1015,2.3 | 0.09
2013-08-30,18.0,13.0,84.0,3.0,29.94,16.0,18 | 64.4,13 | 55.4,84,3 | 1.86,29.94 | 1014,16.0 | 0.63
2013-08-31,18.0,14.0,85.0,4.0,29.91,20.4,18 | 64.4,14 | 57.2,85,4 | 2.49,29.91 | 1013,20.4 | 0.8
2013-09-01,17.0,13.0,85.0,3.0,29.94,9.5,17 | 62.6,13 | 55.4,85,3 | 1.86,29.94 | 1014,9.5 | 0.37
2013-09-02,18.0,12.0,82.0,3.0,29.94,3.6,18 | 64.4,12 | 53.6,82,3 | 1.86,29.94 | 1014,3.6 | 0.14
2013-09-03,17.0,12.0,86.0,5.0,29.97,19.3,17 | 62.6,12 | 53.6,86,5 | 3.11,29.97 | 1015,19.3 | 0.76
2013-09-04,17.0,12.0,85.0,2.0,29.97,9.3,17 | 62.6,12 | 53.6,85,2 | 1.24,29.97 | 1015,9.3 | 0.37
2013-09-05,18.0,13.0,81.0,3.0,29.97,6.4,18 | 64.4,13 | 55.4,81,3 | 1.86,29.97 | 1015,6.4 | 0.25
2013-09-06,17.0,12.0,83.0,4.0,29.94,16.1,17 | 62.6,12 | 53.6,83,4 | 2.49,29.94 | 1014,16.1 | 0.63
2013-09-07,18.0,13.0,84.0,6.0,29.97,7.1,18 | 64.4,13 | 55.4,84,6 | 3.73,29.97 | 1015,7.1 | 0.28
2013-09-08,18.0,12.0,81.0,4.0,29.97,3.1,18 | 64.4,12 | 53.6,81,4 | 2.49,29.97 | 1015,3.1 | 0.12
2013-09-09,19.0,12.0,78.0,4.0,29.94,1.9,19 | 66.2,12 | 53.6,78,4 | 2.49,29.94 | 1014,1.9 | 0.07
2013-09-10,18.0,13.0,81.0,4.0,29.94,9.8,18 | 64.4,13 | 55.4,81,4 | 2.49,29.94 | 1014,9.8 | 0.39
2013-09-11,19.0,13.0,79.0,5.0,29.91,1.3,19 | 66.2,13 | 55.4,79,5 | 3.11,29.91 | 1013,1.3 | 0.05
2013-09-12,19.0,12.0,74.0,3.0,29.91,1.2,19 | 66.2,12 | 53.6,74,3 | 1.86,29.91 | 1013,1.2 | 0.05
2013-09-13,19.0,12.0,73.0,5.0,29.94,1.3,19 | 66.2,12 | 53.6,73,5 | 3.11,29.94 | 1014,1.3 | 0.05
2013-09-14,19.0,12.0,77.0,4.0,29.97,3.7,19 | 66.2,12 | 53.6,77,4 | 2.49,29.97 | 1015,3.7 | 0.15
2013-09-15,20.0,13.0,75.0,4.0,29.97,3.0,20 | 68.0,13 | 55.4,75,4 | 2.49,29.97 | 1015,3.0 | 0.12
2013-09-16,20.0,12.0,72.0,4.0,29.94,0.7,20 | 68.0,12 | 53.6,72,4 | 2.49,29.94 | 1014,0.7 | 0.03
2013-09-17,19.0,13.0,77.0,5.0,29.91,10.8,19 | 66.2,13 | 55.4,77,5 | 3.11,29.91 | 1013,10.8 | 0.43
2013-09-18,19.0,15.0,85.0,4.0,29.94,33.5,19 | 66.2,15 | 59.0,85,4 | 2.49,29.94 | 1014,33.5 | 1.32
2013-09-19,19.0,15.0,87.0,4.0,29.94,31.8,19 | 66.2,15 | 59.0,87,4 | 2.49,29.94 | 1014,31.8 | 1.25
2013-09-20,19.0,14.0,85.0,2.0,29.91,20.3,19 | 66.2,14 | 57.2,85,2 | 1.24,29.91 | 1013,20.3 | 0.8
2013-09-21,19.0,13.0,80.0,5.0,29.91,6.4,19 | 66.2,13 | 55.4,80,5 | 3.11,29.91 | 1013,6.4 | 0.25
2013-09-22,19.0,12.0,76.0,6.0,29.91,1.5,19 | 66.2,12 | 53.6,76,6 | 3.73,29.91 | 1013,1.5 | 0.06
2013-09-23,19.0,13.0,79.0,4.0,29.91,9.3,19 | 66.2,13 | 55.4,79,4 | 2.49,29.91 | 1013,9.3 | 0.37
2013-09-24,19.0,14.0,83.0,3.0,29.94,15.9,19 | 66.2,14 | 57.2,83,3 | 1.86,29.94 | 1014,15.9 | 0.63
2013-09-25,18.0,14.0,85.0,4.0,29.97,20.7,18 | 64.4,14 | 57.2,85,4 | 2.49,29.97 | 1015,20.7 | 0.81
2013-09-26,18.0,12.0,82.0,4.0,29.97,9.5,18 | 64.4,12 | 53.6,82,4 | 2.49,29.97 | 1015,9.5 | 0.37
2013-09-27,19.0,13.0,79.0,5.0,29.94,4.4,19 | 66.2,13 | 55.4,79,5 | 3.11,29.94 | 1014,4.4 | 0.17
2013-09-28,20.0,12.0,73.0,8.0,29.88,1.9,20 | 68.0,12 | 53.6,73,8 | 4.97,29.88 | 1012,1.9 | 0.07
2013-09-29,20.0,12.0,73.0,6.0,29.94,2.9,20 | 68.0,12 | 53.6,73,6 | 3.73,29.94 | 1014,2.9 | 0.11
2013-09-30,20.0,12.0,75.0,5.0,29.94,5.7,20 | 68.0,12 | 53.6,75,5 | 3.11,29.94 | 1014,5.7 | 0.22
2013-10-01,19.0,12.0,76.0,5.0,29.91,3.3,19 | 66.2,12 | 53.6,76,5 | 3.11,29.91 | 1013,3.3 | 0.13
2013-10-02,19.0,12.0,76.0,3.0,29.91,9.5,19 | 66.2,12 | 53.6,76,3 | 1.86,29.91 | 1013,9.5 | 0.37
2013-10-03,19.0,13.0,79.0,5.0,29.91,10.9,19 | 66.2,13 | 55.4,79,5 | 3.11,29.91 | 1013,10.9 | 0.43
2013-10-04,19.0,11.0,75.0,7.0,29.94,0.2,19 | 66.2,11 | 51.8,75,7 | 4.35,29.94 | 1014,0.2 | 0.01
2013-10-05,19.0,11.0,70.0,6.0,29.91,1.0,19 | 66.2,11 | 51.8,70,6 | 3.73,29.91 | 1013,1.0 | 0.04
2013-10-06,19.0,13.0,77.0,3.0,29.94,9.3,19 | 66.2,13 | 55.4,77,3 | 1.86,29.94 | 1014,9.3 | 0.37
2013-10-07,19.0,14.0,81.0,4.0,29.97,20.2,19 | 66.2,14 | 57.2,81,4 | 2.49,29.97 | 1015,20.2 | 0.8
2013-10-08,17.0,15.0,88.0,3.0,29.94,34.3,17 | 62.6,15 | 59.0,88,3 | 1.86,29.94 | 1014,34.3 | 1.35
2013-10-09,16.0,14.0,87.0,6.0,29.94,31.4,16 | 60.8,14 | 57.2,87,6 | 3.73,29.94 | 1014,31.4 | 1.24
2013-10-10,18.0,14.0,81.0,8.0,29.94,11.8,18 | 64.4,14 | 57.2,81,8 | 4.97,29.94 | 1014,11.8 | 0.46
2013-10-11,19.0,12.0,73.0,9.0,29.94,0.5,19 | 66.2,12 | 53.6,73,9 | 5.59,29.94 | 1014,0.5 | 0.02
2013-10-12,19.0,12.0,72.0,9.0,29.94,0.6,19 | 66.2,12 | 53.6,72,9 | 5.59,29.94 | 1014,0.6 | 0.02
2013-10-13,19.0,11.0,68.0,6.0,29.94,2.2,19 | 66.2,11 | 51.8,68,6 | 3.73,29.94 | 1014,2.2 | 0.09
2013-10-14,20.0,12.0,71.0,7.0,29.94,6.3,20 | 68.0,12 | 53.6,71,7 | 4.35,29.94 | 1014,6.3 | 0.25
2013-10-15,19.0,11.0,72.0,8.0,29.97,0.6,19 | 66.2,11 | 51.8,72,8 | 4.97,29.97 | 1015,0.6 | 0.02
2013-10-16,19.0,11.0,70.0,5.0,29.94,2.6,19 | 66.2,11 | 51.8,70,5 | 3.11,29.94 | 1014,2.6 | 0.1
2013-10-17,18.0,11.0,76.0,5.0,29.94,9.1,18 | 64.4,11 | 51.8,76,5 | 3.11,29.94 | 1014,9.1 | 0.36
2013-10-18,18.0,12.0,76.0,5.0,29.91,11.9,18 | 64.4,12 | 53.6,76,5 | 3.11,29.91 | 1013,11.9 | 0.47
2013-10-19,18.0,11.0,75.0,7.0,29.91,7.6,18 | 64.4,11 | 51.8,75,7 | 4.35,29.91 | 1013,7.6 | 0.3
2013-10-20,18.0,10.0,71.0,9.0,29.91,0.5,18 | 64.4,10 | 50.0,71,9 | 5.59,29.91 | 1013,0.5 | 0.02
2013-10-21,19.0,10.0,67.0,8.0,29.88,0.3,19 | 66.2,10 | 50.0,67,8 | 4.97,29.88 | 1012,0.3 | 0.01
2013-10-22,19.0,12.0,73.0,6.0,29.91,8.7,19 | 66.2,12 | 53.6,73,6 | 3.73,29.91 | 1013,8.7 | 0.34
2013-10-23,20.0,12.0,72.0,8.0,29.91,1.3,20 | 68.0,12 | 53.6,72,8 | 4.97,29.91 | 1013,1.3 | 0.05
2013-10-24,20.0,12.0,69.0,6.0,29.91,2.8,20 | 68.0,12 | 53.6,69,6 | 3.73,29.91 | 1013,2.8 | 0.11
2013-10-25,19.0,13.0,74.0,5.0,29.91,5.5,19 | 66.2,13 | 55.4,74,5 | 3.11,29.91 | 1013,5.5 | 0.22
2013-10-26,19.0,13.0,78.0,5.0,29.91,13.6,19 | 66.2,13 | 55.4,78,5 | 3.11,29.91 | 1013,13.6 | 0.54
2013-10-27,19.0,12.0,76.0,5.0,29.91,12.3,19 | 66.2,12 | 53.6,76,5 | 3.11,29.91 | 1013,12.3 | 0.48
2013-10-28,19.0,12.0,77.0,5.0,29.94,13.2,19 | 66.2,12 | 53.6,77,5 | 3.11,29.94 | 1014,13.2 | 0.52
2013-10-29,18.0,13.0,79.0,6.0,29.91,14.2,18 | 64.4,13 | 55.4,79,6 | 3.73,29.91 | 1013,14.2 | 0.56
2013-10-30,19.0,13.0,76.0,6.0,29.91,7.8,19 | 66.2,13 | 55.4,76,6 | 3.73,29.91 | 1013,7.8 | 0.31
2013-10-31,19.0,13.0,75.0,8.0,29.91,5.7,19 | 66.2,13 | 55.4,75,8 | 4.97,29.91 | 1013,5.7 | 0.22
2013-11-01,18.0,11.0,74.0,11.0,29.88,0.8,18 | 64.4,11 | 51.8,74,11 | 6.84,29.88 | 1012,0.8 | 0.03
2013-11-02,19.0,12.0,75.0,12.0,29.85,2.6,19 | 66.2,12 | 53.6,75,12 | 7.46,29.85 | 1011,2.6 | 0.1
2013-11-03,18.0,12.0,77.0,14.0,29.85,1.9,18 | 64.4,12 | 53.6,77,14 | 8.7,29.85 | 1011,1.9 | 0.07
2013-11-04,19.0,12.0,75.0,16.0,29.88,0.5,19 | 66.2,12 | 53.6,75,16 | 9.94,29.88 | 1012,0.5 | 0.02
2013-11-05,19.0,11.0,74.0,11.0,29.91,1.7,19 | 66.2,11 | 51.8,74,11 | 6.84,29.91 | 1013,1.7 | 0.07
2013-11-06,19.0,12.0,77.0,9.0,29.91,7.4,19 | 66.2,12 | 53.6,77,9 | 5.59,29.91 | 1013,7.4 | 0.29
2013-11-07,18.0,13.0,80.0,9.0,29.91,6.8,18 | 64.4,13 | 55.4,80,9 | 5.59,29.91 | 1013,6.8 | 0.27
2013-11-08,19.0,14.0,80.0,8.0,29.91,12.4,19 | 66.2,14 | 57.2,80,8 | 4.97,29.91 | 1013,12.4 | 0.49
2013-11-09,19.0,14.0,81.0,6.0,29.88,13.3,19 | 66.2,14 | 57.2,81,6 | 3.73,29.88 | 1012,13.3 | 0.52
2013-11-10,19.0,13.0,80.0,5.0,29.88,17.8,19 | 66.2,13 | 55.4,80,5 | 3.11,29.88 | 1012,17.8 | 0.7
2013-11-11,19.0,13.0,80.0,5.0,29.88,26.1,19 | 66.2,13 | 55.4,80,5 | 3.11,29.88 | 1012,26.1 | 1.03
2013-11-12,18.0,13.0,82.0,4.0,29.88,13.0,18 | 64.4,13 | 55.4,82,4 | 2.49,29.88 | 1012,13.0 | 0.51
2013-11-13,19.0,13.0,75.0,6.0,29.88,3.7,19 | 66.2,13 | 55.4,75,6 | 3.73,29.88 | 1012,3.7 | 0.15
2013-11-14,19.0,13.0,78.0,7.0,29.85,2.7,19 | 66.2,13 | 55.4,78,7 | 4.35,29.85 | 1011,2.7 | 0.11
2013-11-15,19.0,12.0,77.0,4.0,29.85,7.6,19 | 66.2,12 | 53.6,77,4 | 2.49,29.85 | 1011,7.6 | 0.3
2013-11-16,18.0,13.0,82.0,5.0,29.94,26.3,18 | 64.4,13 | 55.4,82,5 | 3.11,29.94 | 1014,26.3 | 1.04
2013-11-17,18.0,13.0,80.0,6.0,29.91,11.2,18 | 64.4,13 | 55.4,80,6 | 3.73,29.91 | 1013,11.2 | 0.44
2013-11-18,18.0,12.0,76.0,8.0,29.85,5.0,18 | 64.4,12 | 53.6,76,8 | 4.97,29.85 | 1011,5.0 | 0.2
2013-11-19,19.0,12.0,76.0,8.0,29.85,8.7,19 | 66.2,12 | 53.6,76,8 | 4.97,29.85 | 1011,8.7 | 0.34
2013-11-20,18.0,11.0,76.0,11.0,29.85,4.3,18 | 64.4,11 | 51.8,76,11 | 6.84,29.85 | 1011,4.3 | 0.17
2013-11-21,19.0,11.0,72.0,9.0,29.85,0.0,19 | 66.2,11 | 51.8,72,9 | 5.59,29.85 | 1011,0.0 | 0.0
2013-11-22,19.0,11.0,71.0,6.0,29.85,5.5,19 | 66.2,11 | 51.8,71,6 | 3.73,29.85 | 1011,5.5 | 0.22
2013-11-23,19.0,13.0,73.0,8.0,29.88,6.4,19 | 66.2,13 | 55.4,73,8 | 4.97,29.88 | 1012,6.4 | 0.25
2013-11-24,19.0,11.0,69.0,11.0,29.88,0.2,19 | 66.2,11 | 51.8,69,11 | 6.84,29.88 | 1012,0.2 | 0.01
2013-11-25,19.0,12.0,75.0,14.0,29.88,2.9,19 | 66.2,12 | 53.6,75,14 | 8.7,29.88 | 1012,2.9 | 0.11
2013-11-26,18.0,11.0,74.0,16.0,29.88,0.2,18 | 64.4,11 | 51.8,74,16 | 9.94,29.88 | 1012,0.2 | 0.01
2013-11-27,17.0,10.0,74.0,16.0,29.94,0.5,17 | 62.6,10 | 50.0,74,16 | 9.94,29.94 | 1014,0.5 | 0.02
2013-11-28,17.0,9.0,70.0,15.0,29.97,0.0,17 | 62.6,9 | 48.2,70,15 | 9.32,29.97 | 1015,0.0 | 0.0
2013-11-29,18.0,10.0,73.0,11.0,29.91,2.4,18 | 64.4,10 | 50.0,73,11 | 6.84,29.91 | 1013,2.4 | 0.09
2013-11-30,19.0,12.0,76.0,12.0,29.91,3.5,19 | 66.2,12 | 53.6,76,12 | 7.46,29.91 | 1013,3.5 | 0.14
2013-12-01,19.0,13.0,76.0,15.0,29.91,2.7,19 | 66.2,13 | 55.4,76,15 | 9.32,29.91 | 1013,2.7 | 0.11
2013-12-02,19.0,12.0,72.0,18.0,29.94,0.0,19 | 66.2,12 | 53.6,72,18 | 11.18,29.94 | 1014,0.0 | 0.0
2013-12-03,19.0,12.0,73.0,11.0,29.91,6.5,19 | 66.2,12 | 53.6,73,11 | 6.84,29.91 | 1013,6.5 | 0.26
2013-12-04,19.0,14.0,78.0,7.0,29.91,17.7,19 | 66.2,14 | 57.2,78,7 | 4.35,29.91 | 1013,17.7 | 0.7
2013-12-05,19.0,12.0,76.0,7.0,29.91,6.9,19 | 66.2,12 | 53.6,76,7 | 4.35,29.91 | 1013,6.9 | 0.27
2013-12-06,19.0,11.0,73.0,7.0,29.88,3.2,19 | 66.2,11 | 51.8,73,7 | 4.35,29.88 | 1012,3.2 | 0.13
2013-12-07,19.0,10.0,63.0,8.0,29.94,0.0,19 | 66.2,10 | 50.0,63,8 | 4.97,29.94 | 1014,0.0 | 0.0
2013-12-08,19.0,8.0,60.0,8.0,29.94,0.0,19 | 66.2,8 | 46.4,60,8 | 4.97,29.94 | 1014,0.0 | 0.0
2013-12-09,18.0,8.0,60.0,6.0,29.94,1.8,18 | 64.4,8 | 46.4,60,6 | 3.73,29.94 | 1014,1.8 | 0.07
2013-12-10,18.0,9.0,64.0,5.0,29.91,3.6,18 | 64.4,9 | 48.2,64,5 | 3.11,29.91 | 1013,3.6 | 0.14
2013-12-11,18.0,11.0,72.0,5.0,29.88,3.7,18 | 64.4,11 | 51.8,72,5 | 3.11,29.88 | 1012,3.7 | 0.15
2013-12-12,17.0,12.0,81.0,4.0,29.91,26.7,17 | 62.6,12 | 53.6,81,4 | 2.49,29.91 | 1013,26.7 | 1.05
2013-12-13,17.0,13.0,85.0,4.0,29.97,11.0,17 | 62.6,13 | 55.4,85,4 | 2.49,29.97 | 1015,11.0 | 0.43
2013-12-14,17.0,13.0,84.0,2.0,29.97,20.9,17 | 62.6,13 | 55.4,84,2 | 1.24,29.97 | 1015,20.9 | 0.82
2013-12-15,17.0,12.0,82.0,6.0,29.97,12.8,17 | 62.6,12 | 53.6,82,6 | 3.73,29.97 | 1015,12.8 | 0.5
2013-12-16,18.0,13.0,80.0,8.0,29.94,11.9,18 | 64.4,13 | 55.4,80,8 | 4.97,29.94 | 1014,11.9 | 0.47
2013-12-17,17.0,13.0,82.0,9.0,29.94,9.8,17 | 62.6,13 | 55.4,82,9 | 5.59,29.94 | 1014,9.8 | 0.39
2013-12-18,19.0,12.0,74.0,10.0,29.91,0.3,19 | 66.2,12 | 53.6,74,10 | 6.21,29.91 | 1013,0.3 | 0.01
2013-12-19,19.0,11.0,69.0,11.0,29.91,0.0,19 | 66.2,11 | 51.8,69,11 | 6.84,29.91 | 1013,0.0 | 0.0
2013-12-20,18.0,11.0,73.0,14.0,29.91,0.3,18 | 64.4,11 | 51.8,73,14 | 8.7,29.91 | 1013,0.3 | 0.01
2013-12-21,18.0,11.0,72.0,14.0,29.94,0.0,18 | 64.4,11 | 51.8,72,14 | 8.7,29.94 | 1014,0.0 | 0.0
2013-12-22,18.0,10.0,69.0,10.0,29.94,0.0,18 | 64.4,10 | 50.0,69,10 | 6.21,29.94 | 1014,0.0 | 0.0
2013-12-23,19.0,11.0,71.0,8.0,29.91,0.8,19 | 66.2,11 | 51.8,71,8 | 4.97,29.91 | 1013,0.8 | 0.03
2013-12-24,19.0,10.0,68.0,13.0,29.91,0.0,19 | 66.2,10 | 50.0,68,13 | 8.08,29.91 | 1013,0.0 | 0.0
2013-12-25,18.0,9.0,67.0,16.0,29.94,0.0,18 | 64.4,9 | 48.2,67,16 | 9.94,29.94 | 1014,0.0 | 0.0
2013-12-26,18.0,8.0,66.0,15.0,29.97,0.0,18 | 64.4,8 | 46.4,66,15 | 9.32,29.97 | 1015,0.0 | 0.0
2013-12-27,18.0,10.0,70.0,12.0,29.97,1.5,18 | 64.4,10 | 50.0,70,12 | 7.46,29.97 | 1015,1.5 | 0.06
2013-12-28,18.0,10.0,71.0,11.0,29.97,3.1,18 | 64.4,10 | 50.0,71,11 | 6.84,29.97 | 1015,3.1 | 0.12
2013-12-29,20.0,11.0,71.0,11.0,29.91,0.5,20 | 68.0,11 | 51.8,71,11 | 6.84,29.91 | 1013,0.5 | 0.02
2013-12-30,20.0,11.0,70.0,8.0,29.91,5.3,20 | 68.0,11 | 51.8,70,8 | 4.97,29.91 | 1013,5.3 | 0.21
2013-12-31,20.0,12.0,73.0,7.0,29.91,7.6,20 | 68.0,12 | 53.6,73,7 | 4.35,29.91 | 1013,7.6 | 0.3
2014-01-01,20.0,13.0,75.0,6.0,29.91,8.6,20 | 68.0,13 | 55.4,75,6 | 3.73,29.91 | 1013,8.6 | 0.34
2014-01-02,20.0,12.0,71.0,9.0,29.91,0.6,20 | 68.0,12 | 53.6,71,9 | 5.59,29.91 | 1013,0.6 | 0.02
2014-01-03,20.0,10.0,65.0,12.0,29.91,0.0,20 | 68.0,10 | 50.0,65,12 | 7.46,29.91 | 1013,0.0 | 0.0
2014-01-04,19.0,10.0,63.0,12.0,29.91,0.0,19 | 66.2,10 | 50.0,63,12 | 7.46,29.91 | 1013,0.0 | 0.0
2014-01-05,20.0,9.0,60.0,13.0,29.91,0.0,20 | 68.0,9 | 48.2,60,13 | 8.08,29.91 | 1013,0.0 | 0.0
2014-01-06,20.0,8.0,55.0,11.0,29.88,0.0,20 | 68.0,8 | 46.4,55,11 | 6.84,29.88 | 1012,0.0 | 0.0
2014-01-07,20.0,8.0,56.0,9.0,29.85,0.1,20 | 68.0,8 | 46.4,56,9 | 5.59,29.85 | 1011,0.1 | 0.0
2014-01-08,19.0,9.0,63.0,7.0,29.88,0.3,19 | 66.2,9 | 48.2,63,7 | 4.35,29.88 | 1012,0.3 | 0.01
2014-01-09,19.0,10.0,67.0,8.0,29.94,5.8,19 | 66.2,10 | 50.0,67,8 | 4.97,29.94 | 1014,5.8 | 0.23
2014-01-10,19.0,9.0,63.0,12.0,29.94,0.0,19 | 66.2,9 | 48.2,63,12 | 7.46,29.94 | 1014,0.0 | 0.0
2014-01-11,19.0,5.0,53.0,12.0,29.97,0.0,19 | 66.2,5 | 41.0,53,12 | 7.46,29.97 | 1015,0.0 | 0.0
2014-01-12,19.0,5.0,49.0,8.0,29.97,0.0,19 | 66.2,5 | 41.0,49,8 | 4.97,29.97 | 1015,0.0 | 0.0
2014-01-13,20.0,7.0,54.0,10.0,29.94,0.0,20 | 68.0,7 | 44.6,54,10 | 6.21,29.94 | 1014,0.0 | 0.0
2014-01-14,20.0,8.0,56.0,14.0,29.94,0.0,20 | 68.0,8 | 46.4,56,14 | 8.7,29.94 | 1014,0.0 | 0.0
2014-01-15,19.0,7.0,56.0,12.0,29.97,0.0,19 | 66.2,7 | 44.6,56,12 | 7.46,29.97 | 1015,0.0 | 0.0
2014-01-16,20.0,7.0,52.0,10.0,30.0,0.0,20 | 68.0,7 | 44.6,52,10 | 6.21,30.0 | 1016,0.0 | 0.0
2014-01-17,20.0,8.0,55.0,10.0,29.97,0.0,20 | 68.0,8 | 46.4,55,10 | 6.21,29.97 | 1015,0.0 | 0.0
2014-01-18,21.0,8.0,55.0,8.0,29.94,0.0,21 | 69.8,8 | 46.4,55,8 | 4.97,29.94 | 1014,0.0 | 0.0
2014-01-19,20.0,9.0,56.0,7.0,29.94,0.5,20 | 68.0,9 | 48.2,56,7 | 4.35,29.94 | 1014,0.5 | 0.02
2014-01-20,21.0,11.0,59.0,9.0,29.94,0.5,21 | 69.8,11 | 51.8,59,9 | 5.59,29.94 | 1014,0.5 | 0.02
2014-01-21,20.0,11.0,67.0,9.0,29.94,0.5,20 | 68.0,11 | 51.8,67,9 | 5.59,29.94 | 1014,0.5 | 0.02
2014-01-22,20.0,10.0,63.0,11.0,29.94,0.5,20 | 68.0,10 | 50.0,63,11 | 6.84,29.94 | 1014,0.5 | 0.02
2014-01-23,21.0,10.0,63.0,13.0,29.91,0.0,21 | 69.8,10 | 50.0,63,13 | 8.08,29.91 | 1013,0.0 | 0.0
2014-01-24,20.0,9.0,63.0,13.0,29.88,0.0,20 | 68.0,9 | 48.2,63,13 | 8.08,29.88 | 1012,0.0 | 0.0
2014-01-25,20.0,7.0,53.0,9.0,29.88,0.0,20 | 68.0,7 | 44.6,53,9 | 5.59,29.88 | 1012,0.0 | 0.0
2014-01-26,21.0,6.0,47.0,7.0,29.88,0.0,21 | 69.8,6 | 42.8,47,7 | 4.35,29.88 | 1012,0.0 | 0.0
2014-01-27,21.0,7.0,49.0,7.0,29.88,0.1,21 | 69.8,7 | 44.6,49,7 | 4.35,29.88 | 1012,0.1 | 0.0
2014-01-28,21.0,7.0,51.0,12.0,29.88,0.0,21 | 69.8,7 | 44.6,51,12 | 7.46,29.88 | 1012,0.0 | 0.0
2014-01-29,22.0,9.0,57.0,13.0,29.91,0.0,22 | 71.6,9 | 48.2,57,13 | 8.08,29.91 | 1013,0.0 | 0.0
2014-01-30,21.0,9.0,55.0,16.0,29.91,0.0,21 | 69.8,9 | 48.2,55,16 | 9.94,29.91 | 1013,0.0 | 0.0
2014-01-31,22.0,7.0,52.0,16.0,29.88,0.0,22 | 71.6,7 | 44.6,52,16 | 9.94,29.88 | 1012,0.0 | 0.0
2014-02-01,21.0,7.0,53.0,10.0,29.88,0.0,21 | 69.8,7 | 44.6,53,10 | 6.21,29.88 | 1012,0.0 | 0.0
2014-02-02,21.0,7.0,49.0,8.0,29.85,0.0,21 | 69.8,7 | 44.6,49,8 | 4.97,29.85 | 1011,0.0 | 0.0
2014-02-03,20.0,5.0,45.0,7.0,29.85,0.0,20 | 68.0,5 | 41.0,45,7 | 4.35,29.85 | 1011,0.0 | 0.0
2014-02-04,21.0,8.0,53.0,10.0,29.85,0.3,21 | 69.8,8 | 46.4,53,10 | 6.21,29.85 | 1011,0.3 | 0.01
2014-02-05,22.0,9.0,56.0,6.0,29.83,3.6,22 | 71.6,9 | 48.2,56,6 | 3.73,29.83 | 1010,3.6 | 0.14
2014-02-06,21.0,10.0,62.0,5.0,29.83,3.6,21 | 69.8,10 | 50.0,62,5 | 3.11,29.83 | 1010,3.6 | 0.14
2014-02-07,20.0,11.0,66.0,5.0,29.88,8.0,20 | 68.0,11 | 51.8,66,5 | 3.11,29.88 | 1012,8.0 | 0.31
2014-02-08,20.0,11.0,67.0,6.0,29.88,9.9,20 | 68.0,11 | 51.8,67,6 | 3.73,29.88 | 1012,9.9 | 0.39
2014-02-09,19.0,11.0,68.0,7.0,29.88,9.6,19 | 66.2,11 | 51.8,68,7 | 4.35,29.88 | 1012,9.6 | 0.38
2014-02-10,19.0,11.0,67.0,5.0,29.88,10.1,19 | 66.2,11 | 51.8,67,5 | 3.11,29.88 | 1012,10.1 | 0.4
2014-02-11,19.0,11.0,67.0,6.0,29.88,8.7,19 | 66.2,11 | 51.8,67,6 | 3.73,29.88 | 1012,8.7 | 0.34
2014-02-12,19.0,9.0,62.0,7.0,29.85,1.9,19 | 66.2,9 | 48.2,62,7 | 4.35,29.85 | 1011,1.9 | 0.07
2014-02-13,21.0,8.0,55.0,5.0,29.85,0.0,21 | 69.8,8 | 46.4,55,5 | 3.11,29.85 | 1011,0.0 | 0.0
2014-02-14,21.0,6.0,45.0,6.0,29.88,0.0,21 | 69.8,6 | 42.8,45,6 | 3.73,29.88 | 1012,0.0 | 0.0
2014-02-15,21.0,8.0,52.0,8.0,29.85,0.1,21 | 69.8,8 | 46.4,52,8 | 4.97,29.85 | 1011,0.1 | 0.0
2014-02-16,21.0,12.0,64.0,7.0,29.85,8.3,21 | 69.8,12 | 53.6,64,7 | 4.35,29.85 | 1011,8.3 | 0.33
2014-02-17,19.0,13.0,75.0,5.0,29.88,20.0,19 | 66.2,13 | 55.4,75,5 | 3.11,29.88 | 1012,20.0 | 0.79
2014-02-18,19.0,13.0,72.0,7.0,29.91,16.4,19 | 66.2,13 | 55.4,72,7 | 4.35,29.91 | 1013,16.4 | 0.65
2014-02-19,20.0,13.0,71.0,10.0,29.88,20.6,20 | 68.0,13 | 55.4,71,10 | 6.21,29.88 | 1012,20.6 | 0.81
2014-02-20,18.0,13.0,77.0,9.0,29.94,20.9,18 | 64.4,13 | 55.4,77,9 | 5.59,29.94 | 1014,20.9 | 0.82
2014-02-21,19.0,11.0,70.0,11.0,29.94,2.0,19 | 66.2,11 | 51.8,70,11 | 6.84,29.94 | 1014,2.0 | 0.08
2014-02-22,20.0,9.0,63.0,15.0,29.91,0.1,20 | 68.0,9 | 48.2,63,15 | 9.32,29.91 | 1013,0.1 | 0.0
2014-02-23,20.0,9.0,58.0,13.0,29.85,0.1,20 | 68.0,9 | 48.2,58,13 | 8.08,29.85 | 1011,0.1 | 0.0
2014-02-24,21.0,10.0,60.0,12.0,29.85,0.4,21 | 69.8,10 | 50.0,60,12 | 7.46,29.85 | 1011,0.4 | 0.02
2014-02-25,21.0,11.0,65.0,13.0,29.85,0.8,21 | 69.8,11 | 51.8,65,13 | 8.08,29.85 | 1011,0.8 | 0.03
2014-02-26,20.0,10.0,62.0,16.0,29.88,0.2,20 | 68.0,10 | 50.0,62,16 | 9.94,29.88 | 1012,0.2 | 0.01
2014-02-27,20.0,10.0,61.0,17.0,29.88,0.0,20 | 68.0,10 | 50.0,61,17 | 10.56,29.88 | 1012,0.0 | 0.0
2014-02-28,21.0,10.0,58.0,16.0,29.88,0.0,21 | 69.8,10 | 50.0,58,16 | 9.94,29.88 | 1012,0.0 | 0.0
2014-03-01,21.0,8.0,55.0,13.0,29.88,0.0,21 | 69.8,8 | 46.4,55,13 | 8.08,29.88 | 1012,0.0 | 0.0
2014-03-02,20.0,7.0,55.0,16.0,29.88,0.0,20 | 68.0,7 | 44.6,55,16 | 9.94,29.88 | 1012,0.0 | 0.0
2014-03-03,21.0,6.0,50.0,14.0,29.88,0.0,21 | 69.8,6 | 42.8,50,14 | 8.7,29.88 | 1012,0.0 | 0.0
2014-03-04,21.0,6.0,49.0,12.0,29.88,0.0,21 | 69.8,6 | 42.8,49,12 | 7.46,29.88 | 1012,0.0 | 0.0
2014-03-05,21.0,8.0,50.0,9.0,29.88,0.0,21 | 69.8,8 | 46.4,50,9 | 5.59,29.88 | 1012,0.0 | 0.0
2014-03-06,21.0,10.0,57.0,10.0,29.88,0.5,21 | 69.8,10 | 50.0,57,10 | 6.21,29.88 | 1012,0.5 | 0.02
2014-03-07,21.0,9.0,58.0,12.0,29.88,0.0,21 | 69.8,9 | 48.2,58,12 | 7.46,29.88 | 1012,0.0 | 0.0
2014-03-08,20.0,7.0,55.0,16.0,29.88,0.0,20 | 68.0,7 | 44.6,55,16 | 9.94,29.88 | 1012,0.0 | 0.0
2014-03-09,21.0,8.0,56.0,17.0,29.85,0.0,21 | 69.8,8 | 46.4,56,17 | 10.56,29.85 | 1011,0.0 | 0.0
2014-03-10,21.0,8.0,56.0,15.0,29.85,0.0,21 | 69.8,8 | 46.4,56,15 | 9.32,29.85 | 1011,0.0 | 0.0
2014-03-11,22.0,11.0,61.0,7.0,29.88,1.2,22 | 71.6,11 | 51.8,61,7 | 4.35,29.88 | 1012,1.2 | 0.05
2014-03-12,21.0,10.0,63.0,4.0,29.91,1.6,21 | 69.8,10 | 50.0,63,4 | 2.49,29.91 | 1013,1.6 | 0.06
2014-03-13,20.0,11.0,71.0,3.0,29.94,10.5,20 | 68.0,11 | 51.8,71,3 | 1.86,29.94 | 1014,10.5 | 0.41
2014-03-14,18.0,13.0,80.0,6.0,29.94,32.6,18 | 64.4,13 | 55.4,80,6 | 3.73,29.94 | 1014,32.6 | 1.28
2014-03-15,18.0,13.0,79.0,5.0,29.97,15.2,18 | 64.4,13 | 55.4,79,5 | 3.11,29.97 | 1015,15.2 | 0.6
2014-03-16,20.0,13.0,72.0,9.0,29.91,2.5,20 | 68.0,13 | 55.4,72,9 | 5.59,29.91 | 1013,2.5 | 0.1
2014-03-17,20.0,12.0,70.0,16.0,29.91,0.4,20 | 68.0,12 | 53.6,70,16 | 9.94,29.91 | 1013,0.4 | 0.02
2014-03-18,20.0,12.0,69.0,18.0,29.94,0.4,20 | 68.0,12 | 53.6,69,18 | 11.18,29.94 | 1014,0.4 | 0.02
2014-03-19,20.0,11.0,63.0,19.0,29.91,0.0,20 | 68.0,11 | 51.8,63,19 | 11.81,29.91 | 1013,0.0 | 0.0
2014-03-20,19.0,8.0,59.0,15.0,29.94,0.0,19 | 66.2,8 | 46.4,59,15 | 9.32,29.94 | 1014,0.0 | 0.0
2014-03-21,20.0,7.0,55.0,10.0,29.91,0.0,20 | 68.0,7 | 44.6,55,10 | 6.21,29.91 | 1013,0.0 | 0.0
2014-03-22,21.0,9.0,59.0,5.0,29.88,0.1,21 | 69.8,9 | 48.2,59,5 | 3.11,29.88 | 1012,0.1 | 0.0
2014-03-23,21.0,10.0,64.0,5.0,29.85,2.1,21 | 69.8,10 | 50.0,64,5 | 3.11,29.85 | 1011,2.1 | 0.08
2014-03-24,21.0,11.0,65.0,10.0,29.88,1.3,21 | 69.8,11 | 51.8,65,10 | 6.21,29.88 | 1012,1.3 | 0.05
2014-03-25,21.0,11.0,65.0,9.0,29.91,1.4,21 | 69.8,11 | 51.8,65,9 | 5.59,29.91 | 1013,1.4 | 0.06
2014-03-26,21.0,11.0,67.0,9.0,29.91,2.1,21 | 69.8,11 | 51.8,67,9 | 5.59,29.91 | 1013,2.1 | 0.08
2014-03-27,21.0,13.0,71.0,6.0,29.88,8.8,21 | 69.8,13 | 55.4,71,6 | 3.73,29.88 | 1012,8.8 | 0.35
2014-03-28,21.0,13.0,72.0,7.0,29.88,3.6,21 | 69.8,13 | 55.4,72,7 | 4.35,29.88 | 1012,3.6 | 0.14
2014-03-29,20.0,12.0,71.0,7.0,29.88,4.1,20 | 68.0,12 | 53.6,71,7 | 4.35,29.88 | 1012,4.1 | 0.16
2014-03-30,21.0,13.0,70.0,6.0,29.88,2.3,21 | 69.8,13 | 55.4,70,6 | 3.73,29.88 | 1012,2.3 | 0.09
2014-03-31,20.0,10.0,66.0,6.0,29.91,1.5,20 | 68.0,10 | 50.0,66,6 | 3.73,29.91 | 1013,1.5 | 0.06
2014-04-01,20.0,11.0,70.0,3.0,29.91,1.9,20 | 68.0,11 | 51.8,70,3 | 1.86,29.91 | 1013,1.9 | 0.07
2014-04-02,20.0,10.0,67.0,6.0,29.91,0.2,20 | 68.0,10 | 50.0,67,6 | 3.73,29.91 | 1013,0.2 | 0.01
2014-04-03,21.0,12.0,69.0,5.0,29.91,5.6,21 | 69.8,12 | 53.6,69,5 | 3.11,29.91 | 1013,5.6 | 0.22
2014-04-04,21.0,12.0,69.0,5.0,29.91,2.9,21 | 69.8,12 | 53.6,69,5 | 3.11,29.91 | 1013,2.9 | 0.11
2014-04-05,21.0,11.0,69.0,5.0,29.91,1.7,21 | 69.8,11 | 51.8,69,5 | 3.11,29.91 | 1013,1.7 | 0.07
2014-04-06,20.0,12.0,73.0,7.0,29.91,10.4,20 | 68.0,12 | 53.6,73,7 | 4.35,29.91 | 1013,10.4 | 0.41
2014-04-07,19.0,12.0,75.0,9.0,29.94,11.0,19 | 66.2,12 | 53.6,75,9 | 5.59,29.94 | 1014,11.0 | 0.43
2014-04-08,19.0,10.0,68.0,10.0,29.97,0.7,19 | 66.2,10 | 50.0,68,10 | 6.21,29.97 | 1015,0.7 | 0.03
2014-04-09,19.0,8.0,62.0,10.0,29.97,0.0,19 | 66.2,8 | 46.4,62,10 | 6.21,29.97 | 1015,0.0 | 0.0
2014-04-10,19.0,6.0,57.0,9.0,29.94,0.0,19 | 66.2,6 | 42.8,57,9 | 5.59,29.94 | 1014,0.0 | 0.0
2014-04-11,20.0,11.0,69.0,7.0,29.91,6.1,20 | 68.0,11 | 51.8,69,7 | 4.35,29.91 | 1013,6.1 | 0.24
2014-04-12,20.0,12.0,72.0,11.0,29.91,0.6,20 | 68.0,12 | 53.6,72,11 | 6.84,29.91 | 1013,0.6 | 0.02
2014-04-13,20.0,12.0,75.0,9.0,29.91,7.4,20 | 68.0,12 | 53.6,75,9 | 5.59,29.91 | 1013,7.4 | 0.29
2014-04-14,20.0,12.0,75.0,9.0,29.91,2.7,20 | 68.0,12 | 53.6,75,9 | 5.59,29.91 | 1013,2.7 | 0.11
2014-04-15,20.0,13.0,75.0,9.0,29.88,6.6,20 | 68.0,13 | 55.4,75,9 | 5.59,29.88 | 1012,6.6 | 0.26
2014-04-16,20.0,12.0,73.0,10.0,29.91,0.8,20 | 68.0,12 | 53.6,73,10 | 6.21,29.91 | 1013,0.8 | 0.03
2014-04-17,20.0,12.0,73.0,8.0,29.91,5.2,20 | 68.0,12 | 53.6,73,8 | 4.97,29.91 | 1013,5.2 | 0.2
2014-04-18,19.0,13.0,76.0,10.0,29.91,2.7,19 | 66.2,13 | 55.4,76,10 | 6.21,29.91 | 1013,2.7 | 0.11
2014-04-19,19.0,13.0,77.0,12.0,29.94,3.1,19 | 66.2,13 | 55.4,77,12 | 7.46,29.94 | 1014,3.1 | 0.12
2014-04-20,20.0,12.0,73.0,12.0,29.91,0.6,20 | 68.0,12 | 53.6,73,12 | 7.46,29.91 | 1013,0.6 | 0.02
2014-04-21,19.0,9.0,65.0,9.0,29.88,0.0,19 | 66.2,9 | 48.2,65,9 | 5.59,29.88 | 1012,0.0 | 0.0
2014-04-22,19.0,10.0,68.0,8.0,29.91,2.0,19 | 66.2,10 | 50.0,68,8 | 4.97,29.91 | 1013,2.0 | 0.08
2014-04-23,20.0,9.0,66.0,11.0,29.91,0.0,20 | 68.0,9 | 48.2,66,11 | 6.84,29.91 | 1013,0.0 | 0.0
2014-04-24,20.0,12.0,73.0,10.0,29.91,2.0,20 | 68.0,12 | 53.6,73,10 | 6.21,29.91 | 1013,2.0 | 0.08
2014-04-25,19.0,11.0,72.0,10.0,29.91,1.9,19 | 66.2,11 | 51.8,72,10 | 6.21,29.91 | 1013,1.9 | 0.07
2014-04-26,19.0,11.0,72.0,10.0,29.94,0.2,19 | 66.2,11 | 51.8,72,10 | 6.21,29.94 | 1014,0.2 | 0.01
2014-04-27,20.0,8.0,63.0,9.0,29.91,0.0,20 | 68.0,8 | 46.4,63,9 | 5.59,29.91 | 1013,0.0 | 0.0
2014-04-28,20.0,8.0,63.0,6.0,29.94,0.0,20 | 68.0,8 | 46.4,63,6 | 3.73,29.94 | 1014,0.0 | 0.0
2014-04-29,21.0,9.0,64.0,6.0,29.91,0.0,21 | 69.8,9 | 48.2,64,6 | 3.73,29.91 | 1013,0.0 | 0.0
2014-04-30,21.0,11.0,69.0,4.0,29.91,1.5,21 | 69.8,11 | 51.8,69,4 | 2.49,29.91 | 1013,1.5 | 0.06
2014-05-01,21.0,12.0,71.0,6.0,29.88,1.8,21 | 69.8,12 | 53.6,71,6 | 3.73,29.88 | 1012,1.8 | 0.07
2014-05-02,20.0,12.0,74.0,5.0,29.91,3.2,20 | 68.0,12 | 53.6,74,5 | 3.11,29.91 | 1013,3.2 | 0.13
2014-05-03,21.0,13.0,76.0,4.0,29.94,4.5,21 | 69.8,13 | 55.4,76,4 | 2.49,29.94 | 1014,4.5 | 0.18
2014-05-04,20.0,12.0,76.0,4.0,29.91,3.3,20 | 68.0,12 | 53.6,76,4 | 2.49,29.91 | 1013,3.3 | 0.13
2014-05-05,21.0,12.0,74.0,3.0,29.88,1.7,21 | 69.8,12 | 53.6,74,3 | 1.86,29.88 | 1012,1.7 | 0.07
2014-05-06,20.0,12.0,75.0,3.0,29.88,1.7,20 | 68.0,12 | 53.6,75,3 | 1.86,29.88 | 1012,1.7 | 0.07
2014-05-07,21.0,13.0,78.0,3.0,29.88,8.6,21 | 69.8,13 | 55.4,78,3 | 1.86,29.88 | 1012,8.6 | 0.34
2014-05-08,20.0,14.0,80.0,3.0,29.88,4.6,20 | 68.0,14 | 57.2,80,3 | 1.86,29.88 | 1012,4.6 | 0.18
2014-05-09,19.0,14.0,84.0,2.0,29.91,18.0,19 | 66.2,14 | 57.2,84,2 | 1.24,29.91 | 1013,18.0 | 0.71
2014-05-10,19.0,15.0,87.0,2.0,29.91,20.0,19 | 66.2,15 | 59.0,87,2 | 1.24,29.91 | 1013,20.0 | 0.79
2014-05-11,19.0,15.0,87.0,4.0,29.91,22.1,19 | 66.2,15 | 59.0,87,4 | 2.49,29.91 | 1013,22.1 | 0.87
2014-05-12,20.0,13.0,80.0,5.0,29.91,3.0,20 | 68.0,13 | 55.4,80,5 | 3.11,29.91 | 1013,3.0 | 0.12
2014-05-13,20.0,12.0,78.0,2.0,29.97,3.5,20 | 68.0,12 | 53.6,78,2 | 1.24,29.97 | 1015,3.5 | 0.14
2014-05-14,19.0,11.0,76.0,5.0,29.94,1.0,19 | 66.2,11 | 51.8,76,5 | 3.11,29.94 | 1014,1.0 | 0.04
2014-05-15,19.0,12.0,77.0,5.0,29.88,0.5,19 | 66.2,12 | 53.6,77,5 | 3.11,29.88 | 1012,0.5 | 0.02
2014-05-16,19.0,12.0,77.0,4.0,29.88,0.4,19 | 66.2,12 | 53.6,77,4 | 2.49,29.88 | 1012,0.4 | 0.02
2014-05-17,20.0,11.0,74.0,5.0,29.91,0.3,20 | 68.0,11 | 51.8,74,5 | 3.11,29.91 | 1013,0.3 | 0.01
2014-05-18,19.0,11.0,76.0,3.0,29.97,3.8,19 | 66.2,11 | 51.8,76,3 | 1.86,29.97 | 1015,3.8 | 0.15
2014-05-19,19.0,12.0,79.0,3.0,29.97,6.4,19 | 66.2,12 | 53.6,79,3 | 1.86,29.97 | 1015,6.4 | 0.25
2014-05-20,19.0,12.0,80.0,6.0,29.94,3.0,19 | 66.2,12 | 53.6,80,6 | 3.73,29.94 | 1014,3.0 | 0.12
2014-05-21,19.0,13.0,82.0,4.0,29.94,7.6,19 | 66.2,13 | 55.4,82,4 | 2.49,29.94 | 1014,7.6 | 0.3
2014-05-22,19.0,13.0,83.0,3.0,29.97,2.3,19 | 66.2,13 | 55.4,83,3 | 1.86,29.97 | 1015,2.3 | 0.09
2014-05-23,19.0,13.0,83.0,3.0,29.94,7.5,19 | 66.2,13 | 55.4,83,3 | 1.86,29.94 | 1014,7.5 | 0.3
2014-05-24,19.0,14.0,85.0,2.0,29.97,2.9,19 | 66.2,14 | 57.2,85,2 | 1.24,29.97 | 1015,2.9 | 0.11
2014-05-25,18.0,13.0,84.0,2.0,30.0,1.6,18 | 64.4,13 | 55.4,84,2 | 1.24,30.0 | 1016,1.6 | 0.06
2014-05-26,18.0,12.0,83.0,3.0,29.97,9.0,18 | 64.4,12 | 53.6,83,3 | 1.86,29.97 | 1015,9.0 | 0.35
2014-05-27,19.0,13.0,84.0,3.0,29.94,16.9,19 | 66.2,13 | 55.4,84,3 | 1.86,29.94 | 1014,16.9 | 0.67
2014-05-28,18.0,13.0,85.0,3.0,29.91,17.6,18 | 64.4,13 | 55.4,85,3 | 1.86,29.91 | 1013,17.6 | 0.69
2014-05-29,18.0,14.0,89.0,2.0,29.94,15.9,18 | 64.4,14 | 57.2,89,2 | 1.24,29.94 | 1014,15.9 | 0.63
2014-05-30,19.0,13.0,83.0,3.0,29.94,5.0,19 | 66.2,13 | 55.4,83,3 | 1.86,29.94 | 1014,5.0 | 0.2
2014-05-31,18.0,13.0,86.0,3.0,29.94,10.8,18 | 64.4,13 | 55.4,86,3 | 1.86,29.94 | 1014,10.8 | 0.43
2014-06-01,19.0,14.0,85.0,2.0,29.91,13.9,19 | 66.2,14 | 57.2,85,2 | 1.24,29.91 | 1013,13.9 | 0.55
2014-06-02,20.0,13.0,81.0,4.0,29.91,1.2,20 | 68.0,13 | 55.4,81,4 | 2.49,29.91 | 1013,1.2 | 0.05
2014-06-03,19.0,13.0,78.0,4.0,29.88,1.1,19 | 66.2,13 | 55.4,78,4 | 2.49,29.88 | 1012,1.1 | 0.04
2014-06-04,19.0,13.0,80.0,4.0,29.88,2.4,19 | 66.2,13 | 55.4,80,4 | 2.49,29.88 | 1012,2.4 | 0.09
2014-06-05,18.0,13.0,85.0,2.0,29.94,7.6,18 | 64.4,13 | 55.4,85,2 | 1.24,29.94 | 1014,7.6 | 0.3
2014-06-06,19.0,13.0,85.0,2.0,29.94,9.1,19 | 66.2,13 | 55.4,85,2 | 1.24,29.94 | 1014,9.1 | 0.36
2014-06-07,19.0,12.0,80.0,3.0,29.91,3.5,19 | 66.2,12 | 53.6,80,3 | 1.86,29.91 | 1013,3.5 | 0.14
2014-06-08,18.0,13.0,83.0,4.0,29.91,1.3,18 | 64.4,13 | 55.4,83,4 | 2.49,29.91 | 1013,1.3 | 0.05
2014-06-09,18.0,13.0,86.0,3.0,29.94,2.2,18 | 64.4,13 | 55.4,86,3 | 1.86,29.94 | 1014,2.2 | 0.09
2014-06-10,18.0,13.0,86.0,4.0,29.97,20.1,18 | 64.4,13 | 55.4,86,4 | 2.49,29.97 | 1015,20.1 | 0.79
2014-06-11,17.0,13.0,89.0,2.0,30.0,14.9,17 | 62.6,13 | 55.4,89,2 | 1.24,30.0 | 1016,14.9 | 0.59
2014-06-12,17.0,13.0,87.0,3.0,29.97,5.0,17 | 62.6,13 | 55.4,87,3 | 1.86,29.97 | 1015,5.0 | 0.2
2014-06-13,18.0,14.0,89.0,4.0,29.94,15.8,18 | 64.4,14 | 57.2,89,4 | 2.49,29.94 | 1014,15.8 | 0.62
2014-06-14,19.0,14.0,87.0,2.0,29.94,4.9,19 | 66.2,14 | 57.2,87,2 | 1.24,29.94 | 1014,4.9 | 0.19
2014-06-15,18.0,13.0,86.0,3.0,30.0,5.0,18 | 64.4,13 | 55.4,86,3 | 1.86,30.0 | 1016,5.0 | 0.2
2014-06-16,19.0,12.0,82.0,3.0,30.0,1.6,19 | 66.2,12 | 53.6,82,3 | 1.86,30.0 | 1016,1.6 | 0.06
2014-06-17,19.0,12.0,79.0,3.0,30.0,0.9,19 | 66.2,12 | 53.6,79,3 | 1.86,30.0 | 1016,0.9 | 0.04
2014-06-18,19.0,12.0,78.0,3.0,30.0,0.5,19 | 66.2,12 | 53.6,78,3 | 1.86,30.0 | 1016,0.5 | 0.02
2014-06-19,19.0,13.0,84.0,5.0,30.0,0.9,19 | 66.2,13 | 55.4,84,5 | 3.11,30.0 | 1016,0.9 | 0.04
2014-06-20,17.0,13.0,86.0,4.0,30.0,3.1,17 | 62.6,13 | 55.4,86,4 | 2.49,30.0 | 1016,3.1 | 0.12
2014-06-21,18.0,14.0,88.0,4.0,30.03,13.9,18 | 64.4,14 | 57.2,88,4 | 2.49,30.03 | 1017,13.9 | 0.55
2014-06-22,18.0,12.0,83.0,4.0,30.03,3.7,18 | 64.4,12 | 53.6,83,4 | 2.49,30.03 | 1017,3.7 | 0.15
2014-06-23,18.0,12.0,81.0,3.0,30.06,1.2,18 | 64.4,12 | 53.6,81,3 | 1.86,30.06 | 1018,1.2 | 0.05
2014-06-24,18.0,11.0,81.0,2.0,30.03,0.3,18 | 64.4,11 | 51.8,81,2 | 1.24,30.03 | 1017,0.3 | 0.01
2014-06-25,18.0,12.0,84.0,2.0,30.0,1.5,18 | 64.4,12 | 53.6,84,2 | 1.24,30.0 | 1016,1.5 | 0.06
2014-06-26,18.0,12.0,84.0,3.0,30.0,1.2,18 | 64.4,12 | 53.6,84,3 | 1.86,30.0 | 1016,1.2 | 0.05
2014-06-27,18.0,11.0,81.0,3.0,30.0,0.5,18 | 64.4,11 | 51.8,81,3 | 1.86,30.0 | 1016,0.5 | 0.02
2014-06-28,18.0,11.0,80.0,3.0,30.0,0.5,18 | 64.4,11 | 51.8,80,3 | 1.86,30.0 | 1016,0.5 | 0.02
2014-06-29,18.0,12.0,83.0,2.0,29.97,2.1,18 | 64.4,12 | 53.6,83,2 | 1.24,29.97 | 1015,2.1 | 0.08
2014-06-30,18.0,11.0,81.0,3.0,29.97,0.9,18 | 64.4,11 | 51.8,81,3 | 1.86,29.97 | 1015,0.9 | 0.04
2014-07-01,17.0,11.0,83.0,3.0,30.03,3.1,17 | 62.6,11 | 51.8,83,3 | 1.86,30.03 | 1017,3.1 | 0.12
2014-07-02,17.0,11.0,82.0,3.0,30.03,1.2,17 | 62.6,11 | 51.8,82,3 | 1.86,30.03 | 1017,1.2 | 0.05
2014-07-03,18.0,10.0,79.0,3.0,30.03,0.7,18 | 64.4,10 | 50.0,79,3 | 1.86,30.03 | 1017,0.7 | 0.03
2014-07-04,18.0,11.0,83.0,3.0,29.97,3.0,18 | 64.4,11 | 51.8,83,3 | 1.86,29.97 | 1015,3.0 | 0.12
2014-07-05,18.0,12.0,83.0,3.0,29.97,4.0,18 | 64.4,12 | 53.6,83,3 | 1.86,29.97 | 1015,4.0 | 0.16
2014-07-06,18.0,13.0,84.0,3.0,30.0,6.8,18 | 64.4,13 | 55.4,84,3 | 1.86,30.0 | 1016,6.8 | 0.27
2014-07-07,18.0,12.0,85.0,3.0,30.03,3.0,18 | 64.4,12 | 53.6,85,3 | 1.86,30.03 | 1017,3.0 | 0.12
2014-07-08,18.0,12.0,85.0,5.0,30.03,1.4,18 | 64.4,12 | 53.6,85,5 | 3.11,30.03 | 1017,1.4 | 0.06
2014-07-09,18.0,13.0,81.0,6.0,30.03,0.6,18 | 64.4,13 | 55.4,81,6 | 3.73,30.03 | 1017,0.6 | 0.02
2014-07-10,18.0,13.0,83.0,5.0,30.06,2.4,18 | 64.4,13 | 55.4,83,5 | 3.11,30.06 | 1018,2.4 | 0.09
2014-07-11,17.0,13.0,86.0,2.0,30.06,1.4,17 | 62.6,13 | 55.4,86,2 | 1.24,30.06 | 1018,1.4 | 0.06
2014-07-12,17.0,13.0,86.0,5.0,30.06,6.7,17 | 62.6,13 | 55.4,86,5 | 3.11,30.06 | 1018,6.7 | 0.26
2014-07-13,18.0,12.0,85.0,3.0,30.03,4.3,18 | 64.4,12 | 53.6,85,3 | 1.86,30.03 | 1017,4.3 | 0.17
2014-07-14,18.0,12.0,85.0,3.0,30.0,2.0,18 | 64.4,12 | 53.6,85,3 | 1.86,30.0 | 1016,2.0 | 0.08
2014-07-15,18.0,13.0,85.0,3.0,30.0,6.7,18 | 64.4,13 | 55.4,85,3 | 1.86,30.0 | 1016,6.7 | 0.26
2014-07-16,18.0,13.0,86.0,5.0,30.0,1.6,18 | 64.4,13 | 55.4,86,5 | 3.11,30.0 | 1016,1.6 | 0.06
2014-07-17,18.0,12.0,85.0,4.0,30.0,6.3,18 | 64.4,12 | 53.6,85,4 | 2.49,30.0 | 1016,6.3 | 0.25
2014-07-18,18.0,13.0,86.0,2.0,29.97,9.9,18 | 64.4,13 | 55.4,86,2 | 1.24,29.97 | 1015,9.9 | 0.39
2014-07-19,18.0,12.0,83.0,3.0,30.0,2.8,18 | 64.4,12 | 53.6,83,3 | 1.86,30.0 | 1016,2.8 | 0.11
2014-07-20,18.0,12.0,82.0,4.0,30.03,2.9,18 | 64.4,12 | 53.6,82,4 | 2.49,30.03 | 1017,2.9 | 0.11
2014-07-21,18.0,13.0,85.0,3.0,30.03,8.0,18 | 64.4,13 | 55.4,85,3 | 1.86,30.03 | 1017,8.0 | 0.31
2014-07-22,17.0,14.0,84.0,4.0,30.0,4.2,17 | 62.6,14 | 57.2,84,4 | 2.49,30.0 | 1016,4.2 | 0.17
2014-07-23,18.0,15.0,87.0,3.0,29.97,6.9,18 | 64.4,15 | 59.0,87,3 | 1.86,29.97 | 1015,6.9 | 0.27
2014-07-24,17.0,14.0,90.0,3.0,30.0,1.2,17 | 62.6,14 | 57.2,90,3 | 1.86,30.0 | 1016,1.2 | 0.05
2014-07-25,15.0,14.0,92.0,3.0,30.0,7.1,15 | 59.0,14 | 57.2,92,3 | 1.86,30.0 | 1016,7.1 | 0.28
2014-07-26,18.0,14.0,86.0,3.0,29.97,7.3,18 | 64.4,14 | 57.2,86,3 | 1.86,29.97 | 1015,7.3 | 0.29
2014-07-27,19.0,13.0,86.0,3.0,30.0,4.0,19 | 66.2,13 | 55.4,86,3 | 1.86,30.0 | 1016,4.0 | 0.16
2014-07-28,18.0,13.0,85.0,4.0,30.0,5.5,18 | 64.4,13 | 55.4,85,4 | 2.49,30.0 | 1016,5.5 | 0.22
2014-07-29,19.0,13.0,84.0,2.0,30.0,2.6,19 | 66.2,13 | 55.4,84,2 | 1.24,30.0 | 1016,2.6 | 0.1
2014-07-30,18.0,12.0,82.0,2.0,30.0,1.2,18 | 64.4,12 | 53.6,82,2 | 1.24,30.0 | 1016,1.2 | 0.05
2014-07-31,18.0,13.0,84.0,3.0,30.03,3.2,18 | 64.4,13 | 55.4,84,3 | 1.86,30.03 | 1017,3.2 | 0.13
2014-08-01,18.0,13.0,84.0,3.0,30.0,6.7,18 | 64.4,13 | 55.4,84,3 | 1.86,30.0 | 1016,6.7 | 0.26
2014-08-02,17.0,13.0,88.0,3.0,30.0,11.2,17 | 62.6,13 | 55.4,88,3 | 1.86,30.0 | 1016,11.2 | 0.44
2014-08-03,18.0,14.0,89.0,2.0,30.0,34.4,18 | 64.4,14 | 57.2,89,2 | 1.24,30.0 | 1016,34.4 | 1.35
2014-08-04,17.0,15.0,92.0,3.0,30.0,18.1,17 | 62.6,15 | 59.0,92,3 | 1.86,30.0 | 1016,18.1 | 0.71
2014-08-05,16.0,14.0,92.0,4.0,30.0,20.2,16 | 60.8,14 | 57.2,92,4 | 2.49,30.0 | 1016,20.2 | 0.8
2014-08-06,18.0,14.0,87.0,3.0,29.97,14.8,18 | 64.4,14 | 57.2,87,3 | 1.86,29.97 | 1015,14.8 | 0.58
2014-08-07,15.0,14.0,94.0,4.0,30.0,7.1,15 | 59.0,14 | 57.2,94,4 | 2.49,30.0 | 1016,7.1 | 0.28
2014-08-08,15.0,14.0,94.0,3.0,30.03,17.9,15 | 59.0,14 | 57.2,94,3 | 1.86,30.03 | 1017,17.9 | 0.7
2014-08-09,17.0,13.0,86.0,4.0,30.0,2.9,17 | 62.6,13 | 55.4,86,4 | 2.49,30.0 | 1016,2.9 | 0.11
2014-08-10,18.0,14.0,86.0,4.0,30.0,25.5,18 | 64.4,14 | 57.2,86,4 | 2.49,30.0 | 1016,25.5 | 1.0
2014-08-11,16.0,12.0,89.0,3.0,29.97,2.9,16 | 60.8,12 | 53.6,89,3 | 1.86,29.97 | 1015,2.9 | 0.11
2014-08-12,17.0,14.0,90.0,5.0,29.94,11.5,17 | 62.6,14 | 57.2,90,5 | 3.11,29.94 | 1014,11.5 | 0.45
2014-08-13,18.0,13.0,87.0,3.0,29.97,6.3,18 | 64.4,13 | 55.4,87,3 | 1.86,29.97 | 1015,6.3 | 0.25
2014-08-14,17.0,12.0,86.0,3.0,30.0,4.5,17 | 62.6,12 | 53.6,86,3 | 1.86,30.0 | 1016,4.5 | 0.18
2014-08-15,18.0,12.0,83.0,4.0,30.0,1.5,18 | 64.4,12 | 53.6,83,4 | 2.49,30.0 | 1016,1.5 | 0.06
2014-08-16,18.0,12.0,82.0,3.0,30.0,2.5,18 | 64.4,12 | 53.6,82,3 | 1.86,30.0 | 1016,2.5 | 0.1
2014-08-17,18.0,12.0,83.0,2.0,29.97,2.4,18 | 64.4,12 | 53.6,83,2 | 1.24,29.97 | 1015,2.4 | 0.09
2014-08-18,18.0,13.0,84.0,3.0,29.97,7.6,18 | 64.4,13 | 55.4,84,3 | 1.86,29.97 | 1015,7.6 | 0.3
2014-08-19,17.0,13.0,86.0,5.0,30.0,6.2,17 | 62.6,13 | 55.4,86,5 | 3.11,30.0 | 1016,6.2 | 0.24
2014-08-20,18.0,12.0,82.0,3.0,29.97,3.3,18 | 64.4,12 | 53.6,82,3 | 1.86,29.97 | 1015,3.3 | 0.13
2014-08-21,18.0,12.0,80.0,3.0,29.94,3.5,18 | 64.4,12 | 53.6,80,3 | 1.86,29.94 | 1014,3.5 | 0.14
2014-08-22,19.0,12.0,81.0,3.0,29.94,2.0,19 | 66.2,12 | 53.6,81,3 | 1.86,29.94 | 1014,2.0 | 0.08
2014-08-23,18.0,12.0,82.0,4.0,29.94,7.0,18 | 64.4,12 | 53.6,82,4 | 2.49,29.94 | 1014,7.0 | 0.28
2014-08-24,16.0,14.0,92.0,4.0,29.94,20.5,16 | 60.8,14 | 57.2,92,4 | 2.49,29.94 | 1014,20.5 | 0.81
2014-08-25,18.0,13.0,82.0,4.0,29.94,4.1,18 | 64.4,13 | 55.4,82,4 | 2.49,29.94 | 1014,4.1 | 0.16
2014-08-26,18.0,13.0,85.0,4.0,29.97,14.3,18 | 64.4,13 | 55.4,85,4 | 2.49,29.97 | 1015,14.3 | 0.56
2014-08-27,18.0,14.0,87.0,3.0,29.94,13.5,18 | 64.4,14 | 57.2,87,3 | 1.86,29.94 | 1014,13.5 | 0.53
2014-08-28,19.0,14.0,86.0,3.0,29.91,10.5,19 | 66.2,14 | 57.2,86,3 | 1.86,29.91 | 1013,10.5 | 0.41
2014-08-29,19.0,14.0,85.0,4.0,29.94,12.6,19 | 66.2,14 | 57.2,85,4 | 2.49,29.94 | 1014,12.6 | 0.5
2014-08-30,18.0,13.0,83.0,5.0,29.97,9.1,18 | 64.4,13 | 55.4,83,5 | 3.11,29.97 | 1015,9.1 | 0.36
2014-08-31,17.0,14.0,89.0,4.0,29.97,18.8,17 | 62.6,14 | 57.2,89,4 | 2.49,29.97 | 1015,18.8 | 0.74
2014-09-01,17.0,15.0,91.0,3.0,29.94,23.6,17 | 62.6,15 | 59.0,91,3 | 1.86,29.94 | 1014,23.6 | 0.93
2014-09-02,18.0,14.0,88.0,4.0,29.94,9.9,18 | 64.4,14 | 57.2,88,4 | 2.49,29.94 | 1014,9.9 | 0.39
2014-09-03,16.0,14.0,91.0,4.0,29.97,29.6,16 | 60.8,14 | 57.2,91,4 | 2.49,29.97 | 1015,29.6 | 1.17
2014-09-04,17.0,14.0,90.0,3.0,29.94,6.1,17 | 62.6,14 | 57.2,90,3 | 1.86,29.94 | 1014,6.1 | 0.24
2014-09-05,18.0,14.0,89.0,2.0,29.94,3.7,18 | 64.4,14 | 57.2,89,2 | 1.24,29.94 | 1014,3.7 | 0.15
2014-09-06,18.0,14.0,89.0,4.0,29.97,14.3,18 | 64.4,14 | 57.2,89,4 | 2.49,29.97 | 1015,14.3 | 0.56
2014-09-07,18.0,13.0,83.0,4.0,30.0,3.1,18 | 64.4,13 | 55.4,83,4 | 2.49,30.0 | 1016,3.1 | 0.12
2014-09-08,18.0,13.0,82.0,2.0,30.03,2.9,18 | 64.4,13 | 55.4,82,2 | 1.24,30.03 | 1017,2.9 | 0.11
2014-09-09,19.0,12.0,78.0,3.0,30.0,0.7,19 | 66.2,12 | 53.6,78,3 | 1.86,30.0 | 1016,0.7 | 0.03
2014-09-10,18.0,12.0,77.0,3.0,29.97,0.9,18 | 64.4,12 | 53.6,77,3 | 1.86,29.97 | 1015,0.9 | 0.04
2014-09-11,19.0,12.0,78.0,3.0,29.97,1.0,19 | 66.2,12 | 53.6,78,3 | 1.86,29.97 | 1015,1.0 | 0.04
2014-09-12,19.0,11.0,75.0,4.0,29.94,0.2,19 | 66.2,11 | 51.8,75,4 | 2.49,29.94 | 1014,0.2 | 0.01
2014-09-13,19.0,12.0,75.0,4.0,29.94,0.8,19 | 66.2,12 | 53.6,75,4 | 2.49,29.94 | 1014,0.8 | 0.03
2014-09-14,19.0,11.0,76.0,4.0,29.97,1.7,19 | 66.2,11 | 51.8,76,4 | 2.49,29.97 | 1015,1.7 | 0.07
2014-09-15,19.0,11.0,73.0,5.0,29.94,0.2,19 | 66.2,11 | 51.8,73,5 | 3.11,29.94 | 1014,0.2 | 0.01
2014-09-16,19.0,11.0,74.0,3.0,29.94,0.9,19 | 66.2,11 | 51.8,74,3 | 1.86,29.94 | 1014,0.9 | 0.04
2014-09-17,18.0,11.0,78.0,4.0,29.91,0.8,18 | 64.4,11 | 51.8,78,4 | 2.49,29.91 | 1013,0.8 | 0.03
2014-09-18,19.0,12.0,76.0,5.0,29.94,0.7,19 | 66.2,12 | 53.6,76,5 | 3.11,29.94 | 1014,0.7 | 0.03
2014-09-19,19.0,12.0,78.0,4.0,29.94,3.7,19 | 66.2,12 | 53.6,78,4 | 2.49,29.94 | 1014,3.7 | 0.15
2014-09-20,19.0,13.0,81.0,4.0,29.94,14.0,19 | 66.2,13 | 55.4,81,4 | 2.49,29.94 | 1014,14.0 | 0.55
2014-09-21,19.0,13.0,81.0,4.0,29.94,13.4,19 | 66.2,13 | 55.4,81,4 | 2.49,29.94 | 1014,13.4 | 0.53
2014-09-22,20.0,13.0,80.0,3.0,29.94,12.1,20 | 68.0,13 | 55.4,80,3 | 1.86,29.94 | 1014,12.1 | 0.48
2014-09-23,19.0,13.0,80.0,4.0,29.91,4.9,19 | 66.2,13 | 55.4,80,4 | 2.49,29.91 | 1013,4.9 | 0.19
2014-09-24,19.0,13.0,81.0,3.0,29.97,13.1,19 | 66.2,13 | 55.4,81,3 | 1.86,29.97 | 1015,13.1 | 0.52
2014-09-25,19.0,13.0,79.0,5.0,29.94,5.4,19 | 66.2,13 | 55.4,79,5 | 3.11,29.94 | 1014,5.4 | 0.21
2014-09-26,19.0,13.0,79.0,4.0,29.94,7.5,19 | 66.2,13 | 55.4,79,4 | 2.49,29.94 | 1014,7.5 | 0.3
2014-09-27,19.0,12.0,76.0,5.0,29.94,2.6,19 | 66.2,12 | 53.6,76,5 | 3.11,29.94 | 1014,2.6 | 0.1
2014-09-28,19.0,11.0,75.0,5.0,29.97,0.4,19 | 66.2,11 | 51.8,75,5 | 3.11,29.97 | 1015,0.4 | 0.02
2014-09-29,19.0,10.0,70.0,5.0,29.94,0.0,19 | 66.2,10 | 50.0,70,5 | 3.11,29.94 | 1014,0.0 | 0.0
2014-09-30,19.0,9.0,63.0,3.0,29.91,0.0,19 | 66.2,9 | 48.2,63,3 | 1.86,29.91 | 1013,0.0 | 0.0
2014-10-01,19.0,11.0,74.0,3.0,29.91,4.9,19 | 66.2,11 | 51.8,74,3 | 1.86,29.91 | 1013,4.9 | 0.19
2014-10-02,20.0,13.0,77.0,3.0,29.94,10.5,20 | 68.0,13 | 55.4,77,3 | 1.86,29.94 | 1014,10.5 | 0.41
2014-10-03,18.0,13.0,84.0,5.0,29.94,28.1,18 | 64.4,13 | 55.4,84,5 | 3.11,29.94 | 1014,28.1 | 1.11
2014-10-04,19.0,14.0,83.0,4.0,29.94,13.2,19 | 66.2,14 | 57.2,83,4 | 2.49,29.94 | 1014,13.2 | 0.52
2014-10-05,19.0,13.0,82.0,2.0,29.94,10.6,19 | 66.2,13 | 55.4,82,2 | 1.24,29.94 | 1014,10.6 | 0.42
2014-10-06,19.0,13.0,76.0,6.0,29.94,2.3,19 | 66.2,13 | 55.4,76,6 | 3.73,29.94 | 1014,2.3 | 0.09
2014-10-07,19.0,12.0,72.0,5.0,29.94,1.5,19 | 66.2,12 | 53.6,72,5 | 3.11,29.94 | 1014,1.5 | 0.06
2014-10-08,20.0,12.0,73.0,4.0,29.91,3.9,20 | 68.0,12 | 53.6,73,4 | 2.49,29.91 | 1013,3.9 | 0.15
2014-10-09,20.0,12.0,72.0,6.0,29.91,0.7,20 | 68.0,12 | 53.6,72,6 | 3.73,29.91 | 1013,0.7 | 0.03
2014-10-10,20.0,11.0,67.0,8.0,29.91,0.0,20 | 68.0,11 | 51.8,67,8 | 4.97,29.91 | 1013,0.0 | 0.0
2014-10-11,20.0,11.0,67.0,5.0,29.91,3.9,20 | 68.0,11 | 51.8,67,5 | 3.11,29.91 | 1013,3.9 | 0.15
2014-10-12,20.0,12.0,73.0,4.0,29.94,5.1,20 | 68.0,12 | 53.6,73,4 | 2.49,29.94 | 1014,5.1 | 0.2
2014-10-13,19.0,12.0,75.0,4.0,29.94,8.5,19 | 66.2,12 | 53.6,75,4 | 2.49,29.94 | 1014,8.5 | 0.33
2014-10-14,19.0,14.0,80.0,5.0,29.91,18.9,19 | 66.2,14 | 57.2,80,5 | 3.11,29.91 | 1013,18.9 | 0.74
2014-10-15,18.0,13.0,84.0,4.0,29.94,31.9,18 | 64.4,13 | 55.4,84,4 | 2.49,29.94 | 1014,31.9 | 1.26
2014-10-16,17.0,14.0,88.0,3.0,29.94,40.5,17 | 62.6,14 | 57.2,88,3 | 1.86,29.94 | 1014,40.5 | 1.59
2014-10-17,18.0,13.0,83.0,4.0,29.94,20.3,18 | 64.4,13 | 55.4,83,4 | 2.49,29.94 | 1014,20.3 | 0.8
2014-10-18,19.0,13.0,81.0,8.0,29.91,9.6,19 | 66.2,13 | 55.4,81,8 | 4.97,29.91 | 1013,9.6 | 0.38
2014-10-19,19.0,13.0,80.0,7.0,29.88,6.1,19 | 66.2,13 | 55.4,80,7 | 4.35,29.88 | 1012,6.1 | 0.24
2014-10-20,18.0,14.0,82.0,4.0,29.91,23.8,18 | 64.4,14 | 57.2,82,4 | 2.49,29.91 | 1013,23.8 | 0.94
2014-10-21,18.0,15.0,88.0,2.0,29.94,32.0,18 | 64.4,15 | 59.0,88,2 | 1.24,29.94 | 1014,32.0 | 1.26
2014-10-22,19.0,14.0,82.0,6.0,29.94,7.9,19 | 66.2,14 | 57.2,82,6 | 3.73,29.94 | 1014,7.9 | 0.31
2014-10-23,19.0,14.0,80.0,6.0,29.94,4.3,19 | 66.2,14 | 57.2,80,6 | 3.73,29.94 | 1014,4.3 | 0.17
2014-10-24,19.0,14.0,81.0,7.0,29.91,5.0,19 | 66.2,14 | 57.2,81,7 | 4.35,29.91 | 1013,5.0 | 0.2
2014-10-25,19.0,13.0,78.0,6.0,29.91,3.9,19 | 66.2,13 | 55.4,78,6 | 3.73,29.91 | 1013,3.9 | 0.15
2014-10-26,19.0,13.0,76.0,6.0,29.91,6.4,19 | 66.2,13 | 55.4,76,6 | 3.73,29.91 | 1013,6.4 | 0.25
2014-10-27,19.0,13.0,79.0,7.0,29.94,5.7,19 | 66.2,13 | 55.4,79,7 | 4.35,29.94 | 1014,5.7 | 0.22
2014-10-28,19.0,13.0,77.0,6.0,29.91,4.2,19 | 66.2,13 | 55.4,77,6 | 3.73,29.91 | 1013,4.2 | 0.17
2014-10-29,20.0,13.0,76.0,7.0,29.88,5.7,20 | 68.0,13 | 55.4,76,7 | 4.35,29.88 | 1012,5.7 | 0.22
2014-10-30,19.0,13.0,79.0,9.0,29.88,8.5,19 | 66.2,13 | 55.4,79,9 | 5.59,29.88 | 1012,8.5 | 0.33
2014-10-31,19.0,12.0,75.0,9.0,29.88,2.1,19 | 66.2,12 | 53.6,75,9 | 5.59,29.88 | 1012,2.1 | 0.08
2014-11-01,19.0,11.0,71.0,10.0,29.88,0.1,19 | 66.2,11 | 51.8,71,10 | 6.21,29.88 | 1012,0.1 | 0.0
2014-11-02,18.0,11.0,73.0,6.0,29.91,6.4,18 | 64.4,11 | 51.8,73,6 | 3.73,29.91 | 1013,6.4 | 0.25
2014-11-03,18.0,12.0,79.0,9.0,29.97,12.6,18 | 64.4,12 | 53.6,79,9 | 5.59,29.97 | 1015,12.6 | 0.5
2014-11-04,19.0,12.0,76.0,13.0,29.97,0.7,19 | 66.2,12 | 53.6,76,13 | 8.08,29.97 | 1015,0.7 | 0.03
2014-11-05,18.0,10.0,72.0,14.0,29.97,0.0,18 | 64.4,10 | 50.0,72,14 | 8.7,29.97 | 1015,0.0 | 0.0
2014-11-06,18.0,11.0,73.0,11.0,29.97,0.2,18 | 64.4,11 | 51.8,73,11 | 6.84,29.97 | 1015,0.2 | 0.01
2014-11-07,19.0,11.0,71.0,7.0,29.97,2.4,19 | 66.2,11 | 51.8,71,7 | 4.35,29.97 | 1015,2.4 | 0.09
2014-11-08,19.0,12.0,75.0,7.0,29.94,9.3,19 | 66.2,12 | 53.6,75,7 | 4.35,29.94 | 1014,9.3 | 0.37
2014-11-09,18.0,11.0,72.0,10.0,29.94,0.2,18 | 64.4,11 | 51.8,72,10 | 6.21,29.94 | 1014,0.2 | 0.01
2014-11-10,18.0,12.0,78.0,14.0,29.91,3.5,18 | 64.4,12 | 53.6,78,14 | 8.7,29.91 | 1013,3.5 | 0.14
2014-11-11,18.0,12.0,78.0,12.0,29.91,3.5,18 | 64.4,12 | 53.6,78,12 | 7.46,29.91 | 1013,3.5 | 0.14
2014-11-12,18.0,11.0,74.0,11.0,29.88,0.9,18 | 64.4,11 | 51.8,74,11 | 6.84,29.88 | 1012,0.9 | 0.04
2014-11-13,19.0,11.0,74.0,10.0,29.88,2.5,19 | 66.2,11 | 51.8,74,10 | 6.21,29.88 | 1012,2.5 | 0.1
2014-11-14,18.0,12.0,76.0,10.0,29.91,4.8,18 | 64.4,12 | 53.6,76,10 | 6.21,29.91 | 1013,4.8 | 0.19
2014-11-15,18.0,12.0,79.0,8.0,29.94,7.3,18 | 64.4,12 | 53.6,79,8 | 4.97,29.94 | 1014,7.3 | 0.29
2014-11-16,18.0,11.0,76.0,8.0,29.91,1.0,18 | 64.4,11 | 51.8,76,8 | 4.97,29.91 | 1013,1.0 | 0.04
2014-11-17,18.0,11.0,72.0,10.0,29.88,0.3,18 | 64.4,11 | 51.8,72,10 | 6.21,29.88 | 1012,0.3 | 0.01
2014-11-18,18.0,9.0,66.0,14.0,29.88,0.0,18 | 64.4,9 | 48.2,66,14 | 8.7,29.88 | 1012,0.0 | 0.0
2014-11-19,18.0,11.0,73.0,14.0,29.88,1.8,18 | 64.4,11 | 51.8,73,14 | 8.7,29.88 | 1012,1.8 | 0.07
2014-11-20,18.0,12.0,77.0,7.0,29.94,11.9,18 | 64.4,12 | 53.6,77,7 | 4.35,29.94 | 1014,11.9 | 0.47
2014-11-21,17.0,13.0,84.0,5.0,30.0,7.0,17 | 62.6,13 | 55.4,84,5 | 3.11,30.0 | 1016,7.0 | 0.28
2014-11-22,19.0,13.0,79.0,9.0,29.97,4.4,19 | 66.2,13 | 55.4,79,9 | 5.59,29.97 | 1015,4.4 | 0.17
2014-11-23,19.0,13.0,77.0,5.0,29.97,1.8,19 | 66.2,13 | 55.4,77,5 | 3.11,29.97 | 1015,1.8 | 0.07
2014-11-24,20.0,13.0,77.0,6.0,29.91,2.3,20 | 68.0,13 | 55.4,77,6 | 3.73,29.91 | 1013,2.3 | 0.09
2014-11-25,20.0,13.0,76.0,4.0,29.91,2.7,20 | 68.0,13 | 55.4,76,4 | 2.49,29.91 | 1013,2.7 | 0.11
2014-11-26,20.0,13.0,75.0,5.0,29.88,2.6,20 | 68.0,13 | 55.4,75,5 | 3.11,29.88 | 1012,2.6 | 0.1
2014-11-27,19.0,13.0,78.0,5.0,29.91,4.3,19 | 66.2,13 | 55.4,78,5 | 3.11,29.91 | 1013,4.3 | 0.17
2014-11-28,19.0,13.0,78.0,8.0,29.94,3.8,19 | 66.2,13 | 55.4,78,8 | 4.97,29.94 | 1014,3.8 | 0.15
2014-11-29,19.0,12.0,75.0,6.0,29.94,1.7,19 | 66.2,12 | 53.6,75,6 | 3.73,29.94 | 1014,1.7 | 0.07
2014-11-30,19.0,13.0,79.0,6.0,29.94,3.8,19 | 66.2,13 | 55.4,79,6 | 3.73,29.94 | 1014,3.8 | 0.15
2014-12-01,17.0,14.0,85.0,6.0,29.91,6.4,17 | 62.6,14 | 57.2,85,6 | 3.73,29.91 | 1013,6.4 | 0.25
2014-12-02,19.0,14.0,82.0,11.0,29.88,3.4,19 | 66.2,14 | 57.2,82,11 | 6.84,29.88 | 1012,3.4 | 0.13
2014-12-03,18.0,13.0,79.0,17.0,29.94,0.1,18 | 64.4,13 | 55.4,79,17 | 10.56,29.94 | 1014,0.1 | 0.0
2014-12-04,18.0,11.0,74.0,20.0,29.97,0.0,18 | 64.4,11 | 51.8,74,20 | 12.43,29.97 | 1015,0.0 | 0.0
2014-12-05,18.0,10.0,72.0,14.0,29.97,0.0,18 | 64.4,10 | 50.0,72,14 | 8.7,29.97 | 1015,0.0 | 0.0
2014-12-06,19.0,11.0,69.0,8.0,29.94,0.0,19 | 66.2,11 | 51.8,69,8 | 4.97,29.94 | 1014,0.0 | 0.0
2014-12-07,19.0,12.0,73.0,7.0,29.91,2.4,19 | 66.2,12 | 53.6,73,7 | 4.35,29.91 | 1013,2.4 | 0.09
2014-12-08,19.0,11.0,71.0,10.0,29.91,0.0,19 | 66.2,11 | 51.8,71,10 | 6.21,29.91 | 1013,0.0 | 0.0
2014-12-09,19.0,11.0,71.0,13.0,29.94,0.0,19 | 66.2,11 | 51.8,71,13 | 8.08,29.94 | 1014,0.0 | 0.0
2014-12-10,19.0,11.0,72.0,16.0,29.94,0.0,19 | 66.2,11 | 51.8,72,16 | 9.94,29.94 | 1014,0.0 | 0.0
2014-12-11,19.0,10.0,69.0,15.0,29.94,0.0,19 | 66.2,10 | 50.0,69,15 | 9.32,29.94 | 1014,0.0 | 0.0
2014-12-12,19.0,10.0,66.0,13.0,29.94,0.0,19 | 66.2,10 | 50.0,66,13 | 8.08,29.94 | 1014,0.0 | 0.0
2014-12-13,19.0,8.0,60.0,11.0,29.97,0.0,19 | 66.2,8 | 46.4,60,11 | 6.84,29.97 | 1015,0.0 | 0.0
2014-12-14,19.0,9.0,62.0,11.0,29.94,0.0,19 | 66.2,9 | 48.2,62,11 | 6.84,29.94 | 1014,0.0 | 0.0
2014-12-15,20.0,11.0,67.0,10.0,29.94,1.3,20 | 68.0,11 | 51.8,67,10 | 6.21,29.94 | 1014,1.3 | 0.05
2014-12-16,20.0,10.0,68.0,10.0,29.94,0.0,20 | 68.0,10 | 50.0,68,10 | 6.21,29.94 | 1014,0.0 | 0.0
2014-12-17,20.0,10.0,66.0,7.0,29.97,0.4,20 | 68.0,10 | 50.0,66,7 | 4.35,29.97 | 1015,0.4 | 0.02
2014-12-18,20.0,10.0,65.0,6.0,29.97,0.0,20 | 68.0,10 | 50.0,65,6 | 3.73,29.97 | 1015,0.0 | 0.0
2014-12-19,20.0,10.0,63.0,11.0,29.97,0.0,20 | 68.0,10 | 50.0,63,11 | 6.84,29.97 | 1015,0.0 | 0.0
2014-12-20,20.0,9.0,62.0,10.0,29.97,0.0,20 | 68.0,9 | 48.2,62,10 | 6.21,29.97 | 1015,0.0 | 0.0
2014-12-21,19.0,10.0,66.0,6.0,29.94,2.0,19 | 66.2,10 | 50.0,66,6 | 3.73,29.94 | 1014,2.0 | 0.08
2014-12-22,19.0,11.0,68.0,5.0,29.94,1.1,19 | 66.2,11 | 51.8,68,5 | 3.11,29.94 | 1014,1.1 | 0.04
2014-12-23,19.0,12.0,72.0,6.0,29.94,3.3,19 | 66.2,12 | 53.6,72,6 | 3.73,29.94 | 1014,3.3 | 0.13
2014-12-24,19.0,12.0,74.0,7.0,29.97,3.3,19 | 66.2,12 | 53.6,74,7 | 4.35,29.97 | 1015,3.3 | 0.13
2014-12-25,19.0,12.0,75.0,8.0,29.97,3.0,19 | 66.2,12 | 53.6,75,8 | 4.97,29.97 | 1015,3.0 | 0.12
2014-12-26,19.0,11.0,71.0,9.0,29.97,0.1,19 | 66.2,11 | 51.8,71,9 | 5.59,29.97 | 1015,0.1 | 0.0
2014-12-27,19.0,12.0,70.0,8.0,29.94,0.9,19 | 66.2,12 | 53.6,70,8 | 4.97,29.94 | 1014,0.9 | 0.04
2014-12-28,20.0,10.0,64.0,11.0,29.97,0.0,20 | 68.0,10 | 50.0,64,11 | 6.84,29.97 | 1015,0.0 | 0.0
2014-12-29,20.0,9.0,61.0,11.0,29.94,0.0,20 | 68.0,9 | 48.2,61,11 | 6.84,29.94 | 1014,0.0 | 0.0
2014-12-30,20.0,8.0,59.0,10.0,29.91,0.0,20 | 68.0,8 | 46.4,59,10 | 6.21,29.91 | 1013,0.0 | 0.0
2014-12-31,20.0,8.0,56.0,10.0,29.91,0.0,20 | 68.0,8 | 46.4,56,10 | 6.21,29.91 | 1013,0.0 | 0.0
2015-01-01,19.0,5.0,48.0,11.0,29.94,0.0,19 | 66.2,5 | 41.0,48,11 | 6.84,29.94 | 1014,0.0 | 0.0
2015-01-02,19.0,2.0,40.0,12.0,29.97,0.0,19 | 66.2,2 | 35.6,40,12 | 7.46,29.97 | 1015,0.0 | 0.0
2015-01-03,19.0,2.0,39.0,9.0,29.97,0.0,19 | 66.2,2 | 35.6,39,9 | 5.59,29.97 | 1015,0.0 | 0.0
2015-01-04,20.0,2.0,36.0,6.0,29.94,0.0,20 | 68.0,2 | 35.6,36,6 | 3.73,29.94 | 1014,0.0 | 0.0
2015-01-05,19.0,3.0,40.0,5.0,29.94,0.0,19 | 66.2,3 | 37.4,40,5 | 3.11,29.94 | 1014,0.0 | 0.0
2015-01-06,19.0,4.0,45.0,7.0,29.94,0.0,19 | 66.2,4 | 39.2,45,7 | 4.35,29.94 | 1014,0.0 | 0.0
2015-01-07,19.0,6.0,50.0,6.0,29.97,0.1,19 | 66.2,6 | 42.8,50,6 | 3.73,29.97 | 1015,0.1 | 0.0
2015-01-08,19.0,8.0,59.0,9.0,29.97,0.0,19 | 66.2,8 | 46.4,59,9 | 5.59,29.97 | 1015,0.0 | 0.0
2015-01-09,19.0,8.0,61.0,7.0,29.97,0.0,19 | 66.2,8 | 46.4,61,7 | 4.35,29.97 | 1015,0.0 | 0.0
2015-01-10,19.0,9.0,63.0,4.0,29.97,0.2,19 | 66.2,9 | 48.2,63,4 | 2.49,29.97 | 1015,0.2 | 0.01
2015-01-11,19.0,9.0,57.0,7.0,29.94,0.2,19 | 66.2,9 | 48.2,57,7 | 4.35,29.94 | 1014,0.2 | 0.01
2015-01-12,20.0,9.0,57.0,8.0,29.94,0.4,20 | 68.0,9 | 48.2,57,8 | 4.97,29.94 | 1014,0.4 | 0.02
2015-01-13,20.0,10.0,61.0,12.0,29.97,0.0,20 | 68.0,10 | 50.0,61,12 | 7.46,29.97 | 1015,0.0 | 0.0
2015-01-14,19.0,7.0,55.0,14.0,29.97,0.0,19 | 66.2,7 | 44.6,55,14 | 8.7,29.97 | 1015,0.0 | 0.0
2015-01-15,20.0,2.0,36.0,11.0,29.94,0.0,20 | 68.0,2 | 35.6,36,11 | 6.84,29.94 | 1014,0.0 | 0.0
2015-01-16,20.0,1.0,33.0,8.0,29.91,0.0,20 | 68.0,1 | 33.8,33,8 | 4.97,29.91 | 1013,0.0 | 0.0
2015-01-17,21.0,2.0,37.0,4.0,29.91,0.0,21 | 69.8,2 | 35.6,37,4 | 2.49,29.91 | 1013,0.0 | 0.0
2015-01-18,20.0,2.0,37.0,6.0,29.94,0.0,20 | 68.0,2 | 35.6,37,6 | 3.73,29.94 | 1014,0.0 | 0.0
2015-01-19,20.0,7.0,50.0,3.0,29.94,0.0,20 | 68.0,7 | 44.6,50,3 | 1.86,29.94 | 1014,0.0 | 0.0
2015-01-20,19.0,7.0,49.0,7.0,29.94,0.4,19 | 66.2,7 | 44.6,49,7 | 4.35,29.94 | 1014,0.4 | 0.02
2015-01-21,20.0,9.0,58.0,15.0,29.97,0.0,20 | 68.0,9 | 48.2,58,15 | 9.32,29.97 | 1015,0.0 | 0.0
2015-01-22,20.0,11.0,66.0,16.0,29.97,3.3,20 | 68.0,11 | 51.8,66,16 | 9.94,29.97 | 1015,3.3 | 0.13
2015-01-23,21.0,9.0,58.0,13.0,29.91,0.0,21 | 69.8,9 | 48.2,58,13 | 8.08,29.91 | 1013,0.0 | 0.0
2015-01-24,20.0,10.0,61.0,15.0,29.88,0.0,20 | 68.0,10 | 50.0,61,15 | 9.32,29.88 | 1012,0.0 | 0.0
2015-01-25,20.0,8.0,57.0,14.0,29.91,0.0,20 | 68.0,8 | 46.4,57,14 | 8.7,29.91 | 1013,0.0 | 0.0
2015-01-26,20.0,5.0,51.0,15.0,29.94,0.0,20 | 68.0,5 | 41.0,51,15 | 9.32,29.94 | 1014,0.0 | 0.0
2015-01-27,21.0,6.0,45.0,9.0,29.91,0.0,21 | 69.8,6 | 42.8,45,9 | 5.59,29.91 | 1013,0.0 | 0.0
2015-01-28,21.0,6.0,46.0,10.0,29.88,0.1,21 | 69.8,6 | 42.8,46,10 | 6.21,29.88 | 1012,0.1 | 0.0
2015-01-29,20.0,3.0,41.0,13.0,29.88,0.0,20 | 68.0,3 | 37.4,41,13 | 8.08,29.88 | 1012,0.0 | 0.0
2015-01-30,20.0,3.0,43.0,12.0,29.94,0.0,20 | 68.0,3 | 37.4,43,12 | 7.46,29.94 | 1014,0.0 | 0.0
2015-01-31,21.0,5.0,45.0,11.0,29.94,0.4,21 | 69.8,5 | 41.0,45,11 | 6.84,29.94 | 1014,0.4 | 0.02
2015-02-01,21.0,6.0,48.0,11.0,29.91,0.2,21 | 69.8,6 | 42.8,48,11 | 6.84,29.91 | 1013,0.2 | 0.01
2015-02-02,21.0,9.0,53.0,15.0,29.88,0.8,21 | 69.8,9 | 48.2,53,15 | 9.32,29.88 | 1012,0.8 | 0.03
2015-02-03,21.0,7.0,51.0,14.0,29.91,0.0,21 | 69.8,7 | 44.6,51,14 | 8.7,29.91 | 1013,0.0 | 0.0
2015-02-04,21.0,8.0,55.0,17.0,29.91,0.5,21 | 69.8,8 | 46.4,55,17 | 10.56,29.91 | 1013,0.5 | 0.02
2015-02-05,21.0,7.0,56.0,15.0,29.91,0.4,21 | 69.8,7 | 44.6,56,15 | 9.32,29.91 | 1013,0.4 | 0.02
2015-02-06,22.0,7.0,50.0,13.0,29.91,0.0,22 | 71.6,7 | 44.6,50,13 | 8.08,29.91 | 1013,0.0 | 0.0
2015-02-07,21.0,7.0,49.0,20.0,29.88,0.0,21 | 69.8,7 | 44.6,49,20 | 12.43,29.88 | 1012,0.0 | 0.0
2015-02-08,22.0,4.0,44.0,16.0,29.88,0.0,22 | 71.6,4 | 39.2,44,16 | 9.94,29.88 | 1012,0.0 | 0.0
2015-02-09,21.0,3.0,42.0,14.0,29.88,0.0,21 | 69.8,3 | 37.4,42,14 | 8.7,29.88 | 1012,0.0 | 0.0
2015-02-10,21.0,4.0,45.0,17.0,29.91,0.0,21 | 69.8,4 | 39.2,45,17 | 10.56,29.91 | 1013,0.0 | 0.0
2015-02-11,21.0,3.0,44.0,14.0,29.94,0.0,21 | 69.8,3 | 37.4,44,14 | 8.7,29.94 | 1014,0.0 | 0.0
2015-02-12,22.0,4.0,40.0,11.0,29.91,0.0,22 | 71.6,4 | 39.2,40,11 | 6.84,29.91 | 1013,0.0 | 0.0
2015-02-13,22.0,3.0,35.0,11.0,29.88,0.0,22 | 71.6,3 | 37.4,35,11 | 6.84,29.88 | 1012,0.0 | 0.0
2015-02-14,22.0,5.0,41.0,7.0,29.88,0.9,22 | 71.6,5 | 41.0,41,7 | 4.35,29.88 | 1012,0.9 | 0.04
2015-02-15,19.0,11.0,65.0,9.0,29.94,10.1,19 | 66.2,11 | 51.8,65,9 | 5.59,29.94 | 1014,10.1 | 0.4
2015-02-16,20.0,11.0,64.0,5.0,29.94,2.3,20 | 68.0,11 | 51.8,64,5 | 3.11,29.94 | 1014,2.3 | 0.09
2015-02-17,20.0,12.0,66.0,9.0,29.94,9.6,20 | 68.0,12 | 53.6,66,9 | 5.59,29.94 | 1014,9.6 | 0.38
2015-02-18,21.0,10.0,61.0,7.0,29.91,2.5,21 | 69.8,10 | 50.0,61,7 | 4.35,29.91 | 1013,2.5 | 0.1
2015-02-19,21.0,10.0,58.0,9.0,29.88,2.4,21 | 69.8,10 | 50.0,58,9 | 5.59,29.88 | 1012,2.4 | 0.09
2015-02-20,22.0,10.0,57.0,8.0,29.85,0.7,22 | 71.6,10 | 50.0,57,8 | 4.97,29.85 | 1011,0.7 | 0.03
2015-02-21,22.0,8.0,51.0,12.0,29.85,0.0,22 | 71.6,8 | 46.4,51,12 | 7.46,29.85 | 1011,0.0 | 0.0
2015-02-22,22.0,8.0,52.0,14.0,29.85,0.2,22 | 71.6,8 | 46.4,52,14 | 8.7,29.85 | 1011,0.2 | 0.01
2015-02-23,22.0,8.0,47.0,10.0,29.88,1.3,22 | 71.6,8 | 46.4,47,10 | 6.21,29.88 | 1012,1.3 | 0.05
2015-02-24,21.0,10.0,57.0,8.0,29.88,3.6,21 | 69.8,10 | 50.0,57,8 | 4.97,29.88 | 1012,3.6 | 0.14
2015-02-25,21.0,9.0,56.0,7.0,29.88,4.3,21 | 69.8,9 | 48.2,56,7 | 4.35,29.88 | 1012,4.3 | 0.17
2015-02-26,21.0,5.0,44.0,10.0,29.85,0.9,21 | 69.8,5 | 41.0,44,10 | 6.21,29.85 | 1011,0.9 | 0.04
2015-02-27,22.0,8.0,50.0,15.0,29.85,1.4,22 | 71.6,8 | 46.4,50,15 | 9.32,29.85 | 1011,1.4 | 0.06
2015-02-28,21.0,5.0,42.0,17.0,29.85,0.0,21 | 69.8,5 | 41.0,42,17 | 10.56,29.85 | 1011,0.0 | 0.0
2015-03-01,21.0,5.0,44.0,7.0,29.88,1.0,21 | 69.8,5 | 41.0,44,7 | 4.35,29.88 | 1012,1.0 | 0.04
2015-03-02,22.0,5.0,45.0,14.0,29.88,0.0,22 | 71.6,5 | 41.0,45,14 | 8.7,29.88 | 1012,0.0 | 0.0
2015-03-03,22.0,1.0,34.0,18.0,29.88,0.0,22 | 71.6,1 | 33.8,34,18 | 11.18,29.88 | 1012,0.0 | 0.0
2015-03-04,22.0,3.0,38.0,18.0,29.91,0.0,22 | 71.6,3 | 37.4,38,18 | 11.18,29.91 | 1013,0.0 | 0.0
2015-03-05,21.0,4.0,39.0,12.0,29.88,2.1,21 | 69.8,4 | 39.2,39,12 | 7.46,29.88 | 1012,2.1 | 0.08
2015-03-06,22.0,2.0,37.0,14.0,29.91,0.0,22 | 71.6,2 | 35.6,37,14 | 8.7,29.91 | 1013,0.0 | 0.0
2015-03-07,22.0,3.0,37.0,17.0,29.91,0.0,22 | 71.6,3 | 37.4,37,17 | 10.56,29.91 | 1013,0.0 | 0.0
2015-03-08,22.0,3.0,35.0,20.0,29.91,0.0,22 | 71.6,3 | 37.4,35,20 | 12.43,29.91 | 1013,0.0 | 0.0
2015-03-09,22.0,2.0,32.0,25.0,29.88,0.0,22 | 71.6,2 | 35.6,32,25 | 15.53,29.88 | 1012,0.0 | 0.0
2015-03-10,19.0,5.0,47.0,21.0,29.88,0.0,19 | 66.2,5 | 41.0,47,21 | 13.05,29.88 | 1012,0.0 | 0.0
2015-03-11,22.0,8.0,54.0,11.0,29.88,0.2,22 | 71.6,8 | 46.4,54,11 | 6.84,29.88 | 1012,0.2 | 0.01
2015-03-12,22.0,9.0,54.0,11.0,29.88,0.4,22 | 71.6,9 | 48.2,54,11 | 6.84,29.88 | 1012,0.4 | 0.02
2015-03-13,22.0,8.0,55.0,11.0,29.88,0.8,22 | 71.6,8 | 46.4,55,11 | 6.84,29.88 | 1012,0.8 | 0.03
2015-03-14,22.0,9.0,56.0,10.0,29.88,1.2,22 | 71.6,9 | 48.2,56,10 | 6.21,29.88 | 1012,1.2 | 0.05
2015-03-15,21.0,9.0,59.0,10.0,29.91,2.0,21 | 69.8,9 | 48.2,59,10 | 6.21,29.91 | 1013,2.0 | 0.08
2015-03-16,21.0,9.0,60.0,10.0,29.91,3.0,21 | 69.8,9 | 48.2,60,10 | 6.21,29.91 | 1013,3.0 | 0.12
2015-03-17,21.0,10.0,61.0,9.0,29.88,3.9,21 | 69.8,10 | 50.0,61,9 | 5.59,29.88 | 1012,3.9 | 0.15
2015-03-18,21.0,10.0,60.0,9.0,29.88,3.0,21 | 69.8,10 | 50.0,60,9 | 5.59,29.88 | 1012,3.0 | 0.12
2015-03-19,23.0,9.0,52.0,13.0,29.83,2.5,23 | 73.4,9 | 48.2,52,13 | 8.08,29.83 | 1010,2.5 | 0.1
2015-03-20,22.0,7.0,47.0,15.0,29.85,0.7,22 | 71.6,7 | 44.6,47,15 | 9.32,29.85 | 1011,0.7 | 0.03
2015-03-21,22.0,11.0,60.0,16.0,29.88,11.0,22 | 71.6,11 | 51.8,60,16 | 9.94,29.88 | 1012,11.0 | 0.43
2015-03-22,21.0,10.0,62.0,16.0,29.88,4.4,21 | 69.8,10 | 50.0,62,16 | 9.94,29.88 | 1012,4.4 | 0.17
2015-03-23,20.0,12.0,72.0,14.0,29.88,23.4,20 | 68.0,12 | 53.6,72,14 | 8.7,29.88 | 1012,23.4 | 0.92
2015-03-24,19.0,12.0,74.0,12.0,29.88,18.9,19 | 66.2,12 | 53.6,74,12 | 7.46,29.88 | 1012,18.9 | 0.74
2015-03-25,20.0,11.0,68.0,10.0,29.91,19.0,20 | 68.0,11 | 51.8,68,10 | 6.21,29.91 | 1013,19.0 | 0.75
2015-03-26,18.0,13.0,83.0,12.0,29.94,18.3,18 | 64.4,13 | 55.4,83,12 | 7.46,29.94 | 1014,18.3 | 0.72
2015-03-27,20.0,12.0,75.0,17.0,29.91,15.1,20 | 68.0,12 | 53.6,75,17 | 10.56,29.91 | 1013,15.1 | 0.59
2015-03-28,20.0,12.0,73.0,13.0,29.91,13.7,20 | 68.0,12 | 53.6,73,13 | 8.08,29.91 | 1013,13.7 | 0.54
2015-03-29,19.0,13.0,76.0,8.0,29.91,10.6,19 | 66.2,13 | 55.4,76,8 | 4.97,29.91 | 1013,10.6 | 0.42
2015-03-30,19.0,14.0,79.0,3.0,29.94,19.8,19 | 66.2,14 | 57.2,79,3 | 1.86,29.94 | 1014,19.8 | 0.78
2015-03-31,19.0,13.0,78.0,5.0,29.94,29.9,19 | 66.2,13 | 55.4,78,5 | 3.11,29.94 | 1014,29.9 | 1.18
2015-04-01,20.0,12.0,73.0,5.0,29.94,12.6,20 | 68.0,12 | 53.6,73,5 | 3.11,29.94 | 1014,12.6 | 0.5
2015-04-02,21.0,12.0,66.0,9.0,29.88,8.3,21 | 69.8,12 | 53.6,66,9 | 5.59,29.88 | 1012,8.3 | 0.33
2015-04-03,20.0,12.0,70.0,9.0,29.85,21.7,20 | 68.0,12 | 53.6,70,9 | 5.59,29.85 | 1011,21.7 | 0.85
2015-04-04,16.0,14.0,91.0,8.0,29.91,29.0,16 | 60.8,14 | 57.2,91,8 | 4.97,29.91 | 1013,29.0 | 1.14
2015-04-05,19.0,14.0,80.0,4.0,29.91,17.8,19 | 66.2,14 | 57.2,80,4 | 2.49,29.91 | 1013,17.8 | 0.7
2015-04-06,19.0,13.0,79.0,5.0,29.91,26.5,19 | 66.2,13 | 55.4,79,5 | 3.11,29.91 | 1013,26.5 | 1.04
2015-04-07,18.0,13.0,79.0,6.0,29.94,10.7,18 | 64.4,13 | 55.4,79,6 | 3.73,29.94 | 1014,10.7 | 0.42
2015-04-08,19.0,13.0,79.0,3.0,29.91,19.0,19 | 66.2,13 | 55.4,79,3 | 1.86,29.91 | 1013,19.0 | 0.75
2015-04-09,17.0,13.0,84.0,7.0,29.91,20.0,17 | 62.6,13 | 55.4,84,7 | 4.35,29.91 | 1013,20.0 | 0.79
2015-04-10,19.0,10.0,68.0,10.0,29.94,1.4,19 | 66.2,10 | 50.0,68,10 | 6.21,29.94 | 1014,1.4 | 0.06
2015-04-11,19.0,9.0,65.0,9.0,29.97,1.8,19 | 66.2,9 | 48.2,65,9 | 5.59,29.97 | 1015,1.8 | 0.07
2015-04-12,20.0,10.0,64.0,12.0,29.97,0.1,20 | 68.0,10 | 50.0,64,12 | 7.46,29.97 | 1015,0.1 | 0.0
2015-04-13,20.0,12.0,71.0,7.0,29.91,2.8,20 | 68.0,12 | 53.6,71,7 | 4.35,29.91 | 1013,2.8 | 0.11
2015-04-14,20.0,13.0,76.0,7.0,29.91,3.1,20 | 68.0,13 | 55.4,76,7 | 4.35,29.91 | 1013,3.1 | 0.12
2015-04-15,20.0,13.0,76.0,6.0,29.91,4.9,20 | 68.0,13 | 55.4,76,6 | 3.73,29.91 | 1013,4.9 | 0.19
2015-04-16,19.0,13.0,74.0,4.0,29.94,7.1,19 | 66.2,13 | 55.4,74,4 | 2.49,29.94 | 1014,7.1 | 0.28
2015-04-17,17.0,13.0,79.0,9.0,30.0,9.0,17 | 62.6,13 | 55.4,79,9 | 5.59,30.0 | 1016,9.0 | 0.35
2015-04-18,18.0,13.0,81.0,7.0,29.97,13.2,18 | 64.4,13 | 55.4,81,7 | 4.35,29.97 | 1015,13.2 | 0.52
2015-04-19,18.0,13.0,84.0,4.0,29.94,18.3,18 | 64.4,13 | 55.4,84,4 | 2.49,29.94 | 1014,18.3 | 0.72
2015-04-20,19.0,13.0,79.0,6.0,29.94,29.7,19 | 66.2,13 | 55.4,79,6 | 3.73,29.94 | 1014,29.7 | 1.17
2015-04-21,18.0,12.0,76.0,10.0,29.94,14.0,18 | 64.4,12 | 53.6,76,10 | 6.21,29.94 | 1014,14.0 | 0.55
2015-04-22,18.0,13.0,79.0,4.0,29.97,12.1,18 | 64.4,13 | 55.4,79,4 | 2.49,29.97 | 1015,12.1 | 0.48
2015-04-23,18.0,13.0,81.0,3.0,29.97,33.6,18 | 64.4,13 | 55.4,81,3 | 1.86,29.97 | 1015,33.6 | 1.32
2015-04-24,20.0,13.0,73.0,8.0,29.94,11.4,20 | 68.0,13 | 55.4,73,8 | 4.97,29.94 | 1014,11.4 | 0.45
2015-04-25,20.0,12.0,72.0,7.0,29.91,7.0,20 | 68.0,12 | 53.6,72,7 | 4.35,29.91 | 1013,7.0 | 0.28
2015-04-26,18.0,13.0,83.0,7.0,29.94,1.5,18 | 64.4,13 | 55.4,83,7 | 4.35,29.94 | 1014,1.5 | 0.06
2015-04-27,16.0,14.0,92.0,7.0,30.03,21.0,16 | 60.8,14 | 57.2,92,7 | 4.35,30.03 | 1017,21.0 | 0.83
2015-04-28,19.0,14.0,81.0,4.0,29.91,2.8,19 | 66.2,14 | 57.2,81,4 | 2.49,29.91 | 1013,2.8 | 0.11
2015-04-29,19.0,13.0,79.0,6.0,29.94,6.9,19 | 66.2,13 | 55.4,79,6 | 3.73,29.94 | 1014,6.9 | 0.27
2015-04-30,19.0,13.0,81.0,7.0,29.94,21.2,19 | 66.2,13 | 55.4,81,7 | 4.35,29.94 | 1014,21.2 | 0.83
2015-05-01,18.0,13.0,84.0,6.0,29.91,19.8,18 | 64.4,13 | 55.4,84,6 | 3.73,29.91 | 1013,19.8 | 0.78
2015-05-02,18.0,13.0,82.0,8.0,29.94,14.7,18 | 64.4,13 | 55.4,82,8 | 4.97,29.94 | 1014,14.7 | 0.58
2015-05-03,18.0,12.0,80.0,6.0,29.91,16.8,18 | 64.4,12 | 53.6,80,6 | 3.73,29.91 | 1013,16.8 | 0.66
2015-05-04,18.0,12.0,78.0,6.0,29.94,4.6,18 | 64.4,12 | 53.6,78,6 | 3.73,29.94 | 1014,4.6 | 0.18
2015-05-05,19.0,12.0,78.0,5.0,29.91,9.0,19 | 66.2,12 | 53.6,78,5 | 3.11,29.91 | 1013,9.0 | 0.35
2015-05-06,18.0,13.0,84.0,5.0,29.91,13.7,18 | 64.4,13 | 55.4,84,5 | 3.11,29.91 | 1013,13.7 | 0.54
2015-05-07,17.0,14.0,87.0,4.0,29.97,5.3,17 | 62.6,14 | 57.2,87,4 | 2.49,29.97 | 1015,5.3 | 0.21
2015-05-08,18.0,14.0,85.0,3.0,30.0,9.6,18 | 64.4,14 | 57.2,85,3 | 1.86,30.0 | 1016,9.6 | 0.38
2015-05-09,17.0,14.0,89.0,5.0,30.0,4.9,17 | 62.6,14 | 57.2,89,5 | 3.11,30.0 | 1016,4.9 | 0.19
2015-05-10,18.0,14.0,81.0,4.0,29.97,9.6,18 | 64.4,14 | 57.2,81,4 | 2.49,29.97 | 1015,9.6 | 0.38
2015-05-11,19.0,13.0,81.0,3.0,29.97,7.7,19 | 66.2,13 | 55.4,81,3 | 1.86,29.97 | 1015,7.7 | 0.3
2015-05-12,19.0,12.0,79.0,3.0,29.97,2.5,19 | 66.2,12 | 53.6,79,3 | 1.86,29.97 | 1015,2.5 | 0.1
2015-05-13,19.0,12.0,77.0,4.0,29.97,2.9,19 | 66.2,12 | 53.6,77,4 | 2.49,29.97 | 1015,2.9 | 0.11
2015-05-14,19.0,13.0,81.0,8.0,29.94,12.8,19 | 66.2,13 | 55.4,81,8 | 4.97,29.94 | 1014,12.8 | 0.5
2015-05-15,19.0,13.0,76.0,10.0,29.94,7.2,19 | 66.2,13 | 55.4,76,10 | 6.21,29.94 | 1014,7.2 | 0.28
2015-05-16,19.0,12.0,80.0,6.0,29.94,9.3,19 | 66.2,12 | 53.6,80,6 | 3.73,29.94 | 1014,9.3 | 0.37
2015-05-17,20.0,14.0,81.0,3.0,29.94,16.0,20 | 68.0,14 | 57.2,81,3 | 1.86,29.94 | 1014,16.0 | 0.63
2015-05-18,19.0,14.0,82.0,4.0,29.94,22.6,19 | 66.2,14 | 57.2,82,4 | 2.49,29.94 | 1014,22.6 | 0.89
2015-05-19,20.0,14.0,79.0,4.0,29.94,9.8,20 | 68.0,14 | 57.2,79,4 | 2.49,29.94 | 1014,9.8 | 0.39
2015-05-20,19.0,12.0,76.0,5.0,29.97,3.5,19 | 66.2,12 | 53.6,76,5 | 3.11,29.97 | 1015,3.5 | 0.14
2015-05-21,18.0,10.0,71.0,6.0,30.0,0.3,18 | 64.4,10 | 50.0,71,6 | 3.73,30.0 | 1016,0.3 | 0.01
2015-05-22,18.0,11.0,77.0,4.0,30.0,4.2,18 | 64.4,11 | 51.8,77,4 | 2.49,30.0 | 1016,4.2 | 0.17
2015-05-23,18.0,12.0,78.0,2.0,29.97,3.8,18 | 64.4,12 | 53.6,78,2 | 1.24,29.97 | 1015,3.8 | 0.15
2015-05-24,18.0,12.0,79.0,2.0,29.97,2.6,18 | 64.4,12 | 53.6,79,2 | 1.24,29.97 | 1015,2.6 | 0.1
2015-05-25,19.0,12.0,79.0,3.0,29.97,3.4,19 | 66.2,12 | 53.6,79,3 | 1.86,29.97 | 1015,3.4 | 0.13
2015-05-26,18.0,13.0,81.0,4.0,29.97,3.2,18 | 64.4,13 | 55.4,81,4 | 2.49,29.97 | 1015,3.2 | 0.13
2015-05-27,19.0,12.0,77.0,4.0,29.94,1.6,19 | 66.2,12 | 53.6,77,4 | 2.49,29.94 | 1014,1.6 | 0.06
2015-05-28,19.0,12.0,77.0,4.0,29.94,5.8,19 | 66.2,12 | 53.6,77,4 | 2.49,29.94 | 1014,5.8 | 0.23
2015-05-29,19.0,13.0,80.0,5.0,29.91,5.4,19 | 66.2,13 | 55.4,80,5 | 3.11,29.91 | 1013,5.4 | 0.21
2015-05-30,18.0,13.0,80.0,4.0,29.94,11.8,18 | 64.4,13 | 55.4,80,4 | 2.49,29.94 | 1014,11.8 | 0.46
2015-05-31,19.0,12.0,78.0,8.0,29.91,6.1,19 | 66.2,12 | 53.6,78,8 | 4.97,29.91 | 1013,6.1 | 0.24
2015-06-01,17.0,13.0,86.0,4.0,29.91,8.8,17 | 62.6,13 | 55.4,86,4 | 2.49,29.91 | 1013,8.8 | 0.35
2015-06-02,18.0,14.0,89.0,3.0,29.94,5.8,18 | 64.4,14 | 57.2,89,3 | 1.86,29.94 | 1014,5.8 | 0.23
2015-06-03,18.0,13.0,82.0,3.0,29.94,1.4,18 | 64.4,13 | 55.4,82,3 | 1.86,29.94 | 1014,1.4 | 0.06
2015-06-04,17.0,13.0,85.0,5.0,29.94,10.4,17 | 62.6,13 | 55.4,85,5 | 3.11,29.94 | 1014,10.4 | 0.41
2015-06-05,19.0,13.0,81.0,3.0,29.91,9.0,19 | 66.2,13 | 55.4,81,3 | 1.86,29.91 | 1013,9.0 | 0.35
2015-06-06,18.0,12.0,78.0,4.0,29.94,2.5,18 | 64.4,12 | 53.6,78,4 | 2.49,29.94 | 1014,2.5 | 0.1
2015-06-07,18.0,10.0,75.0,5.0,29.97,0.9,18 | 64.4,10 | 50.0,75,5 | 3.11,29.97 | 1015,0.9 | 0.04
2015-06-08,18.0,12.0,78.0,4.0,29.94,2.8,18 | 64.4,12 | 53.6,78,4 | 2.49,29.94 | 1014,2.8 | 0.11
2015-06-09,18.0,12.0,79.0,3.0,29.97,6.4,18 | 64.4,12 | 53.6,79,3 | 1.86,29.97 | 1015,6.4 | 0.25
2015-06-10,18.0,12.0,80.0,3.0,29.97,5.4,18 | 64.4,12 | 53.6,80,3 | 1.86,29.97 | 1015,5.4 | 0.21
2015-06-11,18.0,14.0,84.0,6.0,29.97,7.8,18 | 64.4,14 | 57.2,84,6 | 3.73,29.97 | 1015,7.8 | 0.31
2015-06-12,18.0,13.0,81.0,3.0,29.97,2.4,18 | 64.4,13 | 55.4,81,3 | 1.86,29.97 | 1015,2.4 | 0.09
2015-06-13,18.0,12.0,80.0,5.0,29.97,2.3,18 | 64.4,12 | 53.6,80,5 | 3.11,29.97 | 1015,2.3 | 0.09
2015-06-14,18.0,12.0,82.0,6.0,29.97,3.1,18 | 64.4,12 | 53.6,82,6 | 3.73,29.97 | 1015,3.1 | 0.12
2015-06-15,15.0,12.0,87.0,3.0,29.97,0.9,15 | 59.0,12 | 53.6,87,3 | 1.86,29.97 | 1015,0.9 | 0.04
2015-06-16,18.0,13.0,82.0,5.0,29.94,8.8,18 | 64.4,13 | 55.4,82,5 | 3.11,29.94 | 1014,8.8 | 0.35
2015-06-17,18.0,13.0,78.0,7.0,29.88,2.1,18 | 64.4,13 | 55.4,78,7 | 4.35,29.88 | 1012,2.1 | 0.08
2015-06-18,18.0,13.0,83.0,4.0,29.91,12.0,18 | 64.4,13 | 55.4,83,4 | 2.49,29.91 | 1013,12.0 | 0.47
2015-06-19,18.0,13.0,85.0,3.0,29.97,3.4,18 | 64.4,13 | 55.4,85,3 | 1.86,29.97 | 1015,3.4 | 0.13
2015-06-20,17.0,12.0,81.0,4.0,30.0,0.9,17 | 62.6,12 | 53.6,81,4 | 2.49,30.0 | 1016,0.9 | 0.04
2015-06-21,18.0,12.0,82.0,4.0,30.0,7.9,18 | 64.4,12 | 53.6,82,4 | 2.49,30.0 | 1016,7.9 | 0.31
2015-06-22,17.0,11.0,81.0,4.0,30.03,6.9,17 | 62.6,11 | 51.8,81,4 | 2.49,30.03 | 1017,6.9 | 0.27
2015-06-23,16.0,13.0,89.0,4.0,30.06,16.5,16 | 60.8,13 | 55.4,89,4 | 2.49,30.06 | 1018,16.5 | 0.65
2015-06-24,18.0,12.0,80.0,3.0,30.06,8.1,18 | 64.4,12 | 53.6,80,3 | 1.86,30.06 | 1018,8.1 | 0.32
2015-06-25,18.0,12.0,82.0,5.0,30.06,5.7,18 | 64.4,12 | 53.6,82,5 | 3.11,30.06 | 1018,5.7 | 0.22
2015-06-26,17.0,13.0,87.0,3.0,30.03,12.9,17 | 62.6,13 | 55.4,87,3 | 1.86,30.03 | 1017,12.9 | 0.51
2015-06-27,18.0,13.0,81.0,3.0,30.03,8.9,18 | 64.4,13 | 55.4,81,3 | 1.86,30.03 | 1017,8.9 | 0.35
2015-06-28,19.0,13.0,80.0,5.0,30.03,5.9,19 | 66.2,13 | 55.4,80,5 | 3.11,30.03 | 1017,5.9 | 0.23
2015-06-29,18.0,12.0,77.0,3.0,30.0,1.8,18 | 64.4,12 | 53.6,77,3 | 1.86,30.0 | 1016,1.8 | 0.07
2015-06-30,18.0,12.0,78.0,5.0,29.97,2.4,18 | 64.4,12 | 53.6,78,5 | 3.11,29.97 | 1015,2.4 | 0.09
2015-07-01,18.0,12.0,79.0,6.0,29.97,3.1,18 | 64.4,12 | 53.6,79,6 | 3.73,29.97 | 1015,3.1 | 0.12
2015-07-02,17.0,12.0,83.0,5.0,30.0,4.3,17 | 62.6,12 | 53.6,83,5 | 3.11,30.0 | 1016,4.3 | 0.17
2015-07-03,17.0,10.0,76.0,7.0,30.0,1.5,17 | 62.6,10 | 50.0,76,7 | 4.35,30.0 | 1016,1.5 | 0.06
2015-07-04,17.0,9.0,71.0,7.0,30.03,0.3,17 | 62.6,9 | 48.2,71,7 | 4.35,30.03 | 1017,0.3 | 0.01
2015-07-05,18.0,8.0,64.0,9.0,30.03,0.0,18 | 64.4,8 | 46.4,64,9 | 5.59,30.03 | 1017,0.0 | 0.0
2015-07-06,18.0,8.0,65.0,5.0,30.03,3.9,18 | 64.4,8 | 46.4,65,5 | 3.11,30.03 | 1017,3.9 | 0.15
2015-07-07,18.0,11.0,72.0,7.0,30.0,9.3,18 | 64.4,11 | 51.8,72,7 | 4.35,30.0 | 1016,9.3 | 0.37
2015-07-08,18.0,10.0,74.0,5.0,30.0,4.6,18 | 64.4,10 | 50.0,74,5 | 3.11,30.0 | 1016,4.6 | 0.18
2015-07-09,19.0,10.0,74.0,4.0,30.0,1.3,19 | 66.2,10 | 50.0,74,4 | 2.49,30.0 | 1016,1.3 | 0.05
2015-07-10,19.0,10.0,68.0,6.0,30.0,0.1,19 | 66.2,10 | 50.0,68,6 | 3.73,30.0 | 1016,0.1 | 0.0
2015-07-11,18.0,10.0,71.0,6.0,30.0,1.7,18 | 64.4,10 | 50.0,71,6 | 3.73,30.0 | 1016,1.7 | 0.07
2015-07-12,18.0,12.0,79.0,5.0,29.97,8.1,18 | 64.4,12 | 53.6,79,5 | 3.11,29.97 | 1015,8.1 | 0.32
2015-07-13,18.0,12.0,80.0,6.0,30.0,5.7,18 | 64.4,12 | 53.6,80,6 | 3.73,30.0 | 1016,5.7 | 0.22
2015-07-14,19.0,11.0,73.0,4.0,29.97,2.5,19 | 66.2,11 | 51.8,73,4 | 2.49,29.97 | 1015,2.5 | 0.1
2015-07-15,18.0,11.0,74.0,4.0,29.97,1.4,18 | 64.4,11 | 51.8,74,4 | 2.49,29.97 | 1015,1.4 | 0.06
2015-07-16,19.0,11.0,74.0,4.0,29.97,3.1,19 | 66.2,11 | 51.8,74,4 | 2.49,29.97 | 1015,3.1 | 0.12
2015-07-17,18.0,12.0,78.0,6.0,29.97,4.8,18 | 64.4,12 | 53.6,78,6 | 3.73,29.97 | 1015,4.8 | 0.19
2015-07-18,18.0,12.0,79.0,4.0,29.97,6.0,18 | 64.4,12 | 53.6,79,4 | 2.49,29.97 | 1015,6.0 | 0.24
2015-07-19,18.0,13.0,81.0,6.0,29.97,11.9,18 | 64.4,13 | 55.4,81,6 | 3.73,29.97 | 1015,11.9 | 0.47
2015-07-20,17.0,14.0,87.0,6.0,29.97,17.5,17 | 62.6,14 | 57.2,87,6 | 3.73,29.97 | 1015,17.5 | 0.69
2015-07-21,17.0,13.0,85.0,4.0,29.97,4.5,17 | 62.6,13 | 55.4,85,4 | 2.49,29.97 | 1015,4.5 | 0.18
2015-07-22,17.0,13.0,86.0,4.0,30.0,18.1,17 | 62.6,13 | 55.4,86,4 | 2.49,30.0 | 1016,18.1 | 0.71
2015-07-23,18.0,13.0,84.0,4.0,30.0,9.8,18 | 64.4,13 | 55.4,84,4 | 2.49,30.0 | 1016,9.8 | 0.39
2015-07-24,18.0,13.0,82.0,6.0,30.0,10.7,18 | 64.4,13 | 55.4,82,6 | 3.73,30.0 | 1016,10.7 | 0.42
2015-07-25,18.0,13.0,80.0,5.0,29.97,7.9,18 | 64.4,13 | 55.4,80,5 | 3.11,29.97 | 1015,7.9 | 0.31
2015-07-26,17.0,13.0,81.0,5.0,29.97,8.9,17 | 62.6,13 | 55.4,81,5 | 3.11,29.97 | 1015,8.9 | 0.35
2015-07-27,19.0,12.0,76.0,5.0,29.94,5.6,19 | 66.2,12 | 53.6,76,5 | 3.11,29.94 | 1014,5.6 | 0.22
2015-07-28,18.0,12.0,78.0,4.0,29.94,2.3,18 | 64.4,12 | 53.6,78,4 | 2.49,29.94 | 1014,2.3 | 0.09
2015-07-29,17.0,12.0,83.0,4.0,29.97,8.5,17 | 62.6,12 | 53.6,83,4 | 2.49,29.97 | 1015,8.5 | 0.33
2015-07-30,17.0,11.0,82.0,4.0,30.0,2.1,17 | 62.6,11 | 51.8,82,4 | 2.49,30.0 | 1016,2.1 | 0.08
2015-07-31,19.0,12.0,79.0,5.0,29.97,1.2,19 | 66.2,12 | 53.6,79,5 | 3.11,29.97 | 1015,1.2 | 0.05
2015-08-01,18.0,12.0,80.0,4.0,29.97,5.1,18 | 64.4,12 | 53.6,80,4 | 2.49,29.97 | 1015,5.1 | 0.2
2015-08-02,18.0,12.0,79.0,7.0,30.0,13.6,18 | 64.4,12 | 53.6,79,7 | 4.35,30.0 | 1016,13.6 | 0.54
2015-08-03,18.0,11.0,78.0,4.0,29.97,3.3,18 | 64.4,11 | 51.8,78,4 | 2.49,29.97 | 1015,3.3 | 0.13
2015-08-04,18.0,12.0,80.0,3.0,29.97,4.1,18 | 64.4,12 | 53.6,80,3 | 1.86,29.97 | 1015,4.1 | 0.16
2015-08-05,18.0,12.0,79.0,6.0,29.97,5.0,18 | 64.4,12 | 53.6,79,6 | 3.73,29.97 | 1015,5.0 | 0.2
2015-08-06,17.0,12.0,79.0,5.0,29.97,11.9,17 | 62.6,12 | 53.6,79,5 | 3.11,29.97 | 1015,11.9 | 0.47
2015-08-07,18.0,13.0,81.0,4.0,29.94,9.9,18 | 64.4,13 | 55.4,81,4 | 2.49,29.94 | 1014,9.9 | 0.39
2015-08-08,17.0,12.0,81.0,4.0,29.97,5.6,17 | 62.6,12 | 53.6,81,4 | 2.49,29.97 | 1015,5.6 | 0.22
2015-08-09,17.0,12.0,83.0,5.0,29.97,10.6,17 | 62.6,12 | 53.6,83,5 | 3.11,29.97 | 1015,10.6 | 0.42
2015-08-10,18.0,11.0,75.0,4.0,29.97,1.7,18 | 64.4,11 | 51.8,75,4 | 2.49,29.97 | 1015,1.7 | 0.07
2015-08-11,19.0,10.0,67.0,5.0,29.94,0.3,19 | 66.2,10 | 50.0,67,5 | 3.11,29.94 | 1014,0.3 | 0.01
2015-08-12,19.0,12.0,74.0,5.0,29.97,1.4,19 | 66.2,12 | 53.6,74,5 | 3.11,29.97 | 1015,1.4 | 0.06
2015-08-13,19.0,11.0,73.0,5.0,29.97,2.4,19 | 66.2,11 | 51.8,73,5 | 3.11,29.97 | 1015,2.4 | 0.09
2015-08-14,19.0,11.0,69.0,6.0,29.97,2.5,19 | 66.2,11 | 51.8,69,6 | 3.73,29.97 | 1015,2.5 | 0.1
2015-08-15,19.0,10.0,68.0,4.0,29.97,0.8,19 | 66.2,10 | 50.0,68,4 | 2.49,29.97 | 1015,0.8 | 0.03
2015-08-16,19.0,12.0,73.0,6.0,30.0,2.3,19 | 66.2,12 | 53.6,73,6 | 3.73,30.0 | 1016,2.3 | 0.09
2015-08-17,18.0,11.0,70.0,6.0,29.97,2.7,18 | 64.4,11 | 51.8,70,6 | 3.73,29.97 | 1015,2.7 | 0.11
2015-08-18,17.0,11.0,79.0,6.0,29.94,4.6,17 | 62.6,11 | 51.8,79,6 | 3.73,29.94 | 1014,4.6 | 0.18
2015-08-19,19.0,12.0,75.0,5.0,29.91,5.2,19 | 66.2,12 | 53.6,75,5 | 3.11,29.91 | 1013,5.2 | 0.2
2015-08-20,19.0,11.0,73.0,6.0,29.94,4.2,19 | 66.2,11 | 51.8,73,6 | 3.73,29.94 | 1014,4.2 | 0.17
2015-08-21,19.0,11.0,70.0,5.0,29.94,4.1,19 | 66.2,11 | 51.8,70,5 | 3.11,29.94 | 1014,4.1 | 0.16
2015-08-22,19.0,13.0,76.0,6.0,29.91,33.1,19 | 66.2,13 | 55.4,76,6 | 3.73,29.91 | 1013,33.1 | 1.3
2015-08-23,19.0,12.0,73.0,6.0,29.94,7.9,19 | 66.2,12 | 53.6,73,6 | 3.73,29.94 | 1014,7.9 | 0.31
2015-08-24,18.0,9.0,67.0,7.0,29.97,2.7,18 | 64.4,9 | 48.2,67,7 | 4.35,29.97 | 1015,2.7 | 0.11
2015-08-25,18.0,10.0,73.0,5.0,29.97,1.8,18 | 64.4,10 | 50.0,73,5 | 3.11,29.97 | 1015,1.8 | 0.07
2015-08-26,19.0,10.0,70.0,5.0,29.97,4.0,19 | 66.2,10 | 50.0,70,5 | 3.11,29.97 | 1015,4.0 | 0.16
2015-08-27,19.0,9.0,63.0,7.0,29.94,1.2,19 | 66.2,9 | 48.2,63,7 | 4.35,29.94 | 1014,1.2 | 0.05
2015-08-28,19.0,9.0,64.0,6.0,29.94,1.4,19 | 66.2,9 | 48.2,64,6 | 3.73,29.94 | 1014,1.4 | 0.06
2015-08-29,19.0,10.0,66.0,5.0,29.94,0.6,19 | 66.2,10 | 50.0,66,5 | 3.11,29.94 | 1014,0.6 | 0.02
2015-08-30,19.0,11.0,72.0,7.0,29.97,15.1,19 | 66.2,11 | 51.8,72,7 | 4.35,29.97 | 1015,15.1 | 0.59
2015-08-31,19.0,13.0,74.0,5.0,29.97,16.2,19 | 66.2,13 | 55.4,74,5 | 3.11,29.97 | 1015,16.2 | 0.64
2015-09-01,18.0,13.0,83.0,4.0,29.94,4.2,18 | 64.4,13 | 55.4,83,4 | 2.49,29.94 | 1014,4.2 | 0.17
2015-09-02,21.0,12.0,69.0,6.0,29.94,5.5,21 | 69.8,12 | 53.6,69,6 | 3.73,29.94 | 1014,5.5 | 0.22
2015-09-03,18.0,13.0,80.0,7.0,29.97,21.3,18 | 64.4,13 | 55.4,80,7 | 4.35,29.97 | 1015,21.3 | 0.84
2015-09-04,16.0,13.0,85.0,3.0,30.0,3.3,16 | 60.8,13 | 55.4,85,3 | 1.86,30.0 | 1016,3.3 | 0.13
2015-09-05,18.0,13.0,80.0,4.0,29.97,2.5,18 | 64.4,13 | 55.4,80,4 | 2.49,29.97 | 1015,2.5 | 0.1
2015-09-06,18.0,13.0,80.0,4.0,29.97,2.9,18 | 64.4,13 | 55.4,80,4 | 2.49,29.97 | 1015,2.9 | 0.11
2015-09-07,21.0,10.0,61.0,6.0,29.94,0.3,21 | 69.8,10 | 50.0,61,6 | 3.73,29.94 | 1014,0.3 | 0.01
2015-09-08,19.0,11.0,68.0,6.0,29.91,1.8,19 | 66.2,11 | 51.8,68,6 | 3.73,29.91 | 1013,1.8 | 0.07
2015-09-09,19.0,11.0,70.0,5.0,29.91,2.6,19 | 66.2,11 | 51.8,70,5 | 3.11,29.91 | 1013,2.6 | 0.1
2015-09-10,20.0,10.0,63.0,6.0,29.94,6.3,20 | 68.0,10 | 50.0,63,6 | 3.73,29.94 | 1014,6.3 | 0.25
2015-09-11,19.0,9.0,61.0,9.0,29.94,2.0,19 | 66.2,9 | 48.2,61,9 | 5.59,29.94 | 1014,2.0 | 0.08
2015-09-12,20.0,10.0,63.0,7.0,29.94,4.3,20 | 68.0,10 | 50.0,63,7 | 4.35,29.94 | 1014,4.3 | 0.17
2015-09-13,19.0,11.0,70.0,5.0,29.97,7.5,19 | 66.2,11 | 51.8,70,5 | 3.11,29.97 | 1015,7.5 | 0.3
2015-09-14,19.0,11.0,69.0,6.0,29.97,3.9,19 | 66.2,11 | 51.8,69,6 | 3.73,29.97 | 1015,3.9 | 0.15
2015-09-15,19.0,11.0,68.0,8.0,29.94,7.1,19 | 66.2,11 | 51.8,68,8 | 4.97,29.94 | 1014,7.1 | 0.28
2015-09-16,16.0,10.0,72.0,8.0,29.97,0.6,16 | 60.8,10 | 50.0,72,8 | 4.97,29.97 | 1015,0.6 | 0.02
2015-09-17,19.0,12.0,74.0,4.0,29.94,2.2,19 | 66.2,12 | 53.6,74,4 | 2.49,29.94 | 1014,2.2 | 0.09
2015-09-18,19.0,13.0,75.0,4.0,29.94,2.0,19 | 66.2,13 | 55.4,75,4 | 2.49,29.94 | 1014,2.0 | 0.08
2015-09-19,19.0,13.0,76.0,4.0,29.94,2.5,19 | 66.2,13 | 55.4,76,4 | 2.49,29.94 | 1014,2.5 | 0.1
2015-09-20,19.0,12.0,73.0,5.0,29.94,2.5,19 | 66.2,12 | 53.6,73,5 | 3.11,29.94 | 1014,2.5 | 0.1
2015-09-21,19.0,9.0,63.0,5.0,29.94,8.4,19 | 66.2,9 | 48.2,63,5 | 3.11,29.94 | 1014,8.4 | 0.33
2015-09-22,18.0,10.0,70.0,6.0,29.94,4.5,18 | 64.4,10 | 50.0,70,6 | 3.73,29.94 | 1014,4.5 | 0.18
2015-09-23,20.0,11.0,70.0,5.0,29.97,7.0,20 | 68.0,11 | 51.8,70,5 | 3.11,29.97 | 1015,7.0 | 0.28
2015-09-24,19.0,10.0,68.0,7.0,29.94,1.7,19 | 66.2,10 | 50.0,68,7 | 4.35,29.94 | 1014,1.7 | 0.07
2015-09-25,19.0,9.0,62.0,7.0,29.91,10.5,19 | 66.2,9 | 48.2,62,7 | 4.35,29.91 | 1013,10.5 | 0.41
2015-09-26,20.0,10.0,63.0,7.0,29.88,7.1,20 | 68.0,10 | 50.0,63,7 | 4.35,29.88 | 1012,7.1 | 0.28
2015-09-27,19.0,10.0,64.0,5.0,29.91,6.9,19 | 66.2,10 | 50.0,64,5 | 3.11,29.91 | 1013,6.9 | 0.27
2015-09-28,20.0,8.0,59.0,6.0,29.91,1.6,20 | 68.0,8 | 46.4,59,6 | 3.73,29.91 | 1013,1.6 | 0.06
2015-09-29,21.0,9.0,55.0,7.0,29.88,0.2,21 | 69.8,9 | 48.2,55,7 | 4.35,29.88 | 1012,0.2 | 0.01
2015-09-30,21.0,9.0,57.0,10.0,29.85,1.7,21 | 69.8,9 | 48.2,57,10 | 6.21,29.85 | 1011,1.7 | 0.07
2015-10-01,20.0,12.0,72.0,8.0,29.88,11.4,20 | 68.0,12 | 53.6,72,8 | 4.97,29.88 | 1012,11.4 | 0.45
2015-10-02,19.0,11.0,68.0,16.0,29.88,3.0,19 | 66.2,11 | 51.8,68,16 | 9.94,29.88 | 1012,3.0 | 0.12
2015-10-03,20.0,9.0,59.0,20.0,29.94,0.0,20 | 68.0,9 | 48.2,59,20 | 12.43,29.94 | 1014,0.0 | 0.0
2015-10-04,20.0,10.0,65.0,16.0,29.97,4.5,20 | 68.0,10 | 50.0,65,16 | 9.94,29.97 | 1015,4.5 | 0.18
2015-10-05,20.0,9.0,60.0,15.0,29.94,0.0,20 | 68.0,9 | 48.2,60,15 | 9.32,29.94 | 1014,0.0 | 0.0
2015-10-06,21.0,8.0,55.0,10.0,29.94,0.0,21 | 69.8,8 | 46.4,55,10 | 6.21,29.94 | 1014,0.0 | 0.0
2015-10-07,20.0,9.0,58.0,7.0,29.94,6.2,20 | 68.0,9 | 48.2,58,7 | 4.35,29.94 | 1014,6.2 | 0.24
2015-10-08,20.0,9.0,62.0,8.0,29.91,0.8,20 | 68.0,9 | 48.2,62,8 | 4.97,29.91 | 1013,0.8 | 0.03
2015-10-09,20.0,9.0,61.0,10.0,29.91,1.5,20 | 68.0,9 | 48.2,61,10 | 6.21,29.91 | 1013,1.5 | 0.06
2015-10-10,20.0,11.0,68.0,10.0,29.91,17.7,20 | 68.0,11 | 51.8,68,10 | 6.21,29.91 | 1013,17.7 | 0.7
2015-10-11,20.0,13.0,73.0,6.0,29.94,13.9,20 | 68.0,13 | 55.4,73,6 | 3.73,29.94 | 1014,13.9 | 0.55
2015-10-12,20.0,11.0,67.0,5.0,29.97,11.6,20 | 68.0,11 | 51.8,67,5 | 3.11,29.97 | 1015,11.6 | 0.46
2015-10-13,20.0,12.0,68.0,7.0,29.94,12.5,20 | 68.0,12 | 53.6,68,7 | 4.35,29.94 | 1014,12.5 | 0.49
2015-10-14,20.0,11.0,67.0,10.0,29.91,9.2,20 | 68.0,11 | 51.8,67,10 | 6.21,29.91 | 1013,9.2 | 0.36
2015-10-15,20.0,12.0,69.0,13.0,29.91,12.2,20 | 68.0,12 | 53.6,69,13 | 8.08,29.91 | 1013,12.2 | 0.48
2015-10-16,20.0,12.0,69.0,11.0,29.88,10.1,20 | 68.0,12 | 53.6,69,11 | 6.84,29.88 | 1012,10.1 | 0.4
2015-10-17,20.0,13.0,73.0,12.0,29.94,8.2,20 | 68.0,13 | 55.4,73,12 | 7.46,29.94 | 1014,8.2 | 0.32
2015-10-18,20.0,12.0,72.0,8.0,29.97,5.9,20 | 68.0,12 | 53.6,72,8 | 4.97,29.97 | 1015,5.9 | 0.23
2015-10-19,20.0,12.0,72.0,7.0,29.97,12.5,20 | 68.0,12 | 53.6,72,7 | 4.35,29.97 | 1015,12.5 | 0.49
2015-10-20,20.0,12.0,71.0,8.0,29.94,8.2,20 | 68.0,12 | 53.6,71,8 | 4.97,29.94 | 1014,8.2 | 0.32
2015-10-21,20.0,11.0,66.0,11.0,29.91,6.6,20 | 68.0,11 | 51.8,66,11 | 6.84,29.91 | 1013,6.6 | 0.26
2015-10-22,20.0,12.0,71.0,11.0,29.91,20.5,20 | 68.0,12 | 53.6,71,11 | 6.84,29.91 | 1013,20.5 | 0.81
2015-10-23,20.0,13.0,71.0,10.0,29.91,26.8,20 | 68.0,13 | 55.4,71,10 | 6.21,29.91 | 1013,26.8 | 1.06
2015-10-24,21.0,13.0,65.0,7.0,29.88,17.0,21 | 69.8,13 | 55.4,65,7 | 4.35,29.88 | 1012,17.0 | 0.67
2015-10-25,21.0,13.0,70.0,4.0,29.94,10.1,21 | 69.8,13 | 55.4,70,4 | 2.49,29.94 | 1014,10.1 | 0.4
2015-10-26,19.0,14.0,79.0,4.0,29.97,23.0,19 | 66.2,14 | 57.2,79,4 | 2.49,29.97 | 1015,23.0 | 0.91
2015-10-27,19.0,12.0,74.0,7.0,29.94,9.4,19 | 66.2,12 | 53.6,74,7 | 4.35,29.94 | 1014,9.4 | 0.37
2015-10-28,20.0,12.0,69.0,8.0,29.88,9.6,20 | 68.0,12 | 53.6,69,8 | 4.97,29.88 | 1012,9.6 | 0.38
2015-10-29,19.0,13.0,74.0,6.0,29.88,12.3,19 | 66.2,13 | 55.4,74,6 | 3.73,29.88 | 1012,12.3 | 0.48
2015-10-30,19.0,13.0,77.0,5.0,29.91,16.2,19 | 66.2,13 | 55.4,77,5 | 3.11,29.91 | 1013,16.2 | 0.64
2015-10-31,19.0,12.0,74.0,6.0,29.91,13.7,19 | 66.2,12 | 53.6,74,6 | 3.73,29.91 | 1013,13.7 | 0.54
2015-11-01,19.0,13.0,77.0,7.0,29.91,13.9,19 | 66.2,13 | 55.4,77,7 | 4.35,29.91 | 1013,13.9 | 0.55
2015-11-02,19.0,13.0,77.0,3.0,29.91,5.0,19 | 66.2,13 | 55.4,77,3 | 1.86,29.91 | 1013,5.0 | 0.2
2015-11-03,19.0,13.0,77.0,6.0,29.91,17.5,19 | 66.2,13 | 55.4,77,6 | 3.73,29.91 | 1013,17.5 | 0.69
2015-11-04,19.0,13.0,80.0,11.0,29.91,31.6,19 | 66.2,13 | 55.4,80,11 | 6.84,29.91 | 1013,31.6 | 1.24
2015-11-05,19.0,13.0,77.0,7.0,29.97,13.0,19 | 66.2,13 | 55.4,77,7 | 4.35,29.97 | 1015,13.0 | 0.51
2015-11-06,19.0,12.0,74.0,8.0,29.94,7.7,19 | 66.2,12 | 53.6,74,8 | 4.97,29.94 | 1014,7.7 | 0.3
2015-11-07,20.0,13.0,74.0,8.0,29.91,14.1,20 | 68.0,13 | 55.4,74,8 | 4.97,29.91 | 1013,14.1 | 0.56
2015-11-08,19.0,13.0,76.0,6.0,29.94,14.7,19 | 66.2,13 | 55.4,76,6 | 3.73,29.94 | 1014,14.7 | 0.58
2015-11-09,18.0,13.0,79.0,4.0,29.97,17.6,18 | 64.4,13 | 55.4,79,4 | 2.49,29.97 | 1015,17.6 | 0.69
2015-11-10,18.0,13.0,79.0,6.0,29.97,12.3,18 | 64.4,13 | 55.4,79,6 | 3.73,29.97 | 1015,12.3 | 0.48
2015-11-11,18.0,12.0,79.0,5.0,29.94,3.5,18 | 64.4,12 | 53.6,79,5 | 3.11,29.94 | 1014,3.5 | 0.14
2015-11-12,19.0,12.0,75.0,10.0,29.94,5.4,19 | 66.2,12 | 53.6,75,10 | 6.21,29.94 | 1014,5.4 | 0.21
2015-11-13,19.0,11.0,69.0,12.0,29.94,2.0,19 | 66.2,11 | 51.8,69,12 | 7.46,29.94 | 1014,2.0 | 0.08
2015-11-14,19.0,12.0,73.0,10.0,29.91,10.7,19 | 66.2,12 | 53.6,73,10 | 6.21,29.91 | 1013,10.7 | 0.42
2015-11-15,20.0,13.0,73.0,15.0,29.88,5.3,20 | 68.0,13 | 55.4,73,15 | 9.32,29.88 | 1012,5.3 | 0.21
2015-11-16,18.0,13.0,77.0,10.0,29.91,23.3,18 | 64.4,13 | 55.4,77,10 | 6.21,29.91 | 1013,23.3 | 0.92
2015-11-17,17.0,15.0,87.0,4.0,29.94,61.7,17 | 62.6,15 | 59.0,87,4 | 2.49,29.94 | 1014,61.7 | 2.43
2015-11-18,19.0,13.0,78.0,8.0,29.91,11.3,19 | 66.2,13 | 55.4,78,8 | 4.97,29.91 | 1013,11.3 | 0.44
2015-11-19,20.0,13.0,74.0,11.0,29.88,4.5,20 | 68.0,13 | 55.4,74,11 | 6.84,29.88 | 1012,4.5 | 0.18
2015-11-20,20.0,13.0,74.0,10.0,29.88,7.1,20 | 68.0,13 | 55.4,74,10 | 6.21,29.88 | 1012,7.1 | 0.28
2015-11-21,19.0,13.0,77.0,9.0,29.85,13.0,19 | 66.2,13 | 55.4,77,9 | 5.59,29.85 | 1011,13.0 | 0.51
2015-11-22,19.0,12.0,74.0,13.0,29.88,5.9,19 | 66.2,12 | 53.6,74,13 | 8.08,29.88 | 1012,5.9 | 0.23
2015-11-23,20.0,11.0,67.0,12.0,29.91,4.5,20 | 68.0,11 | 51.8,67,12 | 7.46,29.91 | 1013,4.5 | 0.18
2015-11-24,19.0,13.0,75.0,8.0,29.91,10.8,19 | 66.2,13 | 55.4,75,8 | 4.97,29.91 | 1013,10.8 | 0.43
2015-11-25,18.0,12.0,76.0,5.0,29.88,8.0,18 | 64.4,12 | 53.6,76,5 | 3.11,29.88 | 1012,8.0 | 0.31
2015-11-26,18.0,12.0,77.0,8.0,29.91,18.1,18 | 64.4,12 | 53.6,77,8 | 4.97,29.91 | 1013,18.1 | 0.71
2015-11-27,17.0,12.0,82.0,11.0,29.94,8.3,17 | 62.6,12 | 53.6,82,11 | 6.84,29.94 | 1014,8.3 | 0.33
2015-11-28,18.0,11.0,75.0,15.0,29.97,0.1,18 | 64.4,11 | 51.8,75,15 | 9.32,29.97 | 1015,0.1 | 0.0
2015-11-29,19.0,12.0,76.0,14.0,29.97,6.2,19 | 66.2,12 | 53.6,76,14 | 8.7,29.97 | 1015,6.2 | 0.24
2015-11-30,19.0,12.0,76.0,10.0,29.97,14.4,19 | 66.2,12 | 53.6,76,10 | 6.21,29.97 | 1015,14.4 | 0.57
2015-12-01,18.0,12.0,76.0,6.0,29.97,7.5,18 | 64.4,12 | 53.6,76,6 | 3.73,29.97 | 1015,7.5 | 0.3
2015-12-02,19.0,12.0,74.0,8.0,29.97,11.3,19 | 66.2,12 | 53.6,74,8 | 4.97,29.97 | 1015,11.3 | 0.44
2015-12-03,19.0,12.0,70.0,8.0,29.94,4.8,19 | 66.2,12 | 53.6,70,8 | 4.97,29.94 | 1014,4.8 | 0.19
2015-12-04,20.0,12.0,62.0,10.0,29.94,4.3,20 | 68.0,12 | 53.6,62,10 | 6.21,29.94 | 1014,4.3 | 0.17
2015-12-05,20.0,12.0,72.0,8.0,29.94,5.3,20 | 68.0,12 | 53.6,72,8 | 4.97,29.94 | 1014,5.3 | 0.21
2015-12-06,19.0,12.0,72.0,6.0,29.97,5.4,19 | 66.2,12 | 53.6,72,6 | 3.73,29.97 | 1015,5.4 | 0.21
2015-12-07,19.0,12.0,73.0,6.0,29.97,5.4,19 | 66.2,12 | 53.6,73,6 | 3.73,29.97 | 1015,5.4 | 0.21
2015-12-08,19.0,12.0,76.0,6.0,29.97,13.9,19 | 66.2,12 | 53.6,76,6 | 3.73,29.97 | 1015,13.9 | 0.55
2015-12-09,19.0,12.0,73.0,7.0,29.97,7.1,19 | 66.2,12 | 53.6,73,7 | 4.35,29.97 | 1015,7.1 | 0.28
2015-12-10,18.0,12.0,77.0,7.0,29.97,9.5,18 | 64.4,12 | 53.6,77,7 | 4.35,29.97 | 1015,9.5 | 0.37
2015-12-11,18.0,11.0,74.0,6.0,29.97,2.7,18 | 64.4,11 | 51.8,74,6 | 3.73,29.97 | 1015,2.7 | 0.11
2015-12-12,19.0,12.0,72.0,7.0,29.94,5.2,19 | 66.2,12 | 53.6,72,7 | 4.35,29.94 | 1014,5.2 | 0.2
2015-12-13,18.0,13.0,77.0,7.0,29.94,18.9,18 | 64.4,13 | 55.4,77,7 | 4.35,29.94 | 1014,18.9 | 0.74
2015-12-14,15.0,13.0,86.0,5.0,29.97,15.5,15 | 59.0,13 | 55.4,86,5 | 3.11,29.97 | 1015,15.5 | 0.61
2015-12-15,16.0,12.0,81.0,5.0,29.97,7.0,16 | 60.8,12 | 53.6,81,5 | 3.11,29.97 | 1015,7.0 | 0.28
2015-12-16,18.0,12.0,75.0,8.0,29.97,7.0,18 | 64.4,12 | 53.6,75,8 | 4.97,29.97 | 1015,7.0 | 0.28
2015-12-17,19.0,12.0,77.0,13.0,29.97,10.3,19 | 66.2,12 | 53.6,77,13 | 8.08,29.97 | 1015,10.3 | 0.41
2015-12-18,20.0,10.0,66.0,11.0,29.94,0.4,20 | 68.0,10 | 50.0,66,11 | 6.84,29.94 | 1014,0.4 | 0.02
2015-12-19,19.0,9.0,62.0,13.0,29.91,0.0,19 | 66.2,9 | 48.2,62,13 | 8.08,29.91 | 1013,0.0 | 0.0
2015-12-20,19.0,9.0,60.0,13.0,29.91,0.0,19 | 66.2,9 | 48.2,60,13 | 8.08,29.91 | 1013,0.0 | 0.0
2015-12-21,19.0,10.0,67.0,10.0,29.97,1.8,19 | 66.2,10 | 50.0,67,10 | 6.21,29.97 | 1015,1.8 | 0.07
2015-12-22,20.0,10.0,63.0,9.0,29.97,1.0,20 | 68.0,10 | 50.0,63,9 | 5.59,29.97 | 1015,1.0 | 0.04
2015-12-23,20.0,10.0,64.0,14.0,29.97,0.0,20 | 68.0,10 | 50.0,64,14 | 8.7,29.97 | 1015,0.0 | 0.0
2015-12-24,18.0,10.0,68.0,16.0,30.0,0.0,18 | 64.4,10 | 50.0,68,16 | 9.94,30.0 | 1016,0.0 | 0.0
2015-12-25,18.0,10.0,70.0,11.0,30.0,6.7,18 | 64.4,10 | 50.0,70,11 | 6.84,30.0 | 1016,6.7 | 0.26
2015-12-26,19.0,12.0,71.0,11.0,29.97,6.0,19 | 66.2,12 | 53.6,71,11 | 6.84,29.97 | 1015,6.0 | 0.24
2015-12-27,19.0,12.0,76.0,9.0,29.94,17.2,19 | 66.2,12 | 53.6,76,9 | 5.59,29.94 | 1014,17.2 | 0.68
2015-12-28,18.0,11.0,74.0,18.0,29.97,0.8,18 | 64.4,11 | 51.8,74,18 | 11.18,29.97 | 1015,0.8 | 0.03
2015-12-29,19.0,10.0,65.0,9.0,29.94,0.6,19 | 66.2,10 | 50.0,65,9 | 5.59,29.94 | 1014,0.6 | 0.02
2015-12-30,19.0,8.0,60.0,10.0,29.97,0.0,19 | 66.2,8 | 46.4,60,10 | 6.21,29.97 | 1015,0.0 | 0.0
2015-12-31,20.0,9.0,59.0,8.0,29.94,0.0,20 | 68.0,9 | 48.2,59,8 | 4.97,29.94 | 1014,0.0 | 0.0
2016-01-01,20.0,9.0,60.0,10.0,29.97,0.0,20 | 68.0,9 | 48.2,60,10 | 6.21,29.97 | 1015,0.0 | 0.0
2016-01-02,21.0,10.0,59.0,13.0,29.97,0.0,21 | 69.8,10 | 50.0,59,13 | 8.08,29.97 | 1015,0.0 | 0.0
2016-01-03,21.0,11.0,63.0,18.0,29.91,0.0,21 | 69.8,11 | 51.8,63,18 | 11.18,29.91 | 1013,0.0 | 0.0
2016-01-04,20.0,9.0,58.0,9.0,29.94,0.1,20 | 68.0,9 | 48.2,58,9 | 5.59,29.94 | 1014,0.1 | 0.0
2016-01-05,21.0,10.0,56.0,19.0,29.94,0.0,21 | 69.8,10 | 50.0,56,19 | 11.81,29.94 | 1014,0.0 | 0.0
2016-01-06,21.0,11.0,64.0,16.0,29.94,0.0,21 | 69.8,11 | 51.8,64,16 | 9.94,29.94 | 1014,0.0 | 0.0
2016-01-07,20.0,11.0,65.0,13.0,29.97,1.2,20 | 68.0,11 | 51.8,65,13 | 8.08,29.97 | 1015,1.2 | 0.05
2016-01-08,21.0,10.0,61.0,10.0,29.97,0.0,21 | 69.8,10 | 50.0,61,10 | 6.21,29.97 | 1015,0.0 | 0.0
2016-01-09,21.0,12.0,65.0,10.0,29.94,10.3,21 | 69.8,12 | 53.6,65,10 | 6.21,29.94 | 1014,10.3 | 0.41
2016-01-10,19.0,13.0,71.0,6.0,29.94,13.5,19 | 66.2,13 | 55.4,71,6 | 3.73,29.94 | 1014,13.5 | 0.53
2016-01-11,20.0,12.0,71.0,8.0,29.97,5.6,20 | 68.0,12 | 53.6,71,8 | 4.97,29.97 | 1015,5.6 | 0.22
2016-01-12,19.0,12.0,72.0,9.0,29.94,7.4,19 | 66.2,12 | 53.6,72,9 | 5.59,29.94 | 1014,7.4 | 0.29
2016-01-13,20.0,11.0,66.0,11.0,29.91,2.1,20 | 68.0,11 | 51.8,66,11 | 6.84,29.91 | 1013,2.1 | 0.08
2016-01-14,19.0,12.0,72.0,11.0,29.91,21.9,19 | 66.2,12 | 53.6,72,11 | 6.84,29.91 | 1013,21.9 | 0.86
2016-01-15,19.0,14.0,77.0,5.0,29.94,27.1,19 | 66.2,14 | 57.2,77,5 | 3.11,29.94 | 1014,27.1 | 1.07
2016-01-16,18.0,14.0,79.0,6.0,29.91,33.4,18 | 64.4,14 | 57.2,79,6 | 3.73,29.91 | 1013,33.4 | 1.31
2016-01-17,19.0,14.0,76.0,8.0,29.91,23.6,19 | 66.2,14 | 57.2,76,8 | 4.97,29.91 | 1013,23.6 | 0.93
2016-01-18,18.0,14.0,79.0,4.0,29.94,34.5,18 | 64.4,14 | 57.2,79,4 | 2.49,29.94 | 1014,34.5 | 1.36
2016-01-19,18.0,14.0,80.0,6.0,29.91,24.3,18 | 64.4,14 | 57.2,80,6 | 3.73,29.91 | 1013,24.3 | 0.96
2016-01-20,18.0,14.0,81.0,8.0,29.94,20.4,18 | 64.4,14 | 57.2,81,8 | 4.97,29.94 | 1014,20.4 | 0.8
2016-01-21,20.0,13.0,75.0,9.0,29.91,12.0,20 | 68.0,13 | 55.4,75,9 | 5.59,29.91 | 1013,12.0 | 0.47
2016-01-22,19.0,12.0,73.0,8.0,29.91,5.4,19 | 66.2,12 | 53.6,73,8 | 4.97,29.91 | 1013,5.4 | 0.21
2016-01-23,19.0,10.0,66.0,8.0,29.94,0.9,19 | 66.2,10 | 50.0,66,8 | 4.97,29.94 | 1014,0.9 | 0.04
2016-01-24,20.0,8.0,57.0,5.0,30.0,0.0,20 | 68.0,8 | 46.4,57,5 | 3.11,30.0 | 1016,0.0 | 0.0
2016-01-25,20.0,10.0,62.0,5.0,30.0,1.0,20 | 68.0,10 | 50.0,62,5 | 3.11,30.0 | 1016,1.0 | 0.04
2016-01-26,20.0,11.0,65.0,5.0,30.0,0.4,20 | 68.0,11 | 51.8,65,5 | 3.11,30.0 | 1016,0.4 | 0.02
2016-01-27,20.0,11.0,64.0,4.0,30.0,0.5,20 | 68.0,11 | 51.8,64,4 | 2.49,30.0 | 1016,0.5 | 0.02
2016-01-28,19.0,8.0,55.0,4.0,29.97,0.0,19 | 66.2,8 | 46.4,55,4 | 2.49,29.97 | 1015,0.0 | 0.0
2016-01-29,19.0,5.0,44.0,8.0,29.97,0.0,19 | 66.2,5 | 41.0,44,8 | 4.97,29.97 | 1015,0.0 | 0.0
2016-01-30,19.0,9.0,56.0,11.0,29.97,0.3,19 | 66.2,9 | 48.2,56,11 | 6.84,29.97 | 1015,0.3 | 0.01
2016-01-31,19.0,10.0,63.0,8.0,29.94,0.2,19 | 66.2,10 | 50.0,63,8 | 4.97,29.94 | 1014,0.2 | 0.01
2016-02-01,20.0,10.0,62.0,14.0,29.94,0.3,20 | 68.0,10 | 50.0,62,14 | 8.7,29.94 | 1014,0.3 | 0.01
2016-02-02,20.0,8.0,55.0,12.0,29.94,0.8,20 | 68.0,8 | 46.4,55,12 | 7.46,29.94 | 1014,0.8 | 0.03
2016-02-03,20.0,5.0,47.0,10.0,29.97,0.0,20 | 68.0,5 | 41.0,47,10 | 6.21,29.97 | 1015,0.0 | 0.0
2016-02-04,21.0,6.0,47.0,11.0,29.94,0.0,21 | 69.8,6 | 42.8,47,11 | 6.84,29.94 | 1014,0.0 | 0.0
2016-02-05,21.0,6.0,45.0,15.0,29.94,0.0,21 | 69.8,6 | 42.8,45,15 | 9.32,29.94 | 1014,0.0 | 0.0
2016-02-06,22.0,7.0,46.0,11.0,29.94,0.0,22 | 71.6,7 | 44.6,46,11 | 6.84,29.94 | 1014,0.0 | 0.0
2016-02-07,21.0,8.0,48.0,8.0,29.94,0.2,21 | 69.8,8 | 46.4,48,8 | 4.97,29.94 | 1014,0.2 | 0.01
2016-02-08,21.0,12.0,62.0,7.0,29.94,4.2,21 | 69.8,12 | 53.6,62,7 | 4.35,29.94 | 1014,4.2 | 0.17
2016-02-09,22.0,10.0,57.0,5.0,29.94,0.6,22 | 71.6,10 | 50.0,57,5 | 3.11,29.94 | 1014,0.6 | 0.02
2016-02-10,21.0,12.0,65.0,8.0,29.91,1.3,21 | 69.8,12 | 53.6,65,8 | 4.97,29.91 | 1013,1.3 | 0.05
2016-02-11,21.0,12.0,65.0,7.0,29.94,4.1,21 | 69.8,12 | 53.6,65,7 | 4.35,29.94 | 1014,4.1 | 0.16
2016-02-12,21.0,10.0,59.0,8.0,29.91,2.6,21 | 69.8,10 | 50.0,59,8 | 4.97,29.91 | 1013,2.6 | 0.1
2016-02-13,21.0,9.0,52.0,13.0,29.91,0.0,21 | 69.8,9 | 48.2,52,13 | 8.08,29.91 | 1013,0.0 | 0.0
2016-02-14,21.0,7.0,48.0,11.0,29.91,0.5,21 | 69.8,7 | 44.6,48,11 | 6.84,29.91 | 1013,0.5 | 0.02
2016-02-15,21.0,7.0,50.0,13.0,29.94,0.0,21 | 69.8,7 | 44.6,50,13 | 8.08,29.94 | 1014,0.0 | 0.0
2016-02-16,21.0,4.0,43.0,15.0,29.94,0.0,21 | 69.8,4 | 39.2,43,15 | 9.32,29.94 | 1014,0.0 | 0.0
2016-02-17,22.0,6.0,43.0,8.0,29.94,0.0,22 | 71.6,6 | 42.8,43,8 | 4.97,29.94 | 1014,0.0 | 0.0
2016-02-18,22.0,9.0,47.0,7.0,29.88,1.3,22 | 71.6,9 | 48.2,47,7 | 4.35,29.88 | 1012,1.3 | 0.05
2016-02-19,22.0,8.0,49.0,15.0,29.88,0.1,22 | 71.6,8 | 46.4,49,15 | 9.32,29.88 | 1012,0.1 | 0.0
2016-02-20,21.0,7.0,49.0,16.0,29.91,0.0,21 | 69.8,7 | 44.6,49,16 | 9.94,29.91 | 1013,0.0 | 0.0
2016-02-21,21.0,7.0,47.0,12.0,29.91,0.0,21 | 69.8,7 | 44.6,47,12 | 7.46,29.91 | 1013,0.0 | 0.0
2016-02-22,22.0,5.0,43.0,10.0,29.91,0.0,22 | 71.6,5 | 41.0,43,10 | 6.21,29.91 | 1013,0.0 | 0.0
2016-02-23,22.0,3.0,35.0,15.0,29.91,0.0,22 | 71.6,3 | 37.4,35,15 | 9.32,29.91 | 1013,0.0 | 0.0
2016-02-24,22.0,7.0,44.0,14.0,29.88,0.0,22 | 71.6,7 | 44.6,44,14 | 8.7,29.88 | 1012,0.0 | 0.0
2016-02-25,22.0,8.0,52.0,12.0,29.91,0.0,22 | 71.6,8 | 46.4,52,12 | 7.46,29.91 | 1013,0.0 | 0.0
2016-02-26,22.0,10.0,54.0,13.0,29.88,1.7,22 | 71.6,10 | 50.0,54,13 | 8.08,29.88 | 1012,1.7 | 0.07
2016-02-27,21.0,11.0,59.0,16.0,29.91,0.8,21 | 69.8,11 | 51.8,59,16 | 9.94,29.91 | 1013,0.8 | 0.03
2016-02-28,22.0,11.0,60.0,23.0,29.94,0.2,22 | 71.6,11 | 51.8,60,23 | 14.29,29.94 | 1014,0.2 | 0.01
2016-02-29,22.0,12.0,60.0,23.0,29.94,0.0,22 | 71.6,12 | 53.6,60,23 | 14.29,29.94 | 1014,0.0 | 0.0
2016-03-01,22.0,12.0,60.0,16.0,29.91,7.2,22 | 71.6,12 | 53.6,60,16 | 9.94,29.91 | 1013,7.2 | 0.28
2016-03-02,22.0,13.0,65.0,13.0,29.88,18.1,22 | 71.6,13 | 55.4,65,13 | 8.08,29.88 | 1012,18.1 | 0.71
2016-03-03,22.0,13.0,66.0,14.0,29.88,10.5,22 | 71.6,13 | 55.4,66,14 | 8.7,29.88 | 1012,10.5 | 0.41
2016-03-04,23.0,11.0,57.0,21.0,29.91,0.3,23 | 73.4,11 | 51.8,57,21 | 13.05,29.91 | 1013,0.3 | 0.01
2016-03-05,22.0,9.0,54.0,16.0,29.91,0.0,22 | 71.6,9 | 48.2,54,16 | 9.94,29.91 | 1013,0.0 | 0.0
2016-03-06,23.0,11.0,55.0,8.0,29.88,2.4,23 | 73.4,11 | 51.8,55,8 | 4.97,29.88 | 1012,2.4 | 0.09
2016-03-07,22.0,12.0,57.0,8.0,29.85,21.3,22 | 71.6,12 | 53.6,57,8 | 4.97,29.85 | 1011,21.3 | 0.84
2016-03-08,21.0,14.0,67.0,6.0,29.88,22.6,21 | 69.8,14 | 57.2,67,6 | 3.73,29.88 | 1012,22.6 | 0.89
2016-03-09,18.0,13.0,76.0,8.0,29.94,3.5,18 | 64.4,13 | 55.4,76,8 | 4.97,29.94 | 1014,3.5 | 0.14
2016-03-10,21.0,11.0,65.0,9.0,29.91,4.9,21 | 69.8,11 | 51.8,65,9 | 5.59,29.91 | 1013,4.9 | 0.19
2016-03-11,22.0,10.0,58.0,22.0,29.88,0.0,22 | 71.6,10 | 50.0,58,22 | 13.67,29.88 | 1012,0.0 | 0.0
2016-03-12,22.0,10.0,55.0,24.0,29.91,0.0,22 | 71.6,10 | 50.0,55,24 | 14.91,29.91 | 1013,0.0 | 0.0
2016-03-13,22.0,7.0,46.0,23.0,29.91,0.0,22 | 71.6,7 | 44.6,46,23 | 14.29,29.91 | 1013,0.0 | 0.0
2016-03-14,23.0,5.0,38.0,18.0,29.91,0.0,23 | 73.4,5 | 41.0,38,18 | 11.18,29.91 | 1013,0.0 | 0.0
2016-03-15,23.0,4.0,38.0,15.0,29.94,0.0,23 | 73.4,4 | 39.2,38,15 | 9.32,29.94 | 1014,0.0 | 0.0
2016-03-16,23.0,3.0,35.0,12.0,29.94,0.0,23 | 73.4,3 | 37.4,35,12 | 7.46,29.94 | 1014,0.0 | 0.0
2016-03-17,23.0,8.0,49.0,8.0,29.94,0.4,23 | 73.4,8 | 46.4,49,8 | 4.97,29.94 | 1014,0.4 | 0.02
2016-03-18,23.0,11.0,56.0,5.0,29.94,5.5,23 | 73.4,11 | 51.8,56,5 | 3.11,29.94 | 1014,5.5 | 0.22
2016-03-19,23.0,11.0,55.0,12.0,29.91,4.5,23 | 73.4,11 | 51.8,55,12 | 7.46,29.91 | 1013,4.5 | 0.18
2016-03-20,23.0,10.0,55.0,14.0,29.91,0.0,23 | 73.4,10 | 50.0,55,14 | 8.7,29.91 | 1013,0.0 | 0.0
2016-03-21,24.0,8.0,46.0,11.0,29.91,0.1,24 | 75.2,8 | 46.4,46,11 | 6.84,29.91 | 1013,0.1 | 0.0
2016-03-22,22.0,11.0,61.0,6.0,29.91,5.0,22 | 71.6,11 | 51.8,61,6 | 3.73,29.91 | 1013,5.0 | 0.2
2016-03-23,21.0,11.0,63.0,6.0,29.88,6.8,21 | 69.8,11 | 51.8,63,6 | 3.73,29.88 | 1012,6.8 | 0.27
2016-03-24,22.0,10.0,59.0,13.0,29.88,0.9,22 | 71.6,10 | 50.0,59,13 | 8.08,29.88 | 1012,0.9 | 0.04
2016-03-25,22.0,10.0,54.0,21.0,29.91,0.0,22 | 71.6,10 | 50.0,54,21 | 13.05,29.91 | 1013,0.0 | 0.0
2016-03-26,22.0,7.0,49.0,17.0,29.94,0.0,22 | 71.6,7 | 44.6,49,17 | 10.56,29.94 | 1014,0.0 | 0.0
2016-03-27,22.0,8.0,51.0,12.0,29.94,0.8,22 | 71.6,8 | 46.4,51,12 | 7.46,29.94 | 1014,0.8 | 0.03
2016-03-28,22.0,9.0,56.0,8.0,29.91,0.4,22 | 71.6,9 | 48.2,56,8 | 4.97,29.91 | 1013,0.4 | 0.02
2016-03-29,23.0,9.0,51.0,10.0,29.88,0.1,23 | 73.4,9 | 48.2,51,10 | 6.21,29.88 | 1012,0.1 | 0.0
2016-03-30,23.0,11.0,59.0,12.0,29.88,4.9,23 | 73.4,11 | 51.8,59,12 | 7.46,29.88 | 1012,4.9 | 0.19
2016-03-31,22.0,11.0,60.0,9.0,29.88,1.8,22 | 71.6,11 | 51.8,60,9 | 5.59,29.88 | 1012,1.8 | 0.07
2016-04-01,20.0,14.0,71.0,6.0,29.85,24.4,20 | 68.0,14 | 57.2,71,6 | 3.73,29.85 | 1011,24.4 | 0.96
2016-04-02,20.0,15.0,78.0,3.0,29.91,16.9,20 | 68.0,15 | 59.0,78,3 | 1.86,29.91 | 1013,16.9 | 0.67
2016-04-03,21.0,13.0,72.0,6.0,29.94,8.1,21 | 69.8,13 | 55.4,72,6 | 3.73,29.94 | 1014,8.1 | 0.32
2016-04-04,18.0,15.0,84.0,4.0,29.97,16.1,18 | 64.4,15 | 59.0,84,4 | 2.49,29.97 | 1015,16.1 | 0.63
2016-04-05,20.0,14.0,75.0,6.0,29.91,7.3,20 | 68.0,14 | 57.2,75,6 | 3.73,29.91 | 1013,7.3 | 0.29
2016-04-06,21.0,14.0,74.0,10.0,29.88,22.5,21 | 69.8,14 | 57.2,74,10 | 6.21,29.88 | 1012,22.5 | 0.89
2016-04-07,21.0,12.0,69.0,16.0,29.88,0.1,21 | 69.8,12 | 53.6,69,16 | 9.94,29.88 | 1012,0.1 | 0.0
2016-04-08,21.0,12.0,66.0,4.0,29.94,4.7,21 | 69.8,12 | 53.6,66,4 | 2.49,29.94 | 1014,4.7 | 0.19
2016-04-09,21.0,12.0,64.0,4.0,29.94,11.5,21 | 69.8,12 | 53.6,64,4 | 2.49,29.94 | 1014,11.5 | 0.45
2016-04-10,21.0,11.0,66.0,5.0,29.91,4.9,21 | 69.8,11 | 51.8,66,5 | 3.11,29.91 | 1013,4.9 | 0.19
2016-04-11,21.0,11.0,66.0,7.0,29.94,5.9,21 | 69.8,11 | 51.8,66,7 | 4.35,29.94 | 1014,5.9 | 0.23
2016-04-12,21.0,13.0,72.0,9.0,29.91,9.7,21 | 69.8,13 | 55.4,72,9 | 5.59,29.91 | 1013,9.7 | 0.38
2016-04-13,20.0,13.0,74.0,7.0,29.91,4.6,20 | 68.0,13 | 55.4,74,7 | 4.35,29.91 | 1013,4.6 | 0.18
2016-04-14,20.0,13.0,76.0,7.0,29.91,3.1,20 | 68.0,13 | 55.4,76,7 | 4.35,29.91 | 1013,3.1 | 0.12
2016-04-15,20.0,13.0,76.0,6.0,29.91,4.9,20 | 68.0,13 | 55.4,76,6 | 3.73,29.91 | 1013,4.9 | 0.19
2016-04-16,20.0,13.0,77.0,7.0,29.91,4.2,20 | 68.0,13 | 55.4,77,7 | 4.35,29.91 | 1013,4.2 | 0.17
2016-04-17,19.0,13.0,78.0,7.0,29.91,2.9,19 | 66.2,13 | 55.4,78,7 | 4.35,29.91 | 1013,2.9 | 0.11
2016-04-18,19.0,14.0,79.0,7.0,29.91,5.2,19 | 66.2,14 | 57.2,79,7 | 4.35,29.91 | 1013,5.2 | 0.2
2016-04-19,19.0,13.0,78.0,6.0,29.91,5.0,19 | 66.2,13 | 55.4,78,6 | 3.73,29.91 | 1013,5.0 | 0.2
2016-04-20,20.0,13.0,77.0,7.0,29.91,3.0,20 | 68.0,13 | 55.4,77,7 | 4.35,29.91 | 1013,3.0 | 0.12
2016-04-21,20.0,13.0,74.0,10.0,29.94,3.3,20 | 68.0,13 | 55.4,74,10 | 6.21,29.94 | 1014,3.3 | 0.13
2016-04-22,21.0,11.0,67.0,12.0,29.94,0.4,21 | 69.8,11 | 51.8,67,12 | 7.46,29.94 | 1014,0.4 | 0.02
2016-04-23,19.0,12.0,72.0,9.0,29.91,24.6,19 | 66.2,12 | 53.6,72,9 | 5.59,29.91 | 1013,24.6 | 0.97
2016-04-24,20.0,14.0,81.0,5.0,29.85,39.5,20 | 68.0,14 | 57.2,81,5 | 3.11,29.85 | 1011,39.5 | 1.56
2016-04-25,19.0,15.0,85.0,6.0,29.85,31.6,19 | 66.2,15 | 59.0,85,6 | 3.73,29.85 | 1011,31.6 | 1.24
2016-04-26,17.0,15.0,91.0,6.0,29.91,46.6,17 | 62.6,15 | 59.0,91,6 | 3.73,29.91 | 1013,46.6 | 1.83
2016-04-27,19.0,14.0,84.0,4.0,29.91,16.2,19 | 66.2,14 | 57.2,84,4 | 2.49,29.91 | 1013,16.2 | 0.64
2016-04-28,17.0,14.0,88.0,4.0,29.94,7.6,17 | 62.6,14 | 57.2,88,4 | 2.49,29.94 | 1014,7.6 | 0.3
2016-04-29,16.0,14.0,92.0,5.0,29.91,23.1,16 | 60.8,14 | 57.2,92,5 | 3.11,29.91 | 1013,23.1 | 0.91
2016-04-30,17.0,15.0,91.0,4.0,29.94,52.6,17 | 62.6,15 | 59.0,91,4 | 2.49,29.94 | 1014,52.6 | 2.07
2016-05-01,18.0,15.0,90.0,3.0,29.94,35.2,18 | 64.4,15 | 59.0,90,3 | 1.86,29.94 | 1014,35.2 | 1.39
2016-05-02,19.0,15.0,88.0,3.0,29.94,25.4,19 | 66.2,15 | 59.0,88,3 | 1.86,29.94 | 1014,25.4 | 1.0
2016-05-03,20.0,14.0,82.0,5.0,29.91,6.9,20 | 68.0,14 | 57.2,82,5 | 3.11,29.91 | 1013,6.9 | 0.27
2016-05-04,20.0,13.0,77.0,8.0,29.91,5.8,20 | 68.0,13 | 55.4,77,8 | 4.97,29.91 | 1013,5.8 | 0.23
2016-05-05,19.0,14.0,82.0,5.0,29.94,19.8,19 | 66.2,14 | 57.2,82,5 | 3.11,29.94 | 1014,19.8 | 0.78
2016-05-06,18.0,15.0,89.0,6.0,29.97,15.0,18 | 64.4,15 | 59.0,89,6 | 3.73,29.97 | 1015,15.0 | 0.59
2016-05-07,18.0,14.0,85.0,6.0,29.97,8.6,18 | 64.4,14 | 57.2,85,6 | 3.73,29.97 | 1015,8.6 | 0.34
2016-05-08,19.0,14.0,85.0,6.0,29.97,14.1,19 | 66.2,14 | 57.2,85,6 | 3.73,29.97 | 1015,14.1 | 0.56
2016-05-09,19.0,14.0,81.0,6.0,29.97,4.3,19 | 66.2,14 | 57.2,81,6 | 3.73,29.97 | 1015,4.3 | 0.17
2016-05-10,18.0,14.0,85.0,3.0,30.0,29.6,18 | 64.4,14 | 57.2,85,3 | 1.86,30.0 | 1016,29.6 | 1.17
2016-05-11,18.0,15.0,87.0,3.0,30.0,38.2,18 | 64.4,15 | 59.0,87,3 | 1.86,30.0 | 1016,38.2 | 1.5
2016-05-12,18.0,15.0,87.0,3.0,29.97,17.4,18 | 64.4,15 | 59.0,87,3 | 1.86,29.97 | 1015,17.4 | 0.69
2016-05-13,18.0,14.0,88.0,3.0,29.94,13.3,18 | 64.4,14 | 57.2,88,3 | 1.86,29.94 | 1014,13.3 | 0.52
2016-05-14,19.0,14.0,84.0,4.0,29.97,4.7,19 | 66.2,14 | 57.2,84,4 | 2.49,29.97 | 1015,4.7 | 0.19
2016-05-15,19.0,14.0,85.0,5.0,30.0,10.2,19 | 66.2,14 | 57.2,85,5 | 3.11,30.0 | 1016,10.2 | 0.4
2016-05-16,18.0,14.0,85.0,5.0,30.0,5.7,18 | 64.4,14 | 57.2,85,5 | 3.11,30.0 | 1016,5.7 | 0.22
2016-05-17,18.0,14.0,87.0,6.0,30.0,1.7,18 | 64.4,14 | 57.2,87,6 | 3.73,30.0 | 1016,1.7 | 0.07
2016-05-18,18.0,14.0,84.0,6.0,30.0,6.1,18 | 64.4,14 | 57.2,84,6 | 3.73,30.0 | 1016,6.1 | 0.24
2016-05-19,19.0,14.0,83.0,4.0,29.94,2.5,19 | 66.2,14 | 57.2,83,4 | 2.49,29.94 | 1014,2.5 | 0.1
2016-05-20,19.0,14.0,83.0,4.0,29.94,2.4,19 | 66.2,14 | 57.2,83,4 | 2.49,29.94 | 1014,2.4 | 0.09
2016-05-21,18.0,13.0,83.0,4.0,29.94,5.1,18 | 64.4,13 | 55.4,83,4 | 2.49,29.94 | 1014,5.1 | 0.2
2016-05-22,18.0,13.0,83.0,6.0,30.0,1.6,18 | 64.4,13 | 55.4,83,6 | 3.73,30.0 | 1016,1.6 | 0.06
2016-05-23,17.0,12.0,83.0,5.0,30.06,3.4,17 | 62.6,12 | 53.6,83,5 | 3.11,30.06 | 1018,3.4 | 0.13
2016-05-24,18.0,12.0,84.0,5.0,30.03,3.9,18 | 64.4,12 | 53.6,84,5 | 3.11,30.03 | 1017,3.9 | 0.15
2016-05-25,18.0,13.0,85.0,4.0,30.03,1.5,18 | 64.4,13 | 55.4,85,4 | 2.49,30.03 | 1017,1.5 | 0.06
2016-05-26,15.0,12.0,88.0,3.0,30.03,0.1,15 | 59.0,12 | 53.6,88,3 | 1.86,30.03 | 1017,0.1 | 0.0
2016-05-27,12.0,11.0,91.0,3.0,30.03,0.0,12 | 53.6,11 | 51.8,91,3 | 1.86,30.03 | 1017,0.0 | 0.0
2016-05-28,11.0,10.0,90.0,5.0,30.03,0.2,11 | 51.8,10 | 50.0,90,5 | 3.11,30.03 | 1017,0.2 | 0.01
2016-05-29,18.0,11.0,79.0,6.0,30.0,6.6,18 | 64.4,11 | 51.8,79,6 | 3.73,30.0 | 1016,6.6 | 0.26
2016-05-30,17.0,11.0,80.0,5.0,29.97,0.8,17 | 62.6,11 | 51.8,80,5 | 3.11,29.97 | 1015,0.8 | 0.03
2016-05-31,16.0,10.0,76.0,4.0,30.03,0.7,16 | 60.8,10 | 50.0,76,4 | 2.49,30.03 | 1017,0.7 | 0.03
2016-06-01,19.0,13.0,81.0,3.0,29.97,0.9,19 | 66.2,13 | 55.4,81,3 | 1.86,29.97 | 1015,0.9 | 0.04
2016-06-02,18.0,9.0,71.0,4.0,30.03,0.1,18 | 64.4,9 | 48.2,71,4 | 2.49,30.03 | 1017,0.1 | 0.0
2016-06-03,18.0,9.0,67.0,5.0,29.97,0.0,18 | 64.4,9 | 48.2,67,5 | 3.11,29.97 | 1015,0.0 | 0.0
2016-06-04,18.0,10.0,72.0,4.0,29.97,0.7,18 | 64.4,10 | 50.0,72,4 | 2.49,29.97 | 1015,0.7 | 0.03
2016-06-05,18.0,11.0,75.0,4.0,30.0,2.5,18 | 64.4,11 | 51.8,75,4 | 2.49,30.0 | 1016,2.5 | 0.1
2016-06-06,18.0,11.0,74.0,4.0,30.0,2.7,18 | 64.4,11 | 51.8,74,4 | 2.49,30.0 | 1016,2.7 | 0.11
2016-06-07,19.0,11.0,75.0,4.0,30.03,1.3,19 | 66.2,11 | 51.8,75,4 | 2.49,30.03 | 1017,1.3 | 0.05
2016-06-08,18.0,11.0,77.0,4.0,30.0,1.9,18 | 64.4,11 | 51.8,77,4 | 2.49,30.0 | 1016,1.9 | 0.07
2016-06-09,18.0,12.0,78.0,4.0,30.0,3.3,18 | 64.4,12 | 53.6,78,4 | 2.49,30.0 | 1016,3.3 | 0.13
2016-06-10,15.0,12.0,84.0,5.0,30.06,1.6,15 | 59.0,12 | 53.6,84,5 | 3.11,30.06 | 1018,1.6 | 0.06
2016-06-11,17.0,11.0,76.0,5.0,30.0,1.2,17 | 62.6,11 | 51.8,76,5 | 3.11,30.0 | 1016,1.2 | 0.05
2016-06-12,19.0,11.0,75.0,4.0,30.03,4.6,19 | 66.2,11 | 51.8,75,4 | 2.49,30.03 | 1017,4.6 | 0.18
2016-06-13,18.0,11.0,74.0,4.0,30.0,3.0,18 | 64.4,11 | 51.8,74,4 | 2.49,30.0 | 1016,3.0 | 0.12
2016-06-14,18.0,11.0,77.0,3.0,30.03,3.0,18 | 64.4,11 | 51.8,77,3 | 1.86,30.03 | 1017,3.0 | 0.12
2016-06-15,15.0,11.0,81.0,3.0,30.09,0.2,15 | 59.0,11 | 51.8,81,3 | 1.86,30.09 | 1019,0.2 | 0.01
2016-06-16,18.0,13.0,83.0,4.0,29.97,1.5,18 | 64.4,13 | 55.4,83,4 | 2.49,29.97 | 1015,1.5 | 0.06
2016-06-17,17.0,13.0,86.0,5.0,30.0,7.4,17 | 62.6,13 | 55.4,86,5 | 3.11,30.0 | 1016,7.4 | 0.29
2016-06-18,15.0,14.0,91.0,4.0,30.03,33.6,15 | 59.0,14 | 57.2,91,4 | 2.49,30.03 | 1017,33.6 | 1.32
2016-06-19,17.0,13.0,86.0,3.0,30.03,14.3,17 | 62.6,13 | 55.4,86,3 | 1.86,30.03 | 1017,14.3 | 0.56
2016-06-20,17.0,13.0,86.0,5.0,30.0,8.8,17 | 62.6,13 | 55.4,86,5 | 3.11,30.0 | 1016,8.8 | 0.35
2016-06-21,17.0,13.0,88.0,4.0,30.03,17.4,17 | 62.6,13 | 55.4,88,4 | 2.49,30.03 | 1017,17.4 | 0.69
2016-06-22,15.0,13.0,94.0,3.0,30.06,33.5,15 | 59.0,13 | 55.4,94,3 | 1.86,30.06 | 1018,33.5 | 1.32
2016-06-23,16.0,13.0,91.0,4.0,30.06,11.7,16 | 60.8,13 | 55.4,91,4 | 2.49,30.06 | 1018,11.7 | 0.46
2016-06-24,17.0,14.0,90.0,2.0,30.0,22.1,17 | 62.6,14 | 57.2,90,2 | 1.24,30.0 | 1016,22.1 | 0.87
2016-06-25,17.0,13.0,90.0,3.0,30.0,7.4,17 | 62.6,13 | 55.4,90,3 | 1.86,30.0 | 1016,7.4 | 0.29
2016-06-26,17.0,12.0,82.0,6.0,30.03,1.9,17 | 62.6,12 | 53.6,82,6 | 3.73,30.03 | 1017,1.9 | 0.07
2016-06-27,17.0,12.0,86.0,4.0,30.03,1.2,17 | 62.6,12 | 53.6,86,4 | 2.49,30.03 | 1017,1.2 | 0.05
2016-06-28,17.0,12.0,85.0,5.0,30.03,4.3,17 | 62.6,12 | 53.6,85,5 | 3.11,30.03 | 1017,4.3 | 0.17
2016-06-29,17.0,12.0,85.0,4.0,30.03,3.7,17 | 62.6,12 | 53.6,85,4 | 2.49,30.03 | 1017,3.7 | 0.15
2016-06-30,17.0,12.0,82.0,6.0,30.03,1.0,17 | 62.6,12 | 53.6,82,6 | 3.73,30.03 | 1017,1.0 | 0.04
2016-07-01,17.0,13.0,84.0,5.0,30.06,2.6,17 | 62.6,13 | 55.4,84,5 | 3.11,30.06 | 1018,2.6 | 0.1
2016-07-02,18.0,12.0,83.0,4.0,30.03,5.2,18 | 64.4,12 | 53.6,83,4 | 2.49,30.03 | 1017,5.2 | 0.2
2016-07-03,18.0,12.0,83.0,5.0,30.03,3.3,18 | 64.4,12 | 53.6,83,5 | 3.11,30.03 | 1017,3.3 | 0.13
2016-07-04,18.0,13.0,86.0,6.0,30.03,7.2,18 | 64.4,13 | 55.4,86,6 | 3.73,30.03 | 1017,7.2 | 0.28
2016-07-05,17.0,13.0,86.0,4.0,30.0,3.3,17 | 62.6,13 | 55.4,86,4 | 2.49,30.0 | 1016,3.3 | 0.13
2016-07-06,17.0,12.0,81.0,5.0,30.0,2.0,17 | 62.6,12 | 53.6,81,5 | 3.11,30.0 | 1016,2.0 | 0.08
2016-07-07,18.0,13.0,83.0,5.0,30.0,5.5,18 | 64.4,13 | 55.4,83,5 | 3.11,30.0 | 1016,5.5 | 0.22
2016-07-08,17.0,12.0,82.0,5.0,30.03,3.4,17 | 62.6,12 | 53.6,82,5 | 3.11,30.03 | 1017,3.4 | 0.13
2016-07-09,17.0,13.0,87.0,5.0,30.0,6.3,17 | 62.6,13 | 55.4,87,5 | 3.11,30.0 | 1016,6.3 | 0.25
2016-07-10,18.0,14.0,85.0,4.0,30.0,11.1,18 | 64.4,14 | 57.2,85,4 | 2.49,30.0 | 1016,11.1 | 0.44
2016-07-11,16.0,13.0,87.0,5.0,30.0,6.3,16 | 60.8,13 | 55.4,87,5 | 3.11,30.0 | 1016,6.3 | 0.25
2016-07-12,15.0,13.0,93.0,3.0,30.03,35.5,15 | 59.0,13 | 55.4,93,3 | 1.86,30.03 | 1017,35.5 | 1.4
2016-07-13,17.0,13.0,87.0,5.0,30.0,9.6,17 | 62.6,13 | 55.4,87,5 | 3.11,30.0 | 1016,9.6 | 0.38
2016-07-14,16.0,13.0,89.0,4.0,30.0,8.5,16 | 60.8,13 | 55.4,89,4 | 2.49,30.0 | 1016,8.5 | 0.33
2016-07-15,17.0,12.0,86.0,3.0,29.97,3.5,17 | 62.6,12 | 53.6,86,3 | 1.86,29.97 | 1015,3.5 | 0.14
2016-07-16,17.0,12.0,84.0,3.0,29.97,2.4,17 | 62.6,12 | 53.6,84,3 | 1.86,29.97 | 1015,2.4 | 0.09
2016-07-17,18.0,12.0,83.0,3.0,30.0,3.4,18 | 64.4,12 | 53.6,83,3 | 1.86,30.0 | 1016,3.4 | 0.13
2016-07-18,18.0,13.0,83.0,5.0,30.0,1.7,18 | 64.4,13 | 55.4,83,5 | 3.11,30.0 | 1016,1.7 | 0.07
2016-07-19,18.0,13.0,84.0,4.0,30.0,1.7,18 | 64.4,13 | 55.4,84,4 | 2.49,30.0 | 1016,1.7 | 0.07
2016-07-20,17.0,14.0,86.0,4.0,30.0,2.0,17 | 62.6,14 | 57.2,86,4 | 2.49,30.0 | 1016,2.0 | 0.08
2016-07-21,17.0,14.0,87.0,3.0,30.0,2.7,17 | 62.6,14 | 57.2,87,3 | 1.86,30.0 | 1016,2.7 | 0.11
2016-07-22,17.0,14.0,88.0,4.0,30.0,2.7,17 | 62.6,14 | 57.2,88,4 | 2.49,30.0 | 1016,2.7 | 0.11
2016-07-23,18.0,14.0,87.0,4.0,29.97,3.5,18 | 64.4,14 | 57.2,87,4 | 2.49,29.97 | 1015,3.5 | 0.14
2016-07-24,17.0,14.0,88.0,4.0,29.97,3.6,17 | 62.6,14 | 57.2,88,4 | 2.49,29.97 | 1015,3.6 | 0.14
2016-07-25,17.0,14.0,89.0,4.0,30.0,2.9,17 | 62.6,14 | 57.2,89,4 | 2.49,30.0 | 1016,2.9 | 0.11
2016-07-26,17.0,14.0,87.0,3.0,30.0,4.7,17 | 62.6,14 | 57.2,87,3 | 1.86,30.0 | 1016,4.7 | 0.19
2016-07-27,18.0,13.0,85.0,4.0,30.0,3.9,18 | 64.4,13 | 55.4,85,4 | 2.49,30.0 | 1016,3.9 | 0.15
2016-07-28,17.0,12.0,85.0,6.0,29.97,4.8,17 | 62.6,12 | 53.6,85,6 | 3.73,29.97 | 1015,4.8 | 0.19
2016-07-29,17.0,13.0,85.0,6.0,29.97,5.0,17 | 62.6,13 | 55.4,85,6 | 3.73,29.97 | 1015,5.0 | 0.2
2016-07-30,17.0,12.0,85.0,6.0,29.97,2.0,17 | 62.6,12 | 53.6,85,6 | 3.73,29.97 | 1015,2.0 | 0.08
2016-07-31,18.0,12.0,80.0,5.0,29.97,1.2,18 | 64.4,12 | 53.6,80,5 | 3.11,29.97 | 1015,1.2 | 0.05
2016-08-01,18.0,12.0,81.0,5.0,29.97,3.7,18 | 64.4,12 | 53.6,81,5 | 3.11,29.97 | 1015,3.7 | 0.15
2016-08-02,18.0,12.0,81.0,7.0,29.97,1.9,18 | 64.4,12 | 53.6,81,7 | 4.35,29.97 | 1015,1.9 | 0.07
2016-08-03,19.0,12.0,76.0,6.0,29.94,1.0,19 | 66.2,12 | 53.6,76,6 | 3.73,29.94 | 1014,1.0 | 0.04
2016-08-04,17.0,12.0,82.0,6.0,29.94,3.8,17 | 62.6,12 | 53.6,82,6 | 3.73,29.94 | 1014,3.8 | 0.15
2016-08-05,18.0,13.0,83.0,4.0,29.97,5.6,18 | 64.4,13 | 55.4,83,4 | 2.49,29.97 | 1015,5.6 | 0.22
2016-08-06,16.0,14.0,91.0,6.0,30.0,28.0,16 | 60.8,14 | 57.2,91,6 | 3.73,30.0 | 1016,28.0 | 1.1
2016-08-07,17.0,14.0,90.0,3.0,30.0,45.6,17 | 62.6,14 | 57.2,90,3 | 1.86,30.0 | 1016,45.6 | 1.8
2016-08-08,16.0,14.0,90.0,3.0,30.03,25.2,16 | 60.8,14 | 57.2,90,3 | 1.86,30.03 | 1017,25.2 | 0.99
2016-08-09,16.0,13.0,88.0,4.0,30.03,9.4,16 | 60.8,13 | 55.4,88,4 | 2.49,30.03 | 1017,9.4 | 0.37
2016-08-10,16.0,13.0,89.0,3.0,30.03,17.5,16 | 60.8,13 | 55.4,89,3 | 1.86,30.03 | 1017,17.5 | 0.69
2016-08-11,17.0,12.0,83.0,3.0,30.03,5.9,17 | 62.6,12 | 53.6,83,3 | 1.86,30.03 | 1017,5.9 | 0.23
2016-08-12,17.0,12.0,82.0,4.0,29.97,4.9,17 | 62.6,12 | 53.6,82,4 | 2.49,29.97 | 1015,4.9 | 0.19
2016-08-13,17.0,12.0,82.0,8.0,29.97,2.0,17 | 62.6,12 | 53.6,82,8 | 4.97,29.97 | 1015,2.0 | 0.08
2016-08-14,18.0,12.0,79.0,8.0,29.97,2.9,18 | 64.4,12 | 53.6,79,8 | 4.97,29.97 | 1015,2.9 | 0.11
2016-08-15,18.0,12.0,81.0,6.0,30.0,4.9,18 | 64.4,12 | 53.6,81,6 | 3.73,30.0 | 1016,4.9 | 0.19
2016-08-16,18.0,12.0,78.0,6.0,30.0,2.4,18 | 64.4,12 | 53.6,78,6 | 3.73,30.0 | 1016,2.4 | 0.09
2016-08-17,18.0,10.0,73.0,6.0,29.97,3.3,18 | 64.4,10 | 50.0,73,6 | 3.73,29.97 | 1015,3.3 | 0.13
2016-08-18,18.0,10.0,75.0,3.0,29.97,1.2,18 | 64.4,10 | 50.0,75,3 | 1.86,29.97 | 1015,1.2 | 0.05
2016-08-19,17.0,11.0,80.0,4.0,29.97,1.6,17 | 62.6,11 | 51.8,80,4 | 2.49,29.97 | 1015,1.6 | 0.06
2016-08-20,18.0,12.0,79.0,6.0,29.97,6.8,18 | 64.4,12 | 53.6,79,6 | 3.73,29.97 | 1015,6.8 | 0.27
2016-08-21,18.0,12.0,77.0,5.0,29.97,5.7,18 | 64.4,12 | 53.6,77,5 | 3.11,29.97 | 1015,5.7 | 0.22
2016-08-22,19.0,13.0,79.0,4.0,29.97,2.7,19 | 66.2,13 | 55.4,79,4 | 2.49,29.97 | 1015,2.7 | 0.11
2016-08-23,18.0,12.0,79.0,4.0,29.97,9.8,18 | 64.4,12 | 53.6,79,4 | 2.49,29.97 | 1015,9.8 | 0.39
2016-08-24,18.0,13.0,79.0,6.0,29.94,14.9,18 | 64.4,13 | 55.4,79,6 | 3.73,29.94 | 1014,14.9 | 0.59
2016-08-25,17.0,11.0,77.0,3.0,29.97,5.5,17 | 62.6,11 | 51.8,77,3 | 1.86,29.97 | 1015,5.5 | 0.22
2016-08-26,18.0,11.0,75.0,3.0,29.97,3.5,18 | 64.4,11 | 51.8,75,3 | 1.86,29.97 | 1015,3.5 | 0.14
2016-08-27,17.0,9.0,72.0,7.0,30.0,0.2,17 | 62.6,9 | 48.2,72,7 | 4.35,30.0 | 1016,0.2 | 0.01
2016-08-28,17.0,9.0,70.0,5.0,30.0,1.1,17 | 62.6,9 | 48.2,70,5 | 3.11,30.0 | 1016,1.1 | 0.04
2016-08-29,18.0,10.0,75.0,4.0,30.0,3.1,18 | 64.4,10 | 50.0,75,4 | 2.49,30.0 | 1016,3.1 | 0.12
2016-08-30,16.0,10.0,76.0,5.0,29.97,1.5,16 | 60.8,10 | 50.0,76,5 | 3.11,29.97 | 1015,1.5 | 0.06
2016-08-31,19.0,12.0,64.0,5.0,29.97,0.1,19 | 66.2,12 | 53.6,64,5 | 3.11,29.97 | 1015,0.1 | 0.0
2016-09-01,18.0,11.0,74.0,5.0,29.97,6.1,18 | 64.4,11 | 51.8,74,5 | 3.11,29.97 | 1015,6.1 | 0.24
2016-09-02,18.0,12.0,78.0,3.0,29.97,11.3,18 | 64.4,12 | 53.6,78,3 | 1.86,29.97 | 1015,11.3 | 0.44
2016-09-03,18.0,12.0,79.0,3.0,29.97,8.4,18 | 64.4,12 | 53.6,79,3 | 1.86,29.97 | 1015,8.4 | 0.33
2016-09-04,18.0,11.0,79.0,4.0,29.97,3.8,18 | 64.4,11 | 51.8,79,4 | 2.49,29.97 | 1015,3.8 | 0.15
2016-09-05,18.0,10.0,72.0,8.0,30.0,0.5,18 | 64.4,10 | 50.0,72,8 | 4.97,30.0 | 1016,0.5 | 0.02
2016-09-06,18.0,10.0,73.0,8.0,30.0,3.7,18 | 64.4,10 | 50.0,73,8 | 4.97,30.0 | 1016,3.7 | 0.15
2016-09-07,19.0,10.0,71.0,5.0,29.97,4.6,19 | 66.2,10 | 50.0,71,5 | 3.11,29.97 | 1015,4.6 | 0.18
2016-09-08,18.0,11.0,73.0,4.0,29.97,2.7,18 | 64.4,11 | 51.8,73,4 | 2.49,29.97 | 1015,2.7 | 0.11
2016-09-09,18.0,11.0,73.0,6.0,29.97,4.7,18 | 64.4,11 | 51.8,73,6 | 3.73,29.97 | 1015,4.7 | 0.19
2016-09-10,19.0,10.0,69.0,7.0,30.0,3.8,19 | 66.2,10 | 50.0,69,7 | 4.35,30.0 | 1016,3.8 | 0.15
2016-09-11,19.0,10.0,69.0,7.0,29.97,3.4,19 | 66.2,10 | 50.0,69,7 | 4.35,29.97 | 1015,3.4 | 0.13
2016-09-12,18.0,11.0,73.0,7.0,29.97,6.7,18 | 64.4,11 | 51.8,73,7 | 4.35,29.97 | 1015,6.7 | 0.26
2016-09-13,19.0,11.0,71.0,5.0,29.94,1.3,19 | 66.2,11 | 51.8,71,5 | 3.11,29.94 | 1014,1.3 | 0.05
2016-09-14,19.0,11.0,74.0,4.0,29.94,14.4,19 | 66.2,11 | 51.8,74,4 | 2.49,29.94 | 1014,14.4 | 0.57
2016-09-15,19.0,12.0,78.0,7.0,29.91,8.4,19 | 66.2,12 | 53.6,78,7 | 4.35,29.91 | 1013,8.4 | 0.33
2016-09-16,19.0,12.0,75.0,5.0,29.94,5.8,19 | 66.2,12 | 53.6,75,5 | 3.11,29.94 | 1014,5.8 | 0.23
2016-09-17,19.0,11.0,71.0,5.0,29.97,3.8,19 | 66.2,11 | 51.8,71,5 | 3.11,29.97 | 1015,3.8 | 0.15
2016-09-18,18.0,11.0,73.0,5.0,29.97,10.3,18 | 64.4,11 | 51.8,73,5 | 3.11,29.97 | 1015,10.3 | 0.41
2016-09-19,18.0,12.0,78.0,5.0,29.94,10.0,18 | 64.4,12 | 53.6,78,5 | 3.11,29.94 | 1014,10.0 | 0.39
2016-09-20,18.0,12.0,79.0,5.0,29.94,17.2,18 | 64.4,12 | 53.6,79,5 | 3.11,29.94 | 1014,17.2 | 0.68
2016-09-21,18.0,13.0,80.0,7.0,29.94,23.1,18 | 64.4,13 | 55.4,80,7 | 4.35,29.94 | 1014,23.1 | 0.91
2016-09-22,18.0,10.0,70.0,8.0,29.97,1.4,18 | 64.4,10 | 50.0,70,8 | 4.97,29.97 | 1015,1.4 | 0.06
2016-09-23,19.0,9.0,63.0,8.0,29.94,0.1,19 | 66.2,9 | 48.2,63,8 | 4.97,29.94 | 1014,0.1 | 0.0
2016-09-24,18.0,11.0,75.0,4.0,29.94,11.6,18 | 64.4,11 | 51.8,75,4 | 2.49,29.94 | 1014,11.6 | 0.46
2016-09-25,19.0,12.0,78.0,4.0,29.91,14.2,19 | 66.2,12 | 53.6,78,4 | 2.49,29.91 | 1013,14.2 | 0.56
2016-09-26,18.0,14.0,83.0,4.0,29.91,14.5,18 | 64.4,14 | 57.2,83,4 | 2.49,29.91 | 1013,14.5 | 0.57
2016-09-27,18.0,14.0,83.0,3.0,29.94,21.2,18 | 64.4,14 | 57.2,83,3 | 1.86,29.94 | 1014,21.2 | 0.83
2016-09-28,18.0,11.0,75.0,8.0,29.97,6.0,18 | 64.4,11 | 51.8,75,8 | 4.97,29.97 | 1015,6.0 | 0.24
2016-09-29,19.0,12.0,76.0,5.0,29.97,9.8,19 | 66.2,12 | 53.6,76,5 | 3.11,29.97 | 1015,9.8 | 0.39
2016-09-30,19.0,12.0,78.0,5.0,29.91,13.3,19 | 66.2,12 | 53.6,78,5 | 3.11,29.91 | 1013,13.3 | 0.52
2016-10-01,19.0,13.0,79.0,4.0,29.85,19.1,19 | 66.2,13 | 55.4,79,4 | 2.49,29.85 | 1011,19.1 | 0.75
2016-10-02,19.0,13.0,78.0,4.0,29.88,28.5,19 | 66.2,13 | 55.4,78,4 | 2.49,29.88 | 1012,28.5 | 1.12
2016-10-03,18.0,13.0,80.0,3.0,29.94,15.1,18 | 64.4,13 | 55.4,80,3 | 1.86,29.94 | 1014,15.1 | 0.59
2016-10-04,18.0,13.0,79.0,8.0,29.94,17.5,18 | 64.4,13 | 55.4,79,8 | 4.97,29.94 | 1014,17.5 | 0.69
2016-10-05,19.0,12.0,77.0,6.0,29.91,6.4,19 | 66.2,12 | 53.6,77,6 | 3.73,29.91 | 1013,6.4 | 0.25
2016-10-06,19.0,12.0,72.0,10.0,29.88,3.6,19 | 66.2,12 | 53.6,72,10 | 6.21,29.88 | 1012,3.6 | 0.14
2016-10-07,19.0,11.0,71.0,10.0,29.88,2.2,19 | 66.2,11 | 51.8,71,10 | 6.21,29.88 | 1012,2.2 | 0.09
2016-10-08,19.0,10.0,68.0,11.0,29.91,0.2,19 | 66.2,10 | 50.0,68,11 | 6.84,29.91 | 1013,0.2 | 0.01
2016-10-09,19.0,11.0,70.0,14.0,29.94,1.5,19 | 66.2,11 | 51.8,70,14 | 8.7,29.94 | 1014,1.5 | 0.06
2016-10-10,19.0,10.0,71.0,10.0,29.94,3.8,19 | 66.2,10 | 50.0,71,10 | 6.21,29.94 | 1014,3.8 | 0.15
2016-10-11,19.0,10.0,69.0,7.0,29.94,2.1,19 | 66.2,10 | 50.0,69,7 | 4.35,29.94 | 1014,2.1 | 0.08
2016-10-12,19.0,8.0,63.0,9.0,29.94,0.1,19 | 66.2,8 | 46.4,63,9 | 5.59,29.94 | 1014,0.1 | 0.0
2016-10-13,19.0,10.0,67.0,7.0,29.94,2.0,19 | 66.2,10 | 50.0,67,7 | 4.35,29.94 | 1014,2.0 | 0.08
2016-10-14,19.0,8.0,58.0,8.0,29.94,0.9,19 | 66.2,8 | 46.4,58,8 | 4.97,29.94 | 1014,0.9 | 0.04
2016-10-15,19.0,10.0,65.0,9.0,29.91,3.7,19 | 66.2,10 | 50.0,65,9 | 5.59,29.91 | 1013,3.7 | 0.15
2016-10-16,19.0,8.0,59.0,10.0,29.91,1.3,19 | 66.2,8 | 46.4,59,10 | 6.21,29.91 | 1013,1.3 | 0.05
2016-10-17,20.0,10.0,64.0,11.0,29.91,5.0,20 | 68.0,10 | 50.0,64,11 | 6.84,29.91 | 1013,5.0 | 0.2
2016-10-18,19.0,10.0,67.0,10.0,29.91,5.1,19 | 66.2,10 | 50.0,67,10 | 6.21,29.91 | 1013,5.1 | 0.2
2016-10-19,20.0,9.0,62.0,7.0,29.91,4.5,20 | 68.0,9 | 48.2,62,7 | 4.35,29.91 | 1013,4.5 | 0.18
2016-10-20,19.0,9.0,64.0,6.0,29.91,4.8,19 | 66.2,9 | 48.2,64,6 | 3.73,29.91 | 1013,4.8 | 0.19
2016-10-21,18.0,11.0,76.0,5.0,29.94,10.0,18 | 64.4,11 | 51.8,76,5 | 3.11,29.94 | 1014,10.0 | 0.39
2016-10-22,18.0,13.0,78.0,6.0,29.97,26.4,18 | 64.4,13 | 55.4,78,6 | 3.73,29.97 | 1015,26.4 | 1.04
2016-10-23,18.0,13.0,80.0,5.0,29.94,31.9,18 | 64.4,13 | 55.4,80,5 | 3.11,29.94 | 1014,31.9 | 1.26
2016-10-24,18.0,12.0,76.0,5.0,29.91,28.8,18 | 64.4,12 | 53.6,76,5 | 3.11,29.91 | 1013,28.8 | 1.13
2016-10-25,17.0,12.0,80.0,7.0,29.88,15.9,17 | 62.6,12 | 53.6,80,7 | 4.35,29.88 | 1012,15.9 | 0.63
2016-10-26,19.0,12.0,74.0,11.0,29.85,7.6,19 | 66.2,12 | 53.6,74,11 | 6.84,29.85 | 1011,7.6 | 0.3
2016-10-27,19.0,12.0,71.0,11.0,29.88,4.2,19 | 66.2,12 | 53.6,71,11 | 6.84,29.88 | 1012,4.2 | 0.17
2016-10-28,18.0,11.0,74.0,13.0,29.94,2.4,18 | 64.4,11 | 51.8,74,13 | 8.08,29.94 | 1014,2.4 | 0.09
2016-10-29,18.0,10.0,71.0,14.0,29.94,0.2,18 | 64.4,10 | 50.0,71,14 | 8.7,29.94 | 1014,0.2 | 0.01
2016-10-30,19.0,10.0,65.0,11.0,29.91,0.5,19 | 66.2,10 | 50.0,65,11 | 6.84,29.91 | 1013,0.5 | 0.02
2016-10-31,18.0,10.0,66.0,13.0,29.94,0.1,18 | 64.4,10 | 50.0,66,13 | 8.08,29.94 | 1014,0.1 | 0.0
2016-11-01,19.0,10.0,66.0,12.0,29.94,0.7,19 | 66.2,10 | 50.0,66,12 | 7.46,29.94 | 1014,0.7 | 0.03
2016-11-02,19.0,11.0,71.0,10.0,29.94,12.7,19 | 66.2,11 | 51.8,71,10 | 6.21,29.94 | 1014,12.7 | 0.5
2016-11-03,19.0,11.0,73.0,12.0,29.97,7.5,19 | 66.2,11 | 51.8,73,12 | 7.46,29.97 | 1015,7.5 | 0.3
2016-11-04,19.0,10.0,68.0,10.0,30.0,2.3,19 | 66.2,10 | 50.0,68,10 | 6.21,30.0 | 1016,2.3 | 0.09
2016-11-05,19.0,11.0,73.0,9.0,30.0,15.0,19 | 66.2,11 | 51.8,73,9 | 5.59,30.0 | 1016,15.0 | 0.59
2016-11-06,19.0,11.0,70.0,10.0,29.97,5.9,19 | 66.2,11 | 51.8,70,10 | 6.21,29.97 | 1015,5.9 | 0.23
2016-11-07,18.0,9.0,66.0,9.0,29.97,0.7,18 | 64.4,9 | 48.2,66,9 | 5.59,29.97 | 1015,0.7 | 0.03
2016-11-08,18.0,10.0,70.0,9.0,29.97,1.8,18 | 64.4,10 | 50.0,70,9 | 5.59,29.97 | 1015,1.8 | 0.07
2016-11-09,18.0,11.0,72.0,12.0,30.0,3.1,18 | 64.4,11 | 51.8,72,12 | 7.46,30.0 | 1016,3.1 | 0.12
2016-11-10,19.0,12.0,73.0,15.0,29.94,4.6,19 | 66.2,12 | 53.6,73,15 | 9.32,29.94 | 1014,4.6 | 0.18
2016-11-11,19.0,9.0,61.0,15.0,29.91,0.0,19 | 66.2,9 | 48.2,61,15 | 9.32,29.91 | 1013,0.0 | 0.0
2016-11-12,19.0,7.0,55.0,14.0,29.88,0.0,19 | 66.2,7 | 44.6,55,14 | 8.7,29.88 | 1012,0.0 | 0.0
2016-11-13,19.0,8.0,56.0,14.0,29.91,0.0,19 | 66.2,8 | 46.4,56,14 | 8.7,29.91 | 1013,0.0 | 0.0
2016-11-14,18.0,10.0,68.0,15.0,29.94,0.6,18 | 64.4,10 | 50.0,68,15 | 9.32,29.94 | 1014,0.6 | 0.02
2016-11-15,19.0,11.0,72.0,18.0,29.91,2.5,19 | 66.2,11 | 51.8,72,18 | 11.18,29.91 | 1013,2.5 | 0.1
2016-11-16,19.0,12.0,73.0,17.0,29.88,6.2,19 | 66.2,12 | 53.6,73,17 | 10.56,29.88 | 1012,6.2 | 0.24
2016-11-17,18.0,12.0,78.0,14.0,29.88,11.9,18 | 64.4,12 | 53.6,78,14 | 8.7,29.88 | 1012,11.9 | 0.47
2016-11-18,19.0,12.0,78.0,14.0,29.91,6.7,19 | 66.2,12 | 53.6,78,14 | 8.7,29.91 | 1013,6.7 | 0.26
2016-11-19,18.0,12.0,78.0,14.0,29.94,7.9,18 | 64.4,12 | 53.6,78,14 | 8.7,29.94 | 1014,7.9 | 0.31
2016-11-20,19.0,12.0,74.0,16.0,29.91,1.8,19 | 66.2,12 | 53.6,74,16 | 9.94,29.91 | 1013,1.8 | 0.07
2016-11-21,19.0,13.0,76.0,15.0,29.88,10.9,19 | 66.2,13 | 55.4,76,15 | 9.32,29.88 | 1012,10.9 | 0.43
2016-11-22,19.0,13.0,75.0,12.0,29.91,12.8,19 | 66.2,13 | 55.4,75,12 | 7.46,29.91 | 1013,12.8 | 0.5
2016-11-23,18.0,12.0,79.0,6.0,29.94,10.6,18 | 64.4,12 | 53.6,79,6 | 3.73,29.94 | 1014,10.6 | 0.42
2016-11-24,19.0,11.0,75.0,4.0,29.94,3.6,19 | 66.2,11 | 51.8,75,4 | 2.49,29.94 | 1014,3.6 | 0.14
2016-11-25,18.0,12.0,79.0,4.0,29.91,33.4,18 | 64.4,12 | 53.6,79,4 | 2.49,29.91 | 1013,33.4 | 1.31
2016-11-26,18.0,14.0,84.0,4.0,29.91,31.9,18 | 64.4,14 | 57.2,84,4 | 2.49,29.91 | 1013,31.9 | 1.26
2016-11-27,19.0,13.0,78.0,6.0,29.91,11.5,19 | 66.2,13 | 55.4,78,6 | 3.73,29.91 | 1013,11.5 | 0.45
2016-11-28,18.0,11.0,74.0,10.0,29.88,1.7,18 | 64.4,11 | 51.8,74,10 | 6.21,29.88 | 1012,1.7 | 0.07
2016-11-29,18.0,12.0,77.0,14.0,29.91,6.7,18 | 64.4,12 | 53.6,77,14 | 8.7,29.91 | 1013,6.7 | 0.26
2016-11-30,18.0,12.0,76.0,15.0,29.94,1.0,18 | 64.4,12 | 53.6,76,15 | 9.32,29.94 | 1014,1.0 | 0.04
2016-12-01,19.0,11.0,71.0,11.0,29.97,3.3,19 | 66.2,11 | 51.8,71,11 | 6.84,29.97 | 1015,3.3 | 0.13
2016-12-02,19.0,11.0,71.0,9.0,29.97,6.8,19 | 66.2,11 | 51.8,71,9 | 5.59,29.97 | 1015,6.8 | 0.27
2016-12-03,17.0,12.0,79.0,15.0,29.97,7.7,17 | 62.6,12 | 53.6,79,15 | 9.32,29.97 | 1015,7.7 | 0.3
2016-12-04,18.0,12.0,76.0,19.0,29.97,0.6,18 | 64.4,12 | 53.6,76,19 | 11.81,29.97 | 1015,0.6 | 0.02
2016-12-05,18.0,10.0,66.0,17.0,29.94,2.0,18 | 64.4,10 | 50.0,66,17 | 10.56,29.94 | 1014,2.0 | 0.08
2016-12-06,19.0,8.0,60.0,14.0,29.91,0.0,19 | 66.2,8 | 46.4,60,14 | 8.7,29.91 | 1013,0.0 | 0.0
2016-12-07,19.0,10.0,66.0,9.0,29.94,0.1,19 | 66.2,10 | 50.0,66,9 | 5.59,29.94 | 1014,0.1 | 0.0
2016-12-08,19.0,10.0,67.0,10.0,29.97,0.6,19 | 66.2,10 | 50.0,67,10 | 6.21,29.97 | 1015,0.6 | 0.02
2016-12-09,19.0,9.0,64.0,10.0,29.97,0.0,19 | 66.2,9 | 48.2,64,10 | 6.21,29.97 | 1015,0.0 | 0.0
2016-12-10,19.0,10.0,67.0,8.0,29.94,5.2,19 | 66.2,10 | 50.0,67,8 | 4.97,29.94 | 1014,5.2 | 0.2
2016-12-11,19.0,12.0,75.0,9.0,29.94,12.4,19 | 66.2,12 | 53.6,75,9 | 5.59,29.94 | 1014,12.4 | 0.49
2016-12-12,18.0,12.0,78.0,13.0,29.94,13.5,18 | 64.4,12 | 53.6,78,13 | 8.08,29.94 | 1014,13.5 | 0.53
2016-12-13,18.0,10.0,72.0,18.0,29.91,0.1,18 | 64.4,10 | 50.0,72,18 | 11.18,29.91 | 1013,0.1 | 0.0
2016-12-14,18.0,8.0,62.0,15.0,29.94,0.0,18 | 64.4,8 | 46.4,62,15 | 9.32,29.94 | 1014,0.0 | 0.0
2016-12-15,18.0,7.0,59.0,9.0,29.97,0.0,18 | 64.4,7 | 44.6,59,9 | 5.59,29.97 | 1015,0.0 | 0.0
2016-12-16,19.0,8.0,61.0,7.0,29.97,2.4,19 | 66.2,8 | 46.4,61,7 | 4.35,29.97 | 1015,2.4 | 0.09
2016-12-17,18.0,7.0,59.0,12.0,29.94,0.8,18 | 64.4,7 | 44.6,59,12 | 7.46,29.94 | 1014,0.8 | 0.03
2016-12-18,19.0,7.0,56.0,16.0,29.91,0.0,19 | 66.2,7 | 44.6,56,16 | 9.94,29.91 | 1013,0.0 | 0.0
2016-12-19,19.0,7.0,56.0,15.0,29.91,0.0,19 | 66.2,7 | 44.6,56,15 | 9.32,29.91 | 1013,0.0 | 0.0
2016-12-20,19.0,7.0,52.0,16.0,29.91,0.0,19 | 66.2,7 | 44.6,52,16 | 9.94,29.91 | 1013,0.0 | 0.0
2016-12-21,19.0,9.0,63.0,15.0,29.91,0.0,19 | 66.2,9 | 48.2,63,15 | 9.32,29.91 | 1013,0.0 | 0.0
2016-12-22,19.0,10.0,66.0,19.0,29.94,0.0,19 | 66.2,10 | 50.0,66,19 | 11.81,29.94 | 1014,0.0 | 0.0
2016-12-23,18.0,9.0,62.0,21.0,29.91,0.0,18 | 64.4,9 | 48.2,62,21 | 13.05,29.91 | 1013,0.0 | 0.0
2016-12-24,19.0,10.0,65.0,22.0,29.88,0.0,19 | 66.2,10 | 50.0,65,22 | 13.67,29.88 | 1012,0.0 | 0.0
2016-12-25,19.0,10.0,67.0,17.0,29.91,0.6,19 | 66.2,10 | 50.0,67,17 | 10.56,29.91 | 1013,0.6 | 0.02
2016-12-26,19.0,9.0,63.0,18.0,29.91,0.1,19 | 66.2,9 | 48.2,63,18 | 11.18,29.91 | 1013,0.1 | 0.0
2016-12-27,20.0,9.0,61.0,14.0,29.91,2.4,20 | 68.0,9 | 48.2,61,14 | 8.7,29.91 | 1013,2.4 | 0.09
2016-12-28,20.0,11.0,66.0,11.0,29.91,2.0,20 | 68.0,11 | 51.8,66,11 | 6.84,29.91 | 1013,2.0 | 0.08
2016-12-29,19.0,10.0,65.0,6.0,29.94,1.6,19 | 66.2,10 | 50.0,65,6 | 3.73,29.94 | 1014,1.6 | 0.06
2016-12-30,20.0,10.0,64.0,7.0,29.94,5.3,20 | 68.0,10 | 50.0,64,7 | 4.35,29.94 | 1014,5.3 | 0.21
2016-12-31,19.0,11.0,66.0,11.0,29.91,1.3,19 | 66.2,11 | 51.8,66,11 | 6.84,29.91 | 1013,1.3 | 0.05
2017-01-01,20.0,8.0,58.0,14.0,29.91,0.1,20 | 68.0,8 | 46.4,58,14 | 8.7,29.91 | 1013,0.1 | 0.0
2017-01-02,20.0,9.0,60.0,10.0,29.94,0.4,20 | 68.0,9 | 48.2,60,10 | 6.21,29.94 | 1014,0.4 | 0.02
2017-01-03,20.0,6.0,54.0,13.0,29.97,0.0,20 | 68.0,6 | 42.8,54,13 | 8.08,29.97 | 1015,0.0 | 0.0
2017-01-04,20.0,4.0,43.0,16.0,29.94,0.0,20 | 68.0,4 | 39.2,43,16 | 9.94,29.94 | 1014,0.0 | 0.0
2017-01-05,20.0,7.0,51.0,18.0,29.91,0.0,20 | 68.0,7 | 44.6,51,18 | 11.18,29.91 | 1013,0.0 | 0.0
2017-01-06,20.0,5.0,47.0,16.0,29.91,0.0,20 | 68.0,5 | 41.0,47,16 | 9.94,29.91 | 1013,0.0 | 0.0
2017-01-07,20.0,7.0,53.0,11.0,29.94,0.4,20 | 68.0,7 | 44.6,53,11 | 6.84,29.94 | 1014,0.4 | 0.02
2017-01-08,20.0,6.0,47.0,6.0,29.91,0.1,20 | 68.0,6 | 42.8,47,6 | 3.73,29.91 | 1013,0.1 | 0.0
2017-01-09,21.0,3.0,36.0,6.0,29.88,0.0,21 | 69.8,3 | 37.4,36,6 | 3.73,29.88 | 1012,0.0 | 0.0
2017-01-10,20.0,7.0,49.0,11.0,29.88,0.0,20 | 68.0,7 | 44.6,49,11 | 6.84,29.88 | 1012,0.0 | 0.0
2017-01-11,19.0,4.0,45.0,18.0,29.88,0.0,19 | 66.2,4 | 39.2,45,18 | 11.18,29.88 | 1012,0.0 | 0.0
2017-01-12,19.0,2.0,41.0,18.0,29.94,0.0,19 | 66.2,2 | 35.6,41,18 | 11.18,29.94 | 1014,0.0 | 0.0
2017-01-13,20.0,3.0,41.0,10.0,29.91,0.0,20 | 68.0,3 | 37.4,41,10 | 6.21,29.91 | 1013,0.0 | 0.0
2017-01-14,19.0,6.0,51.0,7.0,29.88,1.6,19 | 66.2,6 | 42.8,51,7 | 4.35,29.88 | 1012,1.6 | 0.06
2017-01-15,20.0,7.0,53.0,12.0,29.88,0.0,20 | 68.0,7 | 44.6,53,12 | 7.46,29.88 | 1012,0.0 | 0.0
2017-01-16,21.0,1.0,36.0,16.0,29.88,0.0,21 | 69.8,1 | 33.8,36,16 | 9.94,29.88 | 1012,0.0 | 0.0
2017-01-17,21.0,2.0,40.0,16.0,29.88,0.0,21 | 69.8,2 | 35.6,40,16 | 9.94,29.88 | 1012,0.0 | 0.0
2017-01-18,21.0,5.0,46.0,16.0,29.91,0.0,21 | 69.8,5 | 41.0,46,16 | 9.94,29.91 | 1013,0.0 | 0.0
2017-01-19,20.0,5.0,46.0,13.0,29.94,0.0,20 | 68.0,5 | 41.0,46,13 | 8.08,29.94 | 1014,0.0 | 0.0
2017-01-20,20.0,7.0,52.0,8.0,29.91,0.1,20 | 68.0,7 | 44.6,52,8 | 4.97,29.91 | 1013,0.1 | 0.0
2017-01-21,21.0,5.0,44.0,11.0,29.91,0.2,21 | 69.8,5 | 41.0,44,11 | 6.84,29.91 | 1013,0.2 | 0.01
2017-01-22,21.0,6.0,49.0,14.0,29.91,0.0,21 | 69.8,6 | 42.8,49,14 | 8.7,29.91 | 1013,0.0 | 0.0
2017-01-23,21.0,5.0,48.0,16.0,29.91,0.0,21 | 69.8,5 | 41.0,48,16 | 9.94,29.91 | 1013,0.0 | 0.0
2017-01-24,21.0,4.0,46.0,15.0,29.91,0.0,21 | 69.8,4 | 39.2,46,15 | 9.32,29.91 | 1013,0.0 | 0.0
2017-01-25,22.0,6.0,47.0,13.0,29.91,0.0,22 | 71.6,6 | 42.8,47,13 | 8.08,29.91 | 1013,0.0 | 0.0
2017-01-26,21.0,6.0,50.0,13.0,29.97,0.2,21 | 69.8,6 | 42.8,50,13 | 8.08,29.97 | 1015,0.2 | 0.01
2017-01-27,21.0,5.0,47.0,11.0,29.97,0.3,21 | 69.8,5 | 41.0,47,11 | 6.84,29.97 | 1015,0.3 | 0.01
2017-01-28,20.0,7.0,51.0,7.0,29.94,1.3,20 | 68.0,7 | 44.6,51,7 | 4.35,29.94 | 1014,1.3 | 0.05
2017-01-29,20.0,10.0,66.0,6.0,29.97,6.7,20 | 68.0,10 | 50.0,66,6 | 3.73,29.97 | 1015,6.7 | 0.26
2017-01-30,20.0,9.0,64.0,5.0,29.94,0.4,20 | 68.0,9 | 48.2,64,5 | 3.11,29.94 | 1014,0.4 | 0.02
2017-01-31,19.0,11.0,68.0,5.0,29.94,9.0,19 | 66.2,11 | 51.8,68,5 | 3.11,29.94 | 1014,9.0 | 0.35
2017-02-01,20.0,9.0,63.0,10.0,29.91,0.1,20 | 68.0,9 | 48.2,63,10 | 6.21,29.91 | 1013,0.1 | 0.0
2017-02-02,21.0,10.0,60.0,12.0,29.91,0.7,21 | 69.8,10 | 50.0,60,12 | 7.46,29.91 | 1013,0.7 | 0.03
2017-02-03,20.0,8.0,59.0,10.0,29.94,3.6,20 | 68.0,8 | 46.4,59,10 | 6.21,29.94 | 1014,3.6 | 0.14
2017-02-04,20.0,10.0,64.0,10.0,29.97,8.6,20 | 68.0,10 | 50.0,64,10 | 6.21,29.97 | 1015,8.6 | 0.34
2017-02-05,20.0,9.0,58.0,16.0,29.94,0.0,20 | 68.0,9 | 48.2,58,16 | 9.94,29.94 | 1014,0.0 | 0.0
2017-02-06,20.0,8.0,58.0,17.0,29.91,0.0,20 | 68.0,8 | 46.4,58,17 | 10.56,29.91 | 1013,0.0 | 0.0
2017-02-07,21.0,6.0,50.0,12.0,29.88,0.1,21 | 69.8,6 | 42.8,50,12 | 7.46,29.88 | 1012,0.1 | 0.0
2017-02-08,21.0,6.0,51.0,12.0,29.88,0.0,21 | 69.8,6 | 42.8,51,12 | 7.46,29.88 | 1012,0.0 | 0.0
2017-02-09,21.0,6.0,47.0,14.0,29.88,0.0,21 | 69.8,6 | 42.8,47,14 | 8.7,29.88 | 1012,0.0 | 0.0
2017-02-10,21.0,2.0,38.0,13.0,29.85,0.0,21 | 69.8,2 | 35.6,38,13 | 8.08,29.85 | 1011,0.0 | 0.0
2017-02-11,22.0,6.0,47.0,15.0,29.85,0.0,22 | 71.6,6 | 42.8,47,15 | 9.32,29.85 | 1011,0.0 | 0.0
2017-02-12,22.0,5.0,44.0,15.0,29.88,0.0,22 | 71.6,5 | 41.0,44,15 | 9.32,29.88 | 1012,0.0 | 0.0
2017-02-13,22.0,5.0,41.0,12.0,29.88,0.0,22 | 71.6,5 | 41.0,41,12 | 7.46,29.88 | 1012,0.0 | 0.0
2017-02-14,22.0,8.0,52.0,14.0,29.88,0.0,22 | 71.6,8 | 46.4,52,14 | 8.7,29.88 | 1012,0.0 | 0.0
2017-02-15,21.0,9.0,56.0,18.0,29.91,0.1,21 | 69.8,9 | 48.2,56,18 | 11.18,29.91 | 1013,0.1 | 0.0
2017-02-16,21.0,11.0,61.0,16.0,29.91,6.5,21 | 69.8,11 | 51.8,61,16 | 9.94,29.91 | 1013,6.5 | 0.26
2017-02-17,21.0,9.0,61.0,9.0,29.94,1.5,21 | 69.8,9 | 48.2,61,9 | 5.59,29.94 | 1014,1.5 | 0.06
2017-02-18,21.0,10.0,64.0,6.0,29.94,5.4,21 | 69.8,10 | 50.0,64,6 | 3.73,29.94 | 1014,5.4 | 0.21
2017-02-19,20.0,11.0,66.0,10.0,29.97,8.1,20 | 68.0,11 | 51.8,66,10 | 6.21,29.97 | 1015,8.1 | 0.32
2017-02-20,20.0,10.0,63.0,15.0,29.94,0.6,20 | 68.0,10 | 50.0,63,15 | 9.32,29.94 | 1014,0.6 | 0.02
2017-02-21,20.0,10.0,63.0,10.0,29.91,2.7,20 | 68.0,10 | 50.0,63,10 | 6.21,29.91 | 1013,2.7 | 0.11
2017-02-22,19.0,9.0,65.0,4.0,29.94,4.8,19 | 66.2,9 | 48.2,65,4 | 2.49,29.94 | 1014,4.8 | 0.19
2017-02-23,20.0,8.0,57.0,7.0,29.91,0.2,20 | 68.0,8 | 46.4,57,7 | 4.35,29.91 | 1013,0.2 | 0.01
2017-02-24,20.0,9.0,62.0,8.0,29.91,4.7,20 | 68.0,9 | 48.2,62,8 | 4.97,29.91 | 1013,4.7 | 0.19
2017-02-25,20.0,11.0,69.0,8.0,29.94,6.1,20 | 68.0,11 | 51.8,69,8 | 4.97,29.94 | 1014,6.1 | 0.24
2017-02-26,19.0,9.0,66.0,8.0,29.91,0.4,19 | 66.2,9 | 48.2,66,8 | 4.97,29.91 | 1013,0.4 | 0.02
2017-02-27,20.0,10.0,67.0,5.0,29.88,4.9,20 | 68.0,10 | 50.0,67,5 | 3.11,29.88 | 1012,4.9 | 0.19
2017-02-28,20.0,9.0,65.0,8.0,29.88,0.8,20 | 68.0,9 | 48.2,65,8 | 4.97,29.88 | 1012,0.8 | 0.03
2017-03-01,20.0,9.0,59.0,12.0,29.91,0.2,20 | 68.0,9 | 48.2,59,12 | 7.46,29.91 | 1013,0.2 | 0.01
2017-03-02,21.0,7.0,55.0,9.0,29.91,3.1,21 | 69.8,7 | 44.6,55,9 | 5.59,29.91 | 1013,3.1 | 0.12
2017-03-03,21.0,10.0,61.0,8.0,29.88,8.1,21 | 69.8,10 | 50.0,61,8 | 4.97,29.88 | 1012,8.1 | 0.32
2017-03-04,21.0,10.0,62.0,8.0,29.88,2.4,21 | 69.8,10 | 50.0,62,8 | 4.97,29.88 | 1012,2.4 | 0.09
2017-03-05,21.0,8.0,58.0,9.0,29.85,0.4,21 | 69.8,8 | 46.4,58,9 | 5.59,29.85 | 1011,0.4 | 0.02
2017-03-06,22.0,7.0,49.0,7.0,29.85,2.6,22 | 71.6,7 | 44.6,49,7 | 4.35,29.85 | 1011,2.6 | 0.1
2017-03-07,21.0,8.0,53.0,7.0,29.85,0.4,21 | 69.8,8 | 46.4,53,7 | 4.35,29.85 | 1011,0.4 | 0.02
2017-03-08,22.0,6.0,44.0,9.0,29.83,0.0,22 | 71.6,6 | 42.8,44,9 | 5.59,29.83 | 1010,0.0 | 0.0
2017-03-09,21.0,9.0,57.0,5.0,29.88,4.8,21 | 69.8,9 | 48.2,57,5 | 3.11,29.88 | 1012,4.8 | 0.19
2017-03-10,22.0,9.0,57.0,9.0,29.85,0.6,22 | 71.6,9 | 48.2,57,9 | 5.59,29.85 | 1011,0.6 | 0.02
2017-03-11,22.0,4.0,42.0,19.0,29.85,0.0,22 | 71.6,4 | 39.2,42,19 | 11.81,29.85 | 1011,0.0 | 0.0
2017-03-12,22.0,6.0,43.0,17.0,29.88,0.0,22 | 71.6,6 | 42.8,43,17 | 10.56,29.88 | 1012,0.0 | 0.0
2017-03-13,23.0,6.0,46.0,14.0,29.88,0.0,23 | 73.4,6 | 42.8,46,14 | 8.7,29.88 | 1012,0.0 | 0.0
2017-03-14,23.0,5.0,40.0,10.0,29.88,0.4,23 | 73.4,5 | 41.0,40,10 | 6.21,29.88 | 1012,0.4 | 0.02
2017-03-15,21.0,11.0,65.0,7.0,29.85,11.6,21 | 69.8,11 | 51.8,65,7 | 4.35,29.85 | 1011,11.6 | 0.46
2017-03-16,21.0,11.0,69.0,9.0,29.88,12.7,21 | 69.8,11 | 51.8,69,9 | 5.59,29.88 | 1012,12.7 | 0.5
2017-03-17,19.0,12.0,74.0,4.0,29.94,8.5,19 | 66.2,12 | 53.6,74,4 | 2.49,29.94 | 1014,8.5 | 0.33
2017-03-18,21.0,9.0,56.0,11.0,29.91,0.0,21 | 69.8,9 | 48.2,56,11 | 6.84,29.91 | 1013,0.0 | 0.0
2017-03-19,22.0,10.0,56.0,10.0,29.91,2.8,22 | 71.6,10 | 50.0,56,10 | 6.21,29.91 | 1013,2.8 | 0.11
2017-03-20,22.0,9.0,57.0,10.0,29.91,2.2,22 | 71.6,9 | 48.2,57,10 | 6.21,29.91 | 1013,2.2 | 0.09
2017-03-21,22.0,10.0,59.0,7.0,29.91,2.4,22 | 71.6,10 | 50.0,59,7 | 4.35,29.91 | 1013,2.4 | 0.09
2017-03-22,21.0,9.0,57.0,11.0,29.88,1.3,21 | 69.8,9 | 48.2,57,11 | 6.84,29.88 | 1012,1.3 | 0.05
2017-03-23,22.0,8.0,55.0,10.0,29.88,1.4,22 | 71.6,8 | 46.4,55,10 | 6.21,29.88 | 1012,1.4 | 0.06
2017-03-24,21.0,9.0,61.0,7.0,29.91,4.8,21 | 69.8,9 | 48.2,61,7 | 4.35,29.91 | 1013,4.8 | 0.19
2017-03-25,20.0,11.0,68.0,6.0,29.94,7.5,20 | 68.0,11 | 51.8,68,6 | 3.73,29.94 | 1014,7.5 | 0.3
2017-03-26,20.0,12.0,71.0,5.0,29.94,8.5,20 | 68.0,12 | 53.6,71,5 | 3.11,29.94 | 1014,8.5 | 0.33
2017-03-27,21.0,11.0,66.0,7.0,29.94,6.3,21 | 69.8,11 | 51.8,66,7 | 4.35,29.94 | 1014,6.3 | 0.25
2017-03-28,21.0,11.0,64.0,8.0,29.91,5.6,21 | 69.8,11 | 51.8,64,8 | 4.97,29.91 | 1013,5.6 | 0.22
2017-03-29,21.0,10.0,62.0,13.0,29.91,0.6,21 | 69.8,10 | 50.0,62,13 | 8.08,29.91 | 1013,0.6 | 0.02
2017-03-30,20.0,9.0,62.0,15.0,29.91,0.0,20 | 68.0,9 | 48.2,62,15 | 9.32,29.91 | 1013,0.0 | 0.0
2017-03-31,21.0,9.0,59.0,10.0,29.97,0.1,21 | 69.8,9 | 48.2,59,10 | 6.21,29.97 | 1015,0.1 | 0.0
2017-04-01,21.0,7.0,53.0,12.0,29.94,0.0,21 | 69.8,7 | 44.6,53,12 | 7.46,29.94 | 1014,0.0 | 0.0
2017-04-02,21.0,5.0,47.0,15.0,29.94,0.0,21 | 69.8,5 | 41.0,47,15 | 9.32,29.94 | 1014,0.0 | 0.0
2017-04-03,22.0,7.0,48.0,12.0,29.91,0.0,22 | 71.6,7 | 44.6,48,12 | 7.46,29.91 | 1013,0.0 | 0.0
2017-04-04,22.0,9.0,57.0,9.0,29.94,4.2,22 | 71.6,9 | 48.2,57,9 | 5.59,29.94 | 1014,4.2 | 0.17
2017-04-05,21.0,9.0,57.0,9.0,29.91,1.9,21 | 69.8,9 | 48.2,57,9 | 5.59,29.91 | 1013,1.9 | 0.07
2017-04-06,21.0,11.0,66.0,11.0,29.88,12.0,21 | 69.8,11 | 51.8,66,11 | 6.84,29.88 | 1012,12.0 | 0.47
2017-04-07,20.0,11.0,69.0,11.0,29.91,12.8,20 | 68.0,11 | 51.8,69,11 | 6.84,29.91 | 1013,12.8 | 0.5
2017-04-08,20.0,12.0,75.0,12.0,29.91,14.7,20 | 68.0,12 | 53.6,75,12 | 7.46,29.91 | 1013,14.7 | 0.58
2017-04-09,20.0,11.0,67.0,16.0,29.91,0.2,20 | 68.0,11 | 51.8,67,16 | 9.94,29.91 | 1013,0.2 | 0.01
2017-04-10,21.0,11.0,66.0,15.0,29.88,3.9,21 | 69.8,11 | 51.8,66,15 | 9.32,29.88 | 1012,3.9 | 0.15
2017-04-11,20.0,9.0,63.0,15.0,29.85,3.2,20 | 68.0,9 | 48.2,63,15 | 9.32,29.85 | 1011,3.2 | 0.13
2017-04-12,21.0,10.0,63.0,17.0,29.88,0.2,21 | 69.8,10 | 50.0,63,17 | 10.56,29.88 | 1012,0.2 | 0.01
2017-04-13,21.0,9.0,58.0,16.0,29.91,0.0,21 | 69.8,9 | 48.2,58,16 | 9.94,29.91 | 1013,0.0 | 0.0
2017-04-14,22.0,8.0,55.0,14.0,29.91,0.4,22 | 71.6,8 | 46.4,55,14 | 8.7,29.91 | 1013,0.4 | 0.02
2017-04-15,22.0,9.0,56.0,8.0,29.91,0.1,22 | 71.6,9 | 48.2,56,8 | 4.97,29.91 | 1013,0.1 | 0.0
2017-04-16,20.0,11.0,64.0,3.0,29.91,8.9,20 | 68.0,11 | 51.8,64,3 | 1.86,29.91 | 1013,8.9 | 0.35
2017-04-17,19.0,13.0,76.0,5.0,29.91,23.7,19 | 66.2,13 | 55.4,76,5 | 3.11,29.91 | 1013,23.7 | 0.93
2017-04-18,18.0,14.0,85.0,5.0,29.97,39.4,18 | 64.4,14 | 57.2,85,5 | 3.11,29.97 | 1015,39.4 | 1.55
2017-04-19,20.0,13.0,77.0,8.0,29.91,19.1,20 | 68.0,13 | 55.4,77,8 | 4.97,29.91 | 1013,19.1 | 0.75
2017-04-20,19.0,13.0,78.0,10.0,29.91,6.6,19 | 66.2,13 | 55.4,78,10 | 6.21,29.91 | 1013,6.6 | 0.26
2017-04-21,19.0,12.0,76.0,12.0,29.91,9.1,19 | 66.2,12 | 53.6,76,12 | 7.46,29.91 | 1013,9.1 | 0.36
2017-04-22,20.0,12.0,75.0,11.0,29.91,8.5,20 | 68.0,12 | 53.6,75,11 | 6.84,29.91 | 1013,8.5 | 0.33
2017-04-23,19.0,12.0,78.0,10.0,29.94,19.5,19 | 66.2,12 | 53.6,78,10 | 6.21,29.94 | 1014,19.5 | 0.77
2017-04-24,19.0,12.0,74.0,10.0,29.94,9.5,19 | 66.2,12 | 53.6,74,10 | 6.21,29.94 | 1014,9.5 | 0.37
2017-04-25,19.0,11.0,73.0,5.0,29.94,1.2,19 | 66.2,11 | 51.8,73,5 | 3.11,29.94 | 1014,1.2 | 0.05
2017-04-26,19.0,10.0,68.0,6.0,29.94,1.2,19 | 66.2,10 | 50.0,68,6 | 3.73,29.94 | 1014,1.2 | 0.05
2017-04-27,19.0,11.0,72.0,7.0,29.94,15.0,19 | 66.2,11 | 51.8,72,7 | 4.35,29.94 | 1014,15.0 | 0.59
2017-04-28,19.0,12.0,75.0,5.0,29.97,10.7,19 | 66.2,12 | 53.6,75,5 | 3.11,29.97 | 1015,10.7 | 0.42
2017-04-29,16.0,13.0,88.0,5.0,29.97,11.0,16 | 60.8,13 | 55.4,88,5 | 3.11,29.97 | 1015,11.0 | 0.43
2017-04-30,18.0,14.0,84.0,5.0,30.0,10.2,18 | 64.4,14 | 57.2,84,5 | 3.11,30.0 | 1016,10.2 | 0.4
2017-05-01,15.0,14.0,93.0,5.0,30.0,58.5,15 | 59.0,14 | 57.2,93,5 | 3.11,30.0 | 1016,58.5 | 2.3
2017-05-02,19.0,14.0,84.0,3.0,29.97,33.5,19 | 66.2,14 | 57.2,84,3 | 1.86,29.97 | 1015,33.5 | 1.32
2017-05-03,19.0,13.0,82.0,6.0,29.94,17.5,19 | 66.2,13 | 55.4,82,6 | 3.73,29.94 | 1014,17.5 | 0.69
2017-05-04,18.0,13.0,82.0,9.0,29.91,11.3,18 | 64.4,13 | 55.4,82,9 | 5.59,29.91 | 1013,11.3 | 0.44
2017-05-05,19.0,13.0,82.0,9.0,29.94,3.7,19 | 66.2,13 | 55.4,82,9 | 5.59,29.94 | 1014,3.7 | 0.15
2017-05-06,18.0,12.0,83.0,8.0,29.94,23.4,18 | 64.4,12 | 53.6,83,8 | 4.97,29.94 | 1014,23.4 | 0.92
2017-05-07,18.0,13.0,86.0,5.0,29.94,8.0,18 | 64.4,13 | 55.4,86,5 | 3.11,29.94 | 1014,8.0 | 0.31
2017-05-08,18.0,13.0,83.0,8.0,29.97,9.2,18 | 64.4,13 | 55.4,83,8 | 4.97,29.97 | 1015,9.2 | 0.36
2017-05-09,19.0,13.0,82.0,10.0,29.94,3.6,19 | 66.2,13 | 55.4,82,10 | 6.21,29.94 | 1014,3.6 | 0.14
2017-05-10,18.0,13.0,81.0,12.0,29.91,2.3,18 | 64.4,13 | 55.4,81,12 | 7.46,29.91 | 1013,2.3 | 0.09
2017-05-11,18.0,12.0,81.0,8.0,29.94,4.2,18 | 64.4,12 | 53.6,81,8 | 4.97,29.94 | 1014,4.2 | 0.17
2017-05-12,19.0,13.0,80.0,5.0,29.97,5.4,19 | 66.2,13 | 55.4,80,5 | 3.11,29.97 | 1015,5.4 | 0.21
2017-05-13,19.0,13.0,80.0,4.0,29.94,11.5,19 | 66.2,13 | 55.4,80,4 | 2.49,29.94 | 1014,11.5 | 0.45
2017-05-14,18.0,12.0,79.0,3.0,29.94,1.9,18 | 64.4,12 | 53.6,79,3 | 1.86,29.94 | 1014,1.9 | 0.07
2017-05-15,18.0,13.0,81.0,3.0,29.97,5.7,18 | 64.4,13 | 55.4,81,3 | 1.86,29.97 | 1015,5.7 | 0.22
2017-05-16,18.0,13.0,83.0,4.0,29.97,8.6,18 | 64.4,13 | 55.4,83,4 | 2.49,29.97 | 1015,8.6 | 0.34
2017-05-17,18.0,13.0,82.0,3.0,29.94,8.6,18 | 64.4,13 | 55.4,82,3 | 1.86,29.94 | 1014,8.6 | 0.34
2017-05-18,18.0,12.0,82.0,2.0,29.97,8.4,18 | 64.4,12 | 53.6,82,2 | 1.24,29.97 | 1015,8.4 | 0.33
2017-05-19,17.0,12.0,81.0,4.0,30.03,5.5,17 | 62.6,12 | 53.6,81,4 | 2.49,30.03 | 1017,5.5 | 0.22
2017-05-20,18.0,12.0,79.0,5.0,30.03,2.0,18 | 64.4,12 | 53.6,79,5 | 3.11,30.03 | 1017,2.0 | 0.08
2017-05-21,19.0,12.0,78.0,5.0,29.97,1.9,19 | 66.2,12 | 53.6,78,5 | 3.11,29.97 | 1015,1.9 | 0.07
2017-05-22,19.0,11.0,75.0,5.0,29.94,1.5,19 | 66.2,11 | 51.8,75,5 | 3.11,29.94 | 1014,1.5 | 0.06
2017-05-23,19.0,11.0,74.0,6.0,29.97,3.6,19 | 66.2,11 | 51.8,74,6 | 3.73,29.97 | 1015,3.6 | 0.14
2017-05-24,18.0,10.0,74.0,5.0,29.97,2.7,18 | 64.4,10 | 50.0,74,5 | 3.11,29.97 | 1015,2.7 | 0.11
2017-05-25,19.0,11.0,72.0,4.0,29.94,4.0,19 | 66.2,11 | 51.8,72,4 | 2.49,29.94 | 1014,4.0 | 0.16
2017-05-26,19.0,11.0,75.0,3.0,29.94,1.8,19 | 66.2,11 | 51.8,75,3 | 1.86,29.94 | 1014,1.8 | 0.07
2017-05-27,19.0,13.0,82.0,5.0,29.97,11.7,19 | 66.2,13 | 55.4,82,5 | 3.11,29.97 | 1015,11.7 | 0.46
2017-05-28,18.0,13.0,83.0,6.0,30.0,8.3,18 | 64.4,13 | 55.4,83,6 | 3.73,30.0 | 1016,8.3 | 0.33
2017-05-29,18.0,13.0,81.0,4.0,30.0,10.0,18 | 64.4,13 | 55.4,81,4 | 2.49,30.0 | 1016,10.0 | 0.39
2017-05-30,18.0,14.0,85.0,4.0,30.03,36.6,18 | 64.4,14 | 57.2,85,4 | 2.49,30.03 | 1017,36.6 | 1.44
2017-05-31,18.0,13.0,83.0,4.0,30.03,3.8,18 | 64.4,13 | 55.4,83,4 | 2.49,30.03 | 1017,3.8 | 0.15
2017-06-01,18.0,12.0,83.0,4.0,30.03,5.5,18 | 64.4,12 | 53.6,83,4 | 2.49,30.03 | 1017,5.5 | 0.22
2017-06-02,19.0,12.0,77.0,4.0,30.0,2.1,19 | 66.2,12 | 53.6,77,4 | 2.49,30.0 | 1016,2.1 | 0.08
2017-06-03,19.0,10.0,71.0,4.0,30.0,1.0,19 | 66.2,10 | 50.0,71,4 | 2.49,30.0 | 1016,1.0 | 0.04
2017-06-04,19.0,10.0,71.0,3.0,30.0,0.7,19 | 66.2,10 | 50.0,71,3 | 1.86,30.0 | 1016,0.7 | 0.03
2017-06-05,19.0,11.0,73.0,2.0,29.97,0.3,19 | 66.2,11 | 51.8,73,2 | 1.24,29.97 | 1015,0.3 | 0.01
2017-06-06,19.0,10.0,71.0,4.0,29.97,2.4,19 | 66.2,10 | 50.0,71,4 | 2.49,29.97 | 1015,2.4 | 0.09
2017-06-07,19.0,11.0,75.0,3.0,29.97,2.2,19 | 66.2,11 | 51.8,75,3 | 1.86,29.97 | 1015,2.2 | 0.09
2017-06-08,19.0,12.0,78.0,3.0,29.94,3.6,19 | 66.2,12 | 53.6,78,3 | 1.86,29.94 | 1014,3.6 | 0.14
2017-06-09,19.0,11.0,78.0,3.0,29.97,2.9,19 | 66.2,11 | 51.8,78,3 | 1.86,29.97 | 1015,2.9 | 0.11
2017-06-10,19.0,10.0,71.0,5.0,29.97,0.4,19 | 66.2,10 | 50.0,71,5 | 3.11,29.97 | 1015,0.4 | 0.02
2017-06-11,19.0,10.0,70.0,6.0,29.94,1.7,19 | 66.2,10 | 50.0,70,6 | 3.73,29.94 | 1014,1.7 | 0.07
2017-06-12,19.0,10.0,72.0,6.0,29.94,2.8,19 | 66.2,10 | 50.0,72,6 | 3.73,29.94 | 1014,2.8 | 0.11
2017-06-13,18.0,10.0,75.0,5.0,29.94,2.7,18 | 64.4,10 | 50.0,75,5 | 3.11,29.94 | 1014,2.7 | 0.11
2017-06-14,18.0,12.0,81.0,3.0,29.94,6.8,18 | 64.4,12 | 53.6,81,3 | 1.86,29.94 | 1014,6.8 | 0.27
2017-06-15,18.0,11.0,79.0,4.0,29.97,2.6,18 | 64.4,11 | 51.8,79,4 | 2.49,29.97 | 1015,2.6 | 0.1
2017-06-16,18.0,12.0,80.0,6.0,29.97,6.5,18 | 64.4,12 | 53.6,80,6 | 3.73,29.97 | 1015,6.5 | 0.26
2017-06-17,18.0,11.0,77.0,5.0,29.94,4.8,18 | 64.4,11 | 51.8,77,5 | 3.11,29.94 | 1014,4.8 | 0.19
2017-06-18,17.0,9.0,74.0,4.0,29.94,2.8,17 | 62.6,9 | 48.2,74,4 | 2.49,29.94 | 1014,2.8 | 0.11
2017-06-19,18.0,10.0,74.0,4.0,29.97,3.2,18 | 64.4,10 | 50.0,74,4 | 2.49,29.97 | 1015,3.2 | 0.13
2017-06-20,18.0,11.0,79.0,4.0,29.97,7.9,18 | 64.4,11 | 51.8,79,4 | 2.49,29.97 | 1015,7.9 | 0.31
2017-06-21,18.0,12.0,80.0,4.0,29.97,2.7,18 | 64.4,12 | 53.6,80,4 | 2.49,29.97 | 1015,2.7 | 0.11
2017-06-22,18.0,11.0,74.0,6.0,29.97,0.9,18 | 64.4,11 | 51.8,74,6 | 3.73,29.97 | 1015,0.9 | 0.04
2017-06-23,18.0,10.0,73.0,5.0,29.97,0.8,18 | 64.4,10 | 50.0,73,5 | 3.11,29.97 | 1015,0.8 | 0.03
2017-06-24,18.0,9.0,68.0,7.0,29.97,0.7,18 | 64.4,9 | 48.2,68,7 | 4.35,29.97 | 1015,0.7 | 0.03
2017-06-25,18.0,9.0,73.0,4.0,29.97,0.6,18 | 64.4,9 | 48.2,73,4 | 2.49,29.97 | 1015,0.6 | 0.02
2017-06-26,18.0,11.0,78.0,3.0,29.97,2.5,18 | 64.4,11 | 51.8,78,3 | 1.86,29.97 | 1015,2.5 | 0.1
2017-06-27,18.0,11.0,77.0,4.0,29.97,5.5,18 | 64.4,11 | 51.8,77,4 | 2.49,29.97 | 1015,5.5 | 0.22
2017-06-28,18.0,11.0,76.0,4.0,29.97,5.1,18 | 64.4,11 | 51.8,76,4 | 2.49,29.97 | 1015,5.1 | 0.2
2017-06-29,18.0,11.0,78.0,4.0,30.0,1.8,18 | 64.4,11 | 51.8,78,4 | 2.49,30.0 | 1016,1.8 | 0.07
2017-06-30,17.0,12.0,81.0,4.0,30.0,2.7,17 | 62.6,12 | 53.6,81,4 | 2.49,30.0 | 1016,2.7 | 0.11
2017-07-01,18.0,13.0,82.0,5.0,29.97,7.6,18 | 64.4,13 | 55.4,82,5 | 3.11,29.97 | 1015,7.6 | 0.3
2017-07-02,18.0,13.0,81.0,5.0,29.97,2.6,18 | 64.4,13 | 55.4,81,5 | 3.11,29.97 | 1015,2.6 | 0.1
2017-07-03,18.0,12.0,82.0,5.0,29.97,8.2,18 | 64.4,12 | 53.6,82,5 | 3.11,29.97 | 1015,8.2 | 0.32
2017-07-04,17.0,13.0,84.0,4.0,30.0,13.8,17 | 62.6,13 | 55.4,84,4 | 2.49,30.0 | 1016,13.8 | 0.54
2017-07-05,17.0,11.0,80.0,3.0,30.0,6.0,17 | 62.6,11 | 51.8,80,3 | 1.86,30.0 | 1016,6.0 | 0.24
2017-07-06,17.0,12.0,83.0,3.0,30.03,6.0,17 | 62.6,12 | 53.6,83,3 | 1.86,30.03 | 1017,6.0 | 0.24
2017-07-07,17.0,11.0,81.0,3.0,30.03,3.0,17 | 62.6,11 | 51.8,81,3 | 1.86,30.03 | 1017,3.0 | 0.12
2017-07-08,18.0,10.0,73.0,4.0,30.0,0.4,18 | 64.4,10 | 50.0,73,4 | 2.49,30.0 | 1016,0.4 | 0.02
2017-07-09,17.0,11.0,80.0,5.0,30.0,4.8,17 | 62.6,11 | 51.8,80,5 | 3.11,30.0 | 1016,4.8 | 0.19
2017-07-10,17.0,12.0,82.0,5.0,29.97,6.5,17 | 62.6,12 | 53.6,82,5 | 3.11,29.97 | 1015,6.5 | 0.26
2017-07-11,18.0,12.0,78.0,6.0,30.0,2.5,18 | 64.4,12 | 53.6,78,6 | 3.73,30.0 | 1016,2.5 | 0.1
2017-07-12,17.0,12.0,82.0,6.0,30.03,2.7,17 | 62.6,12 | 53.6,82,6 | 3.73,30.03 | 1017,2.7 | 0.11
2017-07-13,18.0,12.0,80.0,5.0,30.0,2.5,18 | 64.4,12 | 53.6,80,5 | 3.11,30.0 | 1016,2.5 | 0.1
2017-07-14,18.0,12.0,82.0,4.0,30.0,2.3,18 | 64.4,12 | 53.6,82,4 | 2.49,30.0 | 1016,2.3 | 0.09
2017-07-15,18.0,12.0,82.0,4.0,30.0,5.6,18 | 64.4,12 | 53.6,82,4 | 2.49,30.0 | 1016,5.6 | 0.22
2017-07-16,18.0,12.0,81.0,5.0,30.0,4.8,18 | 64.4,12 | 53.6,81,5 | 3.11,30.0 | 1016,4.8 | 0.19
2017-07-17,18.0,11.0,78.0,3.0,30.0,3.0,18 | 64.4,11 | 51.8,78,3 | 1.86,30.0 | 1016,3.0 | 0.12
2017-07-18,18.0,11.0,75.0,8.0,30.03,3.0,18 | 64.4,11 | 51.8,75,8 | 4.97,30.03 | 1017,3.0 | 0.12
2017-07-19,18.0,11.0,76.0,3.0,30.03,3.1,18 | 64.4,11 | 51.8,76,3 | 1.86,30.03 | 1017,3.1 | 0.12
2017-07-20,18.0,14.0,84.0,4.0,30.0,14.1,18 | 64.4,14 | 57.2,84,4 | 2.49,30.0 | 1016,14.1 | 0.56
2017-07-21,18.0,13.0,84.0,3.0,29.97,14.4,18 | 64.4,13 | 55.4,84,3 | 1.86,29.97 | 1015,14.4 | 0.57
2017-07-22,18.0,14.0,85.0,5.0,29.97,16.8,18 | 64.4,14 | 57.2,85,5 | 3.11,29.97 | 1015,16.8 | 0.66
2017-07-23,18.0,14.0,86.0,4.0,29.97,19.6,18 | 64.4,14 | 57.2,86,4 | 2.49,29.97 | 1015,19.6 | 0.77
2017-07-24,17.0,14.0,87.0,4.0,29.97,24.8,17 | 62.6,14 | 57.2,87,4 | 2.49,29.97 | 1015,24.8 | 0.98
2017-07-25,17.0,14.0,87.0,4.0,30.0,26.4,17 | 62.6,14 | 57.2,87,4 | 2.49,30.0 | 1016,26.4 | 1.04
2017-07-26,18.0,14.0,84.0,3.0,30.0,16.8,18 | 64.4,14 | 57.2,84,3 | 1.86,30.0 | 1016,16.8 | 0.66
2017-07-27,17.0,14.0,88.0,3.0,30.0,21.7,17 | 62.6,14 | 57.2,88,3 | 1.86,30.0 | 1016,21.7 | 0.85
2017-07-28,18.0,14.0,85.0,4.0,30.0,22.6,18 | 64.4,14 | 57.2,85,4 | 2.49,30.0 | 1016,22.6 | 0.89
2017-07-29,19.0,13.0,79.0,3.0,30.0,5.2,19 | 66.2,13 | 55.4,79,3 | 1.86,30.0 | 1016,5.2 | 0.2
2017-07-30,19.0,14.0,83.0,3.0,29.97,17.8,19 | 66.2,14 | 57.2,83,3 | 1.86,29.97 | 1015,17.8 | 0.7
2017-07-31,19.0,14.0,81.0,3.0,29.97,18.7,19 | 66.2,14 | 57.2,81,3 | 1.86,29.97 | 1015,18.7 | 0.74
2017-08-01,18.0,13.0,78.0,4.0,30.03,9.3,18 | 64.4,13 | 55.4,78,4 | 2.49,30.03 | 1017,9.3 | 0.37
2017-08-02,16.0,13.0,87.0,3.0,30.06,14.4,16 | 60.8,13 | 55.4,87,3 | 1.86,30.06 | 1018,14.4 | 0.57
2017-08-03,19.0,13.0,79.0,2.0,30.03,8.0,19 | 66.2,13 | 55.4,79,2 | 1.24,30.03 | 1017,8.0 | 0.31
2017-08-04,19.0,13.0,76.0,3.0,29.97,7.1,19 | 66.2,13 | 55.4,76,3 | 1.86,29.97 | 1015,7.1 | 0.28
2017-08-05,19.0,13.0,73.0,3.0,29.97,6.5,19 | 66.2,13 | 55.4,73,3 | 1.86,29.97 | 1015,6.5 | 0.26
2017-08-06,19.0,12.0,74.0,4.0,29.97,7.6,19 | 66.2,12 | 53.6,74,4 | 2.49,29.97 | 1015,7.6 | 0.3
2017-08-07,19.0,13.0,81.0,4.0,29.97,13.7,19 | 66.2,13 | 55.4,81,4 | 2.49,29.97 | 1015,13.7 | 0.54
2017-08-08,17.0,14.0,88.0,3.0,30.0,22.1,17 | 62.6,14 | 57.2,88,3 | 1.86,30.0 | 1016,22.1 | 0.87
2017-08-09,18.0,14.0,87.0,3.0,30.0,34.4,18 | 64.4,14 | 57.2,87,3 | 1.86,30.0 | 1016,34.4 | 1.35
2017-08-10,18.0,14.0,86.0,4.0,29.97,27.1,18 | 64.4,14 | 57.2,86,4 | 2.49,29.97 | 1015,27.1 | 1.07
2017-08-11,17.0,13.0,84.0,3.0,30.0,13.9,17 | 62.6,13 | 55.4,84,3 | 1.86,30.0 | 1016,13.9 | 0.55
2017-08-12,17.0,14.0,87.0,3.0,30.0,15.8,17 | 62.6,14 | 57.2,87,3 | 1.86,30.0 | 1016,15.8 | 0.62
2017-08-13,17.0,14.0,86.0,3.0,29.97,14.7,17 | 62.6,14 | 57.2,86,3 | 1.86,29.97 | 1015,14.7 | 0.58
2017-08-14,19.0,13.0,79.0,3.0,29.97,10.7,19 | 66.2,13 | 55.4,79,3 | 1.86,29.97 | 1015,10.7 | 0.42
2017-08-15,19.0,13.0,77.0,3.0,29.94,5.5,19 | 66.2,13 | 55.4,77,3 | 1.86,29.94 | 1014,5.5 | 0.22
2017-08-16,18.0,13.0,81.0,3.0,29.91,18.4,18 | 64.4,13 | 55.4,81,3 | 1.86,29.91 | 1013,18.4 | 0.72
2017-08-17,19.0,13.0,77.0,4.0,29.91,10.9,19 | 66.2,13 | 55.4,77,4 | 2.49,29.91 | 1013,10.9 | 0.43
2017-08-18,19.0,11.0,71.0,4.0,29.94,6.2,19 | 66.2,11 | 51.8,71,4 | 2.49,29.94 | 1014,6.2 | 0.24
2017-08-19,20.0,10.0,66.0,5.0,29.94,0.8,20 | 68.0,10 | 50.0,66,5 | 3.11,29.94 | 1014,0.8 | 0.03
2017-08-20,20.0,10.0,62.0,4.0,29.94,1.5,20 | 68.0,10 | 50.0,62,4 | 2.49,29.94 | 1014,1.5 | 0.06
2017-08-21,20.0,11.0,67.0,3.0,29.91,5.7,20 | 68.0,11 | 51.8,67,3 | 1.86,29.91 | 1013,5.7 | 0.22
2017-08-22,19.0,13.0,74.0,4.0,29.91,8.1,19 | 66.2,13 | 55.4,74,4 | 2.49,29.91 | 1013,8.1 | 0.32
2017-08-23,19.0,13.0,78.0,4.0,29.94,3.8,19 | 66.2,13 | 55.4,78,4 | 2.49,29.94 | 1014,3.8 | 0.15
2017-08-24,19.0,13.0,77.0,3.0,29.91,6.1,19 | 66.2,13 | 55.4,77,3 | 1.86,29.91 | 1013,6.1 | 0.24
2017-08-25,19.0,13.0,82.0,3.0,29.91,6.7,19 | 66.2,13 | 55.4,82,3 | 1.86,29.91 | 1013,6.7 | 0.26
2017-08-26,20.0,12.0,73.0,4.0,29.91,6.8,20 | 68.0,12 | 53.6,73,4 | 2.49,29.91 | 1013,6.8 | 0.27
2017-08-27,21.0,12.0,71.0,3.0,29.91,3.4,21 | 69.8,12 | 53.6,71,3 | 1.86,29.91 | 1013,3.4 | 0.13
2017-08-28,19.0,13.0,79.0,4.0,29.91,6.1,19 | 66.2,13 | 55.4,79,4 | 2.49,29.91 | 1013,6.1 | 0.24
2017-08-29,18.0,14.0,82.0,3.0,29.91,10.4,18 | 64.4,14 | 57.2,82,3 | 1.86,29.91 | 1013,10.4 | 0.41
2017-08-30,18.0,14.0,86.0,2.0,29.97,10.7,18 | 64.4,14 | 57.2,86,2 | 1.24,29.97 | 1015,10.7 | 0.42
2017-08-31,18.0,14.0,86.0,4.0,29.97,18.5,18 | 64.4,14 | 57.2,86,4 | 2.49,29.97 | 1015,18.5 | 0.73
2017-09-01,18.0,14.0,85.0,3.0,29.97,19.9,18 | 64.4,14 | 57.2,85,3 | 1.86,29.97 | 1015,19.9 | 0.78
2017-09-02,17.0,14.0,87.0,3.0,29.97,31.0,17 | 62.6,14 | 57.2,87,3 | 1.86,29.97 | 1015,31.0 | 1.22
2017-09-03,18.0,13.0,83.0,4.0,29.94,24.8,18 | 64.4,13 | 55.4,83,4 | 2.49,29.94 | 1014,24.8 | 0.98
2017-09-04,18.0,14.0,83.0,2.0,30.0,11.4,18 | 64.4,14 | 57.2,83,2 | 1.24,30.0 | 1016,11.4 | 0.45
2017-09-05,18.0,12.0,79.0,3.0,30.03,8.3,18 | 64.4,12 | 53.6,79,3 | 1.86,30.03 | 1017,8.3 | 0.33
2017-09-06,18.0,13.0,80.0,3.0,30.0,17.0,18 | 64.4,13 | 55.4,80,3 | 1.86,30.0 | 1016,17.0 | 0.67
2017-09-07,18.0,13.0,81.0,3.0,29.97,19.5,18 | 64.4,13 | 55.4,81,3 | 1.86,29.97 | 1015,19.5 | 0.77
2017-09-08,19.0,12.0,73.0,3.0,29.94,7.0,19 | 66.2,12 | 53.6,73,3 | 1.86,29.94 | 1014,7.0 | 0.28
2017-09-09,20.0,12.0,72.0,4.0,29.91,3.1,20 | 68.0,12 | 53.6,72,4 | 2.49,29.91 | 1013,3.1 | 0.12
2017-09-10,19.0,13.0,76.0,4.0,29.94,7.7,19 | 66.2,13 | 55.4,76,4 | 2.49,29.94 | 1014,7.7 | 0.3
2017-09-11,20.0,13.0,74.0,2.0,29.91,12.3,20 | 68.0,13 | 55.4,74,2 | 1.24,29.91 | 1013,12.3 | 0.48
2017-09-12,19.0,13.0,77.0,3.0,29.91,16.2,19 | 66.2,13 | 55.4,77,3 | 1.86,29.91 | 1013,16.2 | 0.64
2017-09-13,20.0,12.0,71.0,5.0,29.91,3.8,20 | 68.0,12 | 53.6,71,5 | 3.11,29.91 | 1013,3.8 | 0.15
2017-09-14,20.0,13.0,75.0,3.0,29.94,13.1,20 | 68.0,13 | 55.4,75,3 | 1.86,29.94 | 1014,13.1 | 0.52
2017-09-15,19.0,13.0,80.0,3.0,29.97,10.3,19 | 66.2,13 | 55.4,80,3 | 1.86,29.97 | 1015,10.3 | 0.41
2017-09-16,20.0,13.0,75.0,4.0,29.94,11.6,20 | 68.0,13 | 55.4,75,4 | 2.49,29.94 | 1014,11.6 | 0.46
2017-09-17,20.0,13.0,72.0,3.0,29.94,12.8,20 | 68.0,13 | 55.4,72,3 | 1.86,29.94 | 1014,12.8 | 0.5
2017-09-18,21.0,13.0,74.0,3.0,29.97,6.7,21 | 69.8,13 | 55.4,74,3 | 1.86,29.97 | 1015,6.7 | 0.26
2017-09-19,20.0,12.0,70.0,5.0,29.97,2.3,20 | 68.0,12 | 53.6,70,5 | 3.11,29.97 | 1015,2.3 | 0.09
2017-09-20,19.0,11.0,68.0,5.0,29.97,4.3,19 | 66.2,11 | 51.8,68,5 | 3.11,29.97 | 1015,4.3 | 0.17
2017-09-21,19.0,11.0,68.0,4.0,29.94,7.7,19 | 66.2,11 | 51.8,68,4 | 2.49,29.94 | 1014,7.7 | 0.3
2017-09-22,19.0,13.0,77.0,3.0,29.94,16.7,19 | 66.2,13 | 55.4,77,3 | 1.86,29.94 | 1014,16.7 | 0.66
2017-09-23,19.0,13.0,78.0,4.0,29.97,22.0,19 | 66.2,13 | 55.4,78,4 | 2.49,29.97 | 1015,22.0 | 0.87
2017-09-24,20.0,12.0,70.0,3.0,29.97,11.7,20 | 68.0,12 | 53.6,70,3 | 1.86,29.97 | 1015,11.7 | 0.46
2017-09-25,20.0,12.0,68.0,4.0,29.91,6.9,20 | 68.0,12 | 53.6,68,4 | 2.49,29.91 | 1013,6.9 | 0.27
2017-09-26,20.0,10.0,64.0,6.0,29.91,1.8,20 | 68.0,10 | 50.0,64,6 | 3.73,29.91 | 1013,1.8 | 0.07
2017-09-27,20.0,8.0,56.0,9.0,29.94,0.0,20 | 68.0,8 | 46.4,56,9 | 5.59,29.94 | 1014,0.0 | 0.0
2017-09-28,20.0,8.0,52.0,9.0,29.94,0.0,20 | 68.0,8 | 46.4,52,9 | 5.59,29.94 | 1014,0.0 | 0.0
2017-09-29,20.0,9.0,58.0,5.0,29.91,0.6,20 | 68.0,9 | 48.2,58,5 | 3.11,29.91 | 1013,0.6 | 0.02
2017-09-30,20.0,12.0,67.0,3.0,29.94,8.7,20 | 68.0,12 | 53.6,67,3 | 1.86,29.94 | 1014,8.7 | 0.34
2017-10-01,20.0,11.0,66.0,4.0,29.94,0.2,20 | 68.0,11 | 51.8,66,4 | 2.49,29.94 | 1014,0.2 | 0.01
2017-10-02,20.0,10.0,62.0,6.0,29.91,0.2,20 | 68.0,10 | 50.0,62,6 | 3.73,29.91 | 1013,0.2 | 0.01
2017-10-03,20.0,9.0,58.0,6.0,29.88,0.2,20 | 68.0,9 | 48.2,58,6 | 3.73,29.88 | 1012,0.2 | 0.01
2017-10-04,21.0,6.0,47.0,8.0,29.91,0.0,21 | 69.8,6 | 42.8,47,8 | 4.97,29.91 | 1013,0.0 | 0.0
2017-10-05,21.0,4.0,41.0,6.0,29.94,0.0,21 | 69.8,4 | 39.2,41,6 | 3.73,29.94 | 1014,0.0 | 0.0
2017-10-06,14.0,8.0,66.0,4.0,29.91,0.0,14 | 57.2,8 | 46.4,66,4 | 2.49,29.91 | 1013,0.0 | 0.0
2017-10-07,21.0,9.0,57.0,5.0,29.88,0.8,21 | 69.8,9 | 48.2,57,5 | 3.11,29.88 | 1012,0.8 | 0.03
2017-10-08,21.0,10.0,59.0,5.0,29.85,0.2,21 | 69.8,10 | 50.0,59,5 | 3.11,29.85 | 1011,0.2 | 0.01
2017-10-09,21.0,11.0,63.0,5.0,29.85,5.0,21 | 69.8,11 | 51.8,63,5 | 3.11,29.85 | 1011,5.0 | 0.2
2017-10-10,20.0,12.0,71.0,5.0,29.88,3.9,20 | 68.0,12 | 53.6,71,5 | 3.11,29.88 | 1012,3.9 | 0.15
2017-10-11,20.0,13.0,75.0,3.0,29.91,10.8,20 | 68.0,13 | 55.4,75,3 | 1.86,29.91 | 1013,10.8 | 0.43
2017-10-12,18.0,13.0,82.0,5.0,29.91,47.6,18 | 64.4,13 | 55.4,82,5 | 3.11,29.91 | 1013,47.6 | 1.87
2017-10-13,16.0,13.0,87.0,4.0,29.94,45.1,16 | 60.8,13 | 55.4,87,4 | 2.49,29.94 | 1014,45.1 | 1.78
2017-10-14,17.0,13.0,84.0,7.0,29.94,13.4,17 | 62.6,13 | 55.4,84,7 | 4.35,29.94 | 1014,13.4 | 0.53
2017-10-15,18.0,12.0,78.0,4.0,29.97,14.0,18 | 64.4,12 | 53.6,78,4 | 2.49,29.97 | 1015,14.0 | 0.55
2017-10-16,19.0,13.0,76.0,3.0,29.97,11.2,19 | 66.2,13 | 55.4,76,3 | 1.86,29.97 | 1015,11.2 | 0.44
2017-10-17,19.0,13.0,77.0,4.0,29.94,16.8,19 | 66.2,13 | 55.4,77,4 | 2.49,29.94 | 1014,16.8 | 0.66
2017-10-18,20.0,13.0,76.0,4.0,29.94,23.6,20 | 68.0,13 | 55.4,76,4 | 2.49,29.94 | 1014,23.6 | 0.93
2017-10-19,18.0,14.0,84.0,3.0,29.97,28.0,18 | 64.4,14 | 57.2,84,3 | 1.86,29.97 | 1015,28.0 | 1.1
2017-10-20,19.0,13.0,81.0,4.0,29.97,25.5,19 | 66.2,13 | 55.4,81,4 | 2.49,29.97 | 1015,25.5 | 1.0
2017-10-21,18.0,14.0,83.0,4.0,29.97,26.3,18 | 64.4,14 | 57.2,83,4 | 2.49,29.97 | 1015,26.3 | 1.04
2017-10-22,19.0,13.0,77.0,4.0,29.94,16.4,19 | 66.2,13 | 55.4,77,4 | 2.49,29.94 | 1014,16.4 | 0.65
2017-10-23,20.0,12.0,70.0,4.0,29.94,8.0,20 | 68.0,12 | 53.6,70,4 | 2.49,29.94 | 1014,8.0 | 0.31
2017-10-24,20.0,13.0,73.0,3.0,29.91,10.1,20 | 68.0,13 | 55.4,73,3 | 1.86,29.91 | 1013,10.1 | 0.4
2017-10-25,19.0,12.0,73.0,7.0,29.91,7.8,19 | 66.2,12 | 53.6,73,7 | 4.35,29.91 | 1013,7.8 | 0.31
2017-10-26,19.0,12.0,73.0,12.0,29.91,0.7,19 | 66.2,12 | 53.6,73,12 | 7.46,29.91 | 1013,0.7 | 0.03
2017-10-27,20.0,11.0,66.0,11.0,29.88,0.0,20 | 68.0,11 | 51.8,66,11 | 6.84,29.88 | 1012,0.0 | 0.0
2017-10-28,20.0,11.0,67.0,10.0,29.88,0.1,20 | 68.0,11 | 51.8,67,10 | 6.21,29.88 | 1012,0.1 | 0.0
2017-10-29,20.0,11.0,66.0,13.0,29.88,0.0,20 | 68.0,11 | 51.8,66,13 | 8.08,29.88 | 1012,0.0 | 0.0
2017-10-30,20.0,10.0,66.0,11.0,29.91,0.0,20 | 68.0,10 | 50.0,66,11 | 6.84,29.91 | 1013,0.0 | 0.0
2017-10-31,20.0,10.0,62.0,8.0,29.94,0.0,20 | 68.0,10 | 50.0,62,8 | 4.97,29.94 | 1014,0.0 | 0.0
2017-11-01,20.0,10.0,62.0,7.0,29.94,0.9,20 | 68.0,10 | 50.0,62,7 | 4.35,29.94 | 1014,0.9 | 0.04
2017-11-02,20.0,10.0,60.0,6.0,29.91,2.1,20 | 68.0,10 | 50.0,60,6 | 3.73,29.91 | 1013,2.1 | 0.08
2017-11-03,20.0,11.0,65.0,6.0,29.88,1.7,20 | 68.0,11 | 51.8,65,6 | 3.73,29.88 | 1012,1.7 | 0.07
2017-11-04,19.0,12.0,72.0,5.0,29.91,11.9,19 | 66.2,12 | 53.6,72,5 | 3.11,29.91 | 1013,11.9 | 0.47
2017-11-05,19.0,13.0,77.0,3.0,29.94,11.9,19 | 66.2,13 | 55.4,77,3 | 1.86,29.94 | 1014,11.9 | 0.47
2017-11-06,19.0,13.0,78.0,5.0,29.88,11.7,19 | 66.2,13 | 55.4,78,5 | 3.11,29.88 | 1012,11.7 | 0.46
2017-11-07,19.0,13.0,78.0,5.0,29.91,13.5,19 | 66.2,13 | 55.4,78,5 | 3.11,29.91 | 1013,13.5 | 0.53
2017-11-08,19.0,13.0,78.0,7.0,29.94,13.5,19 | 66.2,13 | 55.4,78,7 | 4.35,29.94 | 1014,13.5 | 0.53
2017-11-09,19.0,13.0,78.0,8.0,29.91,15.7,19 | 66.2,13 | 55.4,78,8 | 4.97,29.91 | 1013,15.7 | 0.62
2017-11-10,19.0,12.0,77.0,9.0,29.88,6.8,19 | 66.2,12 | 53.6,77,9 | 5.59,29.88 | 1012,6.8 | 0.27
2017-11-11,19.0,11.0,71.0,9.0,29.88,2.3,19 | 66.2,11 | 51.8,71,9 | 5.59,29.88 | 1012,2.3 | 0.09
2017-11-12,19.0,12.0,74.0,9.0,29.91,5.2,19 | 66.2,12 | 53.6,74,9 | 5.59,29.91 | 1013,5.2 | 0.2
2017-11-13,19.0,11.0,71.0,10.0,29.91,0.1,19 | 66.2,11 | 51.8,71,10 | 6.21,29.91 | 1013,0.1 | 0.0
2017-11-14,19.0,11.0,69.0,11.0,29.88,0.0,19 | 66.2,11 | 51.8,69,11 | 6.84,29.88 | 1012,0.0 | 0.0
2017-11-15,19.0,10.0,64.0,13.0,29.88,0.0,19 | 66.2,10 | 50.0,64,13 | 8.08,29.88 | 1012,0.0 | 0.0
2017-11-16,19.0,11.0,67.0,9.0,29.88,0.9,19 | 66.2,11 | 51.8,67,9 | 5.59,29.88 | 1012,0.9 | 0.04
2017-11-17,19.0,11.0,71.0,9.0,29.88,3.1,19 | 66.2,11 | 51.8,71,9 | 5.59,29.88 | 1012,3.1 | 0.12
2017-11-18,18.0,11.0,70.0,9.0,29.91,3.3,18 | 64.4,11 | 51.8,70,9 | 5.59,29.91 | 1013,3.3 | 0.13
2017-11-19,19.0,10.0,66.0,10.0,29.91,0.0,19 | 66.2,10 | 50.0,66,10 | 6.21,29.91 | 1013,0.0 | 0.0
2017-11-20,19.0,8.0,60.0,8.0,29.94,0.0,19 | 66.2,8 | 46.4,60,8 | 4.97,29.94 | 1014,0.0 | 0.0
2017-11-21,19.0,9.0,63.0,6.0,29.91,0.0,19 | 66.2,9 | 48.2,63,6 | 3.73,29.91 | 1013,0.0 | 0.0
2017-11-22,18.0,11.0,71.0,5.0,29.88,4.5,18 | 64.4,11 | 51.8,71,5 | 3.11,29.88 | 1012,4.5 | 0.18
2017-11-23,19.0,11.0,71.0,5.0,29.88,8.0,19 | 66.2,11 | 51.8,71,5 | 3.11,29.88 | 1012,8.0 | 0.31
2017-11-24,19.0,12.0,73.0,4.0,29.91,10.6,19 | 66.2,12 | 53.6,73,4 | 2.49,29.91 | 1013,10.6 | 0.42
2017-11-25,19.0,10.0,67.0,7.0,29.94,0.5,19 | 66.2,10 | 50.0,67,7 | 4.35,29.94 | 1014,0.5 | 0.02
2017-11-26,19.0,9.0,65.0,11.0,30.0,0.3,19 | 66.2,9 | 48.2,65,11 | 6.84,30.0 | 1016,0.3 | 0.01
2017-11-27,20.0,9.0,61.0,11.0,29.97,0.0,20 | 68.0,9 | 48.2,61,11 | 6.84,29.97 | 1015,0.0 | 0.0
2017-11-28,19.0,10.0,66.0,8.0,29.97,0.0,19 | 66.2,10 | 50.0,66,8 | 4.97,29.97 | 1015,0.0 | 0.0
2017-11-29,20.0,11.0,67.0,8.0,29.97,0.1,20 | 68.0,11 | 51.8,67,8 | 4.97,29.97 | 1015,0.1 | 0.0
2017-11-30,19.0,10.0,69.0,10.0,29.94,1.6,19 | 66.2,10 | 50.0,69,10 | 6.21,29.94 | 1014,1.6 | 0.06
2017-12-01,19.0,9.0,64.0,9.0,29.94,0.7,19 | 66.2,9 | 48.2,64,9 | 5.59,29.94 | 1014,0.7 | 0.03
2017-12-02,19.0,8.0,57.0,7.0,29.91,0.2,19 | 66.2,8 | 46.4,57,7 | 4.35,29.91 | 1013,0.2 | 0.01
2017-12-03,20.0,8.0,56.0,7.0,29.94,0.3,20 | 68.0,8 | 46.4,56,7 | 4.35,29.94 | 1014,0.3 | 0.01
2017-12-04,20.0,7.0,55.0,8.0,29.94,0.4,20 | 68.0,7 | 44.6,55,8 | 4.97,29.94 | 1014,0.4 | 0.02
2017-12-05,19.0,10.0,63.0,7.0,29.91,0.6,19 | 66.2,10 | 50.0,63,7 | 4.35,29.91 | 1013,0.6 | 0.02
2017-12-06,19.0,11.0,69.0,5.0,29.91,6.3,19 | 66.2,11 | 51.8,69,5 | 3.11,29.91 | 1013,6.3 | 0.25
2017-12-07,19.0,11.0,69.0,7.0,29.88,1.0,19 | 66.2,11 | 51.8,69,7 | 4.35,29.88 | 1012,1.0 | 0.04
2017-12-08,19.0,12.0,71.0,8.0,29.85,5.1,19 | 66.2,12 | 53.6,71,8 | 4.97,29.85 | 1011,5.1 | 0.2
2017-12-09,20.0,11.0,66.0,9.0,29.85,0.8,20 | 68.0,11 | 51.8,66,9 | 5.59,29.85 | 1011,0.8 | 0.03
2017-12-10,19.0,8.0,58.0,11.0,29.91,0.0,19 | 66.2,8 | 46.4,58,11 | 6.84,29.91 | 1013,0.0 | 0.0
2017-12-11,20.0,8.0,55.0,10.0,29.94,0.0,20 | 68.0,8 | 46.4,55,10 | 6.21,29.94 | 1014,0.0 | 0.0
2017-12-12,20.0,8.0,60.0,10.0,29.97,0.0,20 | 68.0,8 | 46.4,60,10 | 6.21,29.97 | 1015,0.0 | 0.0
2017-12-13,20.0,6.0,52.0,10.0,29.97,0.0,20 | 68.0,6 | 42.8,52,10 | 6.21,29.97 | 1015,0.0 | 0.0
2017-12-14,20.0,9.0,60.0,6.0,29.94,6.1,20 | 68.0,9 | 48.2,60,6 | 3.73,29.94 | 1014,6.1 | 0.24
2017-12-15,19.0,11.0,67.0,4.0,29.94,0.3,19 | 66.2,11 | 51.8,67,4 | 2.49,29.94 | 1014,0.3 | 0.01
2017-12-16,20.0,11.0,67.0,5.0,29.91,1.7,20 | 68.0,11 | 51.8,67,5 | 3.11,29.91 | 1013,1.7 | 0.07
2017-12-17,20.0,11.0,66.0,7.0,29.91,1.2,20 | 68.0,11 | 51.8,66,7 | 4.35,29.91 | 1013,1.2 | 0.05
2017-12-18,19.0,10.0,65.0,12.0,29.91,0.6,19 | 66.2,10 | 50.0,65,12 | 7.46,29.91 | 1013,0.6 | 0.02
2017-12-19,20.0,10.0,63.0,15.0,29.91,0.0,20 | 68.0,10 | 50.0,63,15 | 9.32,29.91 | 1013,0.0 | 0.0
2017-12-20,20.0,9.0,57.0,16.0,29.94,0.0,20 | 68.0,9 | 48.2,57,16 | 9.94,29.94 | 1014,0.0 | 0.0
2017-12-21,20.0,7.0,53.0,14.0,29.97,0.0,20 | 68.0,7 | 44.6,53,14 | 8.7,29.97 | 1015,0.0 | 0.0
2017-12-22,20.0,8.0,53.0,13.0,29.94,0.0,20 | 68.0,8 | 46.4,53,13 | 8.08,29.94 | 1014,0.0 | 0.0
2017-12-23,20.0,7.0,53.0,10.0,29.91,0.0,20 | 68.0,7 | 44.6,53,10 | 6.21,29.91 | 1013,0.0 | 0.0
2017-12-24,20.0,7.0,50.0,9.0,29.91,0.8,20 | 68.0,7 | 44.6,50,9 | 5.59,29.91 | 1013,0.8 | 0.03
2017-12-25,20.0,8.0,51.0,8.0,29.91,0.4,20 | 68.0,8 | 46.4,51,8 | 4.97,29.91 | 1013,0.4 | 0.02
2017-12-26,21.0,7.0,48.0,10.0,29.91,0.0,21 | 69.8,7 | 44.6,48,10 | 6.21,29.91 | 1013,0.0 | 0.0
2017-12-27,21.0,6.0,47.0,10.0,29.88,0.0,21 | 69.8,6 | 42.8,47,10 | 6.21,29.88 | 1012,0.0 | 0.0
2017-12-28,21.0,7.0,51.0,10.0,29.88,0.0,21 | 69.8,7 | 44.6,51,10 | 6.21,29.88 | 1012,0.0 | 0.0
2017-12-29,20.0,8.0,53.0,8.0,29.91,0.0,20 | 68.0,8 | 46.4,53,8 | 4.97,29.91 | 1013,0.0 | 0.0
2017-12-30,20.0,7.0,52.0,7.0,29.94,0.0,20 | 68.0,7 | 44.6,52,7 | 4.35,29.94 | 1014,0.0 | 0.0
2017-12-31,19.0,8.0,57.0,5.0,29.94,0.3,19 | 66.2,8 | 46.4,57,5 | 3.11,29.94 | 1014,0.3 | 0.01
2018-01-01,21.0,7.0,51.0,4.0,29.91,0.0,21 | 69.8,7 | 44.6,51,4 | 2.49,29.91 | 1013,0.0 | 0.0
2018-01-02,20.0,10.0,66.0,4.0,29.88,0.1,20 | 68.0,10 | 50.0,66,4 | 2.49,29.88 | 1012,0.1 | 0.0
2018-01-03,19.0,9.0,60.0,3.0,29.88,0.0,19 | 66.2,9 | 48.2,60,3 | 1.86,29.88 | 1012,0.0 | 0.0
2018-01-04,18.0,9.0,60.0,2.0,29.94,0.3,18 | 64.4,9 | 48.2,60,2 | 1.24,29.94 | 1014,0.3 | 0.01
2018-01-05,20.0,9.0,59.0,3.0,29.91,0.0,20 | 68.0,9 | 48.2,59,3 | 1.86,29.91 | 1013,0.0 | 0.0
2018-01-06,20.0,7.0,51.0,2.0,29.88,0.0,20 | 68.0,7 | 44.6,51,2 | 1.24,29.88 | 1012,0.0 | 0.0
2018-01-07,20.0,7.0,51.0,4.0,29.91,0.0,20 | 68.0,7 | 44.6,51,4 | 2.49,29.91 | 1013,0.0 | 0.0
2018-01-08,20.0,5.0,42.0,4.0,29.94,0.0,20 | 68.0,5 | 41.0,42,4 | 2.49,29.94 | 1014,0.0 | 0.0
2018-01-09,20.0,5.0,44.0,4.0,29.94,0.0,20 | 68.0,5 | 41.0,44,4 | 2.49,29.94 | 1014,0.0 | 0.0
2018-01-10,19.0,6.0,46.0,4.0,29.94,0.0,19 | 66.2,6 | 42.8,46,4 | 2.49,29.94 | 1014,0.0 | 0.0
2018-01-11,18.0,8.0,61.0,6.0,29.94,1.0,18 | 64.4,8 | 46.4,61,6 | 3.73,29.94 | 1014,1.0 | 0.04
2018-01-12,20.0,8.0,54.0,8.0,29.91,0.1,20 | 68.0,8 | 46.4,54,8 | 4.97,29.91 | 1013,0.1 | 0.0
2018-01-13,19.0,8.0,56.0,6.0,29.91,0.5,19 | 66.2,8 | 46.4,56,6 | 3.73,29.91 | 1013,0.5 | 0.02
2018-01-14,21.0,6.0,49.0,5.0,29.91,0.2,21 | 69.8,6 | 42.8,49,5 | 3.11,29.91 | 1013,0.2 | 0.01
2018-01-15,21.0,2.0,35.0,5.0,29.94,0.0,21 | 69.8,2 | 35.6,35,5 | 3.11,29.94 | 1014,0.0 | 0.0
2018-01-16,22.0,5.0,42.0,4.0,29.94,0.2,22 | 71.6,5 | 41.0,42,4 | 2.49,29.94 | 1014,0.2 | 0.01
2018-01-17,21.0,4.0,39.0,6.0,29.88,0.2,21 | 69.8,4 | 39.2,39,6 | 3.73,29.88 | 1012,0.2 | 0.01
2018-01-18,21.0,5.0,44.0,5.0,29.88,0.0,21 | 69.8,5 | 41.0,44,5 | 3.11,29.88 | 1012,0.0 | 0.0
2018-01-19,20.0,7.0,53.0,5.0,29.88,0.1,20 | 68.0,7 | 44.6,53,5 | 3.11,29.88 | 1012,0.1 | 0.0
2018-01-20,19.0,9.0,58.0,6.0,29.91,0.5,19 | 66.2,9 | 48.2,58,6 | 3.73,29.91 | 1013,0.5 | 0.02
2018-01-21,21.0,6.0,50.0,8.0,29.91,0.5,21 | 69.8,6 | 42.8,50,8 | 4.97,29.91 | 1013,0.5 | 0.02
2018-01-22,21.0,3.0,39.0,12.0,29.91,0.0,21 | 69.8,3 | 37.4,39,12 | 7.46,29.91 | 1013,0.0 | 0.0
2018-01-23,21.0,4.0,42.0,9.0,29.88,0.0,21 | 69.8,4 | 39.2,42,9 | 5.59,29.88 | 1012,0.0 | 0.0
2018-01-24,20.0,8.0,53.0,6.0,29.88,0.6,20 | 68.0,8 | 46.4,53,6 | 3.73,29.88 | 1012,0.6 | 0.02
2018-01-25,18.0,10.0,68.0,4.0,29.91,1.9,18 | 64.4,10 | 50.0,68,4 | 2.49,29.91 | 1013,1.9 | 0.07
2018-01-26,20.0,9.0,61.0,4.0,29.91,0.7,20 | 68.0,9 | 48.2,61,4 | 2.49,29.91 | 1013,0.7 | 0.03
2018-01-27,21.0,6.0,48.0,8.0,29.88,0.0,21 | 69.8,6 | 42.8,48,8 | 4.97,29.88 | 1012,0.0 | 0.0
2018-01-28,21.0,5.0,46.0,8.0,29.88,0.0,21 | 69.8,5 | 41.0,46,8 | 4.97,29.88 | 1012,0.0 | 0.0
2018-01-29,22.0,4.0,41.0,6.0,29.88,0.0,22 | 71.6,4 | 39.2,41,6 | 3.73,29.88 | 1012,0.0 | 0.0
2018-01-30,21.0,5.0,43.0,5.0,29.91,1.0,21 | 69.8,5 | 41.0,43,5 | 3.11,29.91 | 1013,1.0 | 0.04
2018-01-31,20.0,8.0,50.0,6.0,29.91,0.4,20 | 68.0,8 | 46.4,50,6 | 3.73,29.91 | 1013,0.4 | 0.02
2018-02-01,21.0,8.0,52.0,11.0,29.88,0.0,21 | 69.8,8 | 46.4,52,11 | 6.84,29.88 | 1012,0.0 | 0.0
2018-02-02,21.0,7.0,48.0,14.0,29.88,0.0,21 | 69.8,7 | 44.6,48,14 | 8.7,29.88 | 1012,0.0 | 0.0
2018-02-03,22.0,4.0,42.0,12.0,29.91,0.0,22 | 71.6,4 | 39.2,42,12 | 7.46,29.91 | 1013,0.0 | 0.0
2018-02-04,21.0,4.0,40.0,8.0,29.88,0.0,21 | 69.8,4 | 39.2,40,8 | 4.97,29.88 | 1012,0.0 | 0.0
2018-02-05,21.0,7.0,46.0,10.0,29.88,0.1,21 | 69.8,7 | 44.6,46,10 | 6.21,29.88 | 1012,0.1 | 0.0
2018-02-06,21.0,8.0,52.0,10.0,29.88,0.2,21 | 69.8,8 | 46.4,52,10 | 6.21,29.88 | 1012,0.2 | 0.01
2018-02-07,22.0,7.0,49.0,12.0,29.85,0.4,22 | 71.6,7 | 44.6,49,12 | 7.46,29.85 | 1011,0.4 | 0.02
2018-02-08,22.0,0.0,34.0,12.0,29.88,0.0,22 | 71.6,0 | 32.0,34,12 | 7.46,29.88 | 1012,0.0 | 0.0
2018-02-09,22.0,-1.0,31.0,11.0,29.88,0.0,22 | 71.6,-1 | 30.2,31,11 | 6.84,29.88 | 1012,0.0 | 0.0
2018-02-10,21.0,2.0,35.0,14.0,29.85,0.0,21 | 69.8,2 | 35.6,35,14 | 8.7,29.85 | 1011,0.0 | 0.0
2018-02-11,21.0,6.0,50.0,14.0,29.88,0.0,21 | 69.8,6 | 42.8,50,14 | 8.7,29.88 | 1012,0.0 | 0.0
2018-02-12,21.0,7.0,52.0,14.0,29.91,0.1,21 | 69.8,7 | 44.6,52,14 | 8.7,29.91 | 1013,0.1 | 0.0
2018-02-13,22.0,7.0,49.0,16.0,29.94,0.0,22 | 71.6,7 | 44.6,49,16 | 9.94,29.94 | 1014,0.0 | 0.0
2018-02-14,22.0,8.0,50.0,15.0,29.91,0.0,22 | 71.6,8 | 46.4,50,15 | 9.32,29.91 | 1013,0.0 | 0.0
2018-02-15,22.0,7.0,50.0,16.0,29.91,0.0,22 | 71.6,7 | 44.6,50,16 | 9.94,29.91 | 1013,0.0 | 0.0
2018-02-16,22.0,7.0,48.0,16.0,29.91,0.0,22 | 71.6,7 | 44.6,48,16 | 9.94,29.91 | 1013,0.0 | 0.0
2018-02-17,22.0,8.0,52.0,12.0,29.91,0.1,22 | 71.6,8 | 46.4,52,12 | 7.46,29.91 | 1013,0.1 | 0.0
2018-02-18,22.0,9.0,52.0,9.0,29.85,0.2,22 | 71.6,9 | 48.2,52,9 | 5.59,29.85 | 1011,0.2 | 0.01
2018-02-19,22.0,9.0,53.0,7.0,29.85,1.6,22 | 71.6,9 | 48.2,53,7 | 4.35,29.85 | 1011,1.6 | 0.06
2018-02-20,22.0,11.0,59.0,6.0,29.85,3.0,22 | 71.6,11 | 51.8,59,6 | 3.73,29.85 | 1011,3.0 | 0.12
2018-02-21,21.0,10.0,59.0,5.0,29.85,3.0,21 | 69.8,10 | 50.0,59,5 | 3.11,29.85 | 1011,3.0 | 0.12
2018-02-22,22.0,9.0,55.0,6.0,29.8,1.0,22 | 71.6,9 | 48.2,55,6 | 3.73,29.8 | 1009,1.0 | 0.04
2018-02-23,23.0,8.0,48.0,10.0,29.8,0.0,23 | 73.4,8 | 46.4,48,10 | 6.21,29.8 | 1009,0.0 | 0.0
2018-02-24,23.0,6.0,47.0,9.0,29.85,1.8,23 | 73.4,6 | 42.8,47,9 | 5.59,29.85 | 1011,1.8 | 0.07
2018-02-25,22.0,9.0,55.0,4.0,29.88,5.2,22 | 71.6,9 | 48.2,55,4 | 2.49,29.88 | 1012,5.2 | 0.2
2018-02-26,22.0,9.0,54.0,5.0,29.88,1.7,22 | 71.6,9 | 48.2,54,5 | 3.11,29.88 | 1012,1.7 | 0.07
2018-02-27,22.0,9.0,54.0,4.0,29.88,7.1,22 | 71.6,9 | 48.2,54,4 | 2.49,29.88 | 1012,7.1 | 0.28
2018-02-28,21.0,11.0,65.0,5.0,29.88,5.9,21 | 69.8,11 | 51.8,65,5 | 3.11,29.88 | 1012,5.9 | 0.23
2018-03-01,18.0,13.0,77.0,5.0,29.91,20.3,18 | 64.4,13 | 55.4,77,5 | 3.11,29.91 | 1013,20.3 | 0.8
2018-03-02,18.0,13.0,81.0,6.0,29.91,21.3,18 | 64.4,13 | 55.4,81,6 | 3.73,29.91 | 1013,21.3 | 0.84
2018-03-03,18.0,13.0,78.0,3.0,29.91,16.9,18 | 64.4,13 | 55.4,78,3 | 1.86,29.91 | 1013,16.9 | 0.67
2018-03-04,17.0,13.0,82.0,3.0,29.94,23.7,17 | 62.6,13 | 55.4,82,3 | 1.86,29.94 | 1014,23.7 | 0.93
2018-03-05,18.0,12.0,72.0,5.0,29.94,5.7,18 | 64.4,12 | 53.6,72,5 | 3.11,29.94 | 1014,5.7 | 0.22
2018-03-06,19.0,10.0,66.0,5.0,29.94,1.4,19 | 66.2,10 | 50.0,66,5 | 3.11,29.94 | 1014,1.4 | 0.06
2018-03-07,19.0,10.0,66.0,7.0,29.94,0.0,19 | 66.2,10 | 50.0,66,7 | 4.35,29.94 | 1014,0.0 | 0.0
2018-03-08,20.0,10.0,61.0,6.0,29.94,0.6,20 | 68.0,10 | 50.0,61,6 | 3.73,29.94 | 1014,0.6 | 0.02
2018-03-09,20.0,10.0,59.0,6.0,29.91,0.2,20 | 68.0,10 | 50.0,59,6 | 3.73,29.91 | 1013,0.2 | 0.01
2018-03-10,21.0,10.0,55.0,5.0,29.88,2.3,21 | 69.8,10 | 50.0,55,5 | 3.11,29.88 | 1012,2.3 | 0.09
2018-03-11,20.0,11.0,65.0,6.0,29.91,6.6,20 | 68.0,11 | 51.8,65,6 | 3.73,29.91 | 1013,6.6 | 0.26
2018-03-12,19.0,13.0,73.0,5.0,29.94,9.4,19 | 66.2,13 | 55.4,73,5 | 3.11,29.94 | 1014,9.4 | 0.37
2018-03-13,19.0,13.0,76.0,4.0,29.94,15.2,19 | 66.2,13 | 55.4,76,4 | 2.49,29.94 | 1014,15.2 | 0.6
2018-03-14,19.0,13.0,75.0,4.0,29.91,10.5,19 | 66.2,13 | 55.4,75,4 | 2.49,29.91 | 1013,10.5 | 0.41
2018-03-15,18.0,13.0,81.0,5.0,29.91,17.7,18 | 64.4,13 | 55.4,81,5 | 3.11,29.91 | 1013,17.7 | 0.7
2018-03-16,16.0,14.0,90.0,4.0,29.97,37.5,16 | 60.8,14 | 57.2,90,4 | 2.49,29.97 | 1015,37.5 | 1.48
2018-03-17,20.0,13.0,76.0,3.0,29.91,12.1,20 | 68.0,13 | 55.4,76,3 | 1.86,29.91 | 1013,12.1 | 0.48
2018-03-18,19.0,13.0,71.0,5.0,29.85,10.8,19 | 66.2,13 | 55.4,71,5 | 3.11,29.85 | 1011,10.8 | 0.43
2018-03-19,19.0,13.0,76.0,5.0,29.91,16.6,19 | 66.2,13 | 55.4,76,5 | 3.11,29.91 | 1013,16.6 | 0.65
2018-03-20,19.0,12.0,73.0,11.0,29.91,3.7,19 | 66.2,12 | 53.6,73,11 | 6.84,29.91 | 1013,3.7 | 0.15
2018-03-21,19.0,11.0,69.0,12.0,29.94,1.2,19 | 66.2,11 | 51.8,69,12 | 7.46,29.94 | 1014,1.2 | 0.05
2018-03-22,20.0,10.0,65.0,8.0,29.94,1.1,20 | 68.0,10 | 50.0,65,8 | 4.97,29.94 | 1014,1.1 | 0.04
2018-03-23,20.0,9.0,60.0,6.0,29.91,1.0,20 | 68.0,9 | 48.2,60,6 | 3.73,29.91 | 1013,1.0 | 0.04
2018-03-24,21.0,11.0,63.0,6.0,29.88,1.8,21 | 69.8,11 | 51.8,63,6 | 3.73,29.88 | 1012,1.8 | 0.07
2018-03-25,20.0,11.0,67.0,5.0,29.91,6.6,20 | 68.0,11 | 51.8,67,5 | 3.11,29.91 | 1013,6.6 | 0.26
2018-03-26,19.0,11.0,69.0,9.0,29.94,0.5,19 | 66.2,11 | 51.8,69,9 | 5.59,29.94 | 1014,0.5 | 0.02
2018-03-27,20.0,11.0,67.0,11.0,29.88,0.2,20 | 68.0,11 | 51.8,67,11 | 6.84,29.88 | 1012,0.2 | 0.01
2018-03-28,20.0,10.0,63.0,11.0,29.88,0.3,20 | 68.0,10 | 50.0,63,11 | 6.84,29.88 | 1012,0.3 | 0.01
2018-03-29,20.0,11.0,65.0,10.0,29.91,0.2,20 | 68.0,11 | 51.8,65,10 | 6.21,29.91 | 1013,0.2 | 0.01
2018-03-30,20.0,9.0,61.0,9.0,29.94,0.0,20 | 68.0,9 | 48.2,61,9 | 5.59,29.94 | 1014,0.0 | 0.0
2018-03-31,20.0,9.0,59.0,8.0,29.88,0.0,20 | 68.0,9 | 48.2,59,8 | 4.97,29.88 | 1012,0.0 | 0.0
2018-04-01,20.0,11.0,68.0,6.0,29.85,0.8,20 | 68.0,11 | 51.8,68,6 | 3.73,29.85 | 1011,0.8 | 0.03
2018-04-02,20.0,11.0,68.0,6.0,29.83,0.2,20 | 68.0,11 | 51.8,68,6 | 3.73,29.83 | 1010,0.2 | 0.01
2018-04-03,20.0,11.0,68.0,10.0,29.83,0.2,20 | 68.0,11 | 51.8,68,10 | 6.21,29.83 | 1010,0.2 | 0.01
2018-04-04,20.0,11.0,67.0,7.0,29.88,0.2,20 | 68.0,11 | 51.8,67,7 | 4.35,29.88 | 1012,0.2 | 0.01
2018-04-05,19.0,12.0,73.0,3.0,29.88,3.1,19 | 66.2,12 | 53.6,73,3 | 1.86,29.88 | 1012,3.1 | 0.12
2018-04-06,19.0,13.0,75.0,5.0,29.85,3.9,19 | 66.2,13 | 55.4,75,5 | 3.11,29.85 | 1011,3.9 | 0.15
2018-04-07,20.0,13.0,75.0,5.0,29.88,5.8,20 | 68.0,13 | 55.4,75,5 | 3.11,29.88 | 1012,5.8 | 0.23
2018-04-08,19.0,13.0,76.0,2.0,29.94,3.2,19 | 66.2,13 | 55.4,76,2 | 1.24,29.94 | 1014,3.2 | 0.13
2018-04-09,19.0,13.0,75.0,5.0,29.94,2.5,19 | 66.2,13 | 55.4,75,5 | 3.11,29.94 | 1014,2.5 | 0.1
2018-04-10,20.0,13.0,75.0,4.0,29.88,9.1,20 | 68.0,13 | 55.4,75,4 | 2.49,29.88 | 1012,9.1 | 0.36
2018-04-11,21.0,13.0,73.0,3.0,29.88,12.8,21 | 69.8,13 | 55.4,73,3 | 1.86,29.88 | 1012,12.8 | 0.5
2018-04-12,20.0,13.0,77.0,2.0,29.91,12.1,20 | 68.0,13 | 55.4,77,2 | 1.24,29.91 | 1013,12.1 | 0.48
2018-04-13,20.0,14.0,78.0,4.0,29.91,22.8,20 | 68.0,14 | 57.2,78,4 | 2.49,29.91 | 1013,22.8 | 0.9
2018-04-14,16.0,14.0,89.0,6.0,29.97,27.7,16 | 60.8,14 | 57.2,89,6 | 3.73,29.97 | 1015,27.7 | 1.09
2018-04-15,18.0,13.0,83.0,5.0,29.97,11.9,18 | 64.4,13 | 55.4,83,5 | 3.11,29.97 | 1015,11.9 | 0.47
2018-04-16,17.0,13.0,89.0,6.0,30.0,24.5,17 | 62.6,13 | 55.4,89,6 | 3.73,30.0 | 1016,24.5 | 0.96
2018-04-17,15.0,13.0,91.0,3.0,30.03,19.0,15 | 59.0,13 | 55.4,91,3 | 1.86,30.03 | 1017,19.0 | 0.75
2018-04-18,18.0,13.0,84.0,3.0,30.0,17.3,18 | 64.4,13 | 55.4,84,3 | 1.86,30.0 | 1016,17.3 | 0.68
2018-04-19,17.0,13.0,87.0,4.0,30.0,30.0,17 | 62.6,13 | 55.4,87,4 | 2.49,30.0 | 1016,30.0 | 1.18
2018-04-20,19.0,13.0,79.0,4.0,29.94,8.0,19 | 66.2,13 | 55.4,79,4 | 2.49,29.94 | 1014,8.0 | 0.31
2018-04-21,19.0,14.0,83.0,3.0,29.94,24.3,19 | 66.2,14 | 57.2,83,3 | 1.86,29.94 | 1014,24.3 | 0.96
2018-04-22,18.0,14.0,86.0,4.0,29.94,22.0,18 | 64.4,14 | 57.2,86,4 | 2.49,29.94 | 1014,22.0 | 0.87
2018-04-23,18.0,13.0,85.0,3.0,29.97,6.9,18 | 64.4,13 | 55.4,85,3 | 1.86,29.97 | 1015,6.9 | 0.27
2018-04-24,18.0,14.0,88.0,3.0,29.94,25.0,18 | 64.4,14 | 57.2,88,3 | 1.86,29.94 | 1014,25.0 | 0.98
2018-04-25,18.0,13.0,82.0,5.0,29.94,16.3,18 | 64.4,13 | 55.4,82,5 | 3.11,29.94 | 1014,16.3 | 0.64
2018-04-26,19.0,12.0,76.0,4.0,29.94,7.3,19 | 66.2,12 | 53.6,76,4 | 2.49,29.94 | 1014,7.3 | 0.29
2018-04-27,20.0,13.0,77.0,3.0,29.94,12.4,20 | 68.0,13 | 55.4,77,3 | 1.86,29.94 | 1014,12.4 | 0.49
2018-04-28,20.0,14.0,79.0,3.0,29.94,13.4,20 | 68.0,14 | 57.2,79,3 | 1.86,29.94 | 1014,13.4 | 0.53
2018-04-29,20.0,13.0,78.0,3.0,29.94,4.3,20 | 68.0,13 | 55.4,78,3 | 1.86,29.94 | 1014,4.3 | 0.17
2018-04-30,20.0,13.0,77.0,3.0,29.94,15.6,20 | 68.0,13 | 55.4,77,3 | 1.86,29.94 | 1014,15.6 | 0.61
2018-05-01,18.0,14.0,84.0,3.0,29.97,22.8,18 | 64.4,14 | 57.2,84,3 | 1.86,29.97 | 1015,22.8 | 0.9
2018-05-02,17.0,13.0,87.0,2.0,30.0,26.0,17 | 62.6,13 | 55.4,87,2 | 1.24,30.0 | 1016,26.0 | 1.02
2018-05-03,19.0,12.0,73.0,4.0,29.94,5.8,19 | 66.2,12 | 53.6,73,4 | 2.49,29.94 | 1014,5.8 | 0.23
2018-05-04,20.0,12.0,74.0,5.0,29.91,1.5,20 | 68.0,12 | 53.6,74,5 | 3.11,29.91 | 1013,1.5 | 0.06
2018-05-05,20.0,12.0,73.0,6.0,29.91,5.2,20 | 68.0,12 | 53.6,73,6 | 3.73,29.91 | 1013,5.2 | 0.2
2018-05-06,19.0,13.0,76.0,4.0,29.94,6.4,19 | 66.2,13 | 55.4,76,4 | 2.49,29.94 | 1014,6.4 | 0.25
2018-05-07,20.0,13.0,78.0,4.0,29.97,6.3,20 | 68.0,13 | 55.4,78,4 | 2.49,29.97 | 1015,6.3 | 0.25
2018-05-08,19.0,12.0,75.0,4.0,29.94,3.9,19 | 66.2,12 | 53.6,75,4 | 2.49,29.94 | 1014,3.9 | 0.15
2018-05-09,19.0,12.0,76.0,4.0,29.91,6.0,19 | 66.2,12 | 53.6,76,4 | 2.49,29.91 | 1013,6.0 | 0.24
2018-05-10,19.0,12.0,73.0,5.0,29.94,2.1,19 | 66.2,12 | 53.6,73,5 | 3.11,29.94 | 1014,2.1 | 0.08
2018-05-11,19.0,12.0,73.0,5.0,29.94,4.0,19 | 66.2,12 | 53.6,73,5 | 3.11,29.94 | 1014,4.0 | 0.16
2018-05-12,20.0,11.0,69.0,5.0,29.94,1.7,20 | 68.0,11 | 51.8,69,5 | 3.11,29.94 | 1014,1.7 | 0.07
2018-05-13,20.0,12.0,71.0,4.0,29.91,2.8,20 | 68.0,12 | 53.6,71,4 | 2.49,29.91 | 1013,2.8 | 0.11
2018-05-14,20.0,13.0,74.0,6.0,29.91,10.0,20 | 68.0,13 | 55.4,74,6 | 3.73,29.91 | 1013,10.0 | 0.39
2018-05-15,20.0,12.0,73.0,6.0,29.91,8.0,20 | 68.0,12 | 53.6,73,6 | 3.73,29.91 | 1013,8.0 | 0.31
2018-05-16,18.0,14.0,86.0,5.0,29.97,14.6,18 | 64.4,14 | 57.2,86,5 | 3.11,29.97 | 1015,14.6 | 0.57
2018-05-17,19.0,13.0,79.0,3.0,29.97,7.6,19 | 66.2,13 | 55.4,79,3 | 1.86,29.97 | 1015,7.6 | 0.3
2018-05-18,20.0,13.0,79.0,2.0,29.91,12.4,20 | 68.0,13 | 55.4,79,2 | 1.24,29.91 | 1013,12.4 | 0.49
2018-05-19,18.0,15.0,89.0,4.0,29.94,29.2,18 | 64.4,15 | 59.0,89,4 | 2.49,29.94 | 1014,29.2 | 1.15
2018-05-20,18.0,15.0,87.0,3.0,29.91,33.9,18 | 64.4,15 | 59.0,87,3 | 1.86,29.91 | 1013,33.9 | 1.33
2018-05-21,18.0,15.0,87.0,3.0,29.94,45.9,18 | 64.4,15 | 59.0,87,3 | 1.86,29.94 | 1014,45.9 | 1.81
2018-05-22,15.0,14.0,95.0,3.0,30.0,43.2,15 | 59.0,14 | 57.2,95,3 | 1.86,30.0 | 1016,43.2 | 1.7
2018-05-23,17.0,14.0,88.0,3.0,30.0,20.8,17 | 62.6,14 | 57.2,88,3 | 1.86,30.0 | 1016,20.8 | 0.82
2018-05-24,18.0,14.0,87.0,3.0,29.97,23.7,18 | 64.4,14 | 57.2,87,3 | 1.86,29.97 | 1015,23.7 | 0.93
2018-05-25,18.0,14.0,86.0,2.0,29.94,20.3,18 | 64.4,14 | 57.2,86,2 | 1.24,29.94 | 1014,20.3 | 0.8
2018-05-26,19.0,12.0,78.0,3.0,29.94,3.5,19 | 66.2,12 | 53.6,78,3 | 1.86,29.94 | 1014,3.5 | 0.14
2018-05-27,19.0,12.0,75.0,3.0,29.97,6.4,19 | 66.2,12 | 53.6,75,3 | 1.86,29.97 | 1015,6.4 | 0.25
2018-05-28,19.0,13.0,78.0,2.0,30.0,9.9,19 | 66.2,13 | 55.4,78,2 | 1.24,30.0 | 1016,9.9 | 0.39
2018-05-29,19.0,13.0,78.0,2.0,29.97,9.1,19 | 66.2,13 | 55.4,78,2 | 1.24,29.97 | 1015,9.1 | 0.36
2018-05-30,19.0,13.0,77.0,2.0,29.97,1.8,19 | 66.2,13 | 55.4,77,2 | 1.24,29.97 | 1015,1.8 | 0.07
2018-05-31,19.0,11.0,72.0,3.0,30.0,1.8,19 | 66.2,11 | 51.8,72,3 | 1.86,30.0 | 1016,1.8 | 0.07
2018-06-01,19.0,12.0,76.0,2.0,30.0,2.3,19 | 66.2,12 | 53.6,76,2 | 1.24,30.0 | 1016,2.3 | 0.09
2018-06-02,19.0,14.0,83.0,3.0,30.0,13.1,19 | 66.2,14 | 57.2,83,3 | 1.86,30.0 | 1016,13.1 | 0.52
2018-06-03,18.0,14.0,88.0,4.0,29.97,9.8,18 | 64.4,14 | 57.2,88,4 | 2.49,29.97 | 1015,9.8 | 0.39
2018-06-04,17.0,15.0,91.0,4.0,29.94,31.9,17 | 62.6,15 | 59.0,91,4 | 2.49,29.94 | 1014,31.9 | 1.26
2018-06-05,14.0,14.0,98.0,4.0,30.0,56.6,14 | 57.2,14 | 57.2,98,4 | 2.49,30.0 | 1016,56.6 | 2.23
2018-06-06,15.0,14.0,94.0,3.0,30.06,26.9,15 | 59.0,14 | 57.2,94,3 | 1.86,30.06 | 1018,26.9 | 1.06
2018-06-07,17.0,14.0,91.0,3.0,30.03,23.7,17 | 62.6,14 | 57.2,91,3 | 1.86,30.03 | 1017,23.7 | 0.93
2018-06-08,16.0,14.0,91.0,2.0,30.03,38.6,16 | 60.8,14 | 57.2,91,2 | 1.24,30.03 | 1017,38.6 | 1.52
2018-06-09,18.0,14.0,89.0,2.0,30.03,17.7,18 | 64.4,14 | 57.2,89,2 | 1.24,30.03 | 1017,17.7 | 0.7
2018-06-10,18.0,14.0,86.0,2.0,30.03,13.1,18 | 64.4,14 | 57.2,86,2 | 1.24,30.03 | 1017,13.1 | 0.52
2018-06-11,19.0,13.0,81.0,1.0,30.03,3.0,19 | 66.2,13 | 55.4,81,1 | 0.62,30.03 | 1017,3.0 | 0.12
2018-06-12,18.0,12.0,76.0,4.0,30.06,0.7,18 | 64.4,12 | 53.6,76,4 | 2.49,30.06 | 1018,0.7 | 0.03
2018-06-13,19.0,12.0,77.0,3.0,30.03,1.0,19 | 66.2,12 | 53.6,77,3 | 1.86,30.03 | 1017,1.0 | 0.04
2018-06-14,18.0,13.0,81.0,3.0,30.03,7.3,18 | 64.4,13 | 55.4,81,3 | 1.86,30.03 | 1017,7.3 | 0.29
2018-06-15,18.0,12.0,80.0,3.0,30.0,5.7,18 | 64.4,12 | 53.6,80,3 | 1.86,30.0 | 1016,5.7 | 0.22
2018-06-16,17.0,13.0,86.0,4.0,30.03,14.0,17 | 62.6,13 | 55.4,86,4 | 2.49,30.03 | 1017,14.0 | 0.55
2018-06-17,17.0,13.0,87.0,3.0,30.0,13.5,17 | 62.6,13 | 55.4,87,3 | 1.86,30.0 | 1016,13.5 | 0.53
2018-06-18,18.0,13.0,85.0,2.0,29.97,12.6,18 | 64.4,13 | 55.4,85,2 | 1.24,29.97 | 1015,12.6 | 0.5
2018-06-19,18.0,13.0,82.0,3.0,29.97,4.0,18 | 64.4,13 | 55.4,82,3 | 1.86,29.97 | 1015,4.0 | 0.16
2018-06-20,18.0,12.0,81.0,5.0,30.03,2.0,18 | 64.4,12 | 53.6,81,5 | 3.11,30.03 | 1017,2.0 | 0.08
2018-06-21,18.0,11.0,75.0,5.0,30.06,0.4,18 | 64.4,11 | 51.8,75,5 | 3.11,30.06 | 1018,0.4 | 0.02
2018-06-22,18.0,11.0,72.0,3.0,30.03,2.9,18 | 64.4,11 | 51.8,72,3 | 1.86,30.03 | 1017,2.9 | 0.11
2018-06-23,18.0,12.0,79.0,2.0,30.03,5.3,18 | 64.4,12 | 53.6,79,2 | 1.24,30.03 | 1017,5.3 | 0.21
2018-06-24,17.0,12.0,84.0,3.0,30.0,7.1,17 | 62.6,12 | 53.6,84,3 | 1.86,30.0 | 1016,7.1 | 0.28
2018-06-25,17.0,13.0,87.0,2.0,29.97,16.5,17 | 62.6,13 | 55.4,87,2 | 1.24,29.97 | 1015,16.5 | 0.65
2018-06-26,18.0,13.0,83.0,2.0,29.97,11.7,18 | 64.4,13 | 55.4,83,2 | 1.24,29.97 | 1015,11.7 | 0.46
2018-06-27,17.0,13.0,84.0,2.0,29.97,18.2,17 | 62.6,13 | 55.4,84,2 | 1.24,29.97 | 1015,18.2 | 0.72
2018-06-28,17.0,13.0,84.0,3.0,29.97,14.1,17 | 62.6,13 | 55.4,84,3 | 1.86,29.97 | 1015,14.1 | 0.56
2018-06-29,18.0,13.0,82.0,2.0,29.94,8.5,18 | 64.4,13 | 55.4,82,2 | 1.24,29.94 | 1014,8.5 | 0.33
2018-06-30,17.0,13.0,84.0,4.0,29.94,11.2,17 | 62.6,13 | 55.4,84,4 | 2.49,29.94 | 1014,11.2 | 0.44
2018-07-01,17.0,13.0,82.0,3.0,29.94,12.8,17 | 62.6,13 | 55.4,82,3 | 1.86,29.94 | 1014,12.8 | 0.5
2018-07-02,17.0,14.0,89.0,2.0,29.94,28.8,17 | 62.6,14 | 57.2,89,2 | 1.24,29.94 | 1014,28.8 | 1.13
2018-07-03,18.0,13.0,81.0,2.0,29.97,10.8,18 | 64.4,13 | 55.4,81,2 | 1.24,29.97 | 1015,10.8 | 0.43
2018-07-04,18.0,12.0,79.0,4.0,30.0,7.5,18 | 64.4,12 | 53.6,79,4 | 2.49,30.0 | 1016,7.5 | 0.3
2018-07-05,17.0,13.0,85.0,4.0,30.03,10.2,17 | 62.6,13 | 55.4,85,4 | 2.49,30.03 | 1017,10.2 | 0.4
2018-07-06,17.0,12.0,80.0,3.0,30.03,2.8,17 | 62.6,12 | 53.6,80,3 | 1.86,30.03 | 1017,2.8 | 0.11
2018-07-07,18.0,12.0,76.0,3.0,30.03,3.4,18 | 64.4,12 | 53.6,76,3 | 1.86,30.03 | 1017,3.4 | 0.13
2018-07-08,17.0,12.0,79.0,3.0,30.03,4.3,17 | 62.6,12 | 53.6,79,3 | 1.86,30.03 | 1017,4.3 | 0.17
2018-07-09,16.0,13.0,87.0,4.0,30.03,9.5,16 | 60.8,13 | 55.4,87,4 | 2.49,30.03 | 1017,9.5 | 0.37
2018-07-10,17.0,14.0,88.0,5.0,30.03,22.7,17 | 62.6,14 | 57.2,88,5 | 3.11,30.03 | 1017,22.7 | 0.89
2018-07-11,17.0,13.0,87.0,3.0,30.06,15.6,17 | 62.6,13 | 55.4,87,3 | 1.86,30.06 | 1018,15.6 | 0.61
2018-07-12,17.0,13.0,83.0,3.0,30.06,13.3,17 | 62.6,13 | 55.4,83,3 | 1.86,30.06 | 1018,13.3 | 0.52
2018-07-13,18.0,13.0,83.0,2.0,30.03,11.1,18 | 64.4,13 | 55.4,83,2 | 1.24,30.03 | 1017,11.1 | 0.44
2018-07-14,17.0,14.0,87.0,3.0,30.0,20.4,17 | 62.6,14 | 57.2,87,3 | 1.86,30.0 | 1016,20.4 | 0.8
2018-07-15,18.0,14.0,84.0,4.0,30.0,14.6,18 | 64.4,14 | 57.2,84,4 | 2.49,30.0 | 1016,14.6 | 0.57
2018-07-16,19.0,12.0,76.0,4.0,30.03,4.7,19 | 66.2,12 | 53.6,76,4 | 2.49,30.03 | 1017,4.7 | 0.19
2018-07-17,18.0,11.0,75.0,4.0,30.03,6.1,18 | 64.4,11 | 51.8,75,4 | 2.49,30.03 | 1017,6.1 | 0.24
2018-07-18,17.0,12.0,80.0,5.0,30.0,0.9,17 | 62.6,12 | 53.6,80,5 | 3.11,30.0 | 1016,0.9 | 0.04
2018-07-19,18.0,13.0,80.0,4.0,30.0,5.1,18 | 64.4,13 | 55.4,80,4 | 2.49,30.0 | 1016,5.1 | 0.2
2018-07-20,17.0,13.0,83.0,3.0,30.0,9.3,17 | 62.6,13 | 55.4,83,3 | 1.86,30.0 | 1016,9.3 | 0.37
2018-07-21,19.0,13.0,78.0,3.0,30.0,5.9,19 | 66.2,13 | 55.4,78,3 | 1.86,30.0 | 1016,5.9 | 0.23
2018-07-22,19.0,13.0,77.0,3.0,30.0,6.7,19 | 66.2,13 | 55.4,77,3 | 1.86,30.0 | 1016,6.7 | 0.26
2018-07-23,18.0,13.0,78.0,3.0,30.0,8.7,18 | 64.4,13 | 55.4,78,3 | 1.86,30.0 | 1016,8.7 | 0.34
2018-07-24,17.0,13.0,85.0,4.0,30.0,8.6,17 | 62.6,13 | 55.4,85,4 | 2.49,30.0 | 1016,8.6 | 0.34
2018-07-25,17.0,13.0,82.0,2.0,30.0,8.6,17 | 62.6,13 | 55.4,82,2 | 1.24,30.0 | 1016,8.6 | 0.34
2018-07-26,18.0,13.0,81.0,3.0,30.0,18.9,18 | 64.4,13 | 55.4,81,3 | 1.86,30.0 | 1016,18.9 | 0.74
2018-07-27,18.0,12.0,75.0,3.0,30.03,7.0,18 | 64.4,12 | 53.6,75,3 | 1.86,30.03 | 1017,7.0 | 0.28
2018-07-28,19.0,11.0,73.0,2.0,30.03,4.1,19 | 66.2,11 | 51.8,73,2 | 1.24,30.03 | 1017,4.1 | 0.16
2018-07-29,18.0,12.0,78.0,4.0,30.0,6.8,18 | 64.4,12 | 53.6,78,4 | 2.49,30.0 | 1016,6.8 | 0.27
2018-07-30,18.0,13.0,79.0,3.0,30.0,10.9,18 | 64.4,13 | 55.4,79,3 | 1.86,30.0 | 1016,10.9 | 0.43
2018-07-31,19.0,13.0,79.0,2.0,29.97,20.1,19 | 66.2,13 | 55.4,79,2 | 1.24,29.97 | 1015,20.1 | 0.79
2018-08-01,19.0,12.0,73.0,3.0,29.97,5.2,19 | 66.2,12 | 53.6,73,3 | 1.86,29.97 | 1015,5.2 | 0.2
2018-08-02,20.0,10.0,67.0,4.0,29.97,0.1,20 | 68.0,10 | 50.0,67,4 | 2.49,29.97 | 1015,0.1 | 0.0
2018-08-03,20.0,9.0,61.0,3.0,30.0,0.2,20 | 68.0,9 | 48.2,61,3 | 1.86,30.0 | 1016,0.2 | 0.01
2018-08-04,19.0,11.0,70.0,4.0,30.0,0.2,19 | 66.2,11 | 51.8,70,4 | 2.49,30.0 | 1016,0.2 | 0.01
2018-08-05,19.0,10.0,68.0,3.0,30.0,5.8,19 | 66.2,10 | 50.0,68,3 | 1.86,30.0 | 1016,5.8 | 0.23
2018-08-06,19.0,11.0,70.0,5.0,30.03,5.6,19 | 66.2,11 | 51.8,70,5 | 3.11,30.03 | 1017,5.6 | 0.22
2018-08-07,18.0,10.0,70.0,3.0,30.0,2.1,18 | 64.4,10 | 50.0,70,3 | 1.86,30.0 | 1016,2.1 | 0.08
2018-08-08,19.0,10.0,64.0,4.0,30.0,0.2,19 | 66.2,10 | 50.0,64,4 | 2.49,30.0 | 1016,0.2 | 0.01
2018-08-09,19.0,11.0,70.0,3.0,30.03,2.6,19 | 66.2,11 | 51.8,70,3 | 1.86,30.03 | 1017,2.6 | 0.1
2018-08-10,19.0,12.0,73.0,4.0,30.03,8.5,19 | 66.2,12 | 53.6,73,4 | 2.49,30.03 | 1017,8.5 | 0.33
2018-08-11,18.0,12.0,79.0,5.0,30.0,9.3,18 | 64.4,12 | 53.6,79,5 | 3.11,30.0 | 1016,9.3 | 0.37
2018-08-12,18.0,11.0,71.0,5.0,30.03,7.0,18 | 64.4,11 | 51.8,71,5 | 3.11,30.03 | 1017,7.0 | 0.28
2018-08-13,18.0,12.0,72.0,3.0,30.03,8.8,18 | 64.4,12 | 53.6,72,3 | 1.86,30.03 | 1017,8.8 | 0.35
2018-08-14,19.0,11.0,73.0,4.0,30.03,7.7,19 | 66.2,11 | 51.8,73,4 | 2.49,30.03 | 1017,7.7 | 0.3
2018-08-15,18.0,13.0,76.0,4.0,30.0,3.5,18 | 64.4,13 | 55.4,76,4 | 2.49,30.0 | 1016,3.5 | 0.14
2018-08-16,18.0,12.0,74.0,4.0,30.03,0.9,18 | 64.4,12 | 53.6,74,4 | 2.49,30.03 | 1017,0.9 | 0.04
2018-08-17,18.0,13.0,78.0,5.0,30.0,11.5,18 | 64.4,13 | 55.4,78,5 | 3.11,30.0 | 1016,11.5 | 0.45
2018-08-18,18.0,13.0,81.0,4.0,29.94,9.9,18 | 64.4,13 | 55.4,81,4 | 2.49,29.94 | 1014,9.9 | 0.39
2018-08-19,18.0,13.0,81.0,4.0,29.94,12.9,18 | 64.4,13 | 55.4,81,4 | 2.49,29.94 | 1014,12.9 | 0.51
2018-08-20,18.0,14.0,82.0,2.0,29.97,12.6,18 | 64.4,14 | 57.2,82,2 | 1.24,29.97 | 1015,12.6 | 0.5
2018-08-21,18.0,14.0,85.0,3.0,29.97,23.6,18 | 64.4,14 | 57.2,85,3 | 1.86,29.97 | 1015,23.6 | 0.93
2018-08-22,19.0,13.0,80.0,2.0,29.97,11.1,19 | 66.2,13 | 55.4,80,2 | 1.24,29.97 | 1015,11.1 | 0.44
2018-08-23,18.0,13.0,81.0,2.0,29.94,13.5,18 | 64.4,13 | 55.4,81,2 | 1.24,29.94 | 1014,13.5 | 0.53
2018-08-24,18.0,14.0,85.0,2.0,29.97,20.5,18 | 64.4,14 | 57.2,85,2 | 1.24,29.97 | 1015,20.5 | 0.81
2018-08-25,18.0,14.0,86.0,2.0,30.0,42.4,18 | 64.4,14 | 57.2,86,2 | 1.24,30.0 | 1016,42.4 | 1.67
2018-08-26,18.0,13.0,82.0,3.0,29.97,15.1,18 | 64.4,13 | 55.4,82,3 | 1.86,29.97 | 1015,15.1 | 0.59
2018-08-27,18.0,14.0,86.0,4.0,29.94,19.9,18 | 64.4,14 | 57.2,86,4 | 2.49,29.94 | 1014,19.9 | 0.78
2018-08-28,18.0,14.0,83.0,3.0,29.94,16.5,18 | 64.4,14 | 57.2,83,3 | 1.86,29.94 | 1014,16.5 | 0.65
2018-08-29,18.0,13.0,82.0,4.0,29.97,16.7,18 | 64.4,13 | 55.4,82,4 | 2.49,29.97 | 1015,16.7 | 0.66
2018-08-30,17.0,14.0,90.0,3.0,29.94,53.0,17 | 62.6,14 | 57.2,90,3 | 1.86,29.94 | 1014,53.0 | 2.09
2018-08-31,18.0,14.0,84.0,3.0,29.91,21.3,18 | 64.4,14 | 57.2,84,3 | 1.86,29.91 | 1013,21.3 | 0.84
2018-09-01,18.0,14.0,84.0,3.0,29.94,17.9,18 | 64.4,14 | 57.2,84,3 | 1.86,29.94 | 1014,17.9 | 0.7
2018-09-02,18.0,14.0,83.0,2.0,29.91,18.6,18 | 64.4,14 | 57.2,83,2 | 1.24,29.91 | 1013,18.6 | 0.73
2018-09-03,17.0,14.0,83.0,3.0,29.91,11.1,17 | 62.6,14 | 57.2,83,3 | 1.86,29.91 | 1013,11.1 | 0.44
2018-09-04,18.0,13.0,82.0,3.0,29.94,16.1,18 | 64.4,13 | 55.4,82,3 | 1.86,29.94 | 1014,16.1 | 0.63
2018-09-05,18.0,13.0,77.0,5.0,29.97,12.2,18 | 64.4,13 | 55.4,77,5 | 3.11,29.97 | 1015,12.2 | 0.48
2018-09-06,19.0,11.0,68.0,5.0,29.94,1.0,19 | 66.2,11 | 51.8,68,5 | 3.11,29.94 | 1014,1.0 | 0.04
2018-09-07,19.0,10.0,65.0,6.0,29.94,1.9,19 | 66.2,10 | 50.0,65,6 | 3.73,29.94 | 1014,1.9 | 0.07
2018-09-08,19.0,10.0,65.0,5.0,29.94,3.9,19 | 66.2,10 | 50.0,65,5 | 3.11,29.94 | 1014,3.9 | 0.15
2018-09-09,19.0,10.0,65.0,4.0,29.94,2.4,19 | 66.2,10 | 50.0,65,4 | 2.49,29.94 | 1014,2.4 | 0.09
2018-09-10,20.0,10.0,64.0,3.0,29.94,3.5,20 | 68.0,10 | 50.0,64,3 | 1.86,29.94 | 1014,3.5 | 0.14
2018-09-11,20.0,10.0,65.0,6.0,29.94,0.5,20 | 68.0,10 | 50.0,65,6 | 3.73,29.94 | 1014,0.5 | 0.02
2018-09-12,19.0,8.0,59.0,6.0,29.94,0.5,19 | 66.2,8 | 46.4,59,6 | 3.73,29.94 | 1014,0.5 | 0.02
2018-09-13,19.0,8.0,59.0,5.0,29.94,0.1,19 | 66.2,8 | 46.4,59,5 | 3.11,29.94 | 1014,0.1 | 0.0
2018-09-14,20.0,10.0,62.0,3.0,29.94,1.2,20 | 68.0,10 | 50.0,62,3 | 1.86,29.94 | 1014,1.2 | 0.05
2018-09-15,20.0,10.0,62.0,4.0,29.94,0.4,20 | 68.0,10 | 50.0,62,4 | 2.49,29.94 | 1014,0.4 | 0.02
2018-09-16,20.0,10.0,60.0,3.0,29.91,3.2,20 | 68.0,10 | 50.0,60,3 | 1.86,29.91 | 1013,3.2 | 0.13
2018-09-17,20.0,10.0,62.0,3.0,29.91,0.4,20 | 68.0,10 | 50.0,62,3 | 1.86,29.91 | 1013,0.4 | 0.02
2018-09-18,21.0,10.0,61.0,4.0,29.88,1.5,21 | 69.8,10 | 50.0,61,4 | 2.49,29.88 | 1012,1.5 | 0.06
2018-09-19,20.0,10.0,59.0,4.0,29.91,0.2,20 | 68.0,10 | 50.0,59,4 | 2.49,29.91 | 1013,0.2 | 0.01
2018-09-20,21.0,8.0,55.0,5.0,29.94,0.0,21 | 69.8,8 | 46.4,55,5 | 3.11,29.94 | 1014,0.0 | 0.0
2018-09-21,21.0,10.0,62.0,4.0,29.91,1.3,21 | 69.8,10 | 50.0,62,4 | 2.49,29.91 | 1013,1.3 | 0.05
2018-09-22,20.0,11.0,66.0,5.0,29.91,3.1,20 | 68.0,11 | 51.8,66,5 | 3.11,29.91 | 1013,3.1 | 0.12
2018-09-23,20.0,9.0,59.0,7.0,29.91,0.8,20 | 68.0,9 | 48.2,59,7 | 4.35,29.91 | 1013,0.8 | 0.03
2018-09-24,20.0,7.0,52.0,9.0,29.91,0.0,20 | 68.0,7 | 44.6,52,9 | 5.59,29.91 | 1013,0.0 | 0.0
2018-09-25,20.0,9.0,57.0,7.0,29.91,0.0,20 | 68.0,9 | 48.2,57,7 | 4.35,29.91 | 1013,0.0 | 0.0
2018-09-26,19.0,9.0,60.0,5.0,29.94,2.1,19 | 66.2,9 | 48.2,60,5 | 3.11,29.94 | 1014,2.1 | 0.08
2018-09-27,20.0,10.0,64.0,5.0,29.91,0.5,20 | 68.0,10 | 50.0,64,5 | 3.11,29.91 | 1013,0.5 | 0.02
2018-09-28,21.0,9.0,60.0,9.0,29.88,0.1,21 | 69.8,9 | 48.2,60,9 | 5.59,29.88 | 1012,0.1 | 0.0
2018-09-29,20.0,8.0,56.0,8.0,29.88,0.2,20 | 68.0,8 | 46.4,56,8 | 4.97,29.88 | 1012,0.2 | 0.01
2018-09-30,20.0,11.0,65.0,4.0,29.91,3.2,20 | 68.0,11 | 51.8,65,4 | 2.49,29.91 | 1013,3.2 | 0.13
2018-10-01,20.0,9.0,59.0,6.0,29.88,0.9,20 | 68.0,9 | 48.2,59,6 | 3.73,29.88 | 1012,0.9 | 0.04
2018-10-02,19.0,9.0,59.0,5.0,29.91,1.3,19 | 66.2,9 | 48.2,59,5 | 3.11,29.91 | 1013,1.3 | 0.05
2018-10-03,20.0,8.0,56.0,7.0,29.94,0.0,20 | 68.0,8 | 46.4,56,7 | 4.35,29.94 | 1014,0.0 | 0.0
2018-10-04,20.0,9.0,58.0,7.0,29.94,0.0,20 | 68.0,9 | 48.2,58,7 | 4.35,29.94 | 1014,0.0 | 0.0
2018-10-05,21.0,8.0,54.0,8.0,29.94,0.0,21 | 69.8,8 | 46.4,54,8 | 4.97,29.94 | 1014,0.0 | 0.0
2018-10-06,21.0,10.0,61.0,5.0,29.91,2.6,21 | 69.8,10 | 50.0,61,5 | 3.11,29.91 | 1013,2.6 | 0.1
2018-10-07,20.0,11.0,68.0,5.0,29.91,8.7,20 | 68.0,11 | 51.8,68,5 | 3.11,29.91 | 1013,8.7 | 0.34
2018-10-08,20.0,12.0,72.0,5.0,29.91,14.9,20 | 68.0,12 | 53.6,72,5 | 3.11,29.91 | 1013,14.9 | 0.59
2018-10-09,20.0,12.0,68.0,5.0,29.88,10.5,20 | 68.0,12 | 53.6,68,5 | 3.11,29.88 | 1012,10.5 | 0.41
2018-10-10,19.0,12.0,72.0,6.0,29.91,9.3,19 | 66.2,12 | 53.6,72,6 | 3.73,29.91 | 1013,9.3 | 0.37
2018-10-11,20.0,11.0,67.0,5.0,29.91,1.7,20 | 68.0,11 | 51.8,67,5 | 3.11,29.91 | 1013,1.7 | 0.07
2018-10-12,20.0,10.0,64.0,4.0,29.91,2.6,20 | 68.0,10 | 50.0,64,4 | 2.49,29.91 | 1013,2.6 | 0.1
2018-10-13,21.0,10.0,58.0,6.0,29.91,0.1,21 | 69.8,10 | 50.0,58,6 | 3.73,29.91 | 1013,0.1 | 0.0
2018-10-14,20.0,10.0,63.0,5.0,29.91,4.4,20 | 68.0,10 | 50.0,63,5 | 3.11,29.91 | 1013,4.4 | 0.17
2018-10-15,20.0,12.0,70.0,4.0,29.94,12.1,20 | 68.0,12 | 53.6,70,4 | 2.49,29.94 | 1014,12.1 | 0.48
2018-10-16,19.0,13.0,74.0,5.0,29.94,17.4,19 | 66.2,13 | 55.4,74,5 | 3.11,29.94 | 1014,17.4 | 0.69
2018-10-17,19.0,12.0,76.0,6.0,29.91,15.0,19 | 66.2,12 | 53.6,76,6 | 3.73,29.91 | 1013,15.0 | 0.59
2018-10-18,20.0,12.0,71.0,6.0,29.88,9.6,20 | 68.0,12 | 53.6,71,6 | 3.73,29.88 | 1012,9.6 | 0.38
2018-10-19,19.0,13.0,76.0,4.0,29.91,14.2,19 | 66.2,13 | 55.4,76,4 | 2.49,29.91 | 1013,14.2 | 0.56
2018-10-20,19.0,11.0,70.0,8.0,29.94,2.6,19 | 66.2,11 | 51.8,70,8 | 4.97,29.94 | 1014,2.6 | 0.1
2018-10-21,19.0,9.0,60.0,13.0,29.94,0.0,19 | 66.2,9 | 48.2,60,13 | 8.08,29.94 | 1014,0.0 | 0.0
2018-10-22,19.0,8.0,55.0,14.0,29.94,0.0,19 | 66.2,8 | 46.4,55,14 | 8.7,29.94 | 1014,0.0 | 0.0
2018-10-23,19.0,9.0,59.0,12.0,29.94,0.0,19 | 66.2,9 | 48.2,59,12 | 7.46,29.94 | 1014,0.0 | 0.0
2018-10-24,19.0,9.0,59.0,8.0,29.97,0.0,19 | 66.2,9 | 48.2,59,8 | 4.97,29.97 | 1015,0.0 | 0.0
2018-10-25,19.0,9.0,61.0,7.0,29.94,1.1,19 | 66.2,9 | 48.2,61,7 | 4.35,29.94 | 1014,1.1 | 0.04
2018-10-26,19.0,11.0,68.0,8.0,29.94,3.4,19 | 66.2,11 | 51.8,68,8 | 4.97,29.94 | 1014,3.4 | 0.13
2018-10-27,19.0,11.0,71.0,5.0,29.97,2.4,19 | 66.2,11 | 51.8,71,5 | 3.11,29.97 | 1015,2.4 | 0.09
2018-10-28,19.0,12.0,71.0,6.0,29.97,5.9,19 | 66.2,12 | 53.6,71,6 | 3.73,29.97 | 1015,5.9 | 0.23
2018-10-29,19.0,11.0,72.0,9.0,29.91,2.8,19 | 66.2,11 | 51.8,72,9 | 5.59,29.91 | 1013,2.8 | 0.11
2018-10-30,20.0,11.0,68.0,9.0,29.91,1.4,20 | 68.0,11 | 51.8,68,9 | 5.59,29.91 | 1013,1.4 | 0.06
2018-10-31,20.0,9.0,58.0,9.0,29.88,0.0,20 | 68.0,9 | 48.2,58,9 | 5.59,29.88 | 1012,0.0 | 0.0
2018-11-01,20.0,12.0,68.0,10.0,29.91,1.8,20 | 68.0,12 | 53.6,68,10 | 6.21,29.91 | 1013,1.8 | 0.07
2018-11-02,20.0,12.0,71.0,8.0,29.91,3.2,20 | 68.0,12 | 53.6,71,8 | 4.97,29.91 | 1013,3.2 | 0.13
2018-11-03,20.0,12.0,72.0,9.0,29.91,7.7,20 | 68.0,12 | 53.6,72,9 | 5.59,29.91 | 1013,7.7 | 0.3
2018-11-04,20.0,11.0,70.0,7.0,29.91,0.4,20 | 68.0,11 | 51.8,70,7 | 4.35,29.91 | 1013,0.4 | 0.02
2018-11-05,20.0,11.0,67.0,4.0,29.91,1.3,20 | 68.0,11 | 51.8,67,4 | 2.49,29.91 | 1013,1.3 | 0.05
2018-11-06,20.0,10.0,65.0,6.0,29.91,1.7,20 | 68.0,10 | 50.0,65,6 | 3.73,29.91 | 1013,1.7 | 0.07
2018-11-07,20.0,11.0,65.0,7.0,29.91,1.6,20 | 68.0,11 | 51.8,65,7 | 4.35,29.91 | 1013,1.6 | 0.06
2018-11-08,21.0,12.0,69.0,6.0,29.94,5.6,21 | 69.8,12 | 53.6,69,6 | 3.73,29.94 | 1014,5.6 | 0.22
2018-11-09,20.0,12.0,70.0,5.0,29.91,14.3,20 | 68.0,12 | 53.6,70,5 | 3.11,29.91 | 1013,14.3 | 0.56
2018-11-10,20.0,12.0,72.0,4.0,29.94,11.7,20 | 68.0,12 | 53.6,72,4 | 2.49,29.94 | 1014,11.7 | 0.46
2018-11-11,19.0,11.0,71.0,6.0,29.94,5.1,19 | 66.2,11 | 51.8,71,6 | 3.73,29.94 | 1014,5.1 | 0.2
2018-11-12,20.0,10.0,66.0,10.0,29.94,0.7,20 | 68.0,10 | 50.0,66,10 | 6.21,29.94 | 1014,0.7 | 0.03
2018-11-13,19.0,12.0,73.0,9.0,29.88,6.5,19 | 66.2,12 | 53.6,73,9 | 5.59,29.88 | 1012,6.5 | 0.26
2018-11-14,20.0,12.0,70.0,10.0,29.85,1.5,20 | 68.0,12 | 53.6,70,10 | 6.21,29.85 | 1011,1.5 | 0.06
2018-11-15,19.0,12.0,75.0,7.0,29.88,8.7,19 | 66.2,12 | 53.6,75,7 | 4.35,29.88 | 1012,8.7 | 0.34
2018-11-16,20.0,12.0,69.0,6.0,29.94,4.9,20 | 68.0,12 | 53.6,69,6 | 3.73,29.94 | 1014,4.9 | 0.19
2018-11-17,21.0,10.0,62.0,5.0,29.94,1.3,21 | 69.8,10 | 50.0,62,5 | 3.11,29.94 | 1014,1.3 | 0.05
2018-11-18,20.0,11.0,68.0,5.0,29.94,4.2,20 | 68.0,11 | 51.8,68,5 | 3.11,29.94 | 1014,4.2 | 0.17
2018-11-19,19.0,12.0,74.0,8.0,29.94,8.2,19 | 66.2,12 | 53.6,74,8 | 4.97,29.94 | 1014,8.2 | 0.32
2018-11-20,20.0,12.0,72.0,10.0,29.94,2.3,20 | 68.0,12 | 53.6,72,10 | 6.21,29.94 | 1014,2.3 | 0.09
2018-11-21,20.0,11.0,68.0,8.0,29.94,2.8,20 | 68.0,11 | 51.8,68,8 | 4.97,29.94 | 1014,2.8 | 0.11
2018-11-22,19.0,10.0,67.0,9.0,29.91,1.7,19 | 66.2,10 | 50.0,67,9 | 5.59,29.91 | 1013,1.7 | 0.07
2018-11-23,19.0,10.0,65.0,9.0,29.94,0.3,19 | 66.2,10 | 50.0,65,9 | 5.59,29.94 | 1014,0.3 | 0.01
2018-11-24,20.0,8.0,59.0,11.0,29.94,0.0,20 | 68.0,8 | 46.4,59,11 | 6.84,29.94 | 1014,0.0 | 0.0
2018-11-25,20.0,10.0,61.0,13.0,29.94,0.0,20 | 68.0,10 | 50.0,61,13 | 8.08,29.94 | 1014,0.0 | 0.0
2018-11-26,20.0,11.0,66.0,13.0,29.91,0.0,20 | 68.0,11 | 51.8,66,13 | 8.08,29.91 | 1013,0.0 | 0.0
2018-11-27,20.0,11.0,64.0,13.0,29.91,0.0,20 | 68.0,11 | 51.8,64,13 | 8.08,29.91 | 1013,0.0 | 0.0
2018-11-28,20.0,11.0,64.0,13.0,29.91,0.0,20 | 68.0,11 | 51.8,64,13 | 8.08,29.91 | 1013,0.0 | 0.0
2018-11-29,20.0,11.0,66.0,16.0,29.91,0.0,20 | 68.0,11 | 51.8,66,16 | 9.94,29.91 | 1013,0.0 | 0.0
2018-11-30,19.0,10.0,63.0,20.0,29.91,0.0,19 | 66.2,10 | 50.0,63,20 | 12.43,29.91 | 1013,0.0 | 0.0
2018-12-01,20.0,10.0,64.0,18.0,29.88,0.0,20 | 68.0,10 | 50.0,64,18 | 11.18,29.88 | 1012,0.0 | 0.0
2018-12-02,20.0,11.0,68.0,8.0,29.88,2.9,20 | 68.0,11 | 51.8,68,8 | 4.97,29.88 | 1012,2.9 | 0.11
2018-12-03,20.0,11.0,69.0,9.0,29.88,1.2,20 | 68.0,11 | 51.8,69,9 | 5.59,29.88 | 1012,1.2 | 0.05
2018-12-04,20.0,11.0,69.0,8.0,29.91,2.4,20 | 68.0,11 | 51.8,69,8 | 4.97,29.91 | 1013,2.4 | 0.09
2018-12-05,20.0,11.0,66.0,10.0,29.91,0.2,20 | 68.0,11 | 51.8,66,10 | 6.21,29.91 | 1013,0.2 | 0.01
2018-12-06,20.0,9.0,62.0,6.0,29.91,0.5,20 | 68.0,9 | 48.2,62,6 | 3.73,29.91 | 1013,0.5 | 0.02
2018-12-07,21.0,9.0,60.0,10.0,29.85,0.1,21 | 69.8,9 | 48.2,60,10 | 6.21,29.85 | 1011,0.1 | 0.0
2018-12-08,20.0,11.0,66.0,7.0,29.91,4.8,20 | 68.0,11 | 51.8,66,7 | 4.35,29.91 | 1013,4.8 | 0.19
2018-12-09,20.0,10.0,67.0,4.0,29.97,7.5,20 | 68.0,10 | 50.0,67,4 | 2.49,29.97 | 1015,7.5 | 0.3
2018-12-10,18.0,12.0,76.0,3.0,30.0,18.0,18 | 64.4,12 | 53.6,76,3 | 1.86,30.0 | 1016,18.0 | 0.71
2018-12-11,17.0,12.0,82.0,3.0,30.03,18.8,17 | 62.6,12 | 53.6,82,3 | 1.86,30.03 | 1017,18.8 | 0.74
2018-12-12,19.0,12.0,75.0,4.0,30.03,3.1,19 | 66.2,12 | 53.6,75,4 | 2.49,30.03 | 1017,3.1 | 0.12
2018-12-13,19.0,11.0,71.0,8.0,30.03,2.5,19 | 66.2,11 | 51.8,71,8 | 4.97,30.03 | 1017,2.5 | 0.1
2018-12-14,19.0,11.0,70.0,7.0,30.03,2.3,19 | 66.2,11 | 51.8,70,7 | 4.35,30.03 | 1017,2.3 | 0.09
2018-12-15,19.0,11.0,70.0,8.0,30.0,1.7,19 | 66.2,11 | 51.8,70,8 | 4.97,30.0 | 1016,1.7 | 0.07
2018-12-16,20.0,10.0,65.0,7.0,30.0,0.5,20 | 68.0,10 | 50.0,65,7 | 4.35,30.0 | 1016,0.5 | 0.02
2018-12-17,20.0,8.0,57.0,7.0,30.0,0.1,20 | 68.0,8 | 46.4,57,7 | 4.35,30.0 | 1016,0.1 | 0.0
2018-12-18,21.0,9.0,57.0,6.0,29.97,0.1,21 | 69.8,9 | 48.2,57,6 | 3.73,29.97 | 1015,0.1 | 0.0
2018-12-19,19.0,10.0,63.0,5.0,29.97,0.9,19 | 66.2,10 | 50.0,63,5 | 3.11,29.97 | 1015,0.9 | 0.04
2018-12-20,20.0,10.0,63.0,7.0,29.94,0.2,20 | 68.0,10 | 50.0,63,7 | 4.35,29.94 | 1014,0.2 | 0.01
2018-12-21,20.0,10.0,63.0,7.0,29.94,0.7,20 | 68.0,10 | 50.0,63,7 | 4.35,29.94 | 1014,0.7 | 0.03
2018-12-22,19.0,10.0,66.0,5.0,29.91,1.9,19 | 66.2,10 | 50.0,66,5 | 3.11,29.91 | 1013,1.9 | 0.07
2018-12-23,19.0,11.0,69.0,6.0,29.91,1.7,19 | 66.2,11 | 51.8,69,6 | 3.73,29.91 | 1013,1.7 | 0.07
2018-12-24,20.0,10.0,63.0,9.0,29.94,0.0,20 | 68.0,10 | 50.0,63,9 | 5.59,29.94 | 1014,0.0 | 0.0
2018-12-25,19.0,9.0,61.0,12.0,29.94,0.0,19 | 66.2,9 | 48.2,61,12 | 7.46,29.94 | 1014,0.0 | 0.0
2018-12-26,20.0,8.0,59.0,12.0,29.94,0.0,20 | 68.0,8 | 46.4,59,12 | 7.46,29.94 | 1014,0.0 | 0.0
2018-12-27,20.0,8.0,56.0,12.0,29.94,0.0,20 | 68.0,8 | 46.4,56,12 | 7.46,29.94 | 1014,0.0 | 0.0
2018-12-28,20.0,9.0,61.0,9.0,29.94,0.1,20 | 68.0,9 | 48.2,61,9 | 5.59,29.94 | 1014,0.1 | 0.0
2018-12-29,20.0,9.0,60.0,7.0,29.94,0.8,20 | 68.0,9 | 48.2,60,7 | 4.35,29.94 | 1014,0.8 | 0.03
2018-12-30,20.0,10.0,63.0,8.0,29.94,0.4,20 | 68.0,10 | 50.0,63,8 | 4.97,29.94 | 1014,0.4 | 0.02
2018-12-31,20.0,9.0,62.0,10.0,29.97,0.0,20 | 68.0,9 | 48.2,62,10 | 6.21,29.97 | 1015,0.0 | 0.0
2019-01-01,20.0,8.0,57.0,17.0,30.0,0.0,20 | 68.0,8 | 46.4,57,17 | 10.56,30.0 | 1016,0.0 | 0.0
2019-01-02,21.0,7.0,51.0,13.0,30.0,0.1,21 | 69.8,7 | 44.6,51,13 | 8.08,30.0 | 1016,0.1 | 0.0
2019-01-03,21.0,10.0,58.0,20.0,29.97,0.3,21 | 69.8,10 | 50.0,58,20 | 12.43,29.97 | 1015,0.3 | 0.01
2019-01-04,20.0,12.0,70.0,26.0,29.97,1.8,20 | 68.0,12 | 53.6,70,26 | 16.16,29.97 | 1015,1.8 | 0.07
2019-01-05,20.0,11.0,63.0,28.0,29.97,0.1,20 | 68.0,11 | 51.8,63,28 | 17.4,29.97 | 1015,0.1 | 0.0
2019-01-06,21.0,9.0,58.0,22.0,29.94,1.2,21 | 69.8,9 | 48.2,58,22 | 13.67,29.94 | 1014,1.2 | 0.05
2019-01-07,20.0,4.0,44.0,16.0,29.94,0.0,20 | 68.0,4 | 39.2,44,16 | 9.94,29.94 | 1014,0.0 | 0.0
2019-01-08,19.0,7.0,52.0,19.0,29.91,0.1,19 | 66.2,7 | 44.6,52,19 | 11.81,29.91 | 1013,0.1 | 0.0
2019-01-09,21.0,5.0,47.0,20.0,29.91,0.0,21 | 69.8,5 | 41.0,47,20 | 12.43,29.91 | 1013,0.0 | 0.0
2019-01-10,21.0,5.0,45.0,22.0,29.94,0.0,21 | 69.8,5 | 41.0,45,22 | 13.67,29.94 | 1014,0.0 | 0.0
2019-01-11,20.0,6.0,47.0,23.0,29.91,0.0,20 | 68.0,6 | 42.8,47,23 | 14.29,29.91 | 1013,0.0 | 0.0
2019-01-12,21.0,6.0,46.0,26.0,29.91,0.0,21 | 69.8,6 | 42.8,46,26 | 16.16,29.91 | 1013,0.0 | 0.0
2019-01-13,21.0,8.0,51.0,22.0,29.91,0.0,21 | 69.8,8 | 46.4,51,22 | 13.67,29.91 | 1013,0.0 | 0.0
2019-01-14,20.0,9.0,58.0,15.0,29.91,0.5,20 | 68.0,9 | 48.2,58,15 | 9.32,29.91 | 1013,0.5 | 0.02
2019-01-15,19.0,10.0,64.0,9.0,29.94,0.6,19 | 66.2,10 | 50.0,64,9 | 5.59,29.94 | 1014,0.6 | 0.02
2019-01-16,20.0,10.0,67.0,9.0,29.97,3.3,20 | 68.0,10 | 50.0,67,9 | 5.59,29.97 | 1015,3.3 | 0.13
2019-01-17,21.0,10.0,62.0,7.0,29.94,0.6,21 | 69.8,10 | 50.0,62,7 | 4.35,29.94 | 1014,0.6 | 0.02
2019-01-18,21.0,10.0,56.0,9.0,29.94,0.5,21 | 69.8,10 | 50.0,56,9 | 5.59,29.94 | 1014,0.5 | 0.02
2019-01-19,20.0,10.0,60.0,9.0,29.94,0.6,20 | 68.0,10 | 50.0,60,9 | 5.59,29.94 | 1014,0.6 | 0.02
2019-01-20,20.0,9.0,60.0,9.0,29.97,0.1,20 | 68.0,9 | 48.2,60,9 | 5.59,29.97 | 1015,0.1 | 0.0
2019-01-21,20.0,9.0,59.0,9.0,29.97,0.4,20 | 68.0,9 | 48.2,59,9 | 5.59,29.97 | 1015,0.4 | 0.02
2019-01-22,21.0,9.0,55.0,12.0,29.91,1.0,21 | 69.8,9 | 48.2,55,12 | 7.46,29.91 | 1013,1.0 | 0.04
2019-01-23,21.0,8.0,54.0,10.0,29.94,0.4,21 | 69.8,8 | 46.4,54,10 | 6.21,29.94 | 1014,0.4 | 0.02
2019-01-24,21.0,8.0,56.0,14.0,29.94,0.7,21 | 69.8,8 | 46.4,56,14 | 8.7,29.94 | 1014,0.7 | 0.03
2019-01-25,22.0,8.0,53.0,15.0,29.94,1.2,22 | 71.6,8 | 46.4,53,15 | 9.32,29.94 | 1014,1.2 | 0.05
2019-01-26,22.0,6.0,45.0,17.0,29.94,0.0,22 | 71.6,6 | 42.8,45,17 | 10.56,29.94 | 1014,0.0 | 0.0
2019-01-27,22.0,7.0,50.0,16.0,29.94,0.0,22 | 71.6,7 | 44.6,50,16 | 9.94,29.94 | 1014,0.0 | 0.0
2019-01-28,22.0,6.0,43.0,20.0,29.91,0.0,22 | 71.6,6 | 42.8,43,20 | 12.43,29.91 | 1013,0.0 | 0.0
2019-01-29,22.0,6.0,49.0,18.0,29.91,0.0,22 | 71.6,6 | 42.8,49,18 | 11.18,29.91 | 1013,0.0 | 0.0
2019-01-30,22.0,3.0,39.0,19.0,29.91,0.0,22 | 71.6,3 | 37.4,39,19 | 11.81,29.91 | 1013,0.0 | 0.0
2019-01-31,22.0,5.0,45.0,19.0,29.94,0.0,22 | 71.6,5 | 41.0,45,19 | 11.81,29.94 | 1014,0.0 | 0.0
2019-02-01,22.0,6.0,45.0,19.0,29.94,0.0,22 | 71.6,6 | 42.8,45,19 | 11.81,29.94 | 1014,0.0 | 0.0
2019-02-02,23.0,3.0,36.0,18.0,29.91,0.0,23 | 73.4,3 | 37.4,36,18 | 11.18,29.91 | 1013,0.0 | 0.0
2019-02-03,22.0,4.0,36.0,13.0,29.91,0.0,22 | 71.6,4 | 39.2,36,13 | 8.08,29.91 | 1013,0.0 | 0.0
2019-02-04,23.0,6.0,41.0,16.0,29.88,0.0,23 | 73.4,6 | 42.8,41,16 | 9.94,29.88 | 1012,0.0 | 0.0
2019-02-05,22.0,8.0,46.0,21.0,29.91,0.1,22 | 71.6,8 | 46.4,46,21 | 13.05,29.91 | 1013,0.1 | 0.0
2019-02-06,22.0,8.0,47.0,20.0,29.91,0.6,22 | 71.6,8 | 46.4,47,20 | 12.43,29.91 | 1013,0.6 | 0.02
2019-02-07,23.0,7.0,46.0,16.0,29.91,0.3,23 | 73.4,7 | 44.6,46,16 | 9.94,29.91 | 1013,0.3 | 0.01
2019-02-08,22.0,9.0,52.0,13.0,29.91,0.2,22 | 71.6,9 | 48.2,52,13 | 8.08,29.91 | 1013,0.2 | 0.01
2019-02-09,23.0,9.0,47.0,18.0,29.88,0.4,23 | 73.4,9 | 48.2,47,18 | 11.18,29.88 | 1012,0.4 | 0.02
2019-02-10,22.0,8.0,49.0,24.0,29.88,0.2,22 | 71.6,8 | 46.4,49,24 | 14.91,29.88 | 1012,0.2 | 0.01
2019-02-11,23.0,4.0,41.0,18.0,29.91,0.0,23 | 73.4,4 | 39.2,41,18 | 11.18,29.91 | 1013,0.0 | 0.0
2019-02-12,22.0,3.0,39.0,19.0,29.88,0.0,22 | 71.6,3 | 37.4,39,19 | 11.81,29.88 | 1012,0.0 | 0.0
2019-02-13,22.0,6.0,44.0,25.0,29.91,0.0,22 | 71.6,6 | 42.8,44,25 | 15.53,29.91 | 1013,0.0 | 0.0
2019-02-14,22.0,7.0,47.0,23.0,29.97,0.0,22 | 71.6,7 | 44.6,47,23 | 14.29,29.97 | 1015,0.0 | 0.0
2019-02-15,22.0,6.0,47.0,15.0,29.97,0.4,22 | 71.6,6 | 42.8,47,15 | 9.32,29.97 | 1015,0.4 | 0.02
2019-02-16,22.0,8.0,52.0,14.0,29.97,0.7,22 | 71.6,8 | 46.4,52,14 | 8.7,29.97 | 1015,0.7 | 0.03
2019-02-17,22.0,8.0,52.0,17.0,29.94,0.0,22 | 71.6,8 | 46.4,52,17 | 10.56,29.94 | 1014,0.0 | 0.0
2019-02-18,23.0,3.0,38.0,15.0,29.91,0.0,23 | 73.4,3 | 37.4,38,15 | 9.32,29.91 | 1013,0.0 | 0.0
2019-02-19,23.0,9.0,53.0,9.0,29.88,0.7,23 | 73.4,9 | 48.2,53,9 | 5.59,29.88 | 1012,0.7 | 0.03
2019-02-20,23.0,10.0,55.0,15.0,29.88,3.7,23 | 73.4,10 | 50.0,55,15 | 9.32,29.88 | 1012,3.7 | 0.15
2019-02-21,21.0,10.0,61.0,19.0,29.94,3.3,21 | 69.8,10 | 50.0,61,19 | 11.81,29.94 | 1014,3.3 | 0.13
2019-02-22,21.0,9.0,55.0,18.0,29.91,3.4,21 | 69.8,9 | 48.2,55,18 | 11.18,29.91 | 1013,3.4 | 0.13
2019-02-23,20.0,10.0,65.0,12.0,29.94,8.5,20 | 68.0,10 | 50.0,65,12 | 7.46,29.94 | 1014,8.5 | 0.33
2019-02-24,20.0,10.0,65.0,11.0,29.94,4.0,20 | 68.0,10 | 50.0,65,11 | 6.84,29.94 | 1014,4.0 | 0.16
2019-02-25,21.0,9.0,60.0,13.0,29.94,2.7,21 | 69.8,9 | 48.2,60,13 | 8.08,29.94 | 1014,2.7 | 0.11
2019-02-26,22.0,5.0,45.0,25.0,29.91,0.0,22 | 71.6,5 | 41.0,45,25 | 15.53,29.91 | 1013,0.0 | 0.0
2019-02-27,22.0,5.0,41.0,25.0,29.88,0.0,22 | 71.6,5 | 41.0,41,25 | 15.53,29.88 | 1012,0.0 | 0.0
2019-02-28,23.0,5.0,40.0,19.0,29.91,0.0,23 | 73.4,5 | 41.0,40,19 | 11.81,29.91 | 1013,0.0 | 0.0
2019-03-01,24.0,6.0,40.0,13.0,29.91,0.1,24 | 75.2,6 | 42.8,40,13 | 8.08,29.91 | 1013,0.1 | 0.0
2019-03-02,22.0,10.0,54.0,8.0,29.91,3.6,22 | 71.6,10 | 50.0,54,8 | 4.97,29.91 | 1013,3.6 | 0.14
2019-03-03,22.0,10.0,56.0,6.0,29.94,6.4,22 | 71.6,10 | 50.0,56,6 | 3.73,29.94 | 1014,6.4 | 0.25
2019-03-04,22.0,10.0,58.0,8.0,29.94,0.5,22 | 71.6,10 | 50.0,58,8 | 4.97,29.94 | 1014,0.5 | 0.02
2019-03-05,21.0,11.0,64.0,13.0,29.94,8.4,21 | 69.8,11 | 51.8,64,13 | 8.08,29.94 | 1014,8.4 | 0.33
2019-03-06,22.0,8.0,52.0,10.0,29.94,0.0,22 | 71.6,8 | 46.4,52,10 | 6.21,29.94 | 1014,0.0 | 0.0
2019-03-07,21.0,9.0,55.0,8.0,29.94,1.2,21 | 69.8,9 | 48.2,55,8 | 4.97,29.94 | 1014,1.2 | 0.05
2019-03-08,21.0,8.0,48.0,13.0,29.94,0.0,21 | 69.8,8 | 46.4,48,13 | 8.08,29.94 | 1014,0.0 | 0.0
2019-03-09,22.0,8.0,54.0,23.0,29.94,0.1,22 | 71.6,8 | 46.4,54,23 | 14.29,29.94 | 1014,0.1 | 0.0
2019-03-10,22.0,3.0,38.0,20.0,29.94,0.0,22 | 71.6,3 | 37.4,38,20 | 12.43,29.94 | 1014,0.0 | 0.0
2019-03-11,23.0,4.0,39.0,16.0,29.94,0.0,23 | 73.4,4 | 39.2,39,16 | 9.94,29.94 | 1014,0.0 | 0.0
2019-03-12,23.0,5.0,40.0,18.0,29.91,0.1,23 | 73.4,5 | 41.0,40,18 | 11.18,29.91 | 1013,0.1 | 0.0
2019-03-13,23.0,4.0,37.0,21.0,29.94,0.0,23 | 73.4,4 | 39.2,37,21 | 13.05,29.94 | 1014,0.0 | 0.0
2019-03-14,22.0,5.0,43.0,23.0,29.94,0.0,22 | 71.6,5 | 41.0,43,23 | 14.29,29.94 | 1014,0.0 | 0.0
2019-03-15,22.0,6.0,45.0,21.0,29.91,0.0,22 | 71.6,6 | 42.8,45,21 | 13.05,29.91 | 1013,0.0 | 0.0
2019-03-16,23.0,6.0,44.0,19.0,29.88,0.0,23 | 73.4,6 | 42.8,44,19 | 11.81,29.88 | 1012,0.0 | 0.0
2019-03-17,23.0,6.0,43.0,17.0,29.91,0.1,23 | 73.4,6 | 42.8,43,17 | 10.56,29.91 | 1013,0.1 | 0.0
2019-03-18,23.0,4.0,38.0,20.0,29.91,0.1,23 | 73.4,4 | 39.2,38,20 | 12.43,29.91 | 1013,0.1 | 0.0
2019-03-19,23.0,6.0,42.0,20.0,29.88,0.0,23 | 73.4,6 | 42.8,42,20 | 12.43,29.88 | 1012,0.0 | 0.0
2019-03-20,23.0,6.0,43.0,18.0,29.85,0.0,23 | 73.4,6 | 42.8,43,18 | 11.18,29.85 | 1011,0.0 | 0.0
2019-03-21,24.0,5.0,40.0,18.0,29.88,0.0,24 | 75.2,5 | 41.0,40,18 | 11.18,29.88 | 1012,0.0 | 0.0
2019-03-22,24.0,5.0,40.0,19.0,29.88,0.2,24 | 75.2,5 | 41.0,40,19 | 11.81,29.88 | 1012,0.2 | 0.01
2019-03-23,23.0,5.0,41.0,21.0,29.85,0.0,23 | 73.4,5 | 41.0,41,21 | 13.05,29.85 | 1011,0.0 | 0.0
2019-03-24,23.0,5.0,44.0,20.0,29.85,0.0,23 | 73.4,5 | 41.0,44,20 | 12.43,29.85 | 1011,0.0 | 0.0
2019-03-25,23.0,7.0,47.0,12.0,29.88,0.0,23 | 73.4,7 | 44.6,47,12 | 7.46,29.88 | 1012,0.0 | 0.0
2019-03-26,23.0,10.0,53.0,9.0,29.94,3.4,23 | 73.4,10 | 50.0,53,9 | 5.59,29.94 | 1014,3.4 | 0.13
2019-03-27,22.0,11.0,60.0,13.0,29.97,9.7,22 | 71.6,11 | 51.8,60,13 | 8.08,29.97 | 1015,9.7 | 0.38
2019-03-28,20.0,12.0,69.0,15.0,30.0,2.5,20 | 68.0,12 | 53.6,69,15 | 9.32,30.0 | 1016,2.5 | 0.1
2019-03-29,22.0,9.0,56.0,13.0,29.94,0.4,22 | 71.6,9 | 48.2,56,13 | 8.08,29.94 | 1014,0.4 | 0.02
2019-03-30,22.0,8.0,53.0,13.0,29.91,0.0,22 | 71.6,8 | 46.4,53,13 | 8.08,29.91 | 1013,0.0 | 0.0
2019-03-31,23.0,8.0,51.0,12.0,29.91,1.1,23 | 73.4,8 | 46.4,51,12 | 7.46,29.91 | 1013,1.1 | 0.04
2019-04-01,22.0,8.0,50.0,12.0,29.91,0.0,22 | 71.6,8 | 46.4,50,12 | 7.46,29.91 | 1013,0.0 | 0.0
2019-04-02,22.0,9.0,54.0,14.0,29.91,3.0,22 | 71.6,9 | 48.2,54,14 | 8.7,29.91 | 1013,3.0 | 0.12
2019-04-03,22.0,8.0,52.0,13.0,29.91,8.6,22 | 71.6,8 | 46.4,52,13 | 8.08,29.91 | 1013,8.6 | 0.34
2019-04-04,21.0,10.0,58.0,13.0,29.91,3.4,21 | 69.8,10 | 50.0,58,13 | 8.08,29.91 | 1013,3.4 | 0.13
2019-04-05,22.0,9.0,55.0,19.0,29.88,0.3,22 | 71.6,9 | 48.2,55,19 | 11.81,29.88 | 1012,0.3 | 0.01
2019-04-06,23.0,7.0,51.0,21.0,29.88,0.0,23 | 73.4,7 | 44.6,51,21 | 13.05,29.88 | 1012,0.0 | 0.0
2019-04-07,23.0,9.0,55.0,16.0,29.88,0.3,23 | 73.4,9 | 48.2,55,16 | 9.94,29.88 | 1012,0.3 | 0.01
2019-04-08,23.0,11.0,59.0,9.0,29.88,4.3,23 | 73.4,11 | 51.8,59,9 | 5.59,29.88 | 1012,4.3 | 0.17
2019-04-09,21.0,11.0,62.0,9.0,29.88,10.2,21 | 69.8,11 | 51.8,62,9 | 5.59,29.88 | 1012,10.2 | 0.4
2019-04-10,21.0,11.0,64.0,12.0,29.88,0.6,21 | 69.8,11 | 51.8,64,12 | 7.46,29.88 | 1012,0.6 | 0.02
2019-04-11,22.0,9.0,58.0,11.0,29.88,0.9,22 | 71.6,9 | 48.2,58,11 | 6.84,29.88 | 1012,0.9 | 0.04
2019-04-12,22.0,11.0,61.0,12.0,29.85,3.6,22 | 71.6,11 | 51.8,61,12 | 7.46,29.85 | 1011,3.6 | 0.14
2019-04-13,21.0,12.0,69.0,8.0,29.88,3.3,21 | 69.8,12 | 53.6,69,8 | 4.97,29.88 | 1012,3.3 | 0.13
2019-04-14,21.0,11.0,66.0,12.0,29.88,4.1,21 | 69.8,11 | 51.8,66,12 | 7.46,29.88 | 1012,4.1 | 0.16
2019-04-15,21.0,10.0,61.0,11.0,29.91,5.7,21 | 69.8,10 | 50.0,61,11 | 6.84,29.91 | 1013,5.7 | 0.22
2019-04-16,21.0,10.0,63.0,12.0,29.94,6.1,21 | 69.8,10 | 50.0,63,12 | 7.46,29.94 | 1014,6.1 | 0.24
2019-04-17,22.0,10.0,59.0,9.0,29.94,4.2,22 | 71.6,10 | 50.0,59,9 | 5.59,29.94 | 1014,4.2 | 0.17
2019-04-18,22.0,9.0,56.0,11.0,29.94,2.4,22 | 71.6,9 | 48.2,56,11 | 6.84,29.94 | 1014,2.4 | 0.09
2019-04-19,23.0,8.0,51.0,12.0,29.91,0.2,23 | 73.4,8 | 46.4,51,12 | 7.46,29.91 | 1013,0.2 | 0.01
2019-04-20,22.0,12.0,65.0,7.0,29.91,3.4,22 | 71.6,12 | 53.6,65,7 | 4.35,29.91 | 1013,3.4 | 0.13
2019-04-21,22.0,12.0,66.0,8.0,29.88,2.4,22 | 71.6,12 | 53.6,66,8 | 4.97,29.88 | 1012,2.4 | 0.09
2019-04-22,21.0,13.0,72.0,7.0,29.88,12.6,21 | 69.8,13 | 55.4,72,7 | 4.35,29.88 | 1012,12.6 | 0.5
2019-04-23,21.0,14.0,78.0,8.0,29.94,15.4,21 | 69.8,14 | 57.2,78,8 | 4.97,29.94 | 1014,15.4 | 0.61
2019-04-24,21.0,12.0,70.0,7.0,29.97,1.4,21 | 69.8,12 | 53.6,70,7 | 4.35,29.97 | 1015,1.4 | 0.06
2019-04-25,21.0,12.0,66.0,7.0,29.94,0.3,21 | 69.8,12 | 53.6,66,7 | 4.35,29.94 | 1014,0.3 | 0.01
2019-04-26,20.0,13.0,77.0,10.0,29.94,15.8,20 | 68.0,13 | 55.4,77,10 | 6.21,29.94 | 1014,15.8 | 0.62
2019-04-27,18.0,14.0,86.0,5.0,29.97,29.2,18 | 64.4,14 | 57.2,86,5 | 3.11,29.97 | 1015,29.2 | 1.15
2019-04-28,21.0,13.0,71.0,9.0,29.97,3.6,21 | 69.8,13 | 55.4,71,9 | 5.59,29.97 | 1015,3.6 | 0.14
2019-04-29,21.0,12.0,66.0,12.0,29.94,0.5,21 | 69.8,12 | 53.6,66,12 | 7.46,29.94 | 1014,0.5 | 0.02
2019-04-30,21.0,11.0,65.0,19.0,29.94,0.4,21 | 69.8,11 | 51.8,65,19 | 11.81,29.94 | 1014,0.4 | 0.02
2019-05-01,20.0,10.0,65.0,21.0,29.94,0.3,20 | 68.0,10 | 50.0,65,21 | 13.05,29.94 | 1014,0.3 | 0.01
2019-05-02,21.0,8.0,56.0,16.0,29.97,3.7,21 | 69.8,8 | 46.4,56,16 | 9.94,29.97 | 1015,3.7 | 0.15
2019-05-03,21.0,11.0,63.0,11.0,29.94,2.0,21 | 69.8,11 | 51.8,63,11 | 6.84,29.94 | 1014,2.0 | 0.08
2019-05-04,21.0,12.0,68.0,11.0,29.91,3.5,21 | 69.8,12 | 53.6,68,11 | 6.84,29.91 | 1013,3.5 | 0.14
2019-05-05,20.0,13.0,76.0,11.0,29.91,12.2,20 | 68.0,13 | 55.4,76,11 | 6.84,29.91 | 1013,12.2 | 0.48
2019-05-06,21.0,12.0,72.0,17.0,29.94,2.9,21 | 69.8,12 | 53.6,72,17 | 10.56,29.94 | 1014,2.9 | 0.11
2019-05-07,21.0,10.0,64.0,11.0,29.94,0.8,21 | 69.8,10 | 50.0,64,11 | 6.84,29.94 | 1014,0.8 | 0.03
2019-05-08,20.0,12.0,71.0,9.0,29.94,8.9,20 | 68.0,12 | 53.6,71,9 | 5.59,29.94 | 1014,8.9 | 0.35
2019-05-09,20.0,13.0,77.0,6.0,29.91,16.2,20 | 68.0,13 | 55.4,77,6 | 3.73,29.91 | 1013,16.2 | 0.64
2019-05-10,20.0,13.0,75.0,4.0,29.91,13.2,20 | 68.0,13 | 55.4,75,4 | 2.49,29.91 | 1013,13.2 | 0.52
2019-05-11,20.0,12.0,73.0,12.0,29.91,5.7,20 | 68.0,12 | 53.6,73,12 | 7.46,29.91 | 1013,5.7 | 0.22
2019-05-12,20.0,12.0,73.0,10.0,29.91,2.0,20 | 68.0,12 | 53.6,73,10 | 6.21,29.91 | 1013,2.0 | 0.08
2019-05-13,20.0,13.0,74.0,9.0,29.91,7.4,20 | 68.0,13 | 55.4,74,9 | 5.59,29.91 | 1013,7.4 | 0.29
2019-05-14,20.0,13.0,75.0,11.0,29.91,3.8,20 | 68.0,13 | 55.4,75,11 | 6.84,29.91 | 1013,3.8 | 0.15
2019-05-15,21.0,12.0,70.0,12.0,29.94,0.9,21 | 69.8,12 | 53.6,70,12 | 7.46,29.94 | 1014,0.9 | 0.04
2019-05-16,21.0,11.0,69.0,11.0,29.94,2.4,21 | 69.8,11 | 51.8,69,11 | 6.84,29.94 | 1014,2.4 | 0.09
2019-05-17,20.0,12.0,73.0,10.0,29.94,3.9,20 | 68.0,12 | 53.6,73,10 | 6.21,29.94 | 1014,3.9 | 0.15
2019-05-18,21.0,12.0,71.0,8.0,29.91,5.4,21 | 69.8,12 | 53.6,71,8 | 4.97,29.91 | 1013,5.4 | 0.21
2019-05-19,20.0,12.0,75.0,6.0,29.94,6.6,20 | 68.0,12 | 53.6,75,6 | 3.73,29.94 | 1014,6.6 | 0.26
2019-05-20,19.0,13.0,82.0,6.0,29.97,21.6,19 | 66.2,13 | 55.4,82,6 | 3.73,29.97 | 1015,21.6 | 0.85
2019-05-21,19.0,13.0,79.0,4.0,29.97,11.4,19 | 66.2,13 | 55.4,79,4 | 2.49,29.97 | 1015,11.4 | 0.45
2019-05-22,20.0,12.0,75.0,8.0,29.94,5.7,20 | 68.0,12 | 53.6,75,8 | 4.97,29.94 | 1014,5.7 | 0.22
2019-05-23,20.0,12.0,74.0,9.0,29.94,6.2,20 | 68.0,12 | 53.6,74,9 | 5.59,29.94 | 1014,6.2 | 0.24
2019-05-24,18.0,13.0,83.0,9.0,29.97,9.1,18 | 64.4,13 | 55.4,83,9 | 5.59,29.97 | 1015,9.1 | 0.36
2019-05-25,19.0,13.0,79.0,8.0,29.97,7.4,19 | 66.2,13 | 55.4,79,8 | 4.97,29.97 | 1015,7.4 | 0.29
2019-05-26,19.0,12.0,77.0,9.0,29.94,4.5,19 | 66.2,12 | 53.6,77,9 | 5.59,29.94 | 1014,4.5 | 0.18
2019-05-27,19.0,12.0,75.0,10.0,29.91,2.5,19 | 66.2,12 | 53.6,75,10 | 6.21,29.91 | 1013,2.5 | 0.1
2019-05-28,19.0,12.0,74.0,8.0,29.94,4.6,19 | 66.2,12 | 53.6,74,8 | 4.97,29.94 | 1014,4.6 | 0.18
2019-05-29,19.0,12.0,76.0,7.0,29.94,6.2,19 | 66.2,12 | 53.6,76,7 | 4.35,29.94 | 1014,6.2 | 0.24
2019-05-30,20.0,12.0,74.0,7.0,29.94,4.6,20 | 68.0,12 | 53.6,74,7 | 4.35,29.94 | 1014,4.6 | 0.18
2019-05-31,20.0,13.0,78.0,6.0,29.91,7.4,20 | 68.0,13 | 55.4,78,6 | 3.73,29.91 | 1013,7.4 | 0.29
2019-06-01,19.0,14.0,85.0,7.0,29.91,19.6,19 | 66.2,14 | 57.2,85,7 | 4.35,29.91 | 1013,19.6 | 0.77
2019-06-02,19.0,14.0,85.0,6.0,29.94,23.8,19 | 66.2,14 | 57.2,85,6 | 3.73,29.94 | 1014,23.8 | 0.94
2019-06-03,17.0,15.0,90.0,6.0,29.97,44.1,17 | 62.6,15 | 59.0,90,6 | 3.73,29.97 | 1015,44.1 | 1.74
2019-06-04,18.0,14.0,89.0,6.0,29.97,20.7,18 | 64.4,14 | 57.2,89,6 | 3.73,29.97 | 1015,20.7 | 0.81
2019-06-05,18.0,14.0,88.0,6.0,29.97,21.9,18 | 64.4,14 | 57.2,88,6 | 3.73,29.97 | 1015,21.9 | 0.86
2019-06-06,19.0,14.0,81.0,3.0,29.97,3.0,19 | 66.2,14 | 57.2,81,3 | 1.86,29.97 | 1015,3.0 | 0.12
2019-06-07,19.0,13.0,80.0,4.0,29.97,4.9,19 | 66.2,13 | 55.4,80,4 | 2.49,29.97 | 1015,4.9 | 0.19
2019-06-08,18.0,14.0,87.0,5.0,30.0,10.9,18 | 64.4,14 | 57.2,87,5 | 3.11,30.0 | 1016,10.9 | 0.43
2019-06-09,17.0,14.0,91.0,6.0,30.03,14.3,17 | 62.6,14 | 57.2,91,6 | 3.73,30.03 | 1017,14.3 | 0.56
2019-06-10,17.0,14.0,89.0,6.0,30.0,16.9,17 | 62.6,14 | 57.2,89,6 | 3.73,30.0 | 1016,16.9 | 0.67
2019-06-11,16.0,13.0,91.0,6.0,30.03,7.1,16 | 60.8,13 | 55.4,91,6 | 3.73,30.03 | 1017,7.1 | 0.28
2019-06-12,17.0,14.0,88.0,4.0,30.03,14.0,17 | 62.6,14 | 57.2,88,4 | 2.49,30.03 | 1017,14.0 | 0.55
2019-06-13,18.0,14.0,86.0,5.0,30.0,7.0,18 | 64.4,14 | 57.2,86,5 | 3.11,30.0 | 1016,7.0 | 0.28
2019-06-14,18.0,13.0,83.0,3.0,30.0,2.5,18 | 64.4,13 | 55.4,83,3 | 1.86,30.0 | 1016,2.5 | 0.1
2019-06-15,18.0,14.0,87.0,5.0,29.97,4.6,18 | 64.4,14 | 57.2,87,5 | 3.11,29.97 | 1015,4.6 | 0.18
2019-06-16,17.0,14.0,86.0,4.0,30.0,6.1,17 | 62.6,14 | 57.2,86,4 | 2.49,30.0 | 1016,6.1 | 0.24
2019-06-17,17.0,14.0,88.0,3.0,30.03,8.6,17 | 62.6,14 | 57.2,88,3 | 1.86,30.03 | 1017,8.6 | 0.34
2019-06-18,18.0,13.0,83.0,6.0,30.03,3.3,18 | 64.4,13 | 55.4,83,6 | 3.73,30.03 | 1017,3.3 | 0.13
2019-06-19,18.0,13.0,81.0,4.0,30.03,3.6,18 | 64.4,13 | 55.4,81,4 | 2.49,30.03 | 1017,3.6 | 0.14
2019-06-20,18.0,14.0,84.0,4.0,30.0,8.2,18 | 64.4,14 | 57.2,84,4 | 2.49,30.0 | 1016,8.2 | 0.32
2019-06-21,18.0,14.0,85.0,5.0,30.0,8.4,18 | 64.4,14 | 57.2,85,5 | 3.11,30.0 | 1016,8.4 | 0.33
2019-06-22,19.0,14.0,83.0,6.0,29.97,2.2,19 | 66.2,14 | 57.2,83,6 | 3.73,29.97 | 1015,2.2 | 0.09
2019-06-23,18.0,13.0,85.0,5.0,29.97,9.0,18 | 64.4,13 | 55.4,85,5 | 3.11,29.97 | 1015,9.0 | 0.35
2019-06-24,17.0,13.0,87.0,4.0,29.97,3.9,17 | 62.6,13 | 55.4,87,4 | 2.49,29.97 | 1015,3.9 | 0.15
2019-06-25,17.0,14.0,87.0,5.0,29.94,16.7,17 | 62.6,14 | 57.2,87,5 | 3.11,29.94 | 1014,16.7 | 0.66
2019-06-26,18.0,14.0,87.0,5.0,29.97,10.6,18 | 64.4,14 | 57.2,87,5 | 3.11,29.97 | 1015,10.6 | 0.42
2019-06-27,18.0,13.0,81.0,5.0,30.0,1.3,18 | 64.4,13 | 55.4,81,5 | 3.11,30.0 | 1016,1.3 | 0.05
2019-06-28,18.0,14.0,86.0,5.0,29.97,6.5,18 | 64.4,14 | 57.2,86,5 | 3.11,29.97 | 1015,6.5 | 0.26
2019-06-29,18.0,14.0,84.0,3.0,29.97,12.9,18 | 64.4,14 | 57.2,84,3 | 1.86,29.97 | 1015,12.9 | 0.51
2019-06-30,18.0,14.0,86.0,3.0,30.0,13.3,18 | 64.4,14 | 57.2,86,3 | 1.86,30.0 | 1016,13.3 | 0.52
2019-07-01,18.0,14.0,84.0,4.0,29.97,12.8,18 | 64.4,14 | 57.2,84,4 | 2.49,29.97 | 1015,12.8 | 0.5
2019-07-02,18.0,14.0,86.0,4.0,29.94,23.6,18 | 64.4,14 | 57.2,86,4 | 2.49,29.94 | 1014,23.6 | 0.93
2019-07-03,18.0,14.0,84.0,4.0,29.94,11.8,18 | 64.4,14 | 57.2,84,4 | 2.49,29.94 | 1014,11.8 | 0.46
2019-07-04,17.0,14.0,86.0,4.0,29.97,15.5,17 | 62.6,14 | 57.2,86,4 | 2.49,29.97 | 1015,15.5 | 0.61
2019-07-05,18.0,13.0,79.0,5.0,29.94,2.2,18 | 64.4,13 | 55.4,79,5 | 3.11,29.94 | 1014,2.2 | 0.09
2019-07-06,19.0,13.0,77.0,5.0,29.94,2.4,19 | 66.2,13 | 55.4,77,5 | 3.11,29.94 | 1014,2.4 | 0.09
2019-07-07,18.0,13.0,82.0,7.0,29.94,3.7,18 | 64.4,13 | 55.4,82,7 | 4.35,29.94 | 1014,3.7 | 0.15
2019-07-08,18.0,13.0,78.0,6.0,29.97,2.8,18 | 64.4,13 | 55.4,78,6 | 3.73,29.97 | 1015,2.8 | 0.11
2019-07-09,19.0,12.0,74.0,6.0,29.97,1.3,19 | 66.2,12 | 53.6,74,6 | 3.73,29.97 | 1015,1.3 | 0.05
2019-07-10,18.0,12.0,75.0,4.0,29.94,3.5,18 | 64.4,12 | 53.6,75,4 | 2.49,29.94 | 1014,3.5 | 0.14
2019-07-11,18.0,13.0,83.0,6.0,29.94,13.8,18 | 64.4,13 | 55.4,83,6 | 3.73,29.94 | 1014,13.8 | 0.54
2019-07-12,17.0,13.0,84.0,5.0,30.0,10.9,17 | 62.6,13 | 55.4,84,5 | 3.11,30.0 | 1016,10.9 | 0.43
2019-07-13,17.0,13.0,87.0,6.0,30.03,15.6,17 | 62.6,13 | 55.4,87,6 | 3.73,30.03 | 1017,15.6 | 0.61
2019-07-14,18.0,13.0,81.0,4.0,30.0,5.8,18 | 64.4,13 | 55.4,81,4 | 2.49,30.0 | 1016,5.8 | 0.23
2019-07-15,18.0,13.0,82.0,8.0,29.97,6.2,18 | 64.4,13 | 55.4,82,8 | 4.97,29.97 | 1015,6.2 | 0.24
2019-07-16,18.0,12.0,80.0,5.0,30.0,3.6,18 | 64.4,12 | 53.6,80,5 | 3.11,30.0 | 1016,3.6 | 0.14
2019-07-17,18.0,12.0,81.0,4.0,30.03,3.0,18 | 64.4,12 | 53.6,81,4 | 2.49,30.03 | 1017,3.0 | 0.12
2019-07-18,18.0,12.0,80.0,7.0,30.0,2.2,18 | 64.4,12 | 53.6,80,7 | 4.35,30.0 | 1016,2.2 | 0.09
2019-07-19,18.0,13.0,80.0,5.0,29.97,2.1,18 | 64.4,13 | 55.4,80,5 | 3.11,29.97 | 1015,2.1 | 0.08
2019-07-20,18.0,13.0,81.0,5.0,29.97,2.1,18 | 64.4,13 | 55.4,81,5 | 3.11,29.97 | 1015,2.1 | 0.08
2019-07-21,18.0,13.0,81.0,7.0,29.97,3.2,18 | 64.4,13 | 55.4,81,7 | 4.35,29.97 | 1015,3.2 | 0.13
2019-07-22,17.0,14.0,86.0,6.0,29.97,5.9,17 | 62.6,14 | 57.2,86,6 | 3.73,29.97 | 1015,5.9 | 0.23
2019-07-23,17.0,14.0,89.0,7.0,29.97,8.6,17 | 62.6,14 | 57.2,89,7 | 4.35,29.97 | 1015,8.6 | 0.34
2019-07-24,17.0,13.0,86.0,7.0,29.94,5.9,17 | 62.6,13 | 55.4,86,7 | 4.35,29.94 | 1014,5.9 | 0.23
2019-07-25,18.0,13.0,83.0,5.0,29.97,3.8,18 | 64.4,13 | 55.4,83,5 | 3.11,29.97 | 1015,3.8 | 0.15
2019-07-26,18.0,14.0,85.0,7.0,29.94,8.6,18 | 64.4,14 | 57.2,85,7 | 4.35,29.94 | 1014,8.6 | 0.34
2019-07-27,19.0,13.0,80.0,6.0,29.94,4.8,19 | 66.2,13 | 55.4,80,6 | 3.73,29.94 | 1014,4.8 | 0.19
2019-07-28,17.0,13.0,83.0,7.0,29.94,2.2,17 | 62.6,13 | 55.4,83,7 | 4.35,29.94 | 1014,2.2 | 0.09
2019-07-29,18.0,12.0,79.0,6.0,29.97,1.0,18 | 64.4,12 | 53.6,79,6 | 3.73,29.97 | 1015,1.0 | 0.04
2019-07-30,17.0,13.0,84.0,6.0,29.97,4.5,17 | 62.6,13 | 55.4,84,6 | 3.73,29.97 | 1015,4.5 | 0.18
2019-07-31,17.0,13.0,84.0,2.0,29.97,4.5,17 | 62.6,13 | 55.4,84,2 | 1.24,29.97 | 1015,4.5 | 0.18
2019-08-01,16.0,14.0,91.0,6.0,30.0,26.8,16 | 60.8,14 | 57.2,91,6 | 3.73,30.0 | 1016,26.8 | 1.06
2019-08-02,19.0,13.0,80.0,9.0,29.97,5.3,19 | 66.2,13 | 55.4,80,9 | 5.59,29.97 | 1015,5.3 | 0.21
2019-08-03,19.0,12.0,73.0,7.0,29.97,1.7,19 | 66.2,12 | 53.6,73,7 | 4.35,29.97 | 1015,1.7 | 0.07
2019-08-04,19.0,11.0,68.0,7.0,29.97,0.2,19 | 66.2,11 | 51.8,68,7 | 4.35,29.97 | 1015,0.2 | 0.01
2019-08-05,18.0,12.0,74.0,3.0,30.0,6.3,18 | 64.4,12 | 53.6,74,3 | 1.86,30.0 | 1016,6.3 | 0.25
2019-08-06,18.0,12.0,75.0,6.0,30.0,2.2,18 | 64.4,12 | 53.6,75,6 | 3.73,30.0 | 1016,2.2 | 0.09
2019-08-07,19.0,13.0,78.0,5.0,30.0,9.4,19 | 66.2,13 | 55.4,78,5 | 3.11,30.0 | 1016,9.4 | 0.37
2019-08-08,18.0,14.0,83.0,6.0,29.97,20.0,18 | 64.4,14 | 57.2,83,6 | 3.73,29.97 | 1015,20.0 | 0.79
2019-08-09,18.0,14.0,82.0,4.0,30.0,4.2,18 | 64.4,14 | 57.2,82,4 | 2.49,30.0 | 1016,4.2 | 0.17
2019-08-10,18.0,14.0,84.0,5.0,30.03,12.7,18 | 64.4,14 | 57.2,84,5 | 3.11,30.03 | 1017,12.7 | 0.5
2019-08-11,17.0,15.0,92.0,5.0,30.0,31.5,17 | 62.6,15 | 59.0,92,5 | 3.11,30.0 | 1016,31.5 | 1.24
2019-08-12,17.0,14.0,87.0,5.0,29.97,16.3,17 | 62.6,14 | 57.2,87,5 | 3.11,29.97 | 1015,16.3 | 0.64
2019-08-13,17.0,14.0,86.0,6.0,29.97,13.0,17 | 62.6,14 | 57.2,86,6 | 3.73,29.97 | 1015,13.0 | 0.51
2019-08-14,18.0,14.0,86.0,5.0,30.0,15.1,18 | 64.4,14 | 57.2,86,5 | 3.11,30.0 | 1016,15.1 | 0.59
2019-08-15,18.0,15.0,87.0,5.0,30.0,26.0,18 | 64.4,15 | 59.0,87,5 | 3.11,30.0 | 1016,26.0 | 1.02
2019-08-16,17.0,14.0,89.0,6.0,30.0,25.3,17 | 62.6,14 | 57.2,89,6 | 3.73,30.0 | 1016,25.3 | 1.0
2019-08-17,18.0,14.0,85.0,5.0,29.97,12.7,18 | 64.4,14 | 57.2,85,5 | 3.11,29.97 | 1015,12.7 | 0.5
2019-08-18,18.0,14.0,86.0,5.0,29.94,22.2,18 | 64.4,14 | 57.2,86,5 | 3.11,29.94 | 1014,22.2 | 0.87
2019-08-19,17.0,14.0,86.0,4.0,29.94,14.7,17 | 62.6,14 | 57.2,86,4 | 2.49,29.94 | 1014,14.7 | 0.58
2019-08-20,18.0,13.0,81.0,5.0,29.94,9.4,18 | 64.4,13 | 55.4,81,5 | 3.11,29.94 | 1014,9.4 | 0.37
2019-08-21,18.0,14.0,85.0,4.0,30.0,20.9,18 | 64.4,14 | 57.2,85,4 | 2.49,30.0 | 1016,20.9 | 0.82
2019-08-22,18.0,14.0,86.0,4.0,29.97,20.9,18 | 64.4,14 | 57.2,86,4 | 2.49,29.97 | 1015,20.9 | 0.82
2019-08-23,18.0,14.0,83.0,5.0,30.0,16.3,18 | 64.4,14 | 57.2,83,5 | 3.11,30.0 | 1016,16.3 | 0.64
2019-08-24,18.0,14.0,84.0,4.0,30.0,14.1,18 | 64.4,14 | 57.2,84,4 | 2.49,30.0 | 1016,14.1 | 0.56
2019-08-25,18.0,13.0,80.0,6.0,29.97,8.0,18 | 64.4,13 | 55.4,80,6 | 3.73,29.97 | 1015,8.0 | 0.31
2019-08-26,19.0,13.0,77.0,7.0,29.97,3.8,19 | 66.2,13 | 55.4,77,7 | 4.35,29.97 | 1015,3.8 | 0.15
2019-08-27,18.0,13.0,83.0,4.0,30.0,5.9,18 | 64.4,13 | 55.4,83,4 | 2.49,30.0 | 1016,5.9 | 0.23
2019-08-28,18.0,13.0,79.0,4.0,29.97,5.4,18 | 64.4,13 | 55.4,79,4 | 2.49,29.97 | 1015,5.4 | 0.21
2019-08-29,19.0,13.0,80.0,4.0,29.97,21.5,19 | 66.2,13 | 55.4,80,4 | 2.49,29.97 | 1015,21.5 | 0.85
2019-08-30,18.0,14.0,84.0,7.0,29.94,25.9,18 | 64.4,14 | 57.2,84,7 | 4.35,29.94 | 1014,25.9 | 1.02
2019-08-31,18.0,14.0,85.0,6.0,29.91,28.3,18 | 64.4,14 | 57.2,85,6 | 3.73,29.91 | 1013,28.3 | 1.11
2019-09-01,18.0,14.0,84.0,7.0,29.94,20.3,18 | 64.4,14 | 57.2,84,7 | 4.35,29.94 | 1014,20.3 | 0.8
2019-09-02,18.0,14.0,84.0,6.0,29.94,27.9,18 | 64.4,14 | 57.2,84,6 | 3.73,29.94 | 1014,27.9 | 1.1
2019-09-03,19.0,14.0,84.0,5.0,29.97,22.6,19 | 66.2,14 | 57.2,84,5 | 3.11,29.97 | 1015,22.6 | 0.89
2019-09-04,19.0,14.0,83.0,4.0,29.94,16.2,19 | 66.2,14 | 57.2,83,4 | 2.49,29.94 | 1014,16.2 | 0.64
2019-09-05,18.0,14.0,83.0,4.0,29.94,11.3,18 | 64.4,14 | 57.2,83,4 | 2.49,29.94 | 1014,11.3 | 0.44
2019-09-06,19.0,14.0,81.0,5.0,29.97,7.7,19 | 66.2,14 | 57.2,81,5 | 3.11,29.97 | 1015,7.7 | 0.3
2019-09-07,18.0,14.0,82.0,5.0,29.97,9.6,18 | 64.4,14 | 57.2,82,5 | 3.11,29.97 | 1015,9.6 | 0.38
2019-09-08,17.0,14.0,88.0,7.0,29.97,14.2,17 | 62.6,14 | 57.2,88,7 | 4.35,29.97 | 1015,14.2 | 0.56
2019-09-09,18.0,13.0,85.0,6.0,29.97,11.3,18 | 64.4,13 | 55.4,85,6 | 3.73,29.97 | 1015,11.3 | 0.44
2019-09-10,18.0,12.0,79.0,5.0,29.97,7.5,18 | 64.4,12 | 53.6,79,5 | 3.11,29.97 | 1015,7.5 | 0.3
2019-09-11,18.0,14.0,84.0,6.0,29.97,13.3,18 | 64.4,14 | 57.2,84,6 | 3.73,29.97 | 1015,13.3 | 0.52
2019-09-12,18.0,13.0,83.0,5.0,29.97,17.6,18 | 64.4,13 | 55.4,83,5 | 3.11,29.97 | 1015,17.6 | 0.69
2019-09-13,20.0,13.0,73.0,6.0,29.97,2.8,20 | 68.0,13 | 55.4,73,6 | 3.73,29.97 | 1015,2.8 | 0.11
2019-09-14,20.0,12.0,72.0,6.0,29.94,4.0,20 | 68.0,12 | 53.6,72,6 | 3.73,29.94 | 1014,4.0 | 0.16
2019-09-15,20.0,12.0,71.0,10.0,29.94,0.9,20 | 68.0,12 | 53.6,71,10 | 6.21,29.94 | 1014,0.9 | 0.04
2019-09-16,20.0,11.0,66.0,8.0,29.91,0.3,20 | 68.0,11 | 51.8,66,8 | 4.97,29.91 | 1013,0.3 | 0.01
2019-09-17,20.0,11.0,63.0,7.0,29.88,0.1,20 | 68.0,11 | 51.8,63,7 | 4.35,29.88 | 1012,0.1 | 0.0
2019-09-18,19.0,11.0,66.0,6.0,29.91,0.5,19 | 66.2,11 | 51.8,66,6 | 3.73,29.91 | 1013,0.5 | 0.02
2019-09-19,19.0,11.0,68.0,8.0,29.91,0.4,19 | 66.2,11 | 51.8,68,8 | 4.97,29.91 | 1013,0.4 | 0.02
2019-09-20,20.0,11.0,66.0,8.0,29.91,0.2,20 | 68.0,11 | 51.8,66,8 | 4.97,29.91 | 1013,0.2 | 0.01
2019-09-21,20.0,12.0,70.0,6.0,29.91,5.0,20 | 68.0,12 | 53.6,70,6 | 3.73,29.91 | 1013,5.0 | 0.2
2019-09-22,19.0,13.0,74.0,6.0,29.94,9.3,19 | 66.2,13 | 55.4,74,6 | 3.73,29.94 | 1014,9.3 | 0.37
2019-09-23,20.0,13.0,72.0,4.0,29.94,10.4,20 | 68.0,13 | 55.4,72,4 | 2.49,29.94 | 1014,10.4 | 0.41
2019-09-24,19.0,14.0,78.0,5.0,29.91,19.6,19 | 66.2,14 | 57.2,78,5 | 3.11,29.91 | 1013,19.6 | 0.77
2019-09-25,19.0,13.0,79.0,8.0,29.88,16.7,19 | 66.2,13 | 55.4,79,8 | 4.97,29.88 | 1012,16.7 | 0.66
2019-09-26,19.0,14.0,82.0,4.0,29.91,26.6,19 | 66.2,14 | 57.2,82,4 | 2.49,29.91 | 1013,26.6 | 1.05
2019-09-27,18.0,15.0,88.0,7.0,29.97,51.0,18 | 64.4,15 | 59.0,88,7 | 4.35,29.97 | 1015,51.0 | 2.01
2019-09-28,18.0,14.0,83.0,7.0,29.94,19.2,18 | 64.4,14 | 57.2,83,7 | 4.35,29.94 | 1014,19.2 | 0.76
2019-09-29,20.0,13.0,75.0,5.0,29.88,7.6,20 | 68.0,13 | 55.4,75,5 | 3.11,29.88 | 1012,7.6 | 0.3
2019-09-30,19.0,13.0,75.0,5.0,29.88,4.9,19 | 66.2,13 | 55.4,75,5 | 3.11,29.88 | 1012,4.9 | 0.19
2019-10-01,19.0,13.0,79.0,6.0,29.88,12.4,19 | 66.2,13 | 55.4,79,6 | 3.73,29.88 | 1012,12.4 | 0.49
2019-10-02,18.0,14.0,83.0,12.0,29.91,13.7,18 | 64.4,14 | 57.2,83,12 | 7.46,29.91 | 1013,13.7 | 0.54
2019-10-03,19.0,12.0,74.0,18.0,29.88,1.7,19 | 66.2,12 | 53.6,74,18 | 11.18,29.88 | 1012,1.7 | 0.07
2019-10-04,19.0,12.0,70.0,12.0,29.88,1.4,19 | 66.2,12 | 53.6,70,12 | 7.46,29.88 | 1012,1.4 | 0.06
2019-10-05,19.0,13.0,78.0,10.0,29.91,5.3,19 | 66.2,13 | 55.4,78,10 | 6.21,29.91 | 1013,5.3 | 0.21
2019-10-06,18.0,13.0,79.0,11.0,29.91,6.9,18 | 64.4,13 | 55.4,79,11 | 6.84,29.91 | 1013,6.9 | 0.27
2019-10-07,18.0,14.0,83.0,11.0,29.88,11.7,18 | 64.4,14 | 57.2,83,11 | 6.84,29.88 | 1012,11.7 | 0.46
2019-10-08,18.0,12.0,73.0,13.0,29.88,4.0,18 | 64.4,12 | 53.6,73,13 | 8.08,29.88 | 1012,4.0 | 0.16
2019-10-09,19.0,12.0,72.0,14.0,29.88,5.2,19 | 66.2,12 | 53.6,72,14 | 8.7,29.88 | 1012,5.2 | 0.2
2019-10-10,18.0,14.0,83.0,14.0,29.88,7.8,18 | 64.4,14 | 57.2,83,14 | 8.7,29.88 | 1012,7.8 | 0.31
2019-10-11,18.0,13.0,84.0,17.0,29.88,5.0,18 | 64.4,13 | 55.4,84,17 | 10.56,29.88 | 1012,5.0 | 0.2
2019-10-12,18.0,13.0,85.0,16.0,29.85,15.5,18 | 64.4,13 | 55.4,85,16 | 9.94,29.85 | 1011,15.5 | 0.61
2019-10-13,18.0,13.0,80.0,13.0,29.88,6.2,18 | 64.4,13 | 55.4,80,13 | 8.08,29.88 | 1012,6.2 | 0.24
2019-10-14,18.0,13.0,80.0,11.0,29.91,9.1,18 | 64.4,13 | 55.4,80,11 | 6.84,29.91 | 1013,9.1 | 0.36
2019-10-15,19.0,12.0,75.0,14.0,29.88,0.5,19 | 66.2,12 | 53.6,75,14 | 8.7,29.88 | 1012,0.5 | 0.02
2019-10-16,19.0,12.0,72.0,15.0,29.88,1.0,19 | 66.2,12 | 53.6,72,15 | 9.32,29.88 | 1012,1.0 | 0.04
2019-10-17,18.0,13.0,78.0,13.0,29.91,13.6,18 | 64.4,13 | 55.4,78,13 | 8.08,29.91 | 1013,13.6 | 0.54
2019-10-18,18.0,13.0,81.0,9.0,29.91,17.6,18 | 64.4,13 | 55.4,81,9 | 5.59,29.91 | 1013,17.6 | 0.69
2019-10-19,18.0,13.0,82.0,10.0,29.88,13.2,18 | 64.4,13 | 55.4,82,10 | 6.21,29.88 | 1012,13.2 | 0.52
2019-10-20,18.0,14.0,84.0,11.0,29.91,17.4,18 | 64.4,14 | 57.2,84,11 | 6.84,29.91 | 1013,17.4 | 0.69
2019-10-21,18.0,14.0,85.0,13.0,29.88,20.7,18 | 64.4,14 | 57.2,85,13 | 8.08,29.88 | 1012,20.7 | 0.81
2019-10-22,18.0,14.0,85.0,10.0,29.88,20.1,18 | 64.4,14 | 57.2,85,10 | 6.21,29.88 | 1012,20.1 | 0.79
2019-10-23,18.0,14.0,84.0,15.0,29.88,17.0,18 | 64.4,14 | 57.2,84,15 | 9.32,29.88 | 1012,17.0 | 0.67
2019-10-24,18.0,13.0,80.0,18.0,29.91,7.0,18 | 64.4,13 | 55.4,80,18 | 11.18,29.91 | 1013,7.0 | 0.28
2019-10-25,18.0,12.0,78.0,17.0,29.88,1.0,18 | 64.4,12 | 53.6,78,17 | 10.56,29.88 | 1012,1.0 | 0.04
2019-10-26,18.0,13.0,83.0,15.0,29.88,10.7,18 | 64.4,13 | 55.4,83,15 | 9.32,29.88 | 1012,10.7 | 0.42
2019-10-27,19.0,13.0,77.0,12.0,29.88,2.3,19 | 66.2,13 | 55.4,77,12 | 7.46,29.88 | 1012,2.3 | 0.09
2019-10-28,19.0,13.0,76.0,7.0,29.85,11.1,19 | 66.2,13 | 55.4,76,7 | 4.35,29.85 | 1011,11.1 | 0.44
2019-10-29,19.0,14.0,82.0,7.0,29.88,18.9,19 | 66.2,14 | 57.2,82,7 | 4.35,29.88 | 1012,18.9 | 0.74
2019-10-30,18.0,13.0,82.0,13.0,29.88,12.2,18 | 64.4,13 | 55.4,82,13 | 8.08,29.88 | 1012,12.2 | 0.48
2019-10-31,18.0,12.0,74.0,15.0,29.91,4.7,18 | 64.4,12 | 53.6,74,15 | 9.32,29.91 | 1013,4.7 | 0.19
2019-11-01,18.0,13.0,78.0,10.0,29.91,11.6,18 | 64.4,13 | 55.4,78,10 | 6.21,29.91 | 1013,11.6 | 0.46
2019-11-02,19.0,12.0,75.0,9.0,29.88,3.6,19 | 66.2,12 | 53.6,75,9 | 5.59,29.88 | 1012,3.6 | 0.14
2019-11-03,19.0,12.0,74.0,12.0,29.94,2.8,19 | 66.2,12 | 53.6,74,12 | 7.46,29.94 | 1014,2.8 | 0.11
2019-11-04,19.0,11.0,72.0,13.0,29.94,0.9,19 | 66.2,11 | 51.8,72,13 | 8.08,29.94 | 1014,0.9 | 0.04
2019-11-05,18.0,12.0,76.0,11.0,29.91,8.7,18 | 64.4,12 | 53.6,76,11 | 6.84,29.91 | 1013,8.7 | 0.34
2019-11-06,19.0,13.0,77.0,9.0,29.88,9.0,19 | 66.2,13 | 55.4,77,9 | 5.59,29.88 | 1012,9.0 | 0.35
2019-11-07,19.0,13.0,79.0,13.0,29.88,14.8,19 | 66.2,13 | 55.4,79,13 | 8.08,29.88 | 1012,14.8 | 0.58
2019-11-08,19.0,13.0,79.0,14.0,29.91,8.0,19 | 66.2,13 | 55.4,79,14 | 8.7,29.91 | 1013,8.0 | 0.31
2019-11-09,18.0,13.0,82.0,15.0,29.91,16.7,18 | 64.4,13 | 55.4,82,15 | 9.32,29.91 | 1013,16.7 | 0.66
2019-11-10,19.0,13.0,77.0,14.0,29.85,3.1,19 | 66.2,13 | 55.4,77,14 | 8.7,29.85 | 1011,3.1 | 0.12
2019-11-11,19.0,14.0,81.0,14.0,29.83,8.9,19 | 66.2,14 | 57.2,81,14 | 8.7,29.83 | 1010,8.9 | 0.35
2019-11-12,18.0,14.0,83.0,19.0,29.83,7.8,18 | 64.4,14 | 57.2,83,19 | 11.81,29.83 | 1010,7.8 | 0.31
2019-11-13,17.0,14.0,85.0,20.0,29.85,11.6,17 | 62.6,14 | 57.2,85,20 | 12.43,29.85 | 1011,11.6 | 0.46
2019-11-14,19.0,12.0,75.0,17.0,29.91,0.3,19 | 66.2,12 | 53.6,75,17 | 10.56,29.91 | 1013,0.3 | 0.01
2019-11-15,19.0,12.0,72.0,16.0,29.88,0.5,19 | 66.2,12 | 53.6,72,16 | 9.94,29.88 | 1012,0.5 | 0.02
2019-11-16,19.0,11.0,71.0,18.0,29.85,0.0,19 | 66.2,11 | 51.8,71,18 | 11.18,29.85 | 1011,0.0 | 0.0
2019-11-17,19.0,12.0,70.0,18.0,29.83,0.0,19 | 66.2,12 | 53.6,70,18 | 11.18,29.83 | 1010,0.0 | 0.0
2019-11-18,19.0,11.0,68.0,20.0,29.88,0.0,19 | 66.2,11 | 51.8,68,20 | 12.43,29.88 | 1012,0.0 | 0.0
2019-11-19,19.0,11.0,69.0,15.0,29.88,0.0,19 | 66.2,11 | 51.8,69,15 | 9.32,29.88 | 1012,0.0 | 0.0
2019-11-20,17.0,12.0,76.0,16.0,29.88,2.7,17 | 62.6,12 | 53.6,76,16 | 9.94,29.88 | 1012,2.7 | 0.11
2019-11-21,19.0,12.0,74.0,10.0,29.85,5.8,19 | 66.2,12 | 53.6,74,10 | 6.21,29.85 | 1011,5.8 | 0.23
2019-11-22,20.0,13.0,75.0,7.0,29.85,10.1,20 | 68.0,13 | 55.4,75,7 | 4.35,29.85 | 1011,10.1 | 0.4
2019-11-23,16.0,14.0,91.0,14.0,29.91,57.3,16 | 60.8,14 | 57.2,91,14 | 8.7,29.91 | 1013,57.3 | 2.26
2019-11-24,16.0,13.0,89.0,12.0,29.97,9.4,16 | 60.8,13 | 55.4,89,12 | 7.46,29.97 | 1015,9.4 | 0.37
2019-11-25,15.0,13.0,90.0,6.0,29.97,20.0,15 | 59.0,13 | 55.4,90,6 | 3.73,29.97 | 1015,20.0 | 0.79
2019-11-26,16.0,13.0,89.0,11.0,29.94,10.2,16 | 60.8,13 | 55.4,89,11 | 6.84,29.94 | 1014,10.2 | 0.4
2019-11-27,17.0,12.0,78.0,21.0,29.91,0.4,17 | 62.6,12 | 53.6,78,21 | 13.05,29.91 | 1013,0.4 | 0.02
2019-11-28,18.0,12.0,77.0,19.0,29.91,5.2,18 | 64.4,12 | 53.6,77,19 | 11.81,29.91 | 1013,5.2 | 0.2
2019-11-29,18.0,13.0,79.0,10.0,29.94,13.0,18 | 64.4,13 | 55.4,79,10 | 6.21,29.94 | 1014,13.0 | 0.51
2019-11-30,18.0,14.0,84.0,11.0,29.91,31.6,18 | 64.4,14 | 57.2,84,11 | 6.84,29.91 | 1013,31.6 | 1.24
2019-12-01,16.0,14.0,91.0,14.0,29.91,43.2,16 | 60.8,14 | 57.2,91,14 | 8.7,29.91 | 1013,43.2 | 1.7
2019-12-02,18.0,14.0,87.0,14.0,29.88,22.3,18 | 64.4,14 | 57.2,87,14 | 8.7,29.88 | 1012,22.3 | 0.88
2019-12-03,17.0,14.0,87.0,9.0,29.88,33.6,17 | 62.6,14 | 57.2,87,9 | 5.59,29.88 | 1012,33.6 | 1.32
2019-12-04,16.0,14.0,92.0,9.0,29.91,62.7,16 | 60.8,14 | 57.2,92,9 | 5.59,29.91 | 1013,62.7 | 2.47
2019-12-05,16.0,14.0,91.0,6.0,29.91,20.7,16 | 60.8,14 | 57.2,91,6 | 3.73,29.91 | 1013,20.7 | 0.81
2019-12-06,18.0,14.0,85.0,11.0,29.88,14.5,18 | 64.4,14 | 57.2,85,11 | 6.84,29.88 | 1012,14.5 | 0.57
2019-12-07,18.0,13.0,80.0,16.0,29.85,3.7,18 | 64.4,13 | 55.4,80,16 | 9.94,29.85 | 1011,3.7 | 0.15
2019-12-08,19.0,13.0,73.0,15.0,29.88,2.5,19 | 66.2,13 | 55.4,73,15 | 9.32,29.88 | 1012,2.5 | 0.1
2019-12-09,19.0,13.0,77.0,13.0,29.88,2.4,19 | 66.2,13 | 55.4,77,13 | 8.08,29.88 | 1012,2.4 | 0.09
2019-12-10,15.0,14.0,90.0,17.0,29.94,10.5,15 | 59.0,14 | 57.2,90,17 | 10.56,29.94 | 1014,10.5 | 0.41
2019-12-11,18.0,13.0,83.0,17.0,29.91,4.1,18 | 64.4,13 | 55.4,83,17 | 10.56,29.91 | 1013,4.1 | 0.16
2019-12-12,18.0,13.0,79.0,13.0,29.91,3.8,18 | 64.4,13 | 55.4,79,13 | 8.08,29.91 | 1013,3.8 | 0.15
2019-12-13,19.0,13.0,76.0,12.0,29.94,5.4,19 | 66.2,13 | 55.4,76,12 | 7.46,29.94 | 1014,5.4 | 0.21
2019-12-14,19.0,13.0,76.0,14.0,29.94,6.4,19 | 66.2,13 | 55.4,76,14 | 8.7,29.94 | 1014,6.4 | 0.25
2019-12-15,18.0,14.0,82.0,17.0,29.94,10.3,18 | 64.4,14 | 57.2,82,17 | 10.56,29.94 | 1014,10.3 | 0.41
2019-12-16,19.0,13.0,79.0,15.0,29.91,7.0,19 | 66.2,13 | 55.4,79,15 | 9.32,29.91 | 1013,7.0 | 0.28
2019-12-17,19.0,12.0,74.0,12.0,29.91,3.8,19 | 66.2,12 | 53.6,74,12 | 7.46,29.91 | 1013,3.8 | 0.15
2019-12-18,18.0,11.0,71.0,18.0,29.91,0.0,18 | 64.4,11 | 51.8,71,18 | 11.18,29.91 | 1013,0.0 | 0.0
2019-12-19,17.0,8.0,64.0,20.0,29.94,0.0,17 | 62.6,8 | 46.4,64,20 | 12.43,29.94 | 1014,0.0 | 0.0
2019-12-20,18.0,8.0,59.0,17.0,29.94,0.0,18 | 64.4,8 | 46.4,59,17 | 10.56,29.94 | 1014,0.0 | 0.0
2019-12-21,18.0,11.0,71.0,10.0,29.94,8.0,18 | 64.4,11 | 51.8,71,10 | 6.21,29.94 | 1014,8.0 | 0.31
2019-12-22,19.0,14.0,82.0,13.0,29.94,15.3,19 | 66.2,14 | 57.2,82,13 | 8.08,29.94 | 1014,15.3 | 0.6
2019-12-23,18.0,14.0,85.0,14.0,29.94,23.0,18 | 64.4,14 | 57.2,85,14 | 8.7,29.94 | 1014,23.0 | 0.91
2019-12-24,18.0,14.0,85.0,10.0,29.94,25.8,18 | 64.4,14 | 57.2,85,10 | 6.21,29.94 | 1014,25.8 | 1.02
2019-12-25,18.0,15.0,85.0,11.0,29.91,15.8,18 | 64.4,15 | 59.0,85,11 | 6.84,29.91 | 1013,15.8 | 0.62
2019-12-26,17.0,14.0,84.0,11.0,29.91,19.3,17 | 62.6,14 | 57.2,84,11 | 6.84,29.91 | 1013,19.3 | 0.76
2019-12-27,19.0,13.0,77.0,10.0,29.88,0.7,19 | 66.2,13 | 55.4,77,10 | 6.21,29.88 | 1012,0.7 | 0.03
2019-12-28,19.0,13.0,76.0,9.0,29.88,6.1,19 | 66.2,13 | 55.4,76,9 | 5.59,29.88 | 1012,6.1 | 0.24
2019-12-29,19.0,13.0,75.0,10.0,29.88,2.1,19 | 66.2,13 | 55.4,75,10 | 6.21,29.88 | 1012,2.1 | 0.08
2019-12-30,18.0,11.0,71.0,18.0,29.91,0.3,18 | 64.4,11 | 51.8,71,18 | 11.18,29.91 | 1013,0.3 | 0.01
2019-12-31,18.0,11.0,71.0,19.0,29.94,0.1,18 | 64.4,11 | 51.8,71,19 | 11.81,29.94 | 1014,0.1 | 0.0
2020-01-01,19.0,10.0,63.0,18.0,29.91,0.0,19 | 66.2,10 | 50.0,63,18 | 11.18,29.91 | 1013,0.0 | 0.0
2020-01-02,19.0,10.0,63.0,21.0,29.91,0.0,19 | 66.2,10 | 50.0,63,21 | 13.05,29.91 | 1013,0.0 | 0.0
2020-01-03,19.0,11.0,70.0,21.0,29.94,0.0,19 | 66.2,11 | 51.8,70,21 | 13.05,29.94 | 1014,0.0 | 0.0
2020-01-04,19.0,11.0,67.0,23.0,29.94,0.2,19 | 66.2,11 | 51.8,67,23 | 14.29,29.94 | 1014,0.2 | 0.01
2020-01-05,19.0,10.0,63.0,16.0,29.88,0.0,19 | 66.2,10 | 50.0,63,16 | 9.94,29.88 | 1012,0.0 | 0.0
2020-01-06,20.0,10.0,59.0,16.0,29.88,0.0,20 | 68.0,10 | 50.0,59,16 | 9.94,29.88 | 1012,0.0 | 0.0
2020-01-07,19.0,12.0,69.0,16.0,29.91,0.8,19 | 66.2,12 | 53.6,69,16 | 9.94,29.91 | 1013,0.8 | 0.03
2020-01-08,19.0,12.0,72.0,17.0,29.91,0.7,19 | 66.2,12 | 53.6,72,17 | 10.56,29.91 | 1013,0.7 | 0.03
2020-01-09,19.0,9.0,60.0,16.0,29.91,0.0,19 | 66.2,9 | 48.2,60,16 | 9.94,29.91 | 1013,0.0 | 0.0
2020-01-10,20.0,9.0,56.0,13.0,29.88,0.0,20 | 68.0,9 | 48.2,56,13 | 8.08,29.88 | 1012,0.0 | 0.0
2020-01-11,20.0,9.0,58.0,10.0,29.91,0.0,20 | 68.0,9 | 48.2,58,10 | 6.21,29.91 | 1013,0.0 | 0.0
2020-01-12,19.0,10.0,62.0,8.0,29.91,4.5,19 | 66.2,10 | 50.0,62,8 | 4.97,29.91 | 1013,4.5 | 0.18
2020-01-13,18.0,10.0,68.0,6.0,29.94,1.9,18 | 64.4,10 | 50.0,68,6 | 3.73,29.94 | 1014,1.9 | 0.07
2020-01-14,19.0,9.0,61.0,18.0,29.91,0.6,19 | 66.2,9 | 48.2,61,18 | 11.18,29.91 | 1013,0.6 | 0.02
2020-01-15,20.0,11.0,64.0,19.0,29.88,0.0,20 | 68.0,11 | 51.8,64,19 | 11.81,29.88 | 1012,0.0 | 0.0
2020-01-16,19.0,11.0,65.0,13.0,29.91,0.0,19 | 66.2,11 | 51.8,65,13 | 8.08,29.91 | 1013,0.0 | 0.0
2020-01-17,20.0,11.0,62.0,12.0,29.91,0.5,20 | 68.0,11 | 51.8,62,12 | 7.46,29.91 | 1013,0.5 | 0.02
2020-01-18,21.0,9.0,51.0,11.0,29.88,0.3,21 | 69.8,9 | 48.2,51,11 | 6.84,29.88 | 1012,0.3 | 0.01
2020-01-19,21.0,8.0,50.0,8.0,29.91,0.4,21 | 69.8,8 | 46.4,50,8 | 4.97,29.91 | 1013,0.4 | 0.02
2020-01-20,21.0,7.0,47.0,7.0,29.91,0.0,21 | 69.8,7 | 44.6,47,7 | 4.35,29.91 | 1013,0.0 | 0.0
2020-01-21,21.0,8.0,49.0,12.0,29.88,0.0,21 | 69.8,8 | 46.4,49,12 | 7.46,29.88 | 1012,0.0 | 0.0
2020-01-22,22.0,8.0,48.0,9.0,29.88,0.0,22 | 71.6,8 | 46.4,48,9 | 5.59,29.88 | 1012,0.0 | 0.0
2020-01-23,20.0,8.0,51.0,9.0,29.91,0.0,20 | 68.0,8 | 46.4,51,9 | 5.59,29.91 | 1013,0.0 | 0.0
2020-01-24,20.0,10.0,62.0,14.0,29.94,0.1,20 | 68.0,10 | 50.0,62,14 | 8.7,29.94 | 1014,0.1 | 0.0
2020-01-25,20.0,11.0,65.0,16.0,29.94,0.2,20 | 68.0,11 | 51.8,65,16 | 9.94,29.94 | 1014,0.2 | 0.01
2020-01-26,20.0,12.0,67.0,19.0,29.94,1.4,20 | 68.0,12 | 53.6,67,19 | 11.81,29.94 | 1014,1.4 | 0.06
2020-01-27,19.0,12.0,73.0,16.0,29.91,0.9,19 | 66.2,12 | 53.6,73,16 | 9.94,29.91 | 1013,0.9 | 0.04
2020-01-28,16.0,14.0,90.0,9.0,29.94,21.5,16 | 60.8,14 | 57.2,90,9 | 5.59,29.94 | 1014,21.5 | 0.85
2020-01-29,15.0,13.0,91.0,7.0,30.03,100.2,15 | 59.0,13 | 55.4,91,7 | 4.35,30.03 | 1017,100.2 | 3.94
2020-01-30,17.0,13.0,86.0,5.0,30.0,43.5,17 | 62.6,13 | 55.4,86,5 | 3.11,30.0 | 1016,43.5 | 1.71
2020-01-31,17.0,13.0,84.0,7.0,29.97,38.0,17 | 62.6,13 | 55.4,84,7 | 4.35,29.97 | 1015,38.0 | 1.5
2020-02-01,17.0,14.0,83.0,7.0,29.94,36.5,17 | 62.6,14 | 57.2,83,7 | 4.35,29.94 | 1014,36.5 | 1.44
2020-02-02,18.0,13.0,82.0,8.0,29.94,12.7,18 | 64.4,13 | 55.4,82,8 | 4.97,29.94 | 1014,12.7 | 0.5
2020-02-03,18.0,13.0,79.0,13.0,29.94,13.7,18 | 64.4,13 | 55.4,79,13 | 8.08,29.94 | 1014,13.7 | 0.54
2020-02-04,19.0,12.0,74.0,16.0,29.94,1.1,19 | 66.2,12 | 53.6,74,16 | 9.94,29.94 | 1014,1.1 | 0.04
2020-02-05,19.0,11.0,69.0,15.0,29.91,0.0,19 | 66.2,11 | 51.8,69,15 | 9.32,29.91 | 1013,0.0 | 0.0
2020-02-06,19.0,11.0,69.0,19.0,29.94,1.3,19 | 66.2,11 | 51.8,69,19 | 11.81,29.94 | 1014,1.3 | 0.05
2020-02-07,19.0,10.0,62.0,19.0,29.97,0.2,19 | 66.2,10 | 50.0,62,19 | 11.81,29.97 | 1015,0.2 | 0.01
2020-02-08,19.0,10.0,62.0,21.0,29.97,0.0,19 | 66.2,10 | 50.0,62,21 | 13.05,29.97 | 1015,0.0 | 0.0
2020-02-09,19.0,8.0,57.0,21.0,29.97,0.0,19 | 66.2,8 | 46.4,57,21 | 13.05,29.97 | 1015,0.0 | 0.0
2020-02-10,19.0,8.0,54.0,19.0,29.94,0.0,19 | 66.2,8 | 46.4,54,19 | 11.81,29.94 | 1014,0.0 | 0.0
2020-02-11,21.0,9.0,54.0,9.0,29.91,0.0,21 | 69.8,9 | 48.2,54,9 | 5.59,29.91 | 1013,0.0 | 0.0
2020-02-12,21.0,9.0,50.0,7.0,29.88,0.0,21 | 69.8,9 | 48.2,50,7 | 4.35,29.88 | 1012,0.0 | 0.0
2020-02-13,20.0,12.0,68.0,20.0,29.91,2.3,20 | 68.0,12 | 53.6,68,20 | 12.43,29.91 | 1013,2.3 | 0.09
2020-02-14,19.0,12.0,67.0,27.0,29.91,1.6,19 | 66.2,12 | 53.6,67,27 | 16.78,29.91 | 1013,1.6 | 0.06
2020-02-15,19.0,11.0,65.0,24.0,29.91,0.0,19 | 66.2,11 | 51.8,65,24 | 14.91,29.91 | 1013,0.0 | 0.0
2020-02-16,20.0,11.0,67.0,22.0,29.91,0.3,20 | 68.0,11 | 51.8,67,22 | 13.67,29.91 | 1013,0.3 | 0.01
2020-02-17,21.0,11.0,62.0,18.0,29.88,1.0,21 | 69.8,11 | 51.8,62,18 | 11.18,29.88 | 1012,1.0 | 0.04
2020-02-18,21.0,11.0,61.0,20.0,29.88,0.0,21 | 69.8,11 | 51.8,61,20 | 12.43,29.88 | 1012,0.0 | 0.0
2020-02-19,21.0,10.0,58.0,17.0,29.91,0.0,21 | 69.8,10 | 50.0,58,17 | 10.56,29.91 | 1013,0.0 | 0.0
2020-02-20,21.0,9.0,54.0,16.0,29.88,0.0,21 | 69.8,9 | 48.2,54,16 | 9.94,29.88 | 1012,0.0 | 0.0
2020-02-21,22.0,10.0,56.0,19.0,29.85,0.0,22 | 71.6,10 | 50.0,56,19 | 11.81,29.85 | 1011,0.0 | 0.0
2020-02-22,22.0,10.0,58.0,22.0,29.88,0.0,22 | 71.6,10 | 50.0,58,22 | 13.67,29.88 | 1012,0.0 | 0.0
2020-02-23,21.0,11.0,59.0,24.0,29.85,0.0,21 | 69.8,11 | 51.8,59,24 | 14.91,29.85 | 1011,0.0 | 0.0
2020-02-24,21.0,7.0,47.0,22.0,29.88,0.0,21 | 69.8,7 | 44.6,47,22 | 13.67,29.88 | 1012,0.0 | 0.0
2020-02-25,21.0,8.0,47.0,12.0,29.88,0.0,21 | 69.8,8 | 46.4,47,12 | 7.46,29.88 | 1012,0.0 | 0.0
2020-02-26,21.0,11.0,58.0,13.0,29.88,0.2,21 | 69.8,11 | 51.8,58,13 | 8.08,29.88 | 1012,0.2 | 0.01
2020-02-27,21.0,11.0,61.0,16.0,29.88,0.0,21 | 69.8,11 | 51.8,61,16 | 9.94,29.88 | 1012,0.0 | 0.0
2020-02-28,21.0,11.0,58.0,17.0,29.88,0.0,21 | 69.8,11 | 51.8,58,17 | 10.56,29.88 | 1012,0.0 | 0.0
2020-02-29,21.0,11.0,63.0,8.0,29.88,3.0,21 | 69.8,11 | 51.8,63,8 | 4.97,29.88 | 1012,3.0 | 0.12
2020-03-01,22.0,11.0,57.0,9.0,29.88,0.2,22 | 71.6,11 | 51.8,57,9 | 5.59,29.88 | 1012,0.2 | 0.01
2020-03-02,19.0,12.0,69.0,7.0,29.91,9.8,19 | 66.2,12 | 53.6,69,7 | 4.35,29.91 | 1013,9.8 | 0.39
2020-03-03,20.0,12.0,67.0,11.0,29.94,1.2,20 | 68.0,12 | 53.6,67,11 | 6.84,29.94 | 1014,1.2 | 0.05
2020-03-04,18.0,12.0,70.0,10.0,29.94,7.6,18 | 64.4,12 | 53.6,70,10 | 6.21,29.94 | 1014,7.6 | 0.3
2020-03-05,20.0,12.0,71.0,7.0,29.97,8.0,20 | 68.0,12 | 53.6,71,7 | 4.35,29.97 | 1015,8.0 | 0.31
2020-03-06,21.0,10.0,58.0,11.0,29.91,0.4,21 | 69.8,10 | 50.0,58,11 | 6.84,29.91 | 1013,0.4 | 0.02
2020-03-07,22.0,11.0,57.0,12.0,29.88,0.1,22 | 71.6,11 | 51.8,57,12 | 7.46,29.88 | 1012,0.1 | 0.0
2020-03-08,22.0,12.0,62.0,17.0,29.85,0.6,22 | 71.6,12 | 53.6,62,17 | 10.56,29.85 | 1011,0.6 | 0.02
2020-03-09,21.0,13.0,66.0,17.0,29.85,0.3,21 | 69.8,13 | 55.4,66,17 | 10.56,29.85 | 1011,0.3 | 0.01
2020-03-10,21.0,12.0,64.0,13.0,29.85,0.0,21 | 69.8,12 | 53.6,64,13 | 8.08,29.85 | 1011,0.0 | 0.0
2020-03-11,21.0,11.0,62.0,14.0,29.85,0.3,21 | 69.8,11 | 51.8,62,14 | 8.7,29.85 | 1011,0.3 | 0.01
2020-03-12,21.0,10.0,59.0,14.0,29.85,0.0,21 | 69.8,10 | 50.0,59,14 | 8.7,29.85 | 1011,0.0 | 0.0
2020-03-13,21.0,9.0,56.0,16.0,29.85,0.0,21 | 69.8,9 | 48.2,56,16 | 9.94,29.85 | 1011,0.0 | 0.0
2020-03-14,21.0,8.0,53.0,12.0,29.88,0.0,21 | 69.8,8 | 46.4,53,12 | 7.46,29.88 | 1012,0.0 | 0.0
2020-03-15,22.0,11.0,57.0,6.0,29.85,0.1,22 | 71.6,11 | 51.8,57,6 | 3.73,29.85 | 1011,0.1 | 0.0
2020-03-16,21.0,13.0,67.0,8.0,29.85,7.1,21 | 69.8,13 | 55.4,67,8 | 4.97,29.85 | 1011,7.1 | 0.28
2020-03-17,21.0,12.0,66.0,15.0,29.85,0.7,21 | 69.8,12 | 53.6,66,15 | 9.32,29.85 | 1011,0.7 | 0.03
2020-03-18,21.0,11.0,60.0,17.0,29.88,0.2,21 | 69.8,11 | 51.8,60,17 | 10.56,29.88 | 1012,0.2 | 0.01
2020-03-19,20.0,11.0,67.0,14.0,29.91,2.2,20 | 68.0,11 | 51.8,67,14 | 8.7,29.91 | 1013,2.2 | 0.09
2020-03-20,20.0,12.0,69.0,16.0,29.91,0.4,20 | 68.0,12 | 53.6,69,16 | 9.94,29.91 | 1013,0.4 | 0.02
2020-03-21,21.0,12.0,66.0,18.0,29.88,0.8,21 | 69.8,12 | 53.6,66,18 | 11.18,29.88 | 1012,0.8 | 0.03
2020-03-22,21.0,10.0,58.0,17.0,29.91,0.0,21 | 69.8,10 | 50.0,58,17 | 10.56,29.91 | 1013,0.0 | 0.0
2020-03-23,21.0,10.0,56.0,12.0,29.91,0.0,21 | 69.8,10 | 50.0,56,12 | 7.46,29.91 | 1013,0.0 | 0.0
2020-03-24,21.0,11.0,62.0,9.0,29.88,0.3,21 | 69.8,11 | 51.8,62,9 | 5.59,29.88 | 1012,0.3 | 0.01
2020-03-25,20.0,14.0,75.0,6.0,29.85,25.5,20 | 68.0,14 | 57.2,75,6 | 3.73,29.85 | 1011,25.5 | 1.0
2020-03-26,18.0,14.0,81.0,8.0,29.85,58.0,18 | 64.4,14 | 57.2,81,8 | 4.97,29.85 | 1011,58.0 | 2.28
2020-03-27,17.0,14.0,84.0,11.0,29.91,69.0,17 | 62.6,14 | 57.2,84,11 | 6.84,29.91 | 1013,69.0 | 2.72
2020-03-28,18.0,13.0,80.0,13.0,29.94,18.9,18 | 64.4,13 | 55.4,80,13 | 8.08,29.94 | 1014,18.9 | 0.74
2020-03-29,19.0,13.0,74.0,11.0,29.94,10.5,19 | 66.2,13 | 55.4,74,11 | 6.84,29.94 | 1014,10.5 | 0.41
2020-03-30,20.0,13.0,74.0,11.0,29.91,3.8,20 | 68.0,13 | 55.4,74,11 | 6.84,29.91 | 1013,3.8 | 0.15
2020-03-31,20.0,12.0,69.0,14.0,29.91,0.0,20 | 68.0,12 | 53.6,69,14 | 8.7,29.91 | 1013,0.0 | 0.0
2020-04-01,20.0,11.0,67.0,16.0,29.91,0.0,20 | 68.0,11 | 51.8,67,16 | 9.94,29.91 | 1013,0.0 | 0.0
2020-04-02,20.0,11.0,67.0,16.0,29.91,0.2,20 | 68.0,11 | 51.8,67,16 | 9.94,29.91 | 1013,0.2 | 0.01
2020-04-03,20.0,10.0,61.0,19.0,29.88,0.0,20 | 68.0,10 | 50.0,61,19 | 11.81,29.88 | 1012,0.0 | 0.0
2020-04-04,20.0,11.0,64.0,17.0,29.88,0.0,20 | 68.0,11 | 51.8,64,17 | 10.56,29.88 | 1012,0.0 | 0.0
2020-04-05,20.0,10.0,62.0,18.0,29.94,0.0,20 | 68.0,10 | 50.0,62,18 | 11.18,29.94 | 1014,0.0 | 0.0
2020-04-06,20.0,10.0,63.0,18.0,29.94,0.0,20 | 68.0,10 | 50.0,63,18 | 11.18,29.94 | 1014,0.0 | 0.0
2020-04-07,20.0,11.0,65.0,13.0,29.91,0.0,20 | 68.0,11 | 51.8,65,13 | 8.08,29.91 | 1013,0.0 | 0.0
2020-04-08,21.0,10.0,62.0,16.0,29.91,0.0,21 | 69.8,10 | 50.0,62,16 | 9.94,29.91 | 1013,0.0 | 0.0
2020-04-09,21.0,9.0,57.0,17.0,29.91,0.0,21 | 69.8,9 | 48.2,57,17 | 10.56,29.91 | 1013,0.0 | 0.0
2020-04-10,20.0,13.0,73.0,13.0,29.91,4.9,20 | 68.0,13 | 55.4,73,13 | 8.08,29.91 | 1013,4.9 | 0.19
2020-04-11,21.0,10.0,58.0,9.0,29.88,0.0,21 | 69.8,10 | 50.0,58,9 | 5.59,29.88 | 1012,0.0 | 0.0
2020-04-12,21.0,10.0,60.0,8.0,29.88,0.1,21 | 69.8,10 | 50.0,60,8 | 4.97,29.88 | 1012,0.1 | 0.0
2020-04-13,21.0,13.0,69.0,6.0,29.88,1.9,21 | 69.8,13 | 55.4,69,6 | 3.73,29.88 | 1012,1.9 | 0.07
2020-04-14,20.0,14.0,76.0,8.0,29.91,10.9,20 | 68.0,14 | 57.2,76,8 | 4.97,29.91 | 1013,10.9 | 0.43
2020-04-15,21.0,13.0,73.0,5.0,29.91,4.6,21 | 69.8,13 | 55.4,73,5 | 3.11,29.91 | 1013,4.6 | 0.18
2020-04-16,20.0,14.0,77.0,6.0,29.88,18.6,20 | 68.0,14 | 57.2,77,6 | 3.73,29.88 | 1012,18.6 | 0.73
2020-04-17,20.0,14.0,79.0,7.0,29.85,31.0,20 | 68.0,14 | 57.2,79,7 | 4.35,29.85 | 1011,31.0 | 1.22
2020-04-18,20.0,14.0,80.0,8.0,29.88,75.4,20 | 68.0,14 | 57.2,80,8 | 4.97,29.88 | 1012,75.4 | 2.97
2020-04-19,16.0,14.0,93.0,9.0,29.94,71.0,16 | 60.8,14 | 57.2,93,9 | 5.59,29.94 | 1014,71.0 | 2.8
2020-04-20,17.0,14.0,85.0,4.0,29.94,15.6,17 | 62.6,14 | 57.2,85,4 | 2.49,29.94 | 1014,15.6 | 0.61
2020-04-21,18.0,13.0,82.0,7.0,29.94,24.1,18 | 64.4,13 | 55.4,82,7 | 4.35,29.94 | 1014,24.1 | 0.95
2020-04-22,17.0,14.0,88.0,10.0,29.91,86.7,17 | 62.6,14 | 57.2,88,10 | 6.21,29.91 | 1013,86.7 | 3.41
2020-04-23,17.0,14.0,86.0,11.0,29.94,9.0,17 | 62.6,14 | 57.2,86,11 | 6.84,29.94 | 1014,9.0 | 0.35
2020-04-24,17.0,14.0,86.0,8.0,29.94,13.1,17 | 62.6,14 | 57.2,86,8 | 4.97,29.94 | 1014,13.1 | 0.52
2020-04-25,17.0,14.0,88.0,9.0,29.94,65.4,17 | 62.6,14 | 57.2,88,9 | 5.59,29.94 | 1014,65.4 | 2.57
2020-04-26,19.0,14.0,81.0,7.0,29.94,17.1,19 | 66.2,14 | 57.2,81,7 | 4.35,29.94 | 1014,17.1 | 0.67
2020-04-27,18.0,14.0,85.0,6.0,29.97,44.8,18 | 64.4,14 | 57.2,85,6 | 3.73,29.97 | 1015,44.8 | 1.76
2020-04-28,19.0,14.0,81.0,11.0,29.94,10.0,19 | 66.2,14 | 57.2,81,11 | 6.84,29.94 | 1014,10.0 | 0.39
2020-04-29,18.0,14.0,84.0,6.0,29.97,29.4,18 | 64.4,14 | 57.2,84,6 | 3.73,29.97 | 1015,29.4 | 1.16
2020-04-30,18.0,14.0,87.0,5.0,30.0,26.4,18 | 64.4,14 | 57.2,87,5 | 3.11,30.0 | 1016,26.4 | 1.04
2020-05-01,18.0,14.0,83.0,5.0,30.0,16.1,18 | 64.4,14 | 57.2,83,5 | 3.11,30.0 | 1016,16.1 | 0.63
2020-05-02,19.0,14.0,82.0,6.0,29.94,24.5,19 | 66.2,14 | 57.2,82,6 | 3.73,29.94 | 1014,24.5 | 0.96
2020-05-03,17.0,15.0,91.0,6.0,29.97,45.0,17 | 62.6,15 | 59.0,91,6 | 3.73,29.97 | 1015,45.0 | 1.77
2020-05-04,18.0,14.0,86.0,8.0,29.97,42.8,18 | 64.4,14 | 57.2,86,8 | 4.97,29.97 | 1015,42.8 | 1.69
2020-05-05,19.0,15.0,86.0,8.0,29.97,51.9,19 | 66.2,15 | 59.0,86,8 | 4.97,29.97 | 1015,51.9 | 2.04
2020-05-06,20.0,14.0,80.0,5.0,29.94,15.3,20 | 68.0,14 | 57.2,80,5 | 3.11,29.94 | 1014,15.3 | 0.6
2020-05-07,19.0,14.0,81.0,5.0,29.91,18.7,19 | 66.2,14 | 57.2,81,5 | 3.11,29.91 | 1013,18.7 | 0.74
2020-05-08,19.0,15.0,86.0,3.0,29.94,29.3,19 | 66.2,15 | 59.0,86,3 | 1.86,29.94 | 1014,29.3 | 1.15
2020-05-09,19.0,14.0,83.0,5.0,29.94,18.6,19 | 66.2,14 | 57.2,83,5 | 3.11,29.94 | 1014,18.6 | 0.73
2020-05-10,19.0,15.0,85.0,6.0,29.94,32.1,19 | 66.2,15 | 59.0,85,6 | 3.73,29.94 | 1014,32.1 | 1.26
2020-05-11,18.0,15.0,86.0,7.0,29.94,29.7,18 | 64.4,15 | 59.0,86,7 | 4.35,29.94 | 1014,29.7 | 1.17
2020-05-12,18.0,14.0,85.0,7.0,29.97,15.6,18 | 64.4,14 | 57.2,85,7 | 4.35,29.97 | 1015,15.6 | 0.61
2020-05-13,19.0,13.0,81.0,12.0,29.97,2.2,19 | 66.2,13 | 55.4,81,12 | 7.46,29.97 | 1015,2.2 | 0.09
2020-05-14,19.0,12.0,72.0,14.0,29.97,0.0,19 | 66.2,12 | 53.6,72,14 | 8.7,29.97 | 1015,0.0 | 0.0
2020-05-15,19.0,11.0,70.0,10.0,29.94,0.1,19 | 66.2,11 | 51.8,70,10 | 6.21,29.94 | 1014,0.1 | 0.0
2020-05-16,19.0,13.0,76.0,7.0,29.94,3.8,19 | 66.2,13 | 55.4,76,7 | 4.35,29.94 | 1014,3.8 | 0.15
2020-05-17,18.0,14.0,85.0,4.0,29.97,11.7,18 | 64.4,14 | 57.2,85,4 | 2.49,29.97 | 1015,11.7 | 0.46
2020-05-18,19.0,14.0,84.0,6.0,29.97,17.9,19 | 66.2,14 | 57.2,84,6 | 3.73,29.97 | 1015,17.9 | 0.7
2020-05-19,18.0,13.0,80.0,7.0,29.97,1.8,18 | 64.4,13 | 55.4,80,7 | 4.35,29.97 | 1015,1.8 | 0.07
2020-05-20,19.0,13.0,79.0,5.0,29.97,0.4,19 | 66.2,13 | 55.4,79,5 | 3.11,29.97 | 1015,0.4 | 0.02
2020-05-21,19.0,13.0,79.0,5.0,30.0,1.7,19 | 66.2,13 | 55.4,79,5 | 3.11,30.0 | 1016,1.7 | 0.07
2020-05-22,17.0,14.0,86.0,3.0,30.0,21.6,17 | 62.6,14 | 57.2,86,3 | 1.86,30.0 | 1016,21.6 | 0.85
2020-05-23,18.0,15.0,89.0,5.0,30.03,29.2,18 | 64.4,15 | 59.0,89,5 | 3.11,30.03 | 1017,29.2 | 1.15
2020-05-24,18.0,13.0,82.0,6.0,29.97,3.1,18 | 64.4,13 | 55.4,82,6 | 3.73,29.97 | 1015,3.1 | 0.12
2020-05-25,19.0,10.0,68.0,7.0,29.97,0.0,19 | 66.2,10 | 50.0,68,7 | 4.35,29.97 | 1015,0.0 | 0.0
2020-05-26,19.0,11.0,71.0,7.0,29.97,0.0,19 | 66.2,11 | 51.8,71,7 | 4.35,29.97 | 1015,0.0 | 0.0
2020-05-27,19.0,13.0,77.0,6.0,29.97,0.5,19 | 66.2,13 | 55.4,77,6 | 3.73,29.97 | 1015,0.5 | 0.02
2020-05-28,19.0,12.0,76.0,6.0,29.97,0.3,19 | 66.2,12 | 53.6,76,6 | 3.73,29.97 | 1015,0.3 | 0.01
2020-05-29,19.0,12.0,75.0,6.0,29.97,0.6,19 | 66.2,12 | 53.6,75,6 | 3.73,29.97 | 1015,0.6 | 0.02
2020-05-30,19.0,13.0,76.0,6.0,29.94,1.8,19 | 66.2,13 | 55.4,76,6 | 3.73,29.94 | 1014,1.8 | 0.07
2020-05-31,19.0,13.0,76.0,5.0,30.0,0.7,19 | 66.2,13 | 55.4,76,5 | 3.11,30.0 | 1016,0.7 | 0.03
2020-06-01,19.0,13.0,79.0,5.0,30.0,1.3,19 | 66.2,13 | 55.4,79,5 | 3.11,30.0 | 1016,1.3 | 0.05
2020-06-02,18.0,13.0,80.0,6.0,29.97,3.3,18 | 64.4,13 | 55.4,80,6 | 3.73,29.97 | 1015,3.3 | 0.13
2020-06-03,18.0,13.0,81.0,5.0,29.94,4.8,18 | 64.4,13 | 55.4,81,5 | 3.11,29.94 | 1014,4.8 | 0.19
2020-06-04,19.0,14.0,84.0,5.0,29.97,13.3,19 | 66.2,14 | 57.2,84,5 | 3.11,29.97 | 1015,13.3 | 0.52
2020-06-05,18.0,14.0,83.0,4.0,30.0,19.3,18 | 64.4,14 | 57.2,83,4 | 2.49,30.0 | 1016,19.3 | 0.76
2020-06-06,17.0,14.0,87.0,5.0,30.0,23.2,17 | 62.6,14 | 57.2,87,5 | 3.11,30.0 | 1016,23.2 | 0.91
2020-06-07,18.0,14.0,85.0,7.0,29.97,12.6,18 | 64.4,14 | 57.2,85,7 | 4.35,29.97 | 1015,12.6 | 0.5
2020-06-08,17.0,14.0,90.0,6.0,29.94,48.5,17 | 62.6,14 | 57.2,90,6 | 3.73,29.94 | 1014,48.5 | 1.91
2020-06-09,16.0,13.0,90.0,6.0,29.97,52.7,16 | 60.8,13 | 55.4,90,6 | 3.73,29.97 | 1015,52.7 | 2.07
2020-06-10,18.0,13.0,85.0,7.0,29.97,11.8,18 | 64.4,13 | 55.4,85,7 | 4.35,29.97 | 1015,11.8 | 0.46
2020-06-11,18.0,12.0,78.0,5.0,29.97,0.5,18 | 64.4,12 | 53.6,78,5 | 3.11,29.97 | 1015,0.5 | 0.02
2020-06-12,17.0,13.0,85.0,5.0,29.97,2.7,17 | 62.6,13 | 55.4,85,5 | 3.11,29.97 | 1015,2.7 | 0.11
2020-06-13,17.0,12.0,82.0,5.0,29.97,2.7,17 | 62.6,12 | 53.6,82,5 | 3.11,29.97 | 1015,2.7 | 0.11
2020-06-14,16.0,13.0,87.0,6.0,30.0,5.9,16 | 60.8,13 | 55.4,87,6 | 3.73,30.0 | 1016,5.9 | 0.23
2020-06-15,16.0,13.0,89.0,5.0,30.03,25.5,16 | 60.8,13 | 55.4,89,5 | 3.11,30.03 | 1017,25.5 | 1.0
2020-06-16,17.0,13.0,86.0,3.0,30.0,6.5,17 | 62.6,13 | 55.4,86,3 | 1.86,30.0 | 1016,6.5 | 0.26
2020-06-17,18.0,13.0,84.0,4.0,29.97,1.5,18 | 64.4,13 | 55.4,84,4 | 2.49,29.97 | 1015,1.5 | 0.06
2020-06-18,18.0,13.0,82.0,6.0,30.0,1.3,18 | 64.4,13 | 55.4,82,6 | 3.73,30.0 | 1016,1.3 | 0.05
2020-06-19,17.0,13.0,86.0,4.0,30.0,2.2,17 | 62.6,13 | 55.4,86,4 | 2.49,30.0 | 1016,2.2 | 0.09
2020-06-20,17.0,13.0,86.0,5.0,30.0,4.6,17 | 62.6,13 | 55.4,86,5 | 3.11,30.0 | 1016,4.6 | 0.18
2020-06-21,17.0,13.0,85.0,6.0,29.97,6.7,17 | 62.6,13 | 55.4,85,6 | 3.73,29.97 | 1015,6.7 | 0.26
2020-06-22,17.0,13.0,84.0,3.0,29.97,3.9,17 | 62.6,13 | 55.4,84,3 | 1.86,29.97 | 1015,3.9 | 0.15
2020-06-23,18.0,13.0,83.0,3.0,29.97,2.9,18 | 64.4,13 | 55.4,83,3 | 1.86,29.97 | 1015,2.9 | 0.11
2020-06-24,17.0,13.0,82.0,5.0,29.97,4.8,17 | 62.6,13 | 55.4,82,5 | 3.11,29.97 | 1015,4.8 | 0.19
2020-06-25,18.0,13.0,82.0,2.0,29.94,19.1,18 | 64.4,13 | 55.4,82,2 | 1.24,29.94 | 1014,19.1 | 0.75
2020-06-26,17.0,13.0,83.0,3.0,29.94,8.0,17 | 62.6,13 | 55.4,83,3 | 1.86,29.94 | 1014,8.0 | 0.31
2020-06-27,18.0,13.0,82.0,4.0,29.91,8.6,18 | 64.4,13 | 55.4,82,4 | 2.49,29.91 | 1013,8.6 | 0.34
2020-06-28,18.0,13.0,79.0,5.0,29.94,2.1,18 | 64.4,13 | 55.4,79,5 | 3.11,29.94 | 1014,2.1 | 0.08
2020-06-29,18.0,13.0,81.0,4.0,29.94,4.9,18 | 64.4,13 | 55.4,81,4 | 2.49,29.94 | 1014,4.9 | 0.19
2020-06-30,18.0,12.0,78.0,4.0,29.94,2.8,18 | 64.4,12 | 53.6,78,4 | 2.49,29.94 | 1014,2.8 | 0.11
2020-07-01,17.0,12.0,81.0,5.0,29.94,3.6,17 | 62.6,12 | 53.6,81,5 | 3.11,29.94 | 1014,3.6 | 0.14
2020-07-02,17.0,12.0,81.0,4.0,29.91,6.2,17 | 62.6,12 | 53.6,81,4 | 2.49,29.91 | 1013,6.2 | 0.24
2020-07-03,17.0,13.0,84.0,2.0,29.94,2.9,17 | 62.6,13 | 55.4,84,2 | 1.24,29.94 | 1014,2.9 | 0.11
2020-07-04,17.0,13.0,85.0,3.0,29.94,7.1,17 | 62.6,13 | 55.4,85,3 | 1.86,29.94 | 1014,7.1 | 0.28
2020-07-05,17.0,14.0,88.0,5.0,29.91,18.3,17 | 62.6,14 | 57.2,88,5 | 3.11,29.91 | 1013,18.3 | 0.72
2020-07-06,16.0,14.0,87.0,4.0,29.91,6.9,16 | 60.8,14 | 57.2,87,4 | 2.49,29.91 | 1013,6.9 | 0.27
2020-07-07,16.0,13.0,89.0,6.0,29.94,3.6,16 | 60.8,13 | 55.4,89,6 | 3.73,29.94 | 1014,3.6 | 0.14
2020-07-08,17.0,13.0,84.0,7.0,29.94,8.0,17 | 62.6,13 | 55.4,84,7 | 4.35,29.94 | 1014,8.0 | 0.31
2020-07-09,17.0,12.0,80.0,7.0,29.94,10.9,17 | 62.6,12 | 53.6,80,7 | 4.35,29.94 | 1014,10.9 | 0.43
2020-07-10,18.0,13.0,80.0,4.0,29.91,15.6,18 | 64.4,13 | 55.4,80,4 | 2.49,29.91 | 1013,15.6 | 0.61
2020-07-11,16.0,13.0,88.0,3.0,29.97,15.3,16 | 60.8,13 | 55.4,88,3 | 1.86,29.97 | 1015,15.3 | 0.6
2020-07-12,18.0,13.0,81.0,4.0,29.94,5.1,18 | 64.4,13 | 55.4,81,4 | 2.49,29.94 | 1014,5.1 | 0.2
2020-07-13,17.0,13.0,83.0,4.0,29.91,9.3,17 | 62.6,13 | 55.4,83,4 | 2.49,29.91 | 1013,9.3 | 0.37
2020-07-14,17.0,14.0,87.0,3.0,29.91,27.3,17 | 62.6,14 | 57.2,87,3 | 1.86,29.91 | 1013,27.3 | 1.07
2020-07-15,17.0,13.0,84.0,4.0,29.94,6.5,17 | 62.6,13 | 55.4,84,4 | 2.49,29.94 | 1014,6.5 | 0.26
2020-07-16,17.0,13.0,88.0,4.0,29.97,29.9,17 | 62.6,13 | 55.4,88,4 | 2.49,29.97 | 1015,29.9 | 1.18
2020-07-17,15.0,13.0,92.0,4.0,29.97,5.5,15 | 59.0,13 | 55.4,92,4 | 2.49,29.97 | 1015,5.5 | 0.22
2020-07-18,16.0,12.0,86.0,5.0,29.97,1.9,16 | 60.8,12 | 53.6,86,5 | 3.11,29.97 | 1015,1.9 | 0.07
2020-07-19,14.0,11.0,83.0,3.0,29.97,1.8,14 | 57.2,11 | 51.8,83,3 | 1.86,29.97 | 1015,1.8 | 0.07
2020-07-20,16.0,13.0,85.0,5.0,29.94,9.5,16 | 60.8,13 | 55.4,85,5 | 3.11,29.94 | 1014,9.5 | 0.37
2020-07-21,16.0,13.0,88.0,5.0,29.94,11.1,16 | 60.8,13 | 55.4,88,5 | 3.11,29.94 | 1014,11.1 | 0.44
2020-07-22,16.0,13.0,88.0,9.0,29.91,8.2,16 | 60.8,13 | 55.4,88,9 | 5.59,29.91 | 1013,8.2 | 0.32
2020-07-23,16.0,13.0,87.0,8.0,29.91,4.8,16 | 60.8,13 | 55.4,87,8 | 4.97,29.91 | 1013,4.8 | 0.19
2020-07-24,17.0,13.0,84.0,8.0,29.91,5.9,17 | 62.6,13 | 55.4,84,8 | 4.97,29.91 | 1013,5.9 | 0.23
2020-07-25,17.0,12.0,82.0,7.0,29.91,3.1,17 | 62.6,12 | 53.6,82,7 | 4.35,29.91 | 1013,3.1 | 0.12
2020-07-26,17.0,12.0,80.0,7.0,29.94,2.5,17 | 62.6,12 | 53.6,80,7 | 4.35,29.94 | 1014,2.5 | 0.1
2020-07-27,17.0,13.0,83.0,7.0,29.94,9.0,17 | 62.6,13 | 55.4,83,7 | 4.35,29.94 | 1014,9.0 | 0.35
2020-07-28,17.0,13.0,84.0,6.0,29.94,12.7,17 | 62.6,13 | 55.4,84,6 | 3.73,29.94 | 1014,12.7 | 0.5
2020-07-29,18.0,14.0,83.0,6.0,29.94,24.3,18 | 64.4,14 | 57.2,83,6 | 3.73,29.94 | 1014,24.3 | 0.96
2020-07-30,17.0,13.0,80.0,8.0,29.97,15.1,17 | 62.6,13 | 55.4,80,8 | 4.97,29.97 | 1015,15.1 | 0.59
2020-07-31,18.0,12.0,77.0,6.0,29.97,4.8,18 | 64.4,12 | 53.6,77,6 | 3.73,29.97 | 1015,4.8 | 0.19
2020-08-01,18.0,13.0,78.0,6.0,29.97,7.2,18 | 64.4,13 | 55.4,78,6 | 3.73,29.97 | 1015,7.2 | 0.28
2020-08-02,18.0,12.0,77.0,8.0,29.97,1.1,18 | 64.4,12 | 53.6,77,8 | 4.97,29.97 | 1015,1.1 | 0.04
2020-08-03,16.0,11.0,79.0,6.0,30.0,0.4,16 | 60.8,11 | 51.8,79,6 | 3.73,30.0 | 1016,0.4 | 0.02
2020-08-04,17.0,12.0,80.0,5.0,30.0,11.6,17 | 62.6,12 | 53.6,80,5 | 3.11,30.0 | 1016,11.6 | 0.46
2020-08-05,17.0,14.0,86.0,5.0,29.97,23.6,17 | 62.6,14 | 57.2,86,5 | 3.11,29.97 | 1015,23.6 | 0.93
2020-08-06,17.0,13.0,84.0,6.0,29.97,16.5,17 | 62.6,13 | 55.4,84,6 | 3.73,29.97 | 1015,16.5 | 0.65
2020-08-07,17.0,13.0,82.0,5.0,30.0,5.2,17 | 62.6,13 | 55.4,82,5 | 3.11,30.0 | 1016,5.2 | 0.2
2020-08-08,17.0,14.0,86.0,7.0,30.0,5.8,17 | 62.6,14 | 57.2,86,7 | 4.35,30.0 | 1016,5.8 | 0.23
2020-08-09,17.0,14.0,86.0,6.0,29.94,8.8,17 | 62.6,14 | 57.2,86,6 | 3.73,29.94 | 1014,8.8 | 0.35
2020-08-10,18.0,13.0,84.0,7.0,29.94,5.8,18 | 64.4,13 | 55.4,84,7 | 4.35,29.94 | 1014,5.8 | 0.23
2020-08-11,19.0,13.0,77.0,6.0,29.94,1.8,19 | 66.2,13 | 55.4,77,6 | 3.73,29.94 | 1014,1.8 | 0.07
2020-08-12,17.0,13.0,83.0,4.0,29.94,10.8,17 | 62.6,13 | 55.4,83,4 | 2.49,29.94 | 1014,10.8 | 0.43
2020-08-13,18.0,14.0,82.0,6.0,29.91,5.0,18 | 64.4,14 | 57.2,82,6 | 3.73,29.91 | 1013,5.0 | 0.2
2020-08-14,18.0,14.0,84.0,3.0,29.91,20.3,18 | 64.4,14 | 57.2,84,3 | 1.86,29.91 | 1013,20.3 | 0.8
2020-08-15,18.0,14.0,82.0,5.0,29.85,6.8,18 | 64.4,14 | 57.2,82,5 | 3.11,29.85 | 1011,6.8 | 0.27
2020-08-16,18.0,14.0,83.0,5.0,29.85,13.9,18 | 64.4,14 | 57.2,83,5 | 3.11,29.85 | 1011,13.9 | 0.55
2020-08-17,18.0,14.0,83.0,6.0,29.88,6.3,18 | 64.4,14 | 57.2,83,6 | 3.73,29.88 | 1012,6.3 | 0.25
2020-08-18,18.0,13.0,82.0,5.0,29.88,8.6,18 | 64.4,13 | 55.4,82,5 | 3.11,29.88 | 1012,8.6 | 0.34
2020-08-19,18.0,14.0,85.0,7.0,29.88,30.3,18 | 64.4,14 | 57.2,85,7 | 4.35,29.88 | 1012,30.3 | 1.19
2020-08-20,18.0,14.0,85.0,11.0,29.85,13.1,18 | 64.4,14 | 57.2,85,11 | 6.84,29.85 | 1011,13.1 | 0.52
2020-08-21,18.0,13.0,82.0,10.0,29.88,9.0,18 | 64.4,13 | 55.4,82,10 | 6.21,29.88 | 1012,9.0 | 0.35
2020-08-22,18.0,13.0,81.0,4.0,29.91,8.1,18 | 64.4,13 | 55.4,81,4 | 2.49,29.91 | 1013,8.1 | 0.32
2020-08-23,18.0,13.0,81.0,4.0,29.88,10.0,18 | 64.4,13 | 55.4,81,4 | 2.49,29.88 | 1012,10.0 | 0.39
2020-08-24,18.0,13.0,82.0,4.0,29.88,7.0,18 | 64.4,13 | 55.4,82,4 | 2.49,29.88 | 1012,7.0 | 0.28
2020-08-25,18.0,14.0,83.0,6.0,29.94,30.4,18 | 64.4,14 | 57.2,83,6 | 3.73,29.94 | 1014,30.4 | 1.2
2020-08-26,18.0,13.0,81.0,6.0,29.94,15.9,18 | 64.4,13 | 55.4,81,6 | 3.73,29.94 | 1014,15.9 | 0.63
2020-08-27,18.0,13.0,77.0,3.0,29.94,7.9,18 | 64.4,13 | 55.4,77,3 | 1.86,29.94 | 1014,7.9 | 0.31
2020-08-28,18.0,13.0,78.0,3.0,29.88,8.9,18 | 64.4,13 | 55.4,78,3 | 1.86,29.88 | 1012,8.9 | 0.35
2020-08-29,18.0,13.0,81.0,5.0,29.85,18.2,18 | 64.4,13 | 55.4,81,5 | 3.11,29.85 | 1011,18.2 | 0.72
2020-08-30,18.0,13.0,81.0,5.0,29.88,19.5,18 | 64.4,13 | 55.4,81,5 | 3.11,29.88 | 1012,19.5 | 0.77
2020-08-31,18.0,13.0,81.0,5.0,29.91,30.4,18 | 64.4,13 | 55.4,81,5 | 3.11,29.91 | 1013,30.4 | 1.2
2020-09-01,18.0,13.0,80.0,6.0,29.91,21.0,18 | 64.4,13 | 55.4,80,6 | 3.73,29.91 | 1013,21.0 | 0.83
2020-09-02,18.0,12.0,73.0,8.0,29.91,4.6,18 | 64.4,12 | 53.6,73,8 | 4.97,29.91 | 1013,4.6 | 0.18
2020-09-03,18.0,12.0,76.0,5.0,29.91,9.5,18 | 64.4,12 | 53.6,76,5 | 3.11,29.91 | 1013,9.5 | 0.37
2020-09-04,18.0,13.0,80.0,5.0,29.94,4.0,18 | 64.4,13 | 55.4,80,5 | 3.11,29.94 | 1014,4.0 | 0.16
2020-09-05,18.0,12.0,77.0,4.0,29.88,4.2,18 | 64.4,12 | 53.6,77,4 | 2.49,29.88 | 1012,4.2 | 0.17
2020-09-06,17.0,13.0,80.0,5.0,29.85,16.9,17 | 62.6,13 | 55.4,80,5 | 3.11,29.85 | 1011,16.9 | 0.67
2020-09-07,16.0,13.0,86.0,5.0,29.88,17.1,16 | 60.8,13 | 55.4,86,5 | 3.11,29.88 | 1012,17.1 | 0.67
2020-09-08,17.0,14.0,89.0,6.0,29.94,34.6,17 | 62.6,14 | 57.2,89,6 | 3.73,29.94 | 1014,34.6 | 1.36
2020-09-09,17.0,13.0,82.0,4.0,29.94,4.8,17 | 62.6,13 | 55.4,82,4 | 2.49,29.94 | 1014,4.8 | 0.19
2020-09-10,18.0,13.0,78.0,3.0,29.88,13.5,18 | 64.4,13 | 55.4,78,3 | 1.86,29.88 | 1012,13.5 | 0.53
2020-09-11,18.0,13.0,80.0,4.0,29.88,6.9,18 | 64.4,13 | 55.4,80,4 | 2.49,29.88 | 1012,6.9 | 0.27
2020-09-12,18.0,14.0,84.0,8.0,29.91,19.1,18 | 64.4,14 | 57.2,84,8 | 4.97,29.91 | 1013,19.1 | 0.75
2020-09-13,18.0,13.0,77.0,5.0,29.94,3.4,18 | 64.4,13 | 55.4,77,5 | 3.11,29.94 | 1014,3.4 | 0.13
2020-09-14,18.0,11.0,71.0,7.0,29.94,1.1,18 | 64.4,11 | 51.8,71,7 | 4.35,29.94 | 1014,1.1 | 0.04
2020-09-15,18.0,12.0,73.0,6.0,29.91,1.1,18 | 64.4,12 | 53.6,73,6 | 3.73,29.91 | 1013,1.1 | 0.04
2020-09-16,19.0,13.0,73.0,5.0,29.88,1.5,19 | 66.2,13 | 55.4,73,5 | 3.11,29.88 | 1012,1.5 | 0.06
2020-09-17,20.0,11.0,69.0,9.0,29.88,1.7,20 | 68.0,11 | 51.8,69,9 | 5.59,29.88 | 1012,1.7 | 0.07
2020-09-18,20.0,11.0,67.0,10.0,29.88,0.8,20 | 68.0,11 | 51.8,67,10 | 6.21,29.88 | 1012,0.8 | 0.03
2020-09-19,20.0,11.0,70.0,8.0,29.88,3.1,20 | 68.0,11 | 51.8,70,8 | 4.97,29.88 | 1012,3.1 | 0.12
2020-09-20,18.0,12.0,74.0,6.0,29.88,9.5,18 | 64.4,12 | 53.6,74,6 | 3.73,29.88 | 1012,9.5 | 0.37
2020-09-21,18.0,13.0,79.0,7.0,29.88,16.8,18 | 64.4,13 | 55.4,79,7 | 4.35,29.88 | 1012,16.8 | 0.66
2020-09-22,19.0,13.0,76.0,6.0,29.91,8.4,19 | 66.2,13 | 55.4,76,6 | 3.73,29.91 | 1013,8.4 | 0.33
2020-09-23,19.0,13.0,77.0,6.0,29.91,19.6,19 | 66.2,13 | 55.4,77,6 | 3.73,29.91 | 1013,19.6 | 0.77
2020-09-24,18.0,13.0,78.0,6.0,29.91,13.5,18 | 64.4,13 | 55.4,78,6 | 3.73,29.91 | 1013,13.5 | 0.53
2020-09-25,18.0,14.0,84.0,5.0,29.91,29.0,18 | 64.4,14 | 57.2,84,5 | 3.11,29.91 | 1013,29.0 | 1.14
2020-09-26,17.0,14.0,85.0,3.0,29.88,26.1,17 | 62.6,14 | 57.2,85,3 | 1.86,29.88 | 1012,26.1 | 1.03
2020-09-27,19.0,12.0,76.0,11.0,29.85,2.7,19 | 66.2,12 | 53.6,76,11 | 6.84,29.85 | 1011,2.7 | 0.11
2020-09-28,19.0,11.0,69.0,15.0,29.85,0.0,19 | 66.2,11 | 51.8,69,15 | 9.32,29.85 | 1011,0.0 | 0.0
2020-09-29,19.0,11.0,67.0,11.0,29.88,0.0,19 | 66.2,11 | 51.8,67,11 | 6.84,29.88 | 1012,0.0 | 0.0
2020-09-30,19.0,12.0,71.0,7.0,29.85,7.9,19 | 66.2,12 | 53.6,71,7 | 4.35,29.85 | 1011,7.9 | 0.31
2020-10-01,19.0,13.0,76.0,7.0,29.85,9.8,19 | 66.2,13 | 55.4,76,7 | 4.35,29.85 | 1011,9.8 | 0.39
2020-10-02,20.0,11.0,70.0,7.0,29.88,1.2,20 | 68.0,11 | 51.8,70,7 | 4.35,29.88 | 1012,1.2 | 0.05
2020-10-03,20.0,11.0,66.0,7.0,29.88,0.2,20 | 68.0,11 | 51.8,66,7 | 4.35,29.88 | 1012,0.2 | 0.01
2020-10-04,19.0,11.0,68.0,7.0,29.91,1.3,19 | 66.2,11 | 51.8,68,7 | 4.35,29.91 | 1013,1.3 | 0.05
2020-10-05,19.0,12.0,71.0,8.0,29.91,1.8,19 | 66.2,12 | 53.6,71,8 | 4.97,29.91 | 1013,1.8 | 0.07
2020-10-06,19.0,12.0,74.0,11.0,29.91,5.4,19 | 66.2,12 | 53.6,74,11 | 6.84,29.91 | 1013,5.4 | 0.21
2020-10-07,20.0,12.0,73.0,12.0,29.91,7.8,20 | 68.0,12 | 53.6,73,12 | 7.46,29.91 | 1013,7.8 | 0.31
2020-10-08,18.0,11.0,69.0,11.0,29.91,2.3,18 | 64.4,11 | 51.8,69,11 | 6.84,29.91 | 1013,2.3 | 0.09
2020-10-09,17.0,12.0,77.0,14.0,29.91,7.5,17 | 62.6,12 | 53.6,77,14 | 8.7,29.91 | 1013,7.5 | 0.3
2020-10-10,18.0,13.0,78.0,11.0,29.91,28.7,18 | 64.4,13 | 55.4,78,11 | 6.84,29.91 | 1013,28.7 | 1.13
2020-10-11,18.0,13.0,80.0,12.0,29.91,42.8,18 | 64.4,13 | 55.4,80,12 | 7.46,29.91 | 1013,42.8 | 1.69
2020-10-12,18.0,13.0,80.0,15.0,29.88,16.4,18 | 64.4,13 | 55.4,80,15 | 9.32,29.88 | 1012,16.4 | 0.65
2020-10-13,19.0,13.0,77.0,11.0,29.88,16.9,19 | 66.2,13 | 55.4,77,11 | 6.84,29.88 | 1012,16.9 | 0.67
2020-10-14,19.0,13.0,79.0,12.0,29.91,19.2,19 | 66.2,13 | 55.4,79,12 | 7.46,29.91 | 1013,19.2 | 0.76
2020-10-15,19.0,11.0,71.0,12.0,29.94,0.4,19 | 66.2,11 | 51.8,71,12 | 7.46,29.94 | 1014,0.4 | 0.02
2020-10-16,19.0,12.0,74.0,6.0,29.88,6.4,19 | 66.2,12 | 53.6,74,6 | 3.73,29.88 | 1012,6.4 | 0.25
2020-10-17,19.0,13.0,76.0,6.0,29.88,20.1,19 | 66.2,13 | 55.4,76,6 | 3.73,29.88 | 1012,20.1 | 0.79
2020-10-18,17.0,14.0,85.0,9.0,29.88,52.8,17 | 62.6,14 | 57.2,85,9 | 5.59,29.88 | 1012,52.8 | 2.08
2020-10-19,18.0,14.0,84.0,9.0,29.91,32.1,18 | 64.4,14 | 57.2,84,9 | 5.59,29.91 | 1013,32.1 | 1.26
2020-10-20,18.0,13.0,81.0,15.0,29.85,10.4,18 | 64.4,13 | 55.4,81,15 | 9.32,29.85 | 1011,10.4 | 0.41
2020-10-21,18.0,13.0,79.0,13.0,29.88,6.9,18 | 64.4,13 | 55.4,79,13 | 8.08,29.88 | 1012,6.9 | 0.27
2020-10-22,19.0,14.0,80.0,12.0,29.91,11.5,19 | 66.2,14 | 57.2,80,12 | 7.46,29.91 | 1013,11.5 | 0.45
2020-10-23,19.0,13.0,73.0,8.0,29.88,4.3,19 | 66.2,13 | 55.4,73,8 | 4.97,29.88 | 1012,4.3 | 0.17
2020-10-24,19.0,13.0,78.0,8.0,29.88,28.2,19 | 66.2,13 | 55.4,78,8 | 4.97,29.88 | 1012,28.2 | 1.11
2020-10-25,19.0,13.0,78.0,10.0,29.85,19.3,19 | 66.2,13 | 55.4,78,10 | 6.21,29.85 | 1011,19.3 | 0.76
2020-10-26,19.0,13.0,78.0,14.0,29.85,11.1,19 | 66.2,13 | 55.4,78,14 | 8.7,29.85 | 1011,11.1 | 0.44
2020-10-27,18.0,13.0,79.0,11.0,29.85,4.3,18 | 64.4,13 | 55.4,79,11 | 6.84,29.85 | 1011,4.3 | 0.17
2020-10-28,18.0,13.0,78.0,14.0,29.85,3.9,18 | 64.4,13 | 55.4,78,14 | 8.7,29.85 | 1011,3.9 | 0.15
2020-10-29,17.0,13.0,83.0,18.0,29.88,9.8,17 | 62.6,13 | 55.4,83,18 | 11.18,29.88 | 1012,9.8 | 0.39
2020-10-30,18.0,13.0,80.0,12.0,29.91,7.0,18 | 64.4,13 | 55.4,80,12 | 7.46,29.91 | 1013,7.0 | 0.28
2020-10-31,18.0,13.0,81.0,13.0,29.91,7.7,18 | 64.4,13 | 55.4,81,13 | 8.08,29.91 | 1013,7.7 | 0.3
2020-11-01,18.0,10.0,71.0,15.0,29.88,0.0,18 | 64.4,10 | 50.0,71,15 | 9.32,29.88 | 1012,0.0 | 0.0
2020-11-02,18.0,11.0,72.0,19.0,29.91,0.0,18 | 64.4,11 | 51.8,72,19 | 11.81,29.91 | 1013,0.0 | 0.0
2020-11-03,18.0,13.0,76.0,21.0,29.91,2.4,18 | 64.4,13 | 55.4,76,21 | 13.05,29.91 | 1013,2.4 | 0.09
2020-11-04,18.0,13.0,81.0,19.0,29.91,7.5,18 | 64.4,13 | 55.4,81,19 | 11.81,29.91 | 1013,7.5 | 0.3
2020-11-05,19.0,13.0,80.0,18.0,29.88,6.6,19 | 66.2,13 | 55.4,80,18 | 11.18,29.88 | 1012,6.6 | 0.26
2020-11-06,19.0,14.0,80.0,14.0,29.88,28.4,19 | 66.2,14 | 57.2,80,14 | 8.7,29.88 | 1012,28.4 | 1.12
2020-11-07,18.0,14.0,82.0,10.0,29.91,47.5,18 | 64.4,14 | 57.2,82,10 | 6.21,29.91 | 1013,47.5 | 1.87
2020-11-08,19.0,13.0,78.0,13.0,29.91,7.3,19 | 66.2,13 | 55.4,78,13 | 8.08,29.91 | 1013,7.3 | 0.29
2020-11-09,18.0,14.0,83.0,15.0,29.94,18.0,18 | 64.4,14 | 57.2,83,15 | 9.32,29.94 | 1014,18.0 | 0.71
2020-11-10,18.0,11.0,72.0,21.0,29.91,0.0,18 | 64.4,11 | 51.8,72,21 | 13.05,29.91 | 1013,0.0 | 0.0
2020-11-11,18.0,12.0,79.0,17.0,29.91,3.5,18 | 64.4,12 | 53.6,79,17 | 10.56,29.91 | 1013,3.5 | 0.14
2020-11-12,18.0,12.0,75.0,19.0,29.94,0.0,18 | 64.4,12 | 53.6,75,19 | 11.81,29.94 | 1014,0.0 | 0.0
2020-11-13,18.0,12.0,73.0,19.0,29.91,0.0,18 | 64.4,12 | 53.6,73,19 | 11.81,29.91 | 1013,0.0 | 0.0
2020-11-14,18.0,13.0,76.0,18.0,29.88,3.5,18 | 64.4,13 | 55.4,76,18 | 11.18,29.88 | 1012,3.5 | 0.14
2020-11-15,19.0,12.0,74.0,19.0,29.85,0.4,19 | 66.2,12 | 53.6,74,19 | 11.81,29.85 | 1011,0.4 | 0.02
2020-11-16,18.0,12.0,77.0,17.0,29.88,4.0,18 | 64.4,12 | 53.6,77,17 | 10.56,29.88 | 1012,4.0 | 0.16
2020-11-17,18.0,11.0,69.0,17.0,29.88,0.0,18 | 64.4,11 | 51.8,69,17 | 10.56,29.88 | 1012,0.0 | 0.0
2020-11-18,18.0,9.0,63.0,22.0,29.88,0.0,18 | 64.4,9 | 48.2,63,22 | 13.67,29.88 | 1012,0.0 | 0.0
2020-11-19,19.0,11.0,71.0,14.0,29.88,2.0,19 | 66.2,11 | 51.8,71,14 | 8.7,29.88 | 1012,2.0 | 0.08
2020-11-20,19.0,12.0,71.0,16.0,29.88,0.3,19 | 66.2,12 | 53.6,71,16 | 9.94,29.88 | 1012,0.3 | 0.01
2020-11-21,19.0,11.0,69.0,18.0,29.88,0.0,19 | 66.2,11 | 51.8,69,18 | 11.18,29.88 | 1012,0.0 | 0.0
2020-11-22,19.0,11.0,68.0,18.0,29.88,0.0,19 | 66.2,11 | 51.8,68,18 | 11.18,29.88 | 1012,0.0 | 0.0
2020-11-23,20.0,11.0,66.0,14.0,29.91,0.2,20 | 68.0,11 | 51.8,66,14 | 8.7,29.91 | 1013,0.2 | 0.01
2020-11-24,20.0,11.0,67.0,12.0,29.88,1.5,20 | 68.0,11 | 51.8,67,12 | 7.46,29.88 | 1012,1.5 | 0.06
2020-11-25,19.0,13.0,75.0,10.0,29.88,25.9,19 | 66.2,13 | 55.4,75,10 | 6.21,29.88 | 1012,25.9 | 1.02
2020-11-26,20.0,13.0,75.0,8.0,29.88,13.0,20 | 68.0,13 | 55.4,75,8 | 4.97,29.88 | 1012,13.0 | 0.51
2020-11-27,19.0,13.0,74.0,10.0,29.88,2.1,19 | 66.2,13 | 55.4,74,10 | 6.21,29.88 | 1012,2.1 | 0.08
2020-11-28,18.0,14.0,82.0,15.0,29.88,21.3,18 | 64.4,14 | 57.2,82,15 | 9.32,29.88 | 1012,21.3 | 0.84
2020-11-29,18.0,13.0,78.0,15.0,29.88,4.0,18 | 64.4,13 | 55.4,78,15 | 9.32,29.88 | 1012,4.0 | 0.16
2020-11-30,18.0,11.0,72.0,9.0,29.91,0.1,18 | 64.4,11 | 51.8,72,9 | 5.59,29.91 | 1013,0.1 | 0.0
2020-12-01,19.0,8.0,59.0,11.0,29.91,0.0,19 | 66.2,8 | 46.4,59,11 | 6.84,29.91 | 1013,0.0 | 0.0
2020-12-02,18.0,9.0,63.0,17.0,29.88,0.0,18 | 64.4,9 | 48.2,63,17 | 10.56,29.88 | 1012,0.0 | 0.0
2020-12-03,18.0,9.0,65.0,21.0,29.91,0.0,18 | 64.4,9 | 48.2,65,21 | 13.05,29.91 | 1013,0.0 | 0.0
2020-12-04,18.0,9.0,65.0,18.0,29.91,0.0,18 | 64.4,9 | 48.2,65,18 | 11.18,29.91 | 1013,0.0 | 0.0
2020-12-05,19.0,10.0,67.0,16.0,29.94,0.0,19 | 66.2,10 | 50.0,67,16 | 9.94,29.94 | 1014,0.0 | 0.0
2020-12-06,19.0,9.0,59.0,14.0,29.94,0.0,19 | 66.2,9 | 48.2,59,14 | 8.7,29.94 | 1014,0.0 | 0.0
2020-12-07,19.0,10.0,64.0,14.0,29.94,0.0,19 | 66.2,10 | 50.0,64,14 | 8.7,29.94 | 1014,0.0 | 0.0
2020-12-08,19.0,11.0,67.0,16.0,29.94,0.5,19 | 66.2,11 | 51.8,67,16 | 9.94,29.94 | 1014,0.5 | 0.02
2020-12-09,19.0,10.0,65.0,18.0,29.91,0.0,19 | 66.2,10 | 50.0,65,18 | 11.18,29.91 | 1013,0.0 | 0.0
2020-12-10,18.0,8.0,59.0,22.0,29.91,0.0,18 | 64.4,8 | 46.4,59,22 | 13.67,29.91 | 1013,0.0 | 0.0
2020-12-11,19.0,8.0,59.0,19.0,29.91,0.0,19 | 66.2,8 | 46.4,59,19 | 11.81,29.91 | 1013,0.0 | 0.0
2020-12-12,19.0,7.0,54.0,17.0,29.91,0.0,19 | 66.2,7 | 44.6,54,17 | 10.56,29.91 | 1013,0.0 | 0.0
2020-12-13,19.0,7.0,58.0,18.0,29.91,0.0,19 | 66.2,7 | 44.6,58,18 | 11.18,29.91 | 1013,0.0 | 0.0
2020-12-14,19.0,7.0,56.0,16.0,29.91,0.0,19 | 66.2,7 | 44.6,56,16 | 9.94,29.91 | 1013,0.0 | 0.0
2020-12-15,19.0,5.0,49.0,15.0,29.88,0.0,19 | 66.2,5 | 41.0,49,15 | 9.32,29.88 | 1012,0.0 | 0.0
2020-12-16,20.0,5.0,43.0,15.0,29.88,0.0,20 | 68.0,5 | 41.0,43,15 | 9.32,29.88 | 1012,0.0 | 0.0
2020-12-17,19.0,7.0,51.0,15.0,29.88,0.0,19 | 66.2,7 | 44.6,51,15 | 9.32,29.88 | 1012,0.0 | 0.0
2020-12-18,20.0,6.0,47.0,19.0,29.88,0.0,20 | 68.0,6 | 42.8,47,19 | 11.81,29.88 | 1012,0.0 | 0.0
2020-12-19,19.0,7.0,53.0,15.0,29.88,0.0,19 | 66.2,7 | 44.6,53,15 | 9.32,29.88 | 1012,0.0 | 0.0
2020-12-20,19.0,9.0,60.0,19.0,29.91,0.0,19 | 66.2,9 | 48.2,60,19 | 11.81,29.91 | 1013,0.0 | 0.0
2020-12-21,19.0,10.0,65.0,17.0,29.91,0.1,19 | 66.2,10 | 50.0,65,17 | 10.56,29.91 | 1013,0.1 | 0.0
2020-12-22,19.0,8.0,59.0,19.0,29.91,0.0,19 | 66.2,8 | 46.4,59,19 | 11.81,29.91 | 1013,0.0 | 0.0
2020-12-23,19.0,9.0,60.0,20.0,29.88,0.0,19 | 66.2,9 | 48.2,60,20 | 12.43,29.88 | 1012,0.0 | 0.0
2020-12-24,20.0,9.0,59.0,14.0,29.85,0.1,20 | 68.0,9 | 48.2,59,14 | 8.7,29.85 | 1011,0.1 | 0.0
2020-12-25,20.0,9.0,56.0,11.0,29.85,0.0,20 | 68.0,9 | 48.2,56,11 | 6.84,29.85 | 1011,0.0 | 0.0
2020-12-26,20.0,8.0,55.0,20.0,29.85,0.0,20 | 68.0,8 | 46.4,55,20 | 12.43,29.85 | 1011,0.0 | 0.0
2020-12-27,20.0,6.0,48.0,21.0,29.85,0.0,20 | 68.0,6 | 42.8,48,21 | 13.05,29.85 | 1011,0.0 | 0.0
2020-12-28,20.0,5.0,45.0,21.0,29.85,0.0,20 | 68.0,5 | 41.0,45,21 | 13.05,29.85 | 1011,0.0 | 0.0
2020-12-29,20.0,7.0,53.0,20.0,29.88,0.0,20 | 68.0,7 | 44.6,53,20 | 12.43,29.88 | 1012,0.0 | 0.0
2020-12-30,20.0,9.0,59.0,18.0,29.85,0.0,20 | 68.0,9 | 48.2,59,18 | 11.18,29.85 | 1011,0.0 | 0.0
2020-12-31,19.0,11.0,66.0,17.0,29.85,1.8,19 | 66.2,11 | 51.8,66,17 | 10.56,29.85 | 1011,1.8 | 0.07
