time,temperature,dew_point,humidity,wind_speed,pressure,precipitation,temperature_raw,dew_point_raw,humidity_raw,wind_speed_raw,pressure_raw,precipitation_raw
2010-01-01,20.0,16.0,89.0,5.0,29.91,10.6,20 | 68.0,16 | 60.8,89,5 | 3.11,29.91 | 1013,10.6 | 0.42
2010-01-02,17.0,16.0,94.0,3.0,29.94,20.4,17 | 62.6,16 | 60.8,94,3 | 1.86,29.94 | 1014,20.4 | 0.8
2010-01-03,20.0,16.0,84.0,7.0,29.91,9.2,20 | 68.0,16 | 60.8,84,7 | 4.35,29.91 | 1013,9.2 | 0.36
2010-01-04,19.0,17.0,90.0,5.0,29.91,20.7,19 | 66.2,17 | 62.6,90,5 | 3.11,29.91 | 1013,20.7 | 0.81
2010-01-05,21.0,17.0,83.0,5.0,29.88,10.3,21 | 69.8,17 | 62.6,83,5 | 3.11,29.88 | 1012,10.3 | 0.41
2010-01-06,20.0,17.0,89.0,4.0,29.88,14.8,20 | 68.0,17 | 62.6,89,4 | 2.49,29.88 | 1012,14.8 | 0.58
2010-01-07,21.0,17.0,86.0,7.0,29.88,8.0,21 | 69.8,17 | 62.6,86,7 | 4.35,29.88 | 1012,8.0 | 0.31
2010-01-08,21.0,16.0,84.0,8.0,29.88,2.7,21 | 69.8,16 | 60.8,84,8 | 4.97,29.88 | 1012,2.7 | 0.11
2010-01-09,20.0,17.0,88.0,7.0,29.91,21.1,20 | 68.0,17 | 62.6,88,7 | 4.35,29.91 | 1013,21.1 | 0.83
2010-01-10,20.0,18.0,91.0,3.0,29.91,18.0,20 | 68.0,18 | 64.4,91,3 | 1.86,29.91 | 1013,18.0 | 0.71
2010-01-11,21.0,17.0,85.0,6.0,29.91,10.4,21 | 69.8,17 | 62.6,85,6 | 3.73,29.91 | 1013,10.4 | 0.41
2010-01-12,21.0,16.0,80.0,7.0,29.91,5.7,21 | 69.8,16 | 60.8,80,7 | 4.35,29.91 | 1013,5.7 | 0.22
2010-01-13,21.0,15.0,78.0,8.0,29.91,2.1,21 | 69.8,15 | 59.0,78,8 | 4.97,29.91 | 1013,2.1 | 0.08
2010-01-14,22.0,15.0,73.0,7.0,29.94,0.8,22 | 71.6,15 | 59.0,73,7 | 4.35,29.94 | 1014,0.8 | 0.03
2010-01-15,22.0,15.0,74.0,8.0,29.94,1.9,22 | 71.6,15 | 59.0,74,8 | 4.97,29.94 | 1014,1.9 | 0.07
2010-01-16,21.0,15.0,74.0,7.0,29.97,0.6,21 | 69.8,15 | 59.0,74,7 | 4.35,29.97 | 1015,0.6 | 0.02
2010-01-17,22.0,14.0,70.0,8.0,30.0,0.0,22 | 71.6,14 | 57.2,70,8 | 4.97,30.0 | 1016,0.0 | 0.0
2010-01-18,23.0,15.0,68.0,8.0,29.94,0.8,23 | 73.4,15 | 59.0,68,8 | 4.97,29.94 | 1014,0.8 | 0.03
2010-01-19,22.0,14.0,69.0,9.0,29.94,0.1,22 | 71.6,14 | 57.2,69,9 | 5.59,29.94 | 1014,0.1 | 0.0
2010-01-20,22.0,14.0,70.0,9.0,29.91,0.1,22 | 71.6,14 | 57.2,70,9 | 5.59,29.91 | 1013,0.1 | 0.0
2010-01-21,23.0,16.0,71.0,6.0,29.94,1.6,23 | 73.4,16 | 60.8,71,6 | 3.73,29.94 | 1014,1.6 | 0.06
2010-01-22,21.0,15.0,74.0,8.0,29.91,2.4,21 | 69.8,15 | 59.0,74,8 | 4.97,29.91 | 1013,2.4 | 0.09
2010-01-23,22.0,15.0,75.0,8.0,29.91,1.7,22 | 71.6,15 | 59.0,75,8 | 4.97,29.91 | 1013,1.7 | 0.07
2010-01-24,22.0,15.0,72.0,7.0,29.85,3.2,22 | 71.6,15 | 59.0,72,7 | 4.35,29.85 | 1011,3.2 | 0.13
2010-01-25,23.0,13.0,64.0,9.0,29.85,0.0,23 | 73.4,13 | 55.4,64,9 | 5.59,29.85 | 1011,0.0 | 0.0
2010-01-26,22.0,14.0,64.0,7.0,29.85,0.0,22 | 71.6,14 | 57.2,64,7 | 4.35,29.85 | 1011,0.0 | 0.0
2010-01-27,22.0,12.0,58.0,9.0,29.88,0.0,22 | 71.6,12 | 53.6,58,9 | 5.59,29.88 | 1012,0.0 | 0.0
2010-01-28,22.0,11.0,54.0,9.0,29.88,0.0,22 | 71.6,11 | 51.8,54,9 | 5.59,29.88 | 1012,0.0 | 0.0
2010-01-29,22.0,13.0,60.0,8.0,29.88,0.0,22 | 71.6,13 | 55.4,60,8 | 4.97,29.88 | 1012,0.0 | 0.0
2010-01-30,23.0,13.0,60.0,9.0,29.91,0.0,23 | 73.4,13 | 55.4,60,9 | 5.59,29.91 | 1013,0.0 | 0.0
2010-01-31,23.0,13.0,60.0,8.0,29.94,0.2,23 | 73.4,13 | 55.4,60,8 | 4.97,29.94 | 1014,0.2 | 0.01
2010-02-01,23.0,13.0,61.0,9.0,29.91,0.0,23 | 73.4,13 | 55.4,61,9 | 5.59,29.91 | 1013,0.0 | 0.0
2010-02-02,23.0,13.0,58.0,10.0,29.88,0.0,23 | 73.4,13 | 55.4,58,10 | 6.21,29.88 | 1012,0.0 | 0.0
2010-02-03,24.0,13.0,60.0,10.0,29.85,0.0,24 | 75.2,13 | 55.4,60,10 | 6.21,29.85 | 1011,0.0 | 0.0
2010-02-04,23.0,15.0,67.0,10.0,29.85,1.4,23 | 73.4,15 | 59.0,67,10 | 6.21,29.85 | 1011,1.4 | 0.06
2010-02-05,22.0,17.0,82.0,5.0,29.91,14.7,22 | 71.6,17 | 62.6,82,5 | 3.11,29.91 | 1013,14.7 | 0.58
2010-02-06,18.0,18.0,95.0,4.0,29.91,61.3,18 | 64.4,18 | 64.4,95,4 | 2.49,29.91 | 1013,61.3 | 2.41
2010-02-07,21.0,18.0,88.0,5.0,29.91,48.5,21 | 69.8,18 | 64.4,88,5 | 3.11,29.91 | 1013,48.5 | 1.91
2010-02-08,21.0,16.0,76.0,7.0,29.88,1.7,21 | 69.8,16 | 60.8,76,7 | 4.35,29.88 | 1012,1.7 | 0.07
2010-02-09,22.0,14.0,66.0,9.0,29.85,0.0,22 | 71.6,14 | 57.2,66,9 | 5.59,29.85 | 1011,0.0 | 0.0
2010-02-10,23.0,13.0,62.0,11.0,29.88,0.0,23 | 73.4,13 | 55.4,62,11 | 6.84,29.88 | 1012,0.0 | 0.0
2010-02-11,22.0,12.0,60.0,10.0,29.88,0.0,22 | 71.6,12 | 53.6,60,10 | 6.21,29.88 | 1012,0.0 | 0.0
2010-02-12,23.0,14.0,62.0,9.0,29.88,0.1,23 | 73.4,14 | 57.2,62,9 | 5.59,29.88 | 1012,0.1 | 0.0
2010-02-13,23.0,14.0,64.0,9.0,29.88,0.2,23 | 73.4,14 | 57.2,64,9 | 5.59,29.88 | 1012,0.2 | 0.01
2010-02-14,24.0,16.0,67.0,8.0,29.85,0.7,24 | 75.2,16 | 60.8,67,8 | 4.97,29.85 | 1011,0.7 | 0.03
2010-02-15,23.0,16.0,70.0,7.0,29.83,4.4,23 | 73.4,16 | 60.8,70,7 | 4.35,29.83 | 1010,4.4 | 0.17
2010-02-16,22.0,18.0,81.0,8.0,29.88,17.7,22 | 71.6,18 | 64.4,81,8 | 4.97,29.88 | 1012,17.7 | 0.7
2010-02-17,21.0,18.0,86.0,6.0,29.94,33.0,21 | 69.8,18 | 64.4,86,6 | 3.73,29.94 | 1014,33.0 | 1.3
2010-02-18,21.0,18.0,87.0,3.0,29.97,53.0,21 | 69.8,18 | 64.4,87,3 | 1.86,29.97 | 1015,53.0 | 2.09
2010-02-19,23.0,16.0,75.0,8.0,29.91,1.9,23 | 73.4,16 | 60.8,75,8 | 4.97,29.91 | 1013,1.9 | 0.07
2010-02-20,23.0,17.0,77.0,9.0,29.88,3.5,23 | 73.4,17 | 62.6,77,9 | 5.59,29.88 | 1012,3.5 | 0.14
2010-02-21,21.0,17.0,84.0,5.0,29.88,9.1,21 | 69.8,17 | 62.6,84,5 | 3.11,29.88 | 1012,9.1 | 0.36
2010-02-22,19.0,17.0,90.0,6.0,29.88,19.5,19 | 66.2,17 | 62.6,90,6 | 3.73,29.88 | 1012,19.5 | 0.77
2010-02-23,20.0,17.0,88.0,7.0,29.91,5.6,20 | 68.0,17 | 62.6,88,7 | 4.35,29.91 | 1013,5.6 | 0.22
2010-02-24,21.0,18.0,85.0,5.0,29.85,24.8,21 | 69.8,18 | 64.4,85,5 | 3.11,29.85 | 1011,24.8 | 0.98
2010-02-25,19.0,18.0,91.0,6.0,29.85,32.2,19 | 66.2,18 | 64.4,91,6 | 3.73,29.85 | 1011,32.2 | 1.27
2010-02-26,20.0,17.0,89.0,4.0,29.88,2.6,20 | 68.0,17 | 62.6,89,4 | 2.49,29.88 | 1012,2.6 | 0.1
2010-02-27,20.0,18.0,90.0,5.0,29.91,11.5,20 | 68.0,18 | 64.4,90,5 | 3.11,29.91 | 1013,11.5 | 0.45
2010-02-28,20.0,18.0,92.0,5.0,29.91,26.7,20 | 68.0,18 | 64.4,92,5 | 3.11,29.91 | 1013,26.7 | 1.05
2010-03-01,17.0,17.0,95.0,5.0,29.94,26.8,17 | 62.6,17 | 62.6,95,5 | 3.11,29.94 | 1014,26.8 | 1.06
2010-03-02,20.0,17.0,89.0,6.0,29.97,11.8,20 | 68.0,17 | 62.6,89,6 | 3.73,29.97 | 1015,11.8 | 0.46
2010-03-03,18.0,16.0,93.0,6.0,29.97,10.7,18 | 64.4,16 | 60.8,93,6 | 3.73,29.97 | 1015,10.7 | 0.42
2010-03-04,21.0,18.0,89.0,5.0,29.94,42.0,21 | 69.8,18 | 64.4,89,5 | 3.11,29.94 | 1014,42.0 | 1.65
2010-03-05,21.0,18.0,88.0,4.0,29.94,17.8,21 | 69.8,18 | 64.4,88,4 | 2.49,29.94 | 1014,17.8 | 0.7
2010-03-06,20.0,18.0,90.0,4.0,29.91,8.0,20 | 68.0,18 | 64.4,90,4 | 2.49,29.91 | 1013,8.0 | 0.31
2010-03-07,22.0,18.0,84.0,5.0,29.91,9.9,22 | 71.6,18 | 64.4,84,5 | 3.11,29.91 | 1013,9.9 | 0.39
2010-03-08,21.0,17.0,85.0,8.0,29.94,5.5,21 | 69.8,17 | 62.6,85,8 | 4.97,29.94 | 1014,5.5 | 0.22
2010-03-09,22.0,17.0,80.0,6.0,29.91,10.2,22 | 71.6,17 | 62.6,80,6 | 3.73,29.91 | 1013,10.2 | 0.4
2010-03-10,22.0,17.0,81.0,6.0,29.91,7.2,22 | 71.6,17 | 62.6,81,6 | 3.73,29.91 | 1013,7.2 | 0.28
2010-03-11,22.0,16.0,77.0,8.0,29.91,0.9,22 | 71.6,16 | 60.8,77,8 | 4.97,29.91 | 1013,0.9 | 0.04
2010-03-12,23.0,16.0,72.0,7.0,29.94,0.5,23 | 73.4,16 | 60.8,72,7 | 4.35,29.94 | 1014,0.5 | 0.02
2010-03-13,23.0,15.0,70.0,7.0,29.91,0.2,23 | 73.4,15 | 59.0,70,7 | 4.35,29.91 | 1013,0.2 | 0.01
2010-03-14,23.0,15.0,70.0,8.0,29.85,0.3,23 | 73.4,15 | 59.0,70,8 | 4.97,29.85 | 1011,0.3 | 0.01
2010-03-15,23.0,15.0,68.0,9.0,29.88,0.0,23 | 73.4,15 | 59.0,68,9 | 5.59,29.88 | 1012,0.0 | 0.0
2010-03-16,22.0,15.0,73.0,9.0,29.88,1.8,22 | 71.6,15 | 59.0,73,9 | 5.59,29.88 | 1012,1.8 | 0.07
2010-03-17,23.0,16.0,73.0,9.0,29.88,2.5,23 | 73.4,16 | 60.8,73,9 | 5.59,29.88 | 1012,2.5 | 0.1
2010-03-18,23.0,17.0,79.0,6.0,29.91,4.8,23 | 73.4,17 | 62.6,79,6 | 3.73,29.91 | 1013,4.8 | 0.19
2010-03-19,22.0,17.0,79.0,5.0,29.91,5.5,22 | 71.6,17 | 62.6,79,5 | 3.11,29.91 | 1013,5.5 | 0.22
2010-03-20,21.0,17.0,84.0,7.0,29.91,7.2,21 | 69.8,17 | 62.6,84,7 | 4.35,29.91 | 1013,7.2 | 0.28
2010-03-21,20.0,18.0,91.0,5.0,29.91,58.1,20 | 68.0,18 | 64.4,91,5 | 3.11,29.91 | 1013,58.1 | 2.29
2010-03-22,19.0,18.0,94.0,5.0,29.91,88.3,19 | 66.2,18 | 64.4,94,5 | 3.11,29.91 | 1013,88.3 | 3.48
2010-03-23,19.0,18.0,93.0,4.0,29.85,19.7,19 | 66.2,18 | 64.4,93,4 | 2.49,29.85 | 1011,19.7 | 0.78
2010-03-24,21.0,18.0,91.0,6.0,29.83,19.1,21 | 69.8,18 | 64.4,91,6 | 3.73,29.83 | 1010,19.1 | 0.75
2010-03-25,18.0,16.0,94.0,6.0,29.91,53.2,18 | 64.4,16 | 60.8,94,6 | 3.73,29.91 | 1013,53.2 | 2.09
2010-03-26,18.0,16.0,93.0,4.0,29.94,9.6,18 | 64.4,16 | 60.8,93,4 | 2.49,29.94 | 1014,9.6 | 0.38
2010-03-27,18.0,17.0,94.0,5.0,29.94,55.2,18 | 64.4,17 | 62.6,94,5 | 3.11,29.94 | 1014,55.2 | 2.17
2010-03-28,19.0,17.0,92.0,5.0,29.94,5.9,19 | 66.2,17 | 62.6,92,5 | 3.11,29.94 | 1014,5.9 | 0.23
2010-03-29,17.0,16.0,95.0,7.0,30.0,42.4,17 | 62.6,16 | 60.8,95,7 | 4.35,30.0 | 1016,42.4 | 1.67
2010-03-30,19.0,16.0,89.0,6.0,29.97,2.2,19 | 66.2,16 | 60.8,89,6 | 3.73,29.97 | 1015,2.2 | 0.09
2010-03-31,22.0,18.0,88.0,4.0,29.94,11.2,22 | 71.6,18 | 64.4,88,4 | 2.49,29.94 | 1014,11.2 | 0.44
2010-04-01,20.0,17.0,90.0,4.0,29.91,16.4,20 | 68.0,17 | 62.6,90,4 | 2.49,29.91 | 1013,16.4 | 0.65
2010-04-02,21.0,17.0,89.0,4.0,29.91,13.5,21 | 69.8,17 | 62.6,89,4 | 2.49,29.91 | 1013,13.5 | 0.53
2010-04-03,20.0,17.0,88.0,5.0,29.88,8.1,20 | 68.0,17 | 62.6,88,5 | 3.11,29.88 | 1012,8.1 | 0.32
2010-04-04,21.0,17.0,88.0,5.0,29.88,10.0,21 | 69.8,17 | 62.6,88,5 | 3.11,29.88 | 1012,10.0 | 0.39
2010-04-05,22.0,18.0,87.0,4.0,29.88,6.6,22 | 71.6,18 | 64.4,87,4 | 2.49,29.88 | 1012,6.6 | 0.26
2010-04-06,21.0,17.0,85.0,6.0,29.88,5.2,21 | 69.8,17 | 62.6,85,6 | 3.73,29.88 | 1012,5.2 | 0.2
2010-04-07,22.0,17.0,85.0,6.0,29.88,2.0,22 | 71.6,17 | 62.6,85,6 | 3.73,29.88 | 1012,2.0 | 0.08
2010-04-08,22.0,18.0,87.0,5.0,29.88,6.2,22 | 71.6,18 | 64.4,87,5 | 3.11,29.88 | 1012,6.2 | 0.24
2010-04-09,21.0,17.0,84.0,7.0,29.91,6.5,21 | 69.8,17 | 62.6,84,7 | 4.35,29.91 | 1013,6.5 | 0.26
2010-04-10,22.0,17.0,83.0,6.0,29.88,1.6,22 | 71.6,17 | 62.6,83,6 | 3.73,29.88 | 1012,1.6 | 0.06
2010-04-11,23.0,18.0,83.0,4.0,29.85,1.6,23 | 73.4,18 | 64.4,83,4 | 2.49,29.85 | 1011,1.6 | 0.06
2010-04-12,22.0,17.0,82.0,7.0,29.88,2.3,22 | 71.6,17 | 62.6,82,7 | 4.35,29.88 | 1012,2.3 | 0.09
2010-04-13,22.0,18.0,88.0,5.0,29.88,7.8,22 | 71.6,18 | 64.4,88,5 | 3.11,29.88 | 1012,7.8 | 0.31
2010-04-14,21.0,18.0,87.0,5.0,29.88,5.5,21 | 69.8,18 | 64.4,87,5 | 3.11,29.88 | 1012,5.5 | 0.22
2010-04-15,18.0,17.0,94.0,4.0,29.94,12.3,18 | 64.4,17 | 62.6,94,4 | 2.49,29.94 | 1014,12.3 | 0.48
2010-04-16,21.0,18.0,90.0,4.0,29.94,13.8,21 | 69.8,18 | 64.4,90,4 | 2.49,29.94 | 1014,13.8 | 0.54
2010-04-17,21.0,18.0,92.0,3.0,29.94,27.1,21 | 69.8,18 | 64.4,92,3 | 1.86,29.94 | 1014,27.1 | 1.07
2010-04-18,20.0,18.0,93.0,3.0,29.97,35.7,20 | 68.0,18 | 64.4,93,3 | 1.86,29.97 | 1015,35.7 | 1.41
2010-04-19,21.0,18.0,89.0,5.0,29.94,5.5,21 | 69.8,18 | 64.4,89,5 | 3.11,29.94 | 1014,5.5 | 0.22
2010-04-20,22.0,18.0,89.0,5.0,29.94,17.7,22 | 71.6,18 | 64.4,89,5 | 3.11,29.94 | 1014,17.7 | 0.7
2010-04-21,22.0,18.0,87.0,5.0,29.91,10.8,22 | 71.6,18 | 64.4,87,5 | 3.11,29.91 | 1013,10.8 | 0.43
2010-04-22,21.0,17.0,84.0,6.0,29.91,1.3,21 | 69.8,17 | 62.6,84,6 | 3.73,29.91 | 1013,1.3 | 0.05
2010-04-23,20.0,18.0,92.0,5.0,29.94,6.2,20 | 68.0,18 | 64.4,92,5 | 3.11,29.94 | 1014,6.2 | 0.24
2010-04-24,19.0,18.0,94.0,5.0,29.97,26.3,19 | 66.2,18 | 64.4,94,5 | 3.11,29.97 | 1015,26.3 | 1.04
2010-04-25,20.0,18.0,93.0,4.0,29.94,10.1,20 | 68.0,18 | 64.4,93,4 | 2.49,29.94 | 1014,10.1 | 0.4
2010-04-26,19.0,18.0,96.0,4.0,29.94,95.3,19 | 66.2,18 | 64.4,96,4 | 2.49,29.94 | 1014,95.3 | 3.75
2010-04-27,21.0,18.0,88.0,6.0,29.94,5.8,21 | 69.8,18 | 64.4,88,6 | 3.73,29.94 | 1014,5.8 | 0.23
2010-04-28,21.0,18.0,90.0,6.0,29.91,15.3,21 | 69.8,18 | 64.4,90,6 | 3.73,29.91 | 1013,15.3 | 0.6
2010-04-29,20.0,18.0,93.0,4.0,29.88,26.7,20 | 68.0,18 | 64.4,93,4 | 2.49,29.88 | 1012,26.7 | 1.05
2010-04-30,21.0,17.0,89.0,5.0,29.88,13.4,21 | 69.8,17 | 62.6,89,5 | 3.11,29.88 | 1012,13.4 | 0.53
2010-05-01,20.0,18.0,93.0,7.0,29.88,17.9,20 | 68.0,18 | 64.4,93,7 | 4.35,29.88 | 1012,17.9 | 0.7
2010-05-02,19.0,18.0,96.0,4.0,29.91,81.7,19 | 66.2,18 | 64.4,96,4 | 2.49,29.91 | 1013,81.7 | 3.22
2010-05-03,19.0,18.0,96.0,4.0,29.91,34.1,19 | 66.2,18 | 64.4,96,4 | 2.49,29.91 | 1013,34.1 | 1.34
2010-05-04,20.0,18.0,92.0,4.0,29.88,13.6,20 | 68.0,18 | 64.4,92,4 | 2.49,29.88 | 1012,13.6 | 0.54
2010-05-05,21.0,18.0,90.0,5.0,29.88,11.2,21 | 69.8,18 | 64.4,90,5 | 3.11,29.88 | 1012,11.2 | 0.44
2010-05-06,21.0,17.0,88.0,5.0,29.88,12.0,21 | 69.8,17 | 62.6,88,5 | 3.11,29.88 | 1012,12.0 | 0.47
2010-05-07,19.0,17.0,94.0,4.0,29.91,9.1,19 | 66.2,17 | 62.6,94,4 | 2.49,29.91 | 1013,9.1 | 0.36
2010-05-08,20.0,17.0,89.0,7.0,29.91,14.7,20 | 68.0,17 | 62.6,89,7 | 4.35,29.91 | 1013,14.7 | 0.58
2010-05-09,19.0,17.0,96.0,4.0,29.94,5.3,19 | 66.2,17 | 62.6,96,4 | 2.49,29.94 | 1014,5.3 | 0.21
2010-05-10,19.0,17.0,94.0,6.0,29.91,15.6,19 | 66.2,17 | 62.6,94,6 | 3.73,29.91 | 1013,15.6 | 0.61
2010-05-11,18.0,17.0,97.0,5.0,29.97,9.0,18 | 64.4,17 | 62.6,97,5 | 3.11,29.97 | 1015,9.0 | 0.35
2010-05-12,19.0,17.0,94.0,4.0,30.0,3.1,19 | 66.2,17 | 62.6,94,4 | 2.49,30.0 | 1016,3.1 | 0.12
2010-05-13,18.0,17.0,94.0,6.0,30.0,3.1,18 | 64.4,17 | 62.6,94,6 | 3.73,30.0 | 1016,3.1 | 0.12
2010-05-14,18.0,15.0,89.0,8.0,30.0,0.5,18 | 64.4,15 | 59.0,89,8 | 4.97,30.0 | 1016,0.5 | 0.02
2010-05-15,19.0,17.0,92.0,5.0,29.97,21.1,19 | 66.2,17 | 62.6,92,5 | 3.11,29.97 | 1015,21.1 | 0.83
2010-05-16,20.0,18.0,94.0,5.0,29.97,37.2,20 | 68.0,18 | 64.4,94,5 | 3.11,29.97 | 1015,37.2 | 1.46
2010-05-17,17.0,17.0,98.0,3.0,29.97,30.6,17 | 62.6,17 | 62.6,98,3 | 1.86,29.97 | 1015,30.6 | 1.2
2010-05-18,20.0,18.0,93.0,4.0,29.94,3.7,20 | 68.0,18 | 64.4,93,4 | 2.49,29.94 | 1014,3.7 | 0.15
2010-05-19,20.0,18.0,93.0,5.0,29.94,12.6,20 | 68.0,18 | 64.4,93,5 | 3.11,29.94 | 1014,12.6 | 0.5
2010-05-20,21.0,18.0,89.0,5.0,29.94,9.0,21 | 69.8,18 | 64.4,89,5 | 3.11,29.94 | 1014,9.0 | 0.35
2010-05-21,21.0,17.0,85.0,8.0,29.94,1.0,21 | 69.8,17 | 62.6,85,8 | 4.97,29.94 | 1014,1.0 | 0.04
2010-05-22,21.0,17.0,86.0,8.0,29.94,3.7,21 | 69.8,17 | 62.6,86,8 | 4.97,29.94 | 1014,3.7 | 0.15
2010-05-23,20.0,17.0,92.0,5.0,29.94,4.6,20 | 68.0,17 | 62.6,92,5 | 3.11,29.94 | 1014,4.6 | 0.18
2010-05-24,21.0,18.0,93.0,5.0,29.94,15.8,21 | 69.8,18 | 64.4,93,5 | 3.11,29.94 | 1014,15.8 | 0.62
2010-05-25,20.0,17.0,93.0,4.0,29.94,20.0,20 | 68.0,17 | 62.6,93,4 | 2.49,29.94 | 1014,20.0 | 0.79
2010-05-26,21.0,17.0,84.0,7.0,29.94,1.7,21 | 69.8,17 | 62.6,84,7 | 4.35,29.94 | 1014,1.7 | 0.07
2010-05-27,21.0,16.0,81.0,8.0,29.94,1.8,21 | 69.8,16 | 60.8,81,8 | 4.97,29.94 | 1014,1.8 | 0.07
2010-05-28,21.0,16.0,84.0,7.0,29.97,2.0,21 | 69.8,16 | 60.8,84,7 | 4.35,29.97 | 1015,2.0 | 0.08
2010-05-29,21.0,17.0,87.0,5.0,29.97,5.1,21 | 69.8,17 | 62.6,87,5 | 3.11,29.97 | 1015,5.1 | 0.2
2010-05-30,21.0,17.0,86.0,8.0,29.97,2.8,21 | 69.8,17 | 62.6,86,8 | 4.97,29.97 | 1015,2.8 | 0.11
2010-05-31,20.0,15.0,79.0,7.0,29.97,0.9,20 | 68.0,15 | 59.0,79,7 | 4.35,29.97 | 1015,0.9 | 0.04
2010-06-01,20.0,17.0,86.0,5.0,29.97,2.3,20 | 68.0,17 | 62.6,86,5 | 3.11,29.97 | 1015,2.3 | 0.09
2010-06-02,21.0,18.0,89.0,5.0,30.0,5.7,21 | 69.8,18 | 64.4,89,5 | 3.11,30.0 | 1016,5.7 | 0.22
2010-06-03,20.0,18.0,92.0,6.0,30.0,12.6,20 | 68.0,18 | 64.4,92,6 | 3.73,30.0 | 1016,12.6 | 0.5
2010-06-04,18.0,16.0,95.0,5.0,30.03,66.4,18 | 64.4,16 | 60.8,95,5 | 3.11,30.03 | 1017,66.4 | 2.61
2010-06-05,20.0,17.0,91.0,5.0,30.03,20.6,20 | 68.0,17 | 62.6,91,5 | 3.11,30.03 | 1017,20.6 | 0.81
2010-06-06,18.0,17.0,96.0,4.0,30.03,66.5,18 | 64.4,17 | 62.6,96,4 | 2.49,30.03 | 1017,66.5 | 2.62
2010-06-07,20.0,18.0,93.0,4.0,30.0,14.4,20 | 68.0,18 | 64.4,93,4 | 2.49,30.0 | 1016,14.4 | 0.57
2010-06-08,20.0,17.0,88.0,6.0,30.03,4.1,20 | 68.0,17 | 62.6,88,6 | 3.73,30.03 | 1017,4.1 | 0.16
2010-06-09,20.0,16.0,85.0,7.0,30.03,1.2,20 | 68.0,16 | 60.8,85,7 | 4.35,30.03 | 1017,1.2 | 0.05
2010-06-10,20.0,16.0,90.0,5.0,30.03,8.5,20 | 68.0,16 | 60.8,90,5 | 3.11,30.03 | 1017,8.5 | 0.33
2010-06-11,19.0,16.0,89.0,6.0,30.03,1.8,19 | 66.2,16 | 60.8,89,6 | 3.73,30.03 | 1017,1.8 | 0.07
2010-06-12,20.0,16.0,88.0,5.0,30.0,1.4,20 | 68.0,16 | 60.8,88,5 | 3.11,30.0 | 1016,1.4 | 0.06
2010-06-13,19.0,16.0,92.0,5.0,30.0,14.5,19 | 66.2,16 | 60.8,92,5 | 3.11,30.0 | 1016,14.5 | 0.57
2010-06-14,19.0,17.0,91.0,6.0,30.0,6.7,19 | 66.2,17 | 62.6,91,6 | 3.73,30.0 | 1016,6.7 | 0.26
2010-06-15,19.0,16.0,92.0,5.0,30.0,6.8,19 | 66.2,16 | 60.8,92,5 | 3.11,30.0 | 1016,6.8 | 0.27
2010-06-16,19.0,16.0,90.0,6.0,29.97,2.4,19 | 66.2,16 | 60.8,90,6 | 3.73,29.97 | 1015,2.4 | 0.09
2010-06-17,19.0,16.0,91.0,5.0,29.97,8.6,19 | 66.2,16 | 60.8,91,5 | 3.11,29.97 | 1015,8.6 | 0.34
2010-06-18,19.0,16.0,87.0,7.0,29.97,5.6,19 | 66.2,16 | 60.8,87,7 | 4.35,29.97 | 1015,5.6 | 0.22
2010-06-19,19.0,15.0,86.0,7.0,29.97,4.5,19 | 66.2,15 | 59.0,86,7 | 4.35,29.97 | 1015,4.5 | 0.18
2010-06-20,20.0,16.0,88.0,5.0,29.97,5.8,20 | 68.0,16 | 60.8,88,5 | 3.11,29.97 | 1015,5.8 | 0.23
2010-06-21,19.0,16.0,89.0,5.0,29.97,4.5,19 | 66.2,16 | 60.8,89,5 | 3.11,29.97 | 1015,4.5 | 0.18
2010-06-22,19.0,16.0,89.0,5.0,29.97,6.8,19 | 66.2,16 | 60.8,89,5 | 3.11,29.97 | 1015,6.8 | 0.27
2010-06-23,20.0,16.0,88.0,6.0,29.97,5.3,20 | 68.0,16 | 60.8,88,6 | 3.73,29.97 | 1015,5.3 | 0.21
2010-06-24,19.0,15.0,87.0,6.0,29.97,5.8,19 | 66.2,15 | 59.0,87,6 | 3.73,29.97 | 1015,5.8 | 0.23
2010-06-25,20.0,15.0,85.0,6.0,29.97,3.8,20 | 68.0,15 | 59.0,85,6 | 3.73,29.97 | 1015,3.8 | 0.15
2010-06-26,19.0,15.0,87.0,6.0,29.97,1.4,19 | 66.2,15 | 59.0,87,6 | 3.73,29.97 | 1015,1.4 | 0.06
2010-06-27,18.0,16.0,93.0,4.0,29.97,12.2,18 | 64.4,16 | 60.8,93,4 | 2.49,29.97 | 1015,12.2 | 0.48
2010-06-28,20.0,17.0,87.0,7.0,30.0,10.3,20 | 68.0,17 | 62.6,87,7 | 4.35,30.0 | 1016,10.3 | 0.41
2010-06-29,19.0,15.0,82.0,6.0,30.0,2.5,19 | 66.2,15 | 59.0,82,6 | 3.73,30.0 | 1016,2.5 | 0.1
2010-06-30,20.0,14.0,83.0,8.0,30.0,2.0,20 | 68.0,14 | 57.2,83,8 | 4.97,30.0 | 1016,2.0 | 0.08
2010-07-01,20.0,15.0,84.0,6.0,30.0,5.2,20 | 68.0,15 | 59.0,84,6 | 3.73,30.0 | 1016,5.2 | 0.2
2010-07-02,19.0,15.0,89.0,6.0,30.0,11.5,19 | 66.2,15 | 59.0,89,6 | 3.73,30.0 | 1016,11.5 | 0.45
2010-07-03,19.0,15.0,91.0,5.0,29.97,8.3,19 | 66.2,15 | 59.0,91,5 | 3.11,29.97 | 1015,8.3 | 0.33
2010-07-04,19.0,16.0,90.0,6.0,30.0,11.0,19 | 66.2,16 | 60.8,90,6 | 3.73,30.0 | 1016,11.0 | 0.43
2010-07-05,19.0,16.0,86.0,7.0,29.97,4.2,19 | 66.2,16 | 60.8,86,7 | 4.35,29.97 | 1015,4.2 | 0.17
2010-07-06,19.0,15.0,87.0,4.0,29.97,4.4,19 | 66.2,15 | 59.0,87,4 | 2.49,29.97 | 1015,4.4 | 0.17
2010-07-07,18.0,15.0,88.0,6.0,29.97,4.2,18 | 64.4,15 | 59.0,88,6 | 3.73,29.97 | 1015,4.2 | 0.17
2010-07-08,18.0,14.0,87.0,6.0,30.0,1.5,18 | 64.4,14 | 57.2,87,6 | 3.73,30.0 | 1016,1.5 | 0.06
2010-07-09,17.0,14.0,84.0,7.0,29.97,0.9,17 | 62.6,14 | 57.2,84,7 | 4.35,29.97 | 1015,0.9 | 0.04
2010-07-10,18.0,15.0,84.0,5.0,29.94,2.6,18 | 64.4,15 | 59.0,84,5 | 3.11,29.94 | 1014,2.6 | 0.1
2010-07-11,20.0,17.0,87.0,5.0,29.94,7.8,20 | 68.0,17 | 62.6,87,5 | 3.11,29.94 | 1014,7.8 | 0.31
2010-07-12,20.0,16.0,84.0,6.0,29.97,2.8,20 | 68.0,16 | 60.8,84,6 | 3.73,29.97 | 1015,2.8 | 0.11
2010-07-13,20.0,13.0,75.0,8.0,29.94,0.0,20 | 68.0,13 | 55.4,75,8 | 4.97,29.94 | 1014,0.0 | 0.0
2010-07-14,20.0,13.0,75.0,8.0,29.94,0.3,20 | 68.0,13 | 55.4,75,8 | 4.97,29.94 | 1014,0.3 | 0.01
2010-07-15,19.0,13.0,79.0,6.0,29.94,1.2,19 | 66.2,13 | 55.4,79,6 | 3.73,29.94 | 1014,1.2 | 0.05
2010-07-16,20.0,14.0,76.0,7.0,29.94,1.4,20 | 68.0,14 | 57.2,76,7 | 4.35,29.94 | 1014,1.4 | 0.06
2010-07-17,19.0,14.0,81.0,6.0,30.0,1.6,19 | 66.2,14 | 57.2,81,6 | 3.73,30.0 | 1016,1.6 | 0.06
2010-07-18,18.0,14.0,81.0,6.0,30.03,2.9,18 | 64.4,14 | 57.2,81,6 | 3.73,30.03 | 1017,2.9 | 0.11
2010-07-19,19.0,13.0,77.0,8.0,30.03,0.9,19 | 66.2,13 | 55.4,77,8 | 4.97,30.03 | 1017,0.9 | 0.04
2010-07-20,20.0,14.0,78.0,7.0,30.0,0.9,20 | 68.0,14 | 57.2,78,7 | 4.35,30.0 | 1016,0.9 | 0.04
2010-07-21,19.0,14.0,84.0,5.0,29.97,2.2,19 | 66.2,14 | 57.2,84,5 | 3.11,29.97 | 1015,2.2 | 0.09
2010-07-22,18.0,14.0,84.0,5.0,29.97,6.6,18 | 64.4,14 | 57.2,84,5 | 3.11,29.97 | 1015,6.6 | 0.26
2010-07-23,19.0,14.0,82.0,6.0,30.0,0.9,19 | 66.2,14 | 57.2,82,6 | 3.73,30.0 | 1016,0.9 | 0.04
2010-07-24,19.0,14.0,85.0,6.0,30.0,3.9,19 | 66.2,14 | 57.2,85,6 | 3.73,30.0 | 1016,3.9 | 0.15
2010-07-25,19.0,15.0,89.0,5.0,29.97,7.9,19 | 66.2,15 | 59.0,89,5 | 3.11,29.97 | 1015,7.9 | 0.31
2010-07-26,17.0,15.0,93.0,4.0,30.0,23.1,17 | 62.6,15 | 59.0,93,4 | 2.49,30.0 | 1016,23.1 | 0.91
2010-07-27,18.0,15.0,85.0,6.0,30.03,1.7,18 | 64.4,15 | 59.0,85,6 | 3.73,30.03 | 1017,1.7 | 0.07
2010-07-28,19.0,15.0,85.0,7.0,30.03,4.3,19 | 66.2,15 | 59.0,85,7 | 4.35,30.03 | 1017,4.3 | 0.17
2010-07-29,18.0,16.0,90.0,5.0,30.0,9.1,18 | 64.4,16 | 60.8,90,5 | 3.11,30.0 | 1016,9.1 | 0.36
2010-07-30,20.0,15.0,85.0,6.0,29.97,3.6,20 | 68.0,15 | 59.0,85,6 | 3.73,29.97 | 1015,3.6 | 0.14
2010-07-31,20.0,15.0,84.0,6.0,29.97,4.0,20 | 68.0,15 | 59.0,84,6 | 3.73,29.97 | 1015,4.0 | 0.16
2010-08-01,18.0,15.0,90.0,7.0,30.0,5.5,18 | 64.4,15 | 59.0,90,7 | 4.35,30.0 | 1016,5.5 | 0.22
2010-08-02,20.0,15.0,83.0,7.0,30.0,4.1,20 | 68.0,15 | 59.0,83,7 | 4.35,30.0 | 1016,4.1 | 0.16
2010-08-03,20.0,15.0,82.0,8.0,30.0,2.6,20 | 68.0,15 | 59.0,82,8 | 4.97,30.0 | 1016,2.6 | 0.1
2010-08-04,20.0,14.0,79.0,8.0,30.0,1.4,20 | 68.0,14 | 57.2,79,8 | 4.97,30.0 | 1016,1.4 | 0.06
2010-08-05,20.0,15.0,82.0,7.0,29.97,3.2,20 | 68.0,15 | 59.0,82,7 | 4.35,29.97 | 1015,3.2 | 0.13
2010-08-06,21.0,15.0,79.0,7.0,30.0,2.6,21 | 69.8,15 | 59.0,79,7 | 4.35,30.0 | 1016,2.6 | 0.1
2010-08-07,20.0,15.0,80.0,7.0,30.0,4.5,20 | 68.0,15 | 59.0,80,7 | 4.35,30.0 | 1016,4.5 | 0.18
2010-08-08,20.0,16.0,85.0,6.0,29.97,9.2,20 | 68.0,16 | 60.8,85,6 | 3.73,29.97 | 1015,9.2 | 0.36
2010-08-09,18.0,15.0,88.0,7.0,29.97,6.9,18 | 64.4,15 | 59.0,88,7 | 4.35,29.97 | 1015,6.9 | 0.27
2010-08-10,20.0,15.0,81.0,7.0,29.97,12.6,20 | 68.0,15 | 59.0,81,7 | 4.35,29.97 | 1015,12.6 | 0.5
2010-08-11,20.0,15.0,81.0,10.0,30.0,4.6,20 | 68.0,15 | 59.0,81,10 | 6.21,30.0 | 1016,4.6 | 0.18
2010-08-12,20.0,14.0,76.0,10.0,30.0,1.8,20 | 68.0,14 | 57.2,76,10 | 6.21,30.0 | 1016,1.8 | 0.07
2010-08-13,20.0,14.0,80.0,8.0,30.03,6.0,20 | 68.0,14 | 57.2,80,8 | 4.97,30.03 | 1017,6.0 | 0.24
2010-08-14,20.0,15.0,82.0,7.0,30.0,2.4,20 | 68.0,15 | 59.0,82,7 | 4.35,30.0 | 1016,2.4 | 0.09
2010-08-15,20.0,15.0,83.0,6.0,30.0,2.3,20 | 68.0,15 | 59.0,83,6 | 3.73,30.0 | 1016,2.3 | 0.09
2010-08-16,20.0,15.0,80.0,7.0,30.0,1.7,20 | 68.0,15 | 59.0,80,7 | 4.35,30.0 | 1016,1.7 | 0.07
2010-08-17,20.0,15.0,80.0,7.0,30.0,3.1,20 | 68.0,15 | 59.0,80,7 | 4.35,30.0 | 1016,3.1 | 0.12
2010-08-18,20.0,13.0,74.0,8.0,29.94,1.2,20 | 68.0,13 | 55.4,74,8 | 4.97,29.94 | 1014,1.2 | 0.05
2010-08-19,21.0,13.0,73.0,8.0,29.94,1.1,21 | 69.8,13 | 55.4,73,8 | 4.97,29.94 | 1014,1.1 | 0.04
2010-08-20,21.0,14.0,77.0,8.0,29.97,0.3,21 | 69.8,14 | 57.2,77,8 | 4.97,29.97 | 1015,0.3 | 0.01
2010-08-21,21.0,15.0,81.0,8.0,30.0,0.9,21 | 69.8,15 | 59.0,81,8 | 4.97,30.0 | 1016,0.9 | 0.04
2010-08-22,21.0,15.0,82.0,7.0,29.97,2.2,21 | 69.8,15 | 59.0,82,7 | 4.35,29.97 | 1015,2.2 | 0.09
2010-08-23,20.0,15.0,80.0,7.0,29.94,2.2,20 | 68.0,15 | 59.0,80,7 | 4.35,29.94 | 1014,2.2 | 0.09
2010-08-24,21.0,15.0,80.0,7.0,29.97,2.0,21 | 69.8,15 | 59.0,80,7 | 4.35,29.97 | 1015,2.0 | 0.08
2010-08-25,20.0,15.0,83.0,7.0,29.97,3.7,20 | 68.0,15 | 59.0,83,7 | 4.35,29.97 | 1015,3.7 | 0.15
2010-08-26,20.0,16.0,86.0,5.0,29.97,6.7,20 | 68.0,16 | 60.8,86,5 | 3.11,29.97 | 1015,6.7 | 0.26
2010-08-27,20.0,15.0,83.0,7.0,29.94,4.9,20 | 68.0,15 | 59.0,83,7 | 4.35,29.94 | 1014,4.9 | 0.19
2010-08-28,20.0,15.0,83.0,7.0,29.91,4.5,20 | 68.0,15 | 59.0,83,7 | 4.35,29.91 | 1013,4.5 | 0.18
2010-08-29,16.0,15.0,94.0,6.0,30.0,49.4,16 | 60.8,15 | 59.0,94,6 | 3.73,30.0 | 1016,49.4 | 1.94
2010-08-30,20.0,16.0,84.0,6.0,29.97,3.7,20 | 68.0,16 | 60.8,84,6 | 3.73,29.97 | 1015,3.7 | 0.15
2010-08-31,20.0,15.0,84.0,7.0,29.97,5.9,20 | 68.0,15 | 59.0,84,7 | 4.35,29.97 | 1015,5.9 | 0.23
2010-09-01,20.0,16.0,84.0,6.0,29.97,5.6,20 | 68.0,16 | 60.8,84,6 | 3.73,29.97 | 1015,5.6 | 0.22
2010-09-02,21.0,16.0,83.0,7.0,29.97,12.0,21 | 69.8,16 | 60.8,83,7 | 4.35,29.97 | 1015,12.0 | 0.47
2010-09-03,21.0,16.0,82.0,7.0,29.94,7.8,21 | 69.8,16 | 60.8,82,7 | 4.35,29.94 | 1014,7.8 | 0.31
2010-09-04,21.0,16.0,81.0,6.0,29.94,1.9,21 | 69.8,16 | 60.8,81,6 | 3.73,29.94 | 1014,1.9 | 0.07
2010-09-05,21.0,16.0,84.0,6.0,29.94,7.1,21 | 69.8,16 | 60.8,84,6 | 3.73,29.94 | 1014,7.1 | 0.28
2010-09-06,22.0,16.0,81.0,4.0,29.94,4.0,22 | 71.6,16 | 60.8,81,4 | 2.49,29.94 | 1014,4.0 | 0.16
2010-09-07,20.0,14.0,76.0,7.0,29.94,4.5,20 | 68.0,14 | 57.2,76,7 | 4.35,29.94 | 1014,4.5 | 0.18
2010-09-08,20.0,15.0,84.0,6.0,29.97,11.1,20 | 68.0,15 | 59.0,84,6 | 3.73,29.97 | 1015,11.1 | 0.44
2010-09-09,21.0,17.0,86.0,5.0,29.97,16.7,21 | 69.8,17 | 62.6,86,5 | 3.11,29.97 | 1015,16.7 | 0.66
2010-09-10,20.0,16.0,86.0,5.0,29.94,17.8,20 | 68.0,16 | 60.8,86,5 | 3.11,29.94 | 1014,17.8 | 0.7
2010-09-11,21.0,16.0,85.0,6.0,29.91,12.7,21 | 69.8,16 | 60.8,85,6 | 3.73,29.91 | 1013,12.7 | 0.5
2010-09-12,20.0,16.0,84.0,6.0,29.97,11.8,20 | 68.0,16 | 60.8,84,6 | 3.73,29.97 | 1015,11.8 | 0.46
2010-09-13,20.0,14.0,81.0,6.0,29.97,4.5,20 | 68.0,14 | 57.2,81,6 | 3.73,29.97 | 1015,4.5 | 0.18
2010-09-14,20.0,14.0,80.0,7.0,29.94,3.1,20 | 68.0,14 | 57.2,80,7 | 4.35,29.94 | 1014,3.1 | 0.12
2010-09-15,20.0,15.0,82.0,7.0,29.94,6.5,20 | 68.0,15 | 59.0,82,7 | 4.35,29.94 | 1014,6.5 | 0.26
2010-09-16,20.0,15.0,83.0,7.0,29.94,7.7,20 | 68.0,15 | 59.0,83,7 | 4.35,29.94 | 1014,7.7 | 0.3
2010-09-17,21.0,15.0,82.0,7.0,29.97,6.1,21 | 69.8,15 | 59.0,82,7 | 4.35,29.97 | 1015,6.1 | 0.24
2010-09-18,21.0,15.0,81.0,8.0,29.94,5.9,21 | 69.8,15 | 59.0,81,8 | 4.97,29.94 | 1014,5.9 | 0.23
2010-09-19,20.0,16.0,83.0,7.0,29.91,22.7,20 | 68.0,16 | 60.8,83,7 | 4.35,29.91 | 1013,22.7 | 0.89
2010-09-20,20.0,16.0,87.0,7.0,29.91,29.0,20 | 68.0,16 | 60.8,87,7 | 4.35,29.91 | 1013,29.0 | 1.14
2010-09-21,20.0,17.0,86.0,4.0,29.91,20.1,20 | 68.0,17 | 62.6,86,4 | 2.49,29.91 | 1013,20.1 | 0.79
2010-09-22,21.0,16.0,84.0,5.0,29.91,14.2,21 | 69.8,16 | 60.8,84,5 | 3.11,29.91 | 1013,14.2 | 0.56
2010-09-23,21.0,14.0,77.0,8.0,29.91,0.6,21 | 69.8,14 | 57.2,77,8 | 4.97,29.91 | 1013,0.6 | 0.02
2010-09-24,20.0,13.0,73.0,8.0,29.94,1.3,20 | 68.0,13 | 55.4,73,8 | 4.97,29.94 | 1014,1.3 | 0.05
2010-09-25,20.0,14.0,74.0,8.0,29.94,3.1,20 | 68.0,14 | 57.2,74,8 | 4.97,29.94 | 1014,3.1 | 0.12
2010-09-26,21.0,15.0,80.0,7.0,29.94,6.1,21 | 69.8,15 | 59.0,80,7 | 4.35,29.94 | 1014,6.1 | 0.24
2010-09-27,22.0,16.0,80.0,6.0,29.94,6.3,22 | 71.6,16 | 60.8,80,6 | 3.73,29.94 | 1014,6.3 | 0.25
2010-09-28,22.0,16.0,77.0,5.0,29.91,6.9,22 | 71.6,16 | 60.8,77,5 | 3.11,29.91 | 1013,6.9 | 0.27
2010-09-29,21.0,14.0,76.0,11.0,29.91,3.3,21 | 69.8,14 | 57.2,76,11 | 6.84,29.91 | 1013,3.3 | 0.13
2010-09-30,21.0,14.0,77.0,8.0,29.91,3.0,21 | 69.8,14 | 57.2,77,8 | 4.97,29.91 | 1013,3.0 | 0.12
2010-10-01,21.0,15.0,76.0,7.0,29.91,3.3,21 | 69.8,15 | 59.0,76,7 | 4.35,29.91 | 1013,3.3 | 0.13
2010-10-02,22.0,16.0,79.0,5.0,29.88,6.8,22 | 71.6,16 | 60.8,79,5 | 3.11,29.88 | 1012,6.8 | 0.27
2010-10-03,21.0,16.0,81.0,6.0,29.91,7.2,21 | 69.8,16 | 60.8,81,6 | 3.73,29.91 | 1013,7.2 | 0.28
2010-10-04,22.0,16.0,79.0,7.0,29.91,7.1,22 | 71.6,16 | 60.8,79,7 | 4.35,29.91 | 1013,7.1 | 0.28
2010-10-05,21.0,17.0,81.0,6.0,29.94,10.1,21 | 69.8,17 | 62.6,81,6 | 3.73,29.94 | 1014,10.1 | 0.4
2010-10-06,22.0,17.0,82.0,6.0,29.94,5.0,22 | 71.6,17 | 62.6,82,6 | 3.73,29.94 | 1014,5.0 | 0.2
2010-10-07,22.0,16.0,79.0,5.0,29.94,4.8,22 | 71.6,16 | 60.8,79,5 | 3.11,29.94 | 1014,4.8 | 0.19
2010-10-08,21.0,16.0,78.0,7.0,29.97,10.1,21 | 69.8,16 | 60.8,78,7 | 4.35,29.97 | 1015,10.1 | 0.4
2010-10-09,21.0,17.0,87.0,5.0,29.97,23.2,21 | 69.8,17 | 62.6,87,5 | 3.11,29.97 | 1015,23.2 | 0.91
2010-10-10,21.0,17.0,86.0,6.0,29.91,12.5,21 | 69.8,17 | 62.6,86,6 | 3.73,29.91 | 1013,12.5 | 0.49
2010-10-11,21.0,17.0,83.0,6.0,29.88,14.5,21 | 69.8,17 | 62.6,83,6 | 3.73,29.88 | 1012,14.5 | 0.57
2010-10-12,22.0,17.0,83.0,4.0,29.91,30.9,22 | 71.6,17 | 62.6,83,4 | 2.49,29.91 | 1013,30.9 | 1.22
2010-10-13,22.0,17.0,81.0,6.0,29.91,10.8,22 | 71.6,17 | 62.6,81,6 | 3.73,29.91 | 1013,10.8 | 0.43
2010-10-14,21.0,15.0,81.0,6.0,29.91,4.3,21 | 69.8,15 | 59.0,81,6 | 3.73,29.91 | 1013,4.3 | 0.17
2010-10-15,20.0,15.0,83.0,5.0,29.91,14.0,20 | 68.0,15 | 59.0,83,5 | 3.11,29.91 | 1013,14.0 | 0.55
2010-10-16,21.0,16.0,81.0,5.0,29.91,10.1,21 | 69.8,16 | 60.8,81,5 | 3.11,29.91 | 1013,10.1 | 0.4
2010-10-17,20.0,16.0,84.0,7.0,29.91,9.1,20 | 68.0,16 | 60.8,84,7 | 4.35,29.91 | 1013,9.1 | 0.36
2010-10-18,20.0,15.0,85.0,7.0,29.88,24.4,20 | 68.0,15 | 59.0,85,7 | 4.35,29.88 | 1012,24.4 | 0.96
2010-10-19,18.0,16.0,92.0,5.0,29.91,18.7,18 | 64.4,16 | 60.8,92,5 | 3.11,29.91 | 1013,18.7 | 0.74
2010-10-20,20.0,16.0,84.0,7.0,29.88,16.2,20 | 68.0,16 | 60.8,84,7 | 4.35,29.88 | 1012,16.2 | 0.64
2010-10-21,20.0,17.0,86.0,6.0,29.88,6.0,20 | 68.0,17 | 62.6,86,6 | 3.73,29.88 | 1012,6.0 | 0.24
2010-10-22,20.0,16.0,88.0,4.0,29.88,15.7,20 | 68.0,16 | 60.8,88,4 | 2.49,29.88 | 1012,15.7 | 0.62
2010-10-23,19.0,16.0,88.0,6.0,29.88,19.4,19 | 66.2,16 | 60.8,88,6 | 3.73,29.88 | 1012,19.4 | 0.76
2010-10-24,19.0,17.0,91.0,2.0,29.88,20.3,19 | 66.2,17 | 62.6,91,2 | 1.24,29.88 | 1012,20.3 | 0.8
2010-10-25,20.0,17.0,89.0,5.0,29.88,17.8,20 | 68.0,17 | 62.6,89,5 | 3.11,29.88 | 1012,17.8 | 0.7
2010-10-26,20.0,16.0,86.0,5.0,29.88,24.6,20 | 68.0,16 | 60.8,86,5 | 3.11,29.88 | 1012,24.6 | 0.97
2010-10-27,21.0,17.0,87.0,7.0,29.88,21.1,21 | 69.8,17 | 62.6,87,7 | 4.35,29.88 | 1012,21.1 | 0.83
2010-10-28,21.0,15.0,76.0,6.0,29.88,1.9,21 | 69.8,15 | 59.0,76,6 | 3.73,29.88 | 1012,1.9 | 0.07
2010-10-29,22.0,15.0,73.0,10.0,29.88,0.2,22 | 71.6,15 | 59.0,73,10 | 6.21,29.88 | 1012,0.2 | 0.01
2010-10-30,22.0,14.0,73.0,9.0,29.94,0.6,22 | 71.6,14 | 57.2,73,9 | 5.59,29.94 | 1014,0.6 | 0.02
2010-10-31,22.0,16.0,78.0,8.0,29.94,1.9,22 | 71.6,16 | 60.8,78,8 | 4.97,29.94 | 1014,1.9 | 0.07
2010-11-01,21.0,16.0,81.0,8.0,29.91,5.6,21 | 69.8,16 | 60.8,81,8 | 4.97,29.91 | 1013,5.6 | 0.22
2010-11-02,21.0,17.0,85.0,7.0,29.88,7.7,21 | 69.8,17 | 62.6,85,7 | 4.35,29.88 | 1012,7.7 | 0.3
2010-11-03,21.0,17.0,83.0,7.0,29.88,17.0,21 | 69.8,17 | 62.6,83,7 | 4.35,29.88 | 1012,17.0 | 0.67
2010-11-04,21.0,17.0,85.0,7.0,29.88,18.9,21 | 69.8,17 | 62.6,85,7 | 4.35,29.88 | 1012,18.9 | 0.74
2010-11-05,21.0,17.0,84.0,6.0,29.91,16.6,21 | 69.8,17 | 62.6,84,6 | 3.73,29.91 | 1013,16.6 | 0.65
2010-11-06,21.0,17.0,83.0,6.0,29.88,12.7,21 | 69.8,17 | 62.6,83,6 | 3.73,29.88 | 1012,12.7 | 0.5
2010-11-07,20.0,16.0,86.0,7.0,29.88,12.9,20 | 68.0,16 | 60.8,86,7 | 4.35,29.88 | 1012,12.9 | 0.51
2010-11-08,19.0,17.0,90.0,6.0,29.85,20.4,19 | 66.2,17 | 62.6,90,6 | 3.73,29.85 | 1011,20.4 | 0.8
2010-11-09,21.0,17.0,87.0,5.0,29.88,14.0,21 | 69.8,17 | 62.6,87,5 | 3.11,29.88 | 1012,14.0 | 0.55
2010-11-10,21.0,17.0,84.0,6.0,29.91,17.9,21 | 69.8,17 | 62.6,84,6 | 3.73,29.91 | 1013,17.9 | 0.7
2010-11-11,21.0,17.0,85.0,6.0,29.91,24.3,21 | 69.8,17 | 62.6,85,6 | 3.73,29.91 | 1013,24.3 | 0.96
2010-11-12,20.0,17.0,88.0,4.0,29.85,28.7,20 | 68.0,17 | 62.6,88,4 | 2.49,29.85 | 1011,28.7 | 1.13
2010-11-13,20.0,16.0,84.0,7.0,29.83,8.6,20 | 68.0,16 | 60.8,84,7 | 4.35,29.83 | 1010,8.6 | 0.34
2010-11-14,20.0,16.0,85.0,7.0,29.88,15.7,20 | 68.0,16 | 60.8,85,7 | 4.35,29.88 | 1012,15.7 | 0.62
2010-11-15,21.0,16.0,82.0,8.0,29.94,8.5,21 | 69.8,16 | 60.8,82,8 | 4.97,29.94 | 1014,8.5 | 0.33
2010-11-16,20.0,15.0,82.0,6.0,29.91,5.6,20 | 68.0,15 | 59.0,82,6 | 3.73,29.91 | 1013,5.6 | 0.22
2010-11-17,20.0,16.0,84.0,6.0,29.85,7.1,20 | 68.0,16 | 60.8,84,6 | 3.73,29.85 | 1011,7.1 | 0.28
2010-11-18,20.0,16.0,85.0,5.0,29.85,18.5,20 | 68.0,16 | 60.8,85,5 | 3.11,29.85 | 1011,18.5 | 0.73
2010-11-19,21.0,15.0,81.0,7.0,29.91,5.0,21 | 69.8,15 | 59.0,81,7 | 4.35,29.91 | 1013,5.0 | 0.2
2010-11-20,20.0,15.0,82.0,6.0,29.88,1.8,20 | 68.0,15 | 59.0,82,6 | 3.73,29.88 | 1012,1.8 | 0.07
2010-11-21,20.0,15.0,80.0,6.0,29.85,1.9,20 | 68.0,15 | 59.0,80,6 | 3.73,29.85 | 1011,1.9 | 0.07
2010-11-22,21.0,15.0,79.0,7.0,29.8,3.2,21 | 69.8,15 | 59.0,79,7 | 4.35,29.8 | 1009,3.2 | 0.13
2010-11-23,20.0,16.0,82.0,6.0,29.83,6.6,20 | 68.0,16 | 60.8,82,6 | 3.73,29.83 | 1010,6.6 | 0.26
2010-11-24,21.0,15.0,79.0,7.0,29.85,2.8,21 | 69.8,15 | 59.0,79,7 | 4.35,29.85 | 1011,2.8 | 0.11
2010-11-25,21.0,16.0,80.0,8.0,29.88,2.8,21 | 69.8,16 | 60.8,80,8 | 4.97,29.88 | 1012,2.8 | 0.11
2010-11-26,21.0,16.0,82.0,8.0,29.88,12.4,21 | 69.8,16 | 60.8,82,8 | 4.97,29.88 | 1012,12.4 | 0.49
2010-11-27,21.0,15.0,81.0,7.0,29.88,2.6,21 | 69.8,15 | 59.0,81,7 | 4.35,29.88 | 1012,2.6 | 0.1
2010-11-28,20.0,15.0,81.0,7.0,29.88,5.3,20 | 68.0,15 | 59.0,81,7 | 4.35,29.88 | 1012,5.3 | 0.21
2010-11-29,20.0,16.0,84.0,6.0,29.88,12.9,20 | 68.0,16 | 60.8,84,6 | 3.73,29.88 | 1012,12.9 | 0.51
2010-11-30,20.0,15.0,82.0,7.0,29.85,10.9,20 | 68.0,15 | 59.0,82,7 | 4.35,29.85 | 1011,10.9 | 0.43
2010-12-01,20.0,16.0,85.0,5.0,29.85,16.5,20 | 68.0,16 | 60.8,85,5 | 3.11,29.85 | 1011,16.5 | 0.65
2010-12-02,20.0,16.0,84.0,6.0,29.85,6.9,20 | 68.0,16 | 60.8,84,6 | 3.73,29.85 | 1011,6.9 | 0.27
2010-12-03,21.0,15.0,81.0,7.0,29.88,3.3,21 | 69.8,15 | 59.0,81,7 | 4.35,29.88 | 1012,3.3 | 0.13
2010-12-04,21.0,15.0,77.0,6.0,29.88,1.8,21 | 69.8,15 | 59.0,77,6 | 3.73,29.88 | 1012,1.8 | 0.07
2010-12-05,21.0,13.0,72.0,7.0,29.83,0.6,21 | 69.8,13 | 55.4,72,7 | 4.35,29.83 | 1010,0.6 | 0.02
2010-12-06,20.0,14.0,80.0,7.0,29.83,3.9,20 | 68.0,14 | 57.2,80,7 | 4.35,29.83 | 1010,3.9 | 0.15
2010-12-07,20.0,15.0,82.0,6.0,29.83,3.9,20 | 68.0,15 | 59.0,82,6 | 3.73,29.83 | 1010,3.9 | 0.15
2010-12-08,20.0,16.0,83.0,7.0,29.88,10.4,20 | 68.0,16 | 60.8,83,7 | 4.35,29.88 | 1012,10.4 | 0.41
2010-12-09,19.0,16.0,85.0,7.0,29.91,12.2,19 | 66.2,16 | 60.8,85,7 | 4.35,29.91 | 1013,12.2 | 0.48
2010-12-10,19.0,16.0,86.0,6.0,29.91,16.5,19 | 66.2,16 | 60.8,86,6 | 3.73,29.91 | 1013,16.5 | 0.65
2010-12-11,19.0,16.0,87.0,5.0,29.85,10.0,19 | 66.2,16 | 60.8,87,5 | 3.11,29.85 | 1011,10.0 | 0.39
2010-12-12,20.0,15.0,84.0,5.0,29.83,9.0,20 | 68.0,15 | 59.0,84,5 | 3.11,29.83 | 1010,9.0 | 0.35
2010-12-13,21.0,15.0,78.0,7.0,29.85,3.1,21 | 69.8,15 | 59.0,78,7 | 4.35,29.85 | 1011,3.1 | 0.12
2010-12-14,21.0,14.0,75.0,6.0,29.88,0.4,21 | 69.8,14 | 57.2,75,6 | 3.73,29.88 | 1012,0.4 | 0.02
2010-12-15,20.0,13.0,72.0,7.0,29.91,1.0,20 | 68.0,13 | 55.4,72,7 | 4.35,29.91 | 1013,1.0 | 0.04
2010-12-16,20.0,12.0,69.0,7.0,29.88,0.0,20 | 68.0,12 | 53.6,69,7 | 4.35,29.88 | 1012,0.0 | 0.0
2010-12-17,21.0,12.0,67.0,7.0,29.88,0.1,21 | 69.8,12 | 53.6,67,7 | 4.35,29.88 | 1012,0.1 | 0.0
2010-12-18,21.0,12.0,68.0,9.0,29.88,1.1,21 | 69.8,12 | 53.6,68,9 | 5.59,29.88 | 1012,1.1 | 0.04
2010-12-19,20.0,12.0,69.0,8.0,29.85,1.0,20 | 68.0,12 | 53.6,69,8 | 4.97,29.85 | 1011,1.0 | 0.04
2010-12-20,21.0,12.0,68.0,8.0,29.85,1.0,21 | 69.8,12 | 53.6,68,8 | 4.97,29.85 | 1011,1.0 | 0.04
2010-12-21,20.0,14.0,75.0,8.0,29.88,5.0,20 | 68.0,14 | 57.2,75,8 | 4.97,29.88 | 1012,5.0 | 0.2
2010-12-22,20.0,15.0,81.0,9.0,29.88,4.2,20 | 68.0,15 | 59.0,81,9 | 5.59,29.88 | 1012,4.2 | 0.17
2010-12-23,20.0,14.0,77.0,7.0,29.88,1.3,20 | 68.0,14 | 57.2,77,7 | 4.35,29.88 | 1012,1.3 | 0.05
2010-12-24,20.0,14.0,76.0,8.0,29.88,2.8,20 | 68.0,14 | 57.2,76,8 | 4.97,29.88 | 1012,2.8 | 0.11
2010-12-25,20.0,15.0,81.0,7.0,29.88,10.8,20 | 68.0,15 | 59.0,81,7 | 4.35,29.88 | 1012,10.8 | 0.43
2010-12-26,21.0,15.0,80.0,7.0,29.85,4.6,21 | 69.8,15 | 59.0,80,7 | 4.35,29.85 | 1011,4.6 | 0.18
2010-12-27,20.0,15.0,80.0,8.0,29.85,7.1,20 | 68.0,15 | 59.0,80,8 | 4.97,29.85 | 1011,7.1 | 0.28
2010-12-28,20.0,16.0,82.0,6.0,29.85,7.0,20 | 68.0,16 | 60.8,82,6 | 3.73,29.85 | 1011,7.0 | 0.28
2010-12-29,20.0,15.0,83.0,6.0,29.85,10.7,20 | 68.0,15 | 59.0,83,6 | 3.73,29.85 | 1011,10.7 | 0.42
2010-12-30,20.0,15.0,83.0,4.0,29.88,9.0,20 | 68.0,15 | 59.0,83,4 | 2.49,29.88 | 1012,9.0 | 0.35
2010-12-31,21.0,15.0,79.0,6.0,29.88,5.1,21 | 69.8,15 | 59.0,79,6 | 3.73,29.88 | 1012,5.1 | 0.2
2011-01-01,21.0,14.0,75.0,6.0,29.85,0.9,21 | 69.8,14 | 57.2,75,6 | 3.73,29.85 | 1011,0.9 | 0.04
2011-01-02,21.0,13.0,70.0,8.0,29.83,0.6,21 | 69.8,13 | 55.4,70,8 | 4.97,29.83 | 1010,0.6 | 0.02
2011-01-03,21.0,13.0,73.0,8.0,29.85,2.0,21 | 69.8,13 | 55.4,73,8 | 4.97,29.85 | 1011,2.0 | 0.08
2011-01-04,21.0,13.0,70.0,8.0,29.85,1.2,21 | 69.8,13 | 55.4,70,8 | 4.97,29.85 | 1011,1.2 | 0.05
2011-01-05,21.0,13.0,71.0,8.0,29.85,0.9,21 | 69.8,13 | 55.4,71,8 | 4.97,29.85 | 1011,0.9 | 0.04
2011-01-06,21.0,14.0,73.0,8.0,29.83,3.4,21 | 69.8,14 | 57.2,73,8 | 4.97,29.83 | 1010,3.4 | 0.13
2011-01-07,21.0,14.0,74.0,8.0,29.85,2.8,21 | 69.8,14 | 57.2,74,8 | 4.97,29.85 | 1011,2.8 | 0.11
2011-01-08,20.0,14.0,77.0,9.0,29.88,3.3,20 | 68.0,14 | 57.2,77,9 | 5.59,29.88 | 1012,3.3 | 0.13
2011-01-09,20.0,15.0,80.0,8.0,29.88,3.1,20 | 68.0,15 | 59.0,80,8 | 4.97,29.88 | 1012,3.1 | 0.12
2011-01-10,20.0,15.0,80.0,7.0,29.91,8.1,20 | 68.0,15 | 59.0,80,7 | 4.35,29.91 | 1013,8.1 | 0.32
2011-01-11,21.0,15.0,78.0,8.0,29.88,4.3,21 | 69.8,15 | 59.0,78,8 | 4.97,29.88 | 1012,4.3 | 0.17
2011-01-12,20.0,15.0,79.0,7.0,29.85,10.9,20 | 68.0,15 | 59.0,79,7 | 4.35,29.85 | 1011,10.9 | 0.43
2011-01-13,20.0,15.0,81.0,7.0,29.85,6.7,20 | 68.0,15 | 59.0,81,7 | 4.35,29.85 | 1011,6.7 | 0.26
2011-01-14,20.0,16.0,82.0,8.0,29.85,13.7,20 | 68.0,16 | 60.8,82,8 | 4.97,29.85 | 1011,13.7 | 0.54
2011-01-15,20.0,14.0,78.0,9.0,29.91,3.3,20 | 68.0,14 | 57.2,78,9 | 5.59,29.91 | 1013,3.3 | 0.13
2011-01-16,20.0,15.0,82.0,7.0,29.91,9.2,20 | 68.0,15 | 59.0,82,7 | 4.35,29.91 | 1013,9.2 | 0.36
2011-01-17,21.0,15.0,79.0,7.0,29.85,6.0,21 | 69.8,15 | 59.0,79,7 | 4.35,29.85 | 1011,6.0 | 0.24
2011-01-18,20.0,15.0,80.0,7.0,29.83,8.0,20 | 68.0,15 | 59.0,80,7 | 4.35,29.83 | 1010,8.0 | 0.31
2011-01-19,19.0,15.0,81.0,8.0,29.85,11.0,19 | 66.2,15 | 59.0,81,8 | 4.97,29.85 | 1011,11.0 | 0.43
2011-01-20,20.0,16.0,82.0,7.0,29.83,5.7,20 | 68.0,16 | 60.8,82,7 | 4.35,29.83 | 1010,5.7 | 0.22
2011-01-21,21.0,14.0,76.0,8.0,29.85,1.2,21 | 69.8,14 | 57.2,76,8 | 4.97,29.85 | 1011,1.2 | 0.05
2011-01-22,22.0,12.0,64.0,7.0,29.85,0.4,22 | 71.6,12 | 53.6,64,7 | 4.35,29.85 | 1011,0.4 | 0.02
2011-01-23,22.0,13.0,65.0,6.0,29.83,0.4,22 | 71.6,13 | 55.4,65,6 | 3.73,29.83 | 1010,0.4 | 0.02
2011-01-24,21.0,15.0,75.0,6.0,29.85,10.2,21 | 69.8,15 | 59.0,75,6 | 3.73,29.85 | 1011,10.2 | 0.4
2011-01-25,22.0,13.0,67.0,8.0,29.85,0.2,22 | 71.6,13 | 55.4,67,8 | 4.97,29.85 | 1011,0.2 | 0.01
2011-01-26,21.0,10.0,56.0,9.0,29.85,0.2,21 | 69.8,10 | 50.0,56,9 | 5.59,29.85 | 1011,0.2 | 0.01
2011-01-27,22.0,8.0,49.0,9.0,29.88,0.0,22 | 71.6,8 | 46.4,49,9 | 5.59,29.88 | 1012,0.0 | 0.0
2011-01-28,22.0,8.0,48.0,8.0,29.94,0.0,22 | 71.6,8 | 46.4,48,8 | 4.97,29.94 | 1014,0.0 | 0.0
2011-01-29,22.0,12.0,62.0,8.0,29.94,0.1,22 | 71.6,12 | 53.6,62,8 | 4.97,29.94 | 1014,0.1 | 0.0
2011-01-30,22.0,13.0,62.0,8.0,29.91,1.2,22 | 71.6,13 | 55.4,62,8 | 4.97,29.91 | 1013,1.2 | 0.05
2011-01-31,22.0,14.0,70.0,8.0,29.88,5.0,22 | 71.6,14 | 57.2,70,8 | 4.97,29.88 | 1012,5.0 | 0.2
2011-02-01,22.0,14.0,73.0,7.0,29.88,6.6,22 | 71.6,14 | 57.2,73,7 | 4.35,29.88 | 1012,6.6 | 0.26
2011-02-02,21.0,16.0,81.0,6.0,29.88,8.6,21 | 69.8,16 | 60.8,81,6 | 3.73,29.88 | 1012,8.6 | 0.34
2011-02-03,21.0,16.0,81.0,7.0,29.88,14.3,21 | 69.8,16 | 60.8,81,7 | 4.35,29.88 | 1012,14.3 | 0.56
2011-02-04,23.0,13.0,64.0,8.0,29.88,3.0,23 | 73.4,13 | 55.4,64,8 | 4.97,29.88 | 1012,3.0 | 0.12
2011-02-05,21.0,11.0,59.0,9.0,29.88,0.0,21 | 69.8,11 | 51.8,59,9 | 5.59,29.88 | 1012,0.0 | 0.0
2011-02-06,22.0,11.0,59.0,8.0,29.88,0.0,22 | 71.6,11 | 51.8,59,8 | 4.97,29.88 | 1012,0.0 | 0.0
2011-02-07,22.0,11.0,57.0,8.0,29.88,0.5,22 | 71.6,11 | 51.8,57,8 | 4.97,29.88 | 1012,0.5 | 0.02
2011-02-08,22.0,12.0,63.0,9.0,29.85,1.8,22 | 71.6,12 | 53.6,63,9 | 5.59,29.85 | 1011,1.8 | 0.07
2011-02-09,22.0,12.0,63.0,10.0,29.83,0.3,22 | 71.6,12 | 53.6,63,10 | 6.21,29.83 | 1010,0.3 | 0.01
2011-02-10,22.0,13.0,68.0,9.0,29.83,0.6,22 | 71.6,13 | 55.4,68,9 | 5.59,29.83 | 1010,0.6 | 0.02
2011-02-11,22.0,14.0,69.0,9.0,29.85,1.1,22 | 71.6,14 | 57.2,69,9 | 5.59,29.85 | 1011,1.1 | 0.04
2011-02-12,22.0,14.0,71.0,9.0,29.85,4.5,22 | 71.6,14 | 57.2,71,9 | 5.59,29.85 | 1011,4.5 | 0.18
2011-02-13,21.0,14.0,73.0,8.0,29.88,7.3,21 | 69.8,14 | 57.2,73,8 | 4.97,29.88 | 1012,7.3 | 0.29
2011-02-14,21.0,15.0,76.0,8.0,29.88,4.3,21 | 69.8,15 | 59.0,76,8 | 4.97,29.88 | 1012,4.3 | 0.17
2011-02-15,21.0,14.0,73.0,9.0,29.85,6.4,21 | 69.8,14 | 57.2,73,9 | 5.59,29.85 | 1011,6.4 | 0.25
2011-02-16,22.0,14.0,68.0,8.0,29.88,1.4,22 | 71.6,14 | 57.2,68,8 | 4.97,29.88 | 1012,1.4 | 0.06
2011-02-17,21.0,15.0,74.0,8.0,29.88,9.8,21 | 69.8,15 | 59.0,74,8 | 4.97,29.88 | 1012,9.8 | 0.39
2011-02-18,22.0,15.0,75.0,7.0,29.85,18.1,22 | 71.6,15 | 59.0,75,7 | 4.35,29.85 | 1011,18.1 | 0.71
2011-02-19,23.0,14.0,67.0,8.0,29.85,3.6,23 | 73.4,14 | 57.2,67,8 | 4.97,29.85 | 1011,3.6 | 0.14
2011-02-20,22.0,14.0,70.0,8.0,29.88,4.8,22 | 71.6,14 | 57.2,70,8 | 4.97,29.88 | 1012,4.8 | 0.19
2011-02-21,22.0,12.0,64.0,9.0,29.91,1.3,22 | 71.6,12 | 53.6,64,9 | 5.59,29.91 | 1013,1.3 | 0.05
2011-02-22,21.0,11.0,60.0,10.0,29.88,1.8,21 | 69.8,11 | 51.8,60,10 | 6.21,29.88 | 1012,1.8 | 0.07
2011-02-23,23.0,11.0,58.0,9.0,29.88,0.1,23 | 73.4,11 | 51.8,58,9 | 5.59,29.88 | 1012,0.1 | 0.0
2011-02-24,23.0,10.0,55.0,9.0,29.91,0.0,23 | 73.4,10 | 50.0,55,9 | 5.59,29.91 | 1013,0.0 | 0.0
2011-02-25,22.0,10.0,56.0,9.0,29.88,1.3,22 | 71.6,10 | 50.0,56,9 | 5.59,29.88 | 1012,1.3 | 0.05
2011-02-26,23.0,10.0,53.0,10.0,29.85,0.2,23 | 73.4,10 | 50.0,53,10 | 6.21,29.85 | 1011,0.2 | 0.01
2011-02-27,23.0,12.0,59.0,7.0,29.88,0.6,23 | 73.4,12 | 53.6,59,7 | 4.35,29.88 | 1012,0.6 | 0.02
2011-02-28,23.0,10.0,51.0,8.0,29.85,0.0,23 | 73.4,10 | 50.0,51,8 | 4.97,29.85 | 1011,0.0 | 0.0
2011-03-01,23.0,10.0,51.0,9.0,29.85,0.0,23 | 73.4,10 | 50.0,51,9 | 5.59,29.85 | 1011,0.0 | 0.0
2011-03-02,23.0,10.0,53.0,10.0,29.83,0.5,23 | 73.4,10 | 50.0,53,10 | 6.21,29.83 | 1010,0.5 | 0.02
2011-03-03,23.0,14.0,68.0,7.0,29.88,1.4,23 | 73.4,14 | 57.2,68,7 | 4.35,29.88 | 1012,1.4 | 0.06
2011-03-04,23.0,13.0,66.0,8.0,29.88,2.9,23 | 73.4,13 | 55.4,66,8 | 4.97,29.88 | 1012,2.9 | 0.11
2011-03-05,23.0,14.0,65.0,8.0,29.88,1.1,23 | 73.4,14 | 57.2,65,8 | 4.97,29.88 | 1012,1.1 | 0.04
2011-03-06,23.0,14.0,66.0,8.0,29.88,1.7,23 | 73.4,14 | 57.2,66,8 | 4.97,29.88 | 1012,1.7 | 0.07
2011-03-07,22.0,15.0,77.0,7.0,29.88,4.9,22 | 71.6,15 | 59.0,77,7 | 4.35,29.88 | 1012,4.9 | 0.19
2011-03-08,24.0,13.0,65.0,8.0,29.85,2.3,24 | 75.2,13 | 55.4,65,8 | 4.97,29.85 | 1011,2.3 | 0.09
2011-03-09,25.0,11.0,52.0,8.0,29.85,0.3,25 | 77.0,11 | 51.8,52,8 | 4.97,29.85 | 1011,0.3 | 0.01
2011-03-10,25.0,11.0,50.0,8.0,29.85,0.2,25 | 77.0,11 | 51.8,50,8 | 4.97,29.85 | 1011,0.2 | 0.01
2011-03-11,23.0,11.0,55.0,9.0,29.88,1.3,23 | 73.4,11 | 51.8,55,9 | 5.59,29.88 | 1012,1.3 | 0.05
2011-03-12,23.0,12.0,61.0,9.0,29.85,2.1,23 | 73.4,12 | 53.6,61,9 | 5.59,29.85 | 1011,2.1 | 0.08
2011-03-13,23.0,13.0,65.0,7.0,29.85,3.6,23 | 73.4,13 | 55.4,65,7 | 4.35,29.85 | 1011,3.6 | 0.14
2011-03-14,22.0,14.0,72.0,7.0,29.85,3.6,22 | 71.6,14 | 57.2,72,7 | 4.35,29.85 | 1011,3.6 | 0.14
2011-03-15,21.0,15.0,77.0,8.0,29.85,6.1,21 | 69.8,15 | 59.0,77,8 | 4.97,29.85 | 1011,6.1 | 0.24
2011-03-16,21.0,16.0,80.0,6.0,29.85,11.5,21 | 69.8,16 | 60.8,80,6 | 3.73,29.85 | 1011,11.5 | 0.45
2011-03-17,19.0,17.0,89.0,7.0,29.88,29.7,19 | 66.2,17 | 62.6,89,7 | 4.35,29.88 | 1012,29.7 | 1.17
2011-03-18,19.0,15.0,83.0,8.0,29.91,11.7,19 | 66.2,15 | 59.0,83,8 | 4.97,29.91 | 1013,11.7 | 0.46
2011-03-19,19.0,15.0,83.0,5.0,29.91,0.8,19 | 66.2,15 | 59.0,83,5 | 3.11,29.91 | 1013,0.8 | 0.03
2011-03-20,20.0,16.0,82.0,7.0,29.85,7.3,20 | 68.0,16 | 60.8,82,7 | 4.35,29.85 | 1011,7.3 | 0.29
2011-03-21,20.0,17.0,84.0,7.0,29.91,49.8,20 | 68.0,17 | 62.6,84,7 | 4.35,29.91 | 1013,49.8 | 1.96
2011-03-22,20.0,16.0,86.0,7.0,29.91,35.6,20 | 68.0,16 | 60.8,86,7 | 4.35,29.91 | 1013,35.6 | 1.4
2011-03-23,21.0,16.0,82.0,5.0,29.91,12.1,21 | 69.8,16 | 60.8,82,5 | 3.11,29.91 | 1013,12.1 | 0.48
2011-03-24,22.0,15.0,78.0,5.0,29.88,7.7,22 | 71.6,15 | 59.0,78,5 | 3.11,29.88 | 1012,7.7 | 0.3
2011-03-25,21.0,14.0,75.0,7.0,29.91,4.7,21 | 69.8,14 | 57.2,75,7 | 4.35,29.91 | 1013,4.7 | 0.19
2011-03-26,21.0,14.0,75.0,7.0,29.91,6.1,21 | 69.8,14 | 57.2,75,7 | 4.35,29.91 | 1013,6.1 | 0.24
2011-03-27,21.0,16.0,79.0,7.0,29.94,7.4,21 | 69.8,16 | 60.8,79,7 | 4.35,29.94 | 1014,7.4 | 0.29
2011-03-28,21.0,15.0,79.0,6.0,29.94,3.0,21 | 69.8,15 | 59.0,79,6 | 3.73,29.94 | 1014,3.0 | 0.12
2011-03-29,21.0,16.0,81.0,7.0,29.91,5.4,21 | 69.8,16 | 60.8,81,7 | 4.35,29.91 | 1013,5.4 | 0.21
2011-03-30,22.0,16.0,81.0,7.0,29.91,9.3,22 | 71.6,16 | 60.8,81,7 | 4.35,29.91 | 1013,9.3 | 0.37
2011-03-31,21.0,15.0,78.0,8.0,29.88,8.4,21 | 69.8,15 | 59.0,78,8 | 4.97,29.88 | 1012,8.4 | 0.33
2011-04-01,21.0,15.0,79.0,7.0,29.91,7.3,21 | 69.8,15 | 59.0,79,7 | 4.35,29.91 | 1013,7.3 | 0.29
2011-04-02,21.0,15.0,78.0,7.0,29.91,3.6,21 | 69.8,15 | 59.0,78,7 | 4.35,29.91 | 1013,3.6 | 0.14
2011-04-03,21.0,16.0,79.0,6.0,29.88,6.9,21 | 69.8,16 | 60.8,79,6 | 3.73,29.88 | 1012,6.9 | 0.27
2011-04-04,20.0,16.0,84.0,7.0,29.88,22.0,20 | 68.0,16 | 60.8,84,7 | 4.35,29.88 | 1012,22.0 | 0.87
2011-04-05,21.0,16.0,82.0,7.0,29.88,4.6,21 | 69.8,16 | 60.8,82,7 | 4.35,29.88 | 1012,4.6 | 0.18
2011-04-06,21.0,15.0,79.0,7.0,29.88,4.4,21 | 69.8,15 | 59.0,79,7 | 4.35,29.88 | 1012,4.4 | 0.17
2011-04-07,21.0,16.0,81.0,7.0,29.85,3.5,21 | 69.8,16 | 60.8,81,7 | 4.35,29.85 | 1011,3.5 | 0.14
2011-04-08,21.0,16.0,83.0,5.0,29.91,13.0,21 | 69.8,16 | 60.8,83,5 | 3.11,29.91 | 1013,13.0 | 0.51
2011-04-09,22.0,15.0,77.0,9.0,29.94,1.0,22 | 71.6,15 | 59.0,77,9 | 5.59,29.94 | 1014,1.0 | 0.04
2011-04-10,22.0,15.0,75.0,8.0,29.94,4.1,22 | 71.6,15 | 59.0,75,8 | 4.97,29.94 | 1014,4.1 | 0.16
2011-04-11,22.0,15.0,74.0,8.0,29.91,1.7,22 | 71.6,15 | 59.0,74,8 | 4.97,29.91 | 1013,1.7 | 0.07
2011-04-12,22.0,14.0,71.0,8.0,29.88,2.4,22 | 71.6,14 | 57.2,71,8 | 4.97,29.88 | 1012,2.4 | 0.09
2011-04-13,22.0,15.0,75.0,8.0,29.88,3.3,22 | 71.6,15 | 59.0,75,8 | 4.97,29.88 | 1012,3.3 | 0.13
2011-04-14,22.0,15.0,78.0,7.0,29.88,3.9,22 | 71.6,15 | 59.0,78,7 | 4.35,29.88 | 1012,3.9 | 0.15
2011-04-15,21.0,16.0,81.0,6.0,29.83,8.7,21 | 69.8,16 | 60.8,81,6 | 3.73,29.83 | 1010,8.7 | 0.34
2011-04-16,20.0,17.0,86.0,6.0,29.85,24.5,20 | 68.0,17 | 62.6,86,6 | 3.73,29.85 | 1011,24.5 | 0.96
2011-04-17,22.0,17.0,83.0,8.0,29.88,12.2,22 | 71.6,17 | 62.6,83,8 | 4.97,29.88 | 1012,12.2 | 0.48
2011-04-18,22.0,16.0,79.0,7.0,29.91,3.6,22 | 71.6,16 | 60.8,79,7 | 4.35,29.91 | 1013,3.6 | 0.14
2011-04-19,22.0,16.0,81.0,7.0,29.85,6.5,22 | 71.6,16 | 60.8,81,7 | 4.35,29.85 | 1011,6.5 | 0.26
2011-04-20,21.0,16.0,85.0,8.0,29.85,18.9,21 | 69.8,16 | 60.8,85,8 | 4.97,29.85 | 1011,18.9 | 0.74
2011-04-21,21.0,17.0,83.0,6.0,29.88,2.8,21 | 69.8,17 | 62.6,83,6 | 3.73,29.88 | 1012,2.8 | 0.11
2011-04-22,21.0,17.0,86.0,6.0,29.85,10.1,21 | 69.8,17 | 62.6,86,6 | 3.73,29.85 | 1011,10.1 | 0.4
2011-04-23,20.0,17.0,88.0,7.0,29.85,4.2,20 | 68.0,17 | 62.6,88,7 | 4.35,29.85 | 1011,4.2 | 0.17
2011-04-24,21.0,18.0,88.0,5.0,29.88,12.8,21 | 69.8,18 | 64.4,88,5 | 3.11,29.88 | 1012,12.8 | 0.5
2011-04-25,20.0,17.0,89.0,7.0,29.85,21.6,20 | 68.0,17 | 62.6,89,7 | 4.35,29.85 | 1011,21.6 | 0.85
2011-04-26,20.0,17.0,89.0,5.0,29.88,2.3,20 | 68.0,17 | 62.6,89,5 | 3.11,29.88 | 1012,2.3 | 0.09
2011-04-27,21.0,18.0,89.0,5.0,29.91,6.5,21 | 69.8,18 | 64.4,89,5 | 3.11,29.91 | 1013,6.5 | 0.26
2011-04-28,21.0,18.0,87.0,6.0,29.88,8.0,21 | 69.8,18 | 64.4,87,6 | 3.73,29.88 | 1012,8.0 | 0.31
2011-04-29,19.0,17.0,92.0,5.0,29.88,20.5,19 | 66.2,17 | 62.6,92,5 | 3.11,29.88 | 1012,20.5 | 0.81
2011-04-30,17.0,16.0,95.0,5.0,29.91,40.0,17 | 62.6,16 | 60.8,95,5 | 3.11,29.91 | 1013,40.0 | 1.57
2011-05-01,21.0,18.0,90.0,5.0,29.94,17.0,21 | 69.8,18 | 64.4,90,5 | 3.11,29.94 | 1014,17.0 | 0.67
2011-05-02,20.0,17.0,89.0,7.0,29.97,6.5,20 | 68.0,17 | 62.6,89,7 | 4.35,29.97 | 1015,6.5 | 0.26
2011-05-03,19.0,17.0,91.0,7.0,29.97,22.6,19 | 66.2,17 | 62.6,91,7 | 4.35,29.97 | 1015,22.6 | 0.89
2011-05-04,21.0,17.0,86.0,7.0,29.94,3.6,21 | 69.8,17 | 62.6,86,7 | 4.35,29.94 | 1014,3.6 | 0.14
2011-05-05,20.0,17.0,89.0,6.0,29.97,7.2,20 | 68.0,17 | 62.6,89,6 | 3.73,29.97 | 1015,7.2 | 0.28
2011-05-06,20.0,17.0,90.0,6.0,29.97,16.1,20 | 68.0,17 | 62.6,90,6 | 3.73,29.97 | 1015,16.1 | 0.63
2011-05-07,21.0,18.0,90.0,6.0,29.94,32.4,21 | 69.8,18 | 64.4,90,6 | 3.73,29.94 | 1014,32.4 | 1.28
2011-05-08,21.0,18.0,89.0,6.0,29.91,6.4,21 | 69.8,18 | 64.4,89,6 | 3.73,29.91 | 1013,6.4 | 0.25
2011-05-09,21.0,18.0,90.0,6.0,29.88,10.7,21 | 69.8,18 | 64.4,90,6 | 3.73,29.88 | 1012,10.7 | 0.42
2011-05-10,20.0,17.0,91.0,5.0,29.88,12.0,20 | 68.0,17 | 62.6,91,5 | 3.11,29.88 | 1012,12.0 | 0.47
2011-05-11,20.0,17.0,92.0,5.0,29.91,27.6,20 | 68.0,17 | 62.6,92,5 | 3.11,29.91 | 1013,27.6 | 1.09
2011-05-12,20.0,17.0,91.0,5.0,29.91,7.2,20 | 68.0,17 | 62.6,91,5 | 3.11,29.91 | 1013,7.2 | 0.28
2011-05-13,20.0,17.0,91.0,4.0,29.91,5.8,20 | 68.0,17 | 62.6,91,4 | 2.49,29.91 | 1013,5.8 | 0.23
2011-05-14,21.0,17.0,89.0,6.0,29.88,2.4,21 | 69.8,17 | 62.6,89,6 | 3.73,29.88 | 1012,2.4 | 0.09
2011-05-15,21.0,18.0,89.0,6.0,29.88,6.8,21 | 69.8,18 | 64.4,89,6 | 3.73,29.88 | 1012,6.8 | 0.27
2011-05-16,20.0,17.0,90.0,7.0,29.88,3.6,20 | 68.0,17 | 62.6,90,7 | 4.35,29.88 | 1012,3.6 | 0.14
2011-05-17,21.0,17.0,88.0,6.0,29.91,2.3,21 | 69.8,17 | 62.6,88,6 | 3.73,29.91 | 1013,2.3 | 0.09
2011-05-18,20.0,16.0,88.0,6.0,29.91,2.2,20 | 68.0,16 | 60.8,88,6 | 3.73,29.91 | 1013,2.2 | 0.09
2011-05-19,20.0,17.0,92.0,4.0,29.91,10.4,20 | 68.0,17 | 62.6,92,4 | 2.49,29.91 | 1013,10.4 | 0.41
2011-05-20,19.0,17.0,92.0,6.0,29.91,38.2,19 | 66.2,17 | 62.6,92,6 | 3.73,29.91 | 1013,38.2 | 1.5
2011-05-21,17.0,16.0,95.0,6.0,29.97,58.1,17 | 62.6,16 | 60.8,95,6 | 3.73,29.97 | 1015,58.1 | 2.29
2011-05-22,19.0,16.0,92.0,5.0,29.94,10.2,19 | 66.2,16 | 60.8,92,5 | 3.11,29.94 | 1014,10.2 | 0.4
2011-05-23,20.0,17.0,90.0,8.0,29.94,4.0,20 | 68.0,17 | 62.6,90,8 | 4.97,29.94 | 1014,4.0 | 0.16
2011-05-24,20.0,17.0,89.0,9.0,29.97,3.5,20 | 68.0,17 | 62.6,89,9 | 5.59,29.97 | 1015,3.5 | 0.14
2011-05-25,20.0,16.0,90.0,8.0,29.97,8.1,20 | 68.0,16 | 60.8,90,8 | 4.97,29.97 | 1015,8.1 | 0.32
2011-05-26,19.0,17.0,93.0,6.0,29.97,7.1,19 | 66.2,17 | 62.6,93,6 | 3.73,29.97 | 1015,7.1 | 0.28
2011-05-27,20.0,17.0,92.0,5.0,29.97,26.2,20 | 68.0,17 | 62.6,92,5 | 3.11,29.97 | 1015,26.2 | 1.03
2011-05-28,20.0,16.0,90.0,5.0,29.97,5.8,20 | 68.0,16 | 60.8,90,5 | 3.11,29.97 | 1015,5.8 | 0.23
2011-05-29,20.0,17.0,89.0,7.0,29.97,3.2,20 | 68.0,17 | 62.6,89,7 | 4.35,29.97 | 1015,3.2 | 0.13
2011-05-30,20.0,17.0,91.0,7.0,29.97,5.2,20 | 68.0,17 | 62.6,91,7 | 4.35,29.97 | 1015,5.2 | 0.2
2011-05-31,20.0,16.0,89.0,6.0,30.0,6.2,20 | 68.0,16 | 60.8,89,6 | 3.73,30.0 | 1016,6.2 | 0.24
2011-06-01,19.0,16.0,90.0,6.0,30.0,6.5,19 | 66.2,16 | 60.8,90,6 | 3.73,30.0 | 1016,6.5 | 0.26
2011-06-02,19.0,16.0,88.0,5.0,29.97,5.4,19 | 66.2,16 | 60.8,88,5 | 3.11,29.97 | 1015,5.4 | 0.21
2011-06-03,20.0,17.0,90.0,5.0,29.97,6.9,20 | 68.0,17 | 62.6,90,5 | 3.11,29.97 | 1015,6.9 | 0.27
2011-06-04,20.0,17.0,90.0,5.0,29.94,9.6,20 | 68.0,17 | 62.6,90,5 | 3.11,29.94 | 1014,9.6 | 0.38
2011-06-05,20.0,17.0,93.0,4.0,29.94,13.0,20 | 68.0,17 | 62.6,93,4 | 2.49,29.94 | 1014,13.0 | 0.51
2011-06-06,20.0,17.0,92.0,5.0,29.94,6.8,20 | 68.0,17 | 62.6,92,5 | 3.11,29.94 | 1014,6.8 | 0.27
2011-06-07,20.0,17.0,89.0,7.0,29.94,8.3,20 | 68.0,17 | 62.6,89,7 | 4.35,29.94 | 1014,8.3 | 0.33
2011-06-08,20.0,17.0,86.0,6.0,29.97,3.9,20 | 68.0,17 | 62.6,86,6 | 3.73,29.97 | 1015,3.9 | 0.15
2011-06-09,19.0,17.0,92.0,5.0,29.94,12.5,19 | 66.2,17 | 62.6,92,5 | 3.11,29.94 | 1014,12.5 | 0.49
2011-06-10,19.0,17.0,93.0,4.0,29.94,32.8,19 | 66.2,17 | 62.6,93,4 | 2.49,29.94 | 1014,32.8 | 1.29
2011-06-11,19.0,16.0,89.0,6.0,29.97,4.7,19 | 66.2,16 | 60.8,89,6 | 3.73,29.97 | 1015,4.7 | 0.19
2011-06-12,19.0,17.0,89.0,6.0,30.0,1.3,19 | 66.2,17 | 62.6,89,6 | 3.73,30.0 | 1016,1.3 | 0.05
2011-06-13,19.0,16.0,92.0,5.0,30.03,3.8,19 | 66.2,16 | 60.8,92,5 | 3.11,30.03 | 1017,3.8 | 0.15
2011-06-14,19.0,16.0,92.0,6.0,30.0,8.2,19 | 66.2,16 | 60.8,92,6 | 3.73,30.0 | 1016,8.2 | 0.32
2011-06-15,19.0,17.0,92.0,5.0,30.0,5.0,19 | 66.2,17 | 62.6,92,5 | 3.11,30.0 | 1016,5.0 | 0.2
2011-06-16,20.0,16.0,92.0,5.0,29.97,4.6,20 | 68.0,16 | 60.8,92,5 | 3.11,29.97 | 1015,4.6 | 0.18
2011-06-17,19.0,17.0,92.0,5.0,29.97,10.5,19 | 66.2,17 | 62.6,92,5 | 3.11,29.97 | 1015,10.5 | 0.41
2011-06-18,20.0,18.0,92.0,5.0,29.94,8.5,20 | 68.0,18 | 64.4,92,5 | 3.11,29.94 | 1014,8.5 | 0.33
2011-06-19,19.0,17.0,93.0,5.0,29.94,27.4,19 | 66.2,17 | 62.6,93,5 | 3.11,29.94 | 1014,27.4 | 1.08
2011-06-20,19.0,17.0,94.0,3.0,29.94,28.9,19 | 66.2,17 | 62.6,94,3 | 1.86,29.94 | 1014,28.9 | 1.14
2011-06-21,18.0,17.0,95.0,4.0,29.97,28.0,18 | 64.4,17 | 62.6,95,4 | 2.49,29.97 | 1015,28.0 | 1.1
2011-06-22,20.0,17.0,91.0,5.0,29.97,13.2,20 | 68.0,17 | 62.6,91,5 | 3.11,29.97 | 1015,13.2 | 0.52
2011-06-23,19.0,17.0,92.0,4.0,29.94,14.1,19 | 66.2,17 | 62.6,92,4 | 2.49,29.94 | 1014,14.1 | 0.56
2011-06-24,19.0,16.0,94.0,4.0,29.94,23.6,19 | 66.2,16 | 60.8,94,4 | 2.49,29.94 | 1014,23.6 | 0.93
2011-06-25,19.0,16.0,92.0,4.0,29.97,1.5,19 | 66.2,16 | 60.8,92,4 | 2.49,29.97 | 1015,1.5 | 0.06
2011-06-26,19.0,16.0,92.0,5.0,29.94,2.2,19 | 66.2,16 | 60.8,92,5 | 3.11,29.94 | 1014,2.2 | 0.09
2011-06-27,20.0,15.0,82.0,6.0,30.0,1.3,20 | 68.0,15 | 59.0,82,6 | 3.73,30.0 | 1016,1.3 | 0.05
2011-06-28,18.0,16.0,92.0,6.0,29.97,4.8,18 | 64.4,16 | 60.8,92,6 | 3.73,29.97 | 1015,4.8 | 0.19
2011-06-29,19.0,17.0,92.0,4.0,29.97,14.3,19 | 66.2,17 | 62.6,92,4 | 2.49,29.97 | 1015,14.3 | 0.56
2011-06-30,19.0,16.0,92.0,5.0,29.97,6.4,19 | 66.2,16 | 60.8,92,5 | 3.11,29.97 | 1015,6.4 | 0.25
2011-07-01,19.0,17.0,92.0,5.0,29.97,17.3,19 | 66.2,17 | 62.6,92,5 | 3.11,29.97 | 1015,17.3 | 0.68
2011-07-02,20.0,17.0,90.0,4.0,29.94,2.3,20 | 68.0,17 | 62.6,90,4 | 2.49,29.94 | 1014,2.3 | 0.09
2011-07-03,19.0,16.0,91.0,5.0,29.94,4.1,19 | 66.2,16 | 60.8,91,5 | 3.11,29.94 | 1014,4.1 | 0.16
2011-07-04,19.0,16.0,90.0,5.0,30.0,21.6,19 | 66.2,16 | 60.8,90,5 | 3.11,30.0 | 1016,21.6 | 0.85
2011-07-05,19.0,15.0,90.0,6.0,30.0,6.8,19 | 66.2,15 | 59.0,90,6 | 3.73,30.0 | 1016,6.8 | 0.27
2011-07-06,19.0,16.0,91.0,6.0,30.0,2.6,19 | 66.2,16 | 60.8,91,6 | 3.73,30.0 | 1016,2.6 | 0.1
2011-07-07,19.0,15.0,90.0,5.0,29.97,3.2,19 | 66.2,15 | 59.0,90,5 | 3.11,29.97 | 1015,3.2 | 0.13
2011-07-08,19.0,16.0,91.0,5.0,29.97,17.6,19 | 66.2,16 | 60.8,91,5 | 3.11,29.97 | 1015,17.6 | 0.69
2011-07-09,19.0,16.0,89.0,4.0,30.0,6.5,19 | 66.2,16 | 60.8,89,4 | 2.49,30.0 | 1016,6.5 | 0.26
2011-07-10,19.0,16.0,89.0,5.0,30.0,6.2,19 | 66.2,16 | 60.8,89,5 | 3.11,30.0 | 1016,6.2 | 0.24
2011-07-11,19.0,16.0,88.0,4.0,30.0,5.3,19 | 66.2,16 | 60.8,88,4 | 2.49,30.0 | 1016,5.3 | 0.21
2011-07-12,19.0,15.0,85.0,6.0,29.97,4.1,19 | 66.2,15 | 59.0,85,6 | 3.73,29.97 | 1015,4.1 | 0.16
2011-07-13,19.0,15.0,84.0,7.0,29.97,2.2,19 | 66.2,15 | 59.0,84,7 | 4.35,29.97 | 1015,2.2 | 0.09
2011-07-14,19.0,14.0,84.0,7.0,30.0,3.3,19 | 66.2,14 | 57.2,84,7 | 4.35,30.0 | 1016,3.3 | 0.13
2011-07-15,19.0,15.0,85.0,8.0,30.0,2.2,19 | 66.2,15 | 59.0,85,8 | 4.97,30.0 | 1016,2.2 | 0.09
2011-07-16,19.0,15.0,84.0,7.0,30.0,0.8,19 | 66.2,15 | 59.0,84,7 | 4.35,30.0 | 1016,0.8 | 0.03
2011-07-17,19.0,14.0,81.0,7.0,30.0,0.9,19 | 66.2,14 | 57.2,81,7 | 4.35,30.0 | 1016,0.9 | 0.04
2011-07-18,19.0,14.0,84.0,5.0,29.97,1.7,19 | 66.2,14 | 57.2,84,5 | 3.11,29.97 | 1015,1.7 | 0.07
2011-07-19,20.0,15.0,85.0,5.0,30.0,1.7,20 | 68.0,15 | 59.0,85,5 | 3.11,30.0 | 1016,1.7 | 0.07
2011-07-20,19.0,15.0,86.0,7.0,30.0,1.9,19 | 66.2,15 | 59.0,86,7 | 4.35,30.0 | 1016,1.9 | 0.07
2011-07-21,19.0,15.0,88.0,6.0,30.0,5.9,19 | 66.2,15 | 59.0,88,6 | 3.73,30.0 | 1016,5.9 | 0.23
2011-07-22,19.0,16.0,90.0,5.0,30.0,16.4,19 | 66.2,16 | 60.8,90,5 | 3.11,30.0 | 1016,16.4 | 0.65
2011-07-23,20.0,16.0,84.0,6.0,30.0,6.4,20 | 68.0,16 | 60.8,84,6 | 3.73,30.0 | 1016,6.4 | 0.25
2011-07-24,19.0,16.0,87.0,7.0,29.97,2.2,19 | 66.2,16 | 60.8,87,7 | 4.35,29.97 | 1015,2.2 | 0.09
2011-07-25,19.0,15.0,88.0,7.0,29.94,1.0,19 | 66.2,15 | 59.0,88,7 | 4.35,29.94 | 1014,1.0 | 0.04
2011-07-26,19.0,15.0,85.0,5.0,29.94,2.4,19 | 66.2,15 | 59.0,85,5 | 3.11,29.94 | 1014,2.4 | 0.09
2011-07-27,20.0,16.0,89.0,4.0,29.94,6.9,20 | 68.0,16 | 60.8,89,4 | 2.49,29.94 | 1014,6.9 | 0.27
2011-07-28,20.0,16.0,87.0,5.0,29.88,8.1,20 | 68.0,16 | 60.8,87,5 | 3.11,29.88 | 1012,8.1 | 0.32
2011-07-29,19.0,16.0,87.0,5.0,29.91,12.2,19 | 66.2,16 | 60.8,87,5 | 3.11,29.91 | 1013,12.2 | 0.48
2011-07-30,19.0,16.0,88.0,6.0,29.94,12.2,19 | 66.2,16 | 60.8,88,6 | 3.73,29.94 | 1014,12.2 | 0.48
2011-07-31,20.0,16.0,84.0,6.0,29.94,9.4,20 | 68.0,16 | 60.8,84,6 | 3.73,29.94 | 1014,9.4 | 0.37
2011-08-01,19.0,15.0,86.0,6.0,29.94,17.9,19 | 66.2,15 | 59.0,86,6 | 3.73,29.94 | 1014,17.9 | 0.7
2011-08-02,19.0,16.0,88.0,7.0,29.94,37.0,19 | 66.2,16 | 60.8,88,7 | 4.35,29.94 | 1014,37.0 | 1.46
2011-08-03,20.0,15.0,84.0,6.0,29.97,4.0,20 | 68.0,15 | 59.0,84,6 | 3.73,29.97 | 1015,4.0 | 0.16
2011-08-04,18.0,14.0,83.0,8.0,30.0,2.4,18 | 64.4,14 | 57.2,83,8 | 4.97,30.0 | 1016,2.4 | 0.09
2011-08-05,20.0,15.0,81.0,8.0,30.0,4.0,20 | 68.0,15 | 59.0,81,8 | 4.97,30.0 | 1016,4.0 | 0.16
2011-08-06,20.0,15.0,83.0,6.0,29.97,3.1,20 | 68.0,15 | 59.0,83,6 | 3.73,29.97 | 1015,3.1 | 0.12
2011-08-07,19.0,15.0,84.0,7.0,29.97,6.2,19 | 66.2,15 | 59.0,84,7 | 4.35,29.97 | 1015,6.2 | 0.24
2011-08-08,18.0,15.0,89.0,6.0,29.97,25.3,18 | 64.4,15 | 59.0,89,6 | 3.73,29.97 | 1015,25.3 | 1.0
2011-08-09,18.0,15.0,91.0,4.0,29.97,11.5,18 | 64.4,15 | 59.0,91,4 | 2.49,29.97 | 1015,11.5 | 0.45
2011-08-10,18.0,15.0,91.0,7.0,29.94,7.2,18 | 64.4,15 | 59.0,91,7 | 4.35,29.94 | 1014,7.2 | 0.28
2011-08-11,18.0,15.0,91.0,6.0,29.94,17.6,18 | 64.4,15 | 59.0,91,6 | 3.73,29.94 | 1014,17.6 | 0.69
2011-08-12,18.0,15.0,90.0,6.0,29.91,6.4,18 | 64.4,15 | 59.0,90,6 | 3.73,29.91 | 1013,6.4 | 0.25
2011-08-13,18.0,16.0,91.0,5.0,29.91,4.3,18 | 64.4,16 | 60.8,91,5 | 3.11,29.91 | 1013,4.3 | 0.17
2011-08-14,18.0,16.0,91.0,4.0,29.94,9.4,18 | 64.4,16 | 60.8,91,4 | 2.49,29.94 | 1014,9.4 | 0.37
2011-08-15,18.0,16.0,91.0,5.0,29.97,19.7,18 | 64.4,16 | 60.8,91,5 | 3.11,29.97 | 1015,19.7 | 0.78
2011-08-16,20.0,16.0,86.0,6.0,29.94,9.6,20 | 68.0,16 | 60.8,86,6 | 3.73,29.94 | 1014,9.6 | 0.38
2011-08-17,18.0,16.0,89.0,7.0,29.97,11.9,18 | 64.4,16 | 60.8,89,7 | 4.35,29.97 | 1015,11.9 | 0.47
2011-08-18,19.0,15.0,87.0,5.0,29.97,6.1,19 | 66.2,15 | 59.0,87,5 | 3.11,29.97 | 1015,6.1 | 0.24
2011-08-19,20.0,16.0,86.0,5.0,29.94,11.6,20 | 68.0,16 | 60.8,86,5 | 3.11,29.94 | 1014,11.6 | 0.46
2011-08-20,20.0,16.0,85.0,6.0,29.94,5.7,20 | 68.0,16 | 60.8,85,6 | 3.73,29.94 | 1014,5.7 | 0.22
2011-08-21,20.0,15.0,84.0,6.0,29.94,6.7,20 | 68.0,15 | 59.0,84,6 | 3.73,29.94 | 1014,6.7 | 0.26
2011-08-22,20.0,15.0,85.0,6.0,29.94,8.4,20 | 68.0,15 | 59.0,85,6 | 3.73,29.94 | 1014,8.4 | 0.33
2011-08-23,20.0,15.0,83.0,6.0,29.97,4.3,20 | 68.0,15 | 59.0,83,6 | 3.73,29.97 | 1015,4.3 | 0.17
2011-08-24,20.0,15.0,82.0,7.0,29.97,2.3,20 | 68.0,15 | 59.0,82,7 | 4.35,29.97 | 1015,2.3 | 0.09
2011-08-25,20.0,16.0,83.0,6.0,29.94,8.3,20 | 68.0,16 | 60.8,83,6 | 3.73,29.94 | 1014,8.3 | 0.33
2011-08-26,20.0,16.0,84.0,6.0,29.94,8.3,20 | 68.0,16 | 60.8,84,6 | 3.73,29.94 | 1014,8.3 | 0.33
2011-08-27,19.0,16.0,88.0,6.0,29.97,14.0,19 | 66.2,16 | 60.8,88,6 | 3.73,29.97 | 1015,14.0 | 0.55
2011-08-28,19.0,15.0,86.0,6.0,29.97,8.3,19 | 66.2,15 | 59.0,86,6 | 3.73,29.97 | 1015,8.3 | 0.33
2011-08-29,20.0,16.0,83.0,7.0,29.97,9.7,20 | 68.0,16 | 60.8,83,7 | 4.35,29.97 | 1015,9.7 | 0.38
2011-08-30,20.0,16.0,83.0,6.0,29.97,10.7,20 | 68.0,16 | 60.8,83,6 | 3.73,29.97 | 1015,10.7 | 0.42
2011-08-31,21.0,15.0,81.0,6.0,29.97,3.6,21 | 69.8,15 | 59.0,81,6 | 3.73,29.97 | 1015,3.6 | 0.14
2011-09-01,21.0,15.0,80.0,7.0,29.97,2.3,21 | 69.8,15 | 59.0,80,7 | 4.35,29.97 | 1015,2.3 | 0.09
2011-09-02,19.0,15.0,83.0,6.0,29.97,4.1,19 | 66.2,15 | 59.0,83,6 | 3.73,29.97 | 1015,4.1 | 0.16
2011-09-03,20.0,15.0,86.0,6.0,29.94,2.6,20 | 68.0,15 | 59.0,86,6 | 3.73,29.94 | 1014,2.6 | 0.1
2011-09-04,20.0,16.0,87.0,7.0,29.94,8.7,20 | 68.0,16 | 60.8,87,7 | 4.35,29.94 | 1014,8.7 | 0.34
2011-09-05,20.0,16.0,88.0,4.0,29.94,16.6,20 | 68.0,16 | 60.8,88,4 | 2.49,29.94 | 1014,16.6 | 0.65
2011-09-06,18.0,16.0,91.0,5.0,30.0,27.0,18 | 64.4,16 | 60.8,91,5 | 3.11,30.0 | 1016,27.0 | 1.06
2011-09-07,17.0,15.0,93.0,6.0,30.03,18.8,17 | 62.6,15 | 59.0,93,6 | 3.73,30.03 | 1017,18.8 | 0.74
2011-09-08,20.0,16.0,87.0,6.0,29.97,13.8,20 | 68.0,16 | 60.8,87,6 | 3.73,29.97 | 1015,13.8 | 0.54
2011-09-09,19.0,16.0,89.0,5.0,29.97,35.8,19 | 66.2,16 | 60.8,89,5 | 3.11,29.97 | 1015,35.8 | 1.41
2011-09-10,20.0,16.0,86.0,6.0,29.97,10.8,20 | 68.0,16 | 60.8,86,6 | 3.73,29.97 | 1015,10.8 | 0.43
2011-09-11,20.0,15.0,82.0,8.0,29.94,8.8,20 | 68.0,15 | 59.0,82,8 | 4.97,29.94 | 1014,8.8 | 0.35
2011-09-12,20.0,15.0,85.0,7.0,29.94,8.4,20 | 68.0,15 | 59.0,85,7 | 4.35,29.94 | 1014,8.4 | 0.33
2011-09-13,20.0,16.0,86.0,6.0,29.94,7.7,20 | 68.0,16 | 60.8,86,6 | 3.73,29.94 | 1014,7.7 | 0.3
2011-09-14,20.0,15.0,83.0,7.0,29.94,7.5,20 | 68.0,15 | 59.0,83,7 | 4.35,29.94 | 1014,7.5 | 0.3
2011-09-15,21.0,15.0,84.0,6.0,29.94,4.9,21 | 69.8,15 | 59.0,84,6 | 3.73,29.94 | 1014,4.9 | 0.19
2011-09-16,19.0,15.0,87.0,5.0,29.94,9.4,19 | 66.2,15 | 59.0,87,5 | 3.11,29.94 | 1014,9.4 | 0.37
2011-09-17,19.0,16.0,89.0,5.0,29.94,57.1,19 | 66.2,16 | 60.8,89,5 | 3.11,29.94 | 1014,57.1 | 2.25
2011-09-18,20.0,16.0,87.0,5.0,29.94,20.9,20 | 68.0,16 | 60.8,87,5 | 3.11,29.94 | 1014,20.9 | 0.82
2011-09-19,20.0,16.0,84.0,6.0,29.94,6.0,20 | 68.0,16 | 60.8,84,6 | 3.73,29.94 | 1014,6.0 | 0.24
2011-09-20,21.0,16.0,84.0,6.0,29.97,5.5,21 | 69.8,16 | 60.8,84,6 | 3.73,29.97 | 1015,5.5 | 0.22
2011-09-21,21.0,16.0,81.0,7.0,29.97,2.6,21 | 69.8,16 | 60.8,81,7 | 4.35,29.97 | 1015,2.6 | 0.1
2011-09-22,21.0,16.0,78.0,6.0,29.94,1.7,21 | 69.8,16 | 60.8,78,6 | 3.73,29.94 | 1014,1.7 | 0.07
2011-09-23,21.0,15.0,77.0,7.0,29.94,1.4,21 | 69.8,15 | 59.0,77,7 | 4.35,29.94 | 1014,1.4 | 0.06
2011-09-24,21.0,15.0,79.0,10.0,29.94,6.4,21 | 69.8,15 | 59.0,79,10 | 6.21,29.94 | 1014,6.4 | 0.25
2011-09-25,21.0,14.0,74.0,8.0,29.97,1.6,21 | 69.8,14 | 57.2,74,8 | 4.97,29.97 | 1015,1.6 | 0.06
2011-09-26,21.0,14.0,78.0,7.0,29.94,6.7,21 | 69.8,14 | 57.2,78,7 | 4.35,29.94 | 1014,6.7 | 0.26
2011-09-27,20.0,15.0,83.0,7.0,29.94,9.1,20 | 68.0,15 | 59.0,83,7 | 4.35,29.94 | 1014,9.1 | 0.36
2011-09-28,20.0,16.0,84.0,6.0,29.91,10.1,20 | 68.0,16 | 60.8,84,6 | 3.73,29.91 | 1013,10.1 | 0.4
2011-09-29,21.0,16.0,82.0,6.0,29.91,13.5,21 | 69.8,16 | 60.8,82,6 | 3.73,29.91 | 1013,13.5 | 0.53
2011-09-30,20.0,16.0,84.0,7.0,29.94,13.1,20 | 68.0,16 | 60.8,84,7 | 4.35,29.94 | 1014,13.1 | 0.52
2011-10-01,19.0,16.0,91.0,5.0,29.94,27.9,19 | 66.2,16 | 60.8,91,5 | 3.11,29.94 | 1014,27.9 | 1.1
2011-10-02,20.0,16.0,86.0,6.0,29.91,7.5,20 | 68.0,16 | 60.8,86,6 | 3.73,29.91 | 1013,7.5 | 0.3
2011-10-03,21.0,15.0,83.0,6.0,29.91,5.5,21 | 69.8,15 | 59.0,83,6 | 3.73,29.91 | 1013,5.5 | 0.22
2011-10-04,22.0,16.0,84.0,6.0,29.91,5.8,22 | 71.6,16 | 60.8,84,6 | 3.73,29.91 | 1013,5.8 | 0.23
2011-10-05,21.0,16.0,82.0,5.0,29.91,3.9,21 | 69.8,16 | 60.8,82,5 | 3.11,29.91 | 1013,3.9 | 0.15
2011-10-06,21.0,16.0,82.0,6.0,29.91,9.0,21 | 69.8,16 | 60.8,82,6 | 3.73,29.91 | 1013,9.0 | 0.35
2011-10-07,21.0,14.0,77.0,9.0,29.91,2.5,21 | 69.8,14 | 57.2,77,9 | 5.59,29.91 | 1013,2.5 | 0.1
2011-10-08,21.0,13.0,70.0,12.0,29.91,0.0,21 | 69.8,13 | 55.4,70,12 | 7.46,29.91 | 1013,0.0 | 0.0
2011-10-09,20.0,13.0,71.0,11.0,29.94,0.5,20 | 68.0,13 | 55.4,71,11 | 6.84,29.94 | 1014,0.5 | 0.02
2011-10-10,21.0,13.0,73.0,11.0,29.94,1.1,21 | 69.8,13 | 55.4,73,11 | 6.84,29.94 | 1014,1.1 | 0.04
2011-10-11,21.0,14.0,77.0,8.0,29.88,1.4,21 | 69.8,14 | 57.2,77,8 | 4.97,29.88 | 1012,1.4 | 0.06
2011-10-12,21.0,15.0,80.0,9.0,29.85,4.7,21 | 69.8,15 | 59.0,80,9 | 5.59,29.85 | 1011,4.7 | 0.19
2011-10-13,20.0,16.0,84.0,8.0,29.85,5.2,20 | 68.0,16 | 60.8,84,8 | 4.97,29.85 | 1011,5.2 | 0.2
2011-10-14,20.0,15.0,83.0,8.0,29.85,3.8,20 | 68.0,15 | 59.0,83,8 | 4.97,29.85 | 1011,3.8 | 0.15
2011-10-15,21.0,15.0,78.0,10.0,29.85,3.2,21 | 69.8,15 | 59.0,78,10 | 6.21,29.85 | 1011,3.2 | 0.13
2011-10-16,21.0,14.0,74.0,9.0,29.85,0.1,21 | 69.8,14 | 57.2,74,9 | 5.59,29.85 | 1011,0.1 | 0.0
2011-10-17,22.0,15.0,76.0,8.0,29.83,2.9,22 | 71.6,15 | 59.0,76,8 | 4.97,29.83 | 1010,2.9 | 0.11
2011-10-18,21.0,15.0,79.0,7.0,29.83,4.2,21 | 69.8,15 | 59.0,79,7 | 4.35,29.83 | 1010,4.2 | 0.17
2011-10-19,20.0,15.0,83.0,8.0,29.85,5.3,20 | 68.0,15 | 59.0,83,8 | 4.97,29.85 | 1011,5.3 | 0.21
2011-10-20,20.0,15.0,83.0,6.0,29.85,8.1,20 | 68.0,15 | 59.0,83,6 | 3.73,29.85 | 1011,8.1 | 0.32
2011-10-21,22.0,16.0,77.0,8.0,29.83,2.9,22 | 71.6,16 | 60.8,77,8 | 4.97,29.83 | 1010,2.9 | 0.11
2011-10-22,22.0,15.0,75.0,9.0,29.83,1.9,22 | 71.6,15 | 59.0,75,9 | 5.59,29.83 | 1010,1.9 | 0.07
2011-10-23,21.0,16.0,81.0,9.0,29.85,5.9,21 | 69.8,16 | 60.8,81,9 | 5.59,29.85 | 1011,5.9 | 0.23
2011-10-24,20.0,15.0,82.0,7.0,29.85,5.8,20 | 68.0,15 | 59.0,82,7 | 4.35,29.85 | 1011,5.8 | 0.23
2011-10-25,21.0,16.0,83.0,6.0,29.85,5.8,21 | 69.8,16 | 60.8,83,6 | 3.73,29.85 | 1011,5.8 | 0.23
2011-10-26,21.0,16.0,82.0,6.0,29.85,5.9,21 | 69.8,16 | 60.8,82,6 | 3.73,29.85 | 1011,5.9 | 0.23
2011-10-27,19.0,17.0,89.0,6.0,29.88,24.1,19 | 66.2,17 | 62.6,89,6 | 3.73,29.88 | 1012,24.1 | 0.95
2011-10-28,18.0,16.0,91.0,6.0,29.88,24.8,18 | 64.4,16 | 60.8,91,6 | 3.73,29.88 | 1012,24.8 | 0.98
2011-10-29,19.0,16.0,87.0,7.0,29.91,22.1,19 | 66.2,16 | 60.8,87,7 | 4.35,29.91 | 1013,22.1 | 0.87
2011-10-30,20.0,16.0,86.0,4.0,29.85,5.7,20 | 68.0,16 | 60.8,86,4 | 2.49,29.85 | 1011,5.7 | 0.22
2011-10-31,22.0,16.0,79.0,7.0,29.85,1.0,22 | 71.6,16 | 60.8,79,7 | 4.35,29.85 | 1011,1.0 | 0.04
2011-11-01,21.0,15.0,78.0,6.0,29.88,5.9,21 | 69.8,15 | 59.0,78,6 | 3.73,29.88 | 1012,5.9 | 0.23
2011-11-02,20.0,16.0,84.0,6.0,29.88,12.0,20 | 68.0,16 | 60.8,84,6 | 3.73,29.88 | 1012,12.0 | 0.47
2011-11-03,19.0,17.0,88.0,5.0,29.88,24.8,19 | 66.2,17 | 62.6,88,5 | 3.11,29.88 | 1012,24.8 | 0.98
2011-11-04,20.0,17.0,89.0,6.0,29.91,14.0,20 | 68.0,17 | 62.6,89,6 | 3.73,29.91 | 1013,14.0 | 0.55
2011-11-05,21.0,17.0,88.0,6.0,29.91,18.9,21 | 69.8,17 | 62.6,88,6 | 3.73,29.91 | 1013,18.9 | 0.74
2011-11-06,19.0,17.0,88.0,6.0,29.94,11.7,19 | 66.2,17 | 62.6,88,6 | 3.73,29.94 | 1014,11.7 | 0.46
2011-11-07,21.0,17.0,86.0,4.0,29.91,3.9,21 | 69.8,17 | 62.6,86,4 | 2.49,29.91 | 1013,3.9 | 0.15
2011-11-08,21.0,16.0,82.0,6.0,29.88,3.5,21 | 69.8,16 | 60.8,82,6 | 3.73,29.88 | 1012,3.5 | 0.14
2011-11-09,20.0,16.0,86.0,6.0,29.85,13.5,20 | 68.0,16 | 60.8,86,6 | 3.73,29.85 | 1011,13.5 | 0.53
2011-11-10,21.0,16.0,81.0,6.0,29.85,3.6,21 | 69.8,16 | 60.8,81,6 | 3.73,29.85 | 1011,3.6 | 0.14
2011-11-11,21.0,16.0,82.0,8.0,29.85,2.9,21 | 69.8,16 | 60.8,82,8 | 4.97,29.85 | 1011,2.9 | 0.11
2011-11-12,21.0,15.0,81.0,10.0,29.85,6.1,21 | 69.8,15 | 59.0,81,10 | 6.21,29.85 | 1011,6.1 | 0.24
2011-11-13,21.0,16.0,81.0,9.0,29.85,4.4,21 | 69.8,16 | 60.8,81,9 | 5.59,29.85 | 1011,4.4 | 0.17
2011-11-14,21.0,16.0,84.0,6.0,29.85,19.0,21 | 69.8,16 | 60.8,84,6 | 3.73,29.85 | 1011,19.0 | 0.75
2011-11-15,20.0,16.0,84.0,6.0,29.85,18.1,20 | 68.0,16 | 60.8,84,6 | 3.73,29.85 | 1011,18.1 | 0.71
2011-11-16,20.0,16.0,85.0,5.0,29.88,17.7,20 | 68.0,16 | 60.8,85,5 | 3.11,29.88 | 1012,17.7 | 0.7
2011-11-17,20.0,16.0,83.0,7.0,29.85,5.2,20 | 68.0,16 | 60.8,83,7 | 4.35,29.85 | 1011,5.2 | 0.2
2011-11-18,21.0,16.0,82.0,6.0,29.85,7.4,21 | 69.8,16 | 60.8,82,6 | 3.73,29.85 | 1011,7.4 | 0.29
2011-11-19,20.0,16.0,86.0,6.0,29.85,8.2,20 | 68.0,16 | 60.8,86,6 | 3.73,29.85 | 1011,8.2 | 0.32
2011-11-20,20.0,17.0,88.0,6.0,29.85,26.9,20 | 68.0,17 | 62.6,88,6 | 3.73,29.85 | 1011,26.9 | 1.06
2011-11-21,20.0,18.0,89.0,5.0,29.88,30.8,20 | 68.0,18 | 64.4,89,5 | 3.11,29.88 | 1012,30.8 | 1.21
2011-11-22,19.0,17.0,89.0,7.0,29.88,30.3,19 | 66.2,17 | 62.6,89,7 | 4.35,29.88 | 1012,30.3 | 1.19
2011-11-23,21.0,17.0,86.0,6.0,29.88,19.4,21 | 69.8,17 | 62.6,86,6 | 3.73,29.88 | 1012,19.4 | 0.76
2011-11-24,20.0,17.0,89.0,6.0,29.88,23.0,20 | 68.0,17 | 62.6,89,6 | 3.73,29.88 | 1012,23.0 | 0.91
2011-11-25,17.0,16.0,94.0,6.0,29.91,8.7,17 | 62.6,16 | 60.8,94,6 | 3.73,29.91 | 1013,8.7 | 0.34
2011-11-26,19.0,15.0,87.0,4.0,29.91,2.7,19 | 66.2,15 | 59.0,87,4 | 2.49,29.91 | 1013,2.7 | 0.11
2011-11-27,20.0,17.0,87.0,6.0,29.88,14.3,20 | 68.0,17 | 62.6,87,6 | 3.73,29.88 | 1012,14.3 | 0.56
2011-11-28,20.0,17.0,89.0,7.0,29.88,31.6,20 | 68.0,17 | 62.6,89,7 | 4.35,29.88 | 1012,31.6 | 1.24
2011-11-29,20.0,17.0,89.0,5.0,29.88,36.0,20 | 68.0,17 | 62.6,89,5 | 3.11,29.88 | 1012,36.0 | 1.42
2011-11-30,20.0,17.0,89.0,7.0,29.88,23.3,20 | 68.0,17 | 62.6,89,7 | 4.35,29.88 | 1012,23.3 | 0.92
2011-12-01,20.0,18.0,91.0,5.0,29.91,10.8,20 | 68.0,18 | 64.4,91,5 | 3.11,29.91 | 1013,10.8 | 0.43
2011-12-02,19.0,17.0,92.0,4.0,29.91,12.9,19 | 66.2,17 | 62.6,92,4 | 2.49,29.91 | 1013,12.9 | 0.51
2011-12-03,20.0,17.0,87.0,8.0,29.85,14.1,20 | 68.0,17 | 62.6,87,8 | 4.97,29.85 | 1011,14.1 | 0.56
2011-12-04,19.0,17.0,90.0,5.0,29.85,22.5,19 | 66.2,17 | 62.6,90,5 | 3.11,29.85 | 1011,22.5 | 0.89
2011-12-05,20.0,17.0,86.0,6.0,29.85,28.6,20 | 68.0,17 | 62.6,86,6 | 3.73,29.85 | 1011,28.6 | 1.13
2011-12-06,20.0,17.0,88.0,5.0,29.88,30.2,20 | 68.0,17 | 62.6,88,5 | 3.11,29.88 | 1012,30.2 | 1.19
2011-12-07,20.0,17.0,87.0,6.0,29.88,9.6,20 | 68.0,17 | 62.6,87,6 | 3.73,29.88 | 1012,9.6 | 0.38
2011-12-08,20.0,15.0,80.0,7.0,29.85,2.3,20 | 68.0,15 | 59.0,80,7 | 4.35,29.85 | 1011,2.3 | 0.09
2011-12-09,20.0,13.0,73.0,8.0,29.85,0.0,20 | 68.0,13 | 55.4,73,8 | 4.97,29.85 | 1011,0.0 | 0.0
2011-12-10,20.0,14.0,78.0,8.0,29.88,4.2,20 | 68.0,14 | 57.2,78,8 | 4.97,29.88 | 1012,4.2 | 0.17
2011-12-11,20.0,16.0,83.0,6.0,29.88,5.3,20 | 68.0,16 | 60.8,83,6 | 3.73,29.88 | 1012,5.3 | 0.21
2011-12-12,20.0,14.0,77.0,7.0,29.88,4.3,20 | 68.0,14 | 57.2,77,7 | 4.35,29.88 | 1012,4.3 | 0.17
2011-12-13,20.0,15.0,83.0,6.0,29.88,10.5,20 | 68.0,15 | 59.0,83,6 | 3.73,29.88 | 1012,10.5 | 0.41
2011-12-14,20.0,16.0,85.0,6.0,29.91,10.7,20 | 68.0,16 | 60.8,85,6 | 3.73,29.91 | 1013,10.7 | 0.42
2011-12-15,20.0,16.0,84.0,6.0,29.91,7.6,20 | 68.0,16 | 60.8,84,6 | 3.73,29.91 | 1013,7.6 | 0.3
2011-12-16,20.0,16.0,85.0,5.0,29.88,7.8,20 | 68.0,16 | 60.8,85,5 | 3.11,29.88 | 1012,7.8 | 0.31
2011-12-17,20.0,16.0,87.0,5.0,29.88,23.5,20 | 68.0,16 | 60.8,87,5 | 3.11,29.88 | 1012,23.5 | 0.93
2011-12-18,20.0,15.0,83.0,6.0,29.88,7.0,20 | 68.0,15 | 59.0,83,6 | 3.73,29.88 | 1012,7.0 | 0.28
2011-12-19,21.0,15.0,80.0,7.0,29.91,1.6,21 | 69.8,15 | 59.0,80,7 | 4.35,29.91 | 1013,1.6 | 0.06
2011-12-20,20.0,15.0,78.0,7.0,29.91,2.6,20 | 68.0,15 | 59.0,78,7 | 4.35,29.91 | 1013,2.6 | 0.1
2011-12-21,20.0,14.0,75.0,7.0,29.91,1.5,20 | 68.0,14 | 57.2,75,7 | 4.35,29.91 | 1013,1.5 | 0.06
2011-12-22,20.0,15.0,77.0,6.0,29.91,2.2,20 | 68.0,15 | 59.0,77,6 | 3.73,29.91 | 1013,2.2 | 0.09
2011-12-23,21.0,15.0,79.0,6.0,29.94,5.1,21 | 69.8,15 | 59.0,79,6 | 3.73,29.94 | 1014,5.1 | 0.2
2011-12-24,20.0,16.0,83.0,7.0,29.94,3.8,20 | 68.0,16 | 60.8,83,7 | 4.35,29.94 | 1014,3.8 | 0.15
2011-12-25,20.0,16.0,82.0,6.0,29.94,6.9,20 | 68.0,16 | 60.8,82,6 | 3.73,29.94 | 1014,6.9 | 0.27
2011-12-26,21.0,16.0,83.0,6.0,29.94,11.1,21 | 69.8,16 | 60.8,83,6 | 3.73,29.94 | 1014,11.1 | 0.44
2011-12-27,20.0,16.0,84.0,8.0,29.91,15.6,20 | 68.0,16 | 60.8,84,8 | 4.97,29.91 | 1013,15.6 | 0.61
2011-12-28,20.0,17.0,86.0,6.0,29.94,18.1,20 | 68.0,17 | 62.6,86,6 | 3.73,29.94 | 1014,18.1 | 0.71
2011-12-29,21.0,15.0,77.0,7.0,29.91,1.6,21 | 69.8,15 | 59.0,77,7 | 4.35,29.91 | 1013,1.6 | 0.06
2011-12-30,20.0,13.0,72.0,6.0,29.94,4.9,20 | 68.0,13 | 55.4,72,6 | 3.73,29.94 | 1014,4.9 | 0.19
2011-12-31,20.0,14.0,74.0,7.0,29.97,2.0,20 | 68.0,14 | 57.2,74,7 | 4.35,29.97 | 1015,2.0 | 0.08
2012-01-01,21.0,14.0,71.0,9.0,29.94,0.2,21 | 69.8,14 | 57.2,71,9 | 5.59,29.94 | 1014,0.2 | 0.01
2012-01-02,21.0,10.0,59.0,8.0,29.97,0.0,21 | 69.8,10 | 50.0,59,8 | 4.97,29.97 | 1015,0.0 | 0.0
2012-01-03,21.0,11.0,61.0,8.0,29.94,0.0,21 | 69.8,11 | 51.8,61,8 | 4.97,29.94 | 1014,0.0 | 0.0
2012-01-04,20.0,13.0,71.0,8.0,29.91,0.0,20 | 68.0,13 | 55.4,71,8 | 4.97,29.91 | 1013,0.0 | 0.0
2012-01-05,21.0,14.0,73.0,7.0,29.91,0.8,21 | 69.8,14 | 57.2,73,7 | 4.35,29.91 | 1013,0.8 | 0.03
2012-01-06,21.0,13.0,71.0,9.0,29.91,0.7,21 | 69.8,13 | 55.4,71,9 | 5.59,29.91 | 1013,0.7 | 0.03
2012-01-07,22.0,14.0,69.0,7.0,29.91,0.7,22 | 71.6,14 | 57.2,69,7 | 4.35,29.91 | 1013,0.7 | 0.03
2012-01-08,21.0,14.0,73.0,8.0,29.94,1.1,21 | 69.8,14 | 57.2,73,8 | 4.97,29.94 | 1014,1.1 | 0.04
2012-01-09,22.0,14.0,70.0,8.0,29.91,2.3,22 | 71.6,14 | 57.2,70,8 | 4.97,29.91 | 1013,2.3 | 0.09
2012-01-10,21.0,13.0,68.0,8.0,29.94,4.2,21 | 69.8,13 | 55.4,68,8 | 4.97,29.94 | 1014,4.2 | 0.17
2012-01-11,21.0,14.0,72.0,10.0,29.91,4.2,21 | 69.8,14 | 57.2,72,10 | 6.21,29.91 | 1013,4.2 | 0.17
2012-01-12,21.0,14.0,73.0,7.0,29.91,4.2,21 | 69.8,14 | 57.2,73,7 | 4.35,29.91 | 1013,4.2 | 0.17
2012-01-13,20.0,15.0,80.0,7.0,29.97,12.6,20 | 68.0,15 | 59.0,80,7 | 4.35,29.97 | 1015,12.6 | 0.5
2012-01-14,21.0,15.0,77.0,7.0,29.94,2.4,21 | 69.8,15 | 59.0,77,7 | 4.35,29.94 | 1014,2.4 | 0.09
2012-01-15,20.0,12.0,68.0,8.0,29.88,0.6,20 | 68.0,12 | 53.6,68,8 | 4.97,29.88 | 1012,0.6 | 0.02
2012-01-16,20.0,13.0,70.0,9.0,29.85,3.7,20 | 68.0,13 | 55.4,70,9 | 5.59,29.85 | 1011,3.7 | 0.15
2012-01-17,21.0,13.0,70.0,9.0,29.85,0.6,21 | 69.8,13 | 55.4,70,9 | 5.59,29.85 | 1011,0.6 | 0.02
2012-01-18,20.0,12.0,63.0,9.0,29.88,0.2,20 | 68.0,12 | 53.6,63,9 | 5.59,29.88 | 1012,0.2 | 0.01
2012-01-19,20.0,12.0,67.0,10.0,29.91,0.2,20 | 68.0,12 | 53.6,67,10 | 6.21,29.91 | 1013,0.2 | 0.01
2012-01-20,20.0,13.0,71.0,8.0,29.91,1.1,20 | 68.0,13 | 55.4,71,8 | 4.97,29.91 | 1013,1.1 | 0.04
2012-01-21,21.0,12.0,66.0,9.0,29.88,0.0,21 | 69.8,12 | 53.6,66,9 | 5.59,29.88 | 1012,0.0 | 0.0
2012-01-22,22.0,10.0,55.0,8.0,29.88,0.0,22 | 71.6,10 | 50.0,55,8 | 4.97,29.88 | 1012,0.0 | 0.0
2012-01-23,21.0,9.0,54.0,9.0,29.91,0.0,21 | 69.8,9 | 48.2,54,9 | 5.59,29.91 | 1013,0.0 | 0.0
2012-01-24,22.0,11.0,59.0,8.0,29.91,0.2,22 | 71.6,11 | 51.8,59,8 | 4.97,29.91 | 1013,0.2 | 0.01
2012-01-25,21.0,10.0,57.0,9.0,29.88,0.0,21 | 69.8,10 | 50.0,57,9 | 5.59,29.88 | 1012,0.0 | 0.0
2012-01-26,21.0,11.0,57.0,9.0,29.88,0.0,21 | 69.8,11 | 51.8,57,9 | 5.59,29.88 | 1012,0.0 | 0.0
2012-01-27,22.0,12.0,59.0,9.0,29.91,0.9,22 | 71.6,12 | 53.6,59,9 | 5.59,29.91 | 1013,0.9 | 0.04
2012-01-28,22.0,11.0,56.0,10.0,29.88,0.0,22 | 71.6,11 | 51.8,56,10 | 6.21,29.88 | 1012,0.0 | 0.0
2012-01-29,22.0,8.0,47.0,10.0,29.85,0.0,22 | 71.6,8 | 46.4,47,10 | 6.21,29.85 | 1011,0.0 | 0.0
2012-01-30,22.0,8.0,47.0,11.0,29.85,0.0,22 | 71.6,8 | 46.4,47,11 | 6.84,29.85 | 1011,0.0 | 0.0
2012-01-31,22.0,6.0,42.0,10.0,29.88,0.0,22 | 71.6,6 | 42.8,42,10 | 6.21,29.88 | 1012,0.0 | 0.0
2012-02-01,21.0,10.0,54.0,9.0,29.91,0.2,21 | 69.8,10 | 50.0,54,9 | 5.59,29.91 | 1013,0.2 | 0.01
2012-02-02,21.0,11.0,58.0,9.0,29.94,1.0,21 | 69.8,11 | 51.8,58,9 | 5.59,29.94 | 1014,1.0 | 0.04
2012-02-03,22.0,12.0,60.0,7.0,29.94,0.9,22 | 71.6,12 | 53.6,60,7 | 4.35,29.94 | 1014,0.9 | 0.04
2012-02-04,22.0,8.0,48.0,11.0,29.91,0.0,22 | 71.6,8 | 46.4,48,11 | 6.84,29.91 | 1013,0.0 | 0.0
2012-02-05,23.0,10.0,50.0,9.0,29.88,0.0,23 | 73.4,10 | 50.0,50,9 | 5.59,29.88 | 1012,0.0 | 0.0
2012-02-06,23.0,10.0,52.0,10.0,29.85,0.0,23 | 73.4,10 | 50.0,52,10 | 6.21,29.85 | 1011,0.0 | 0.0
2012-02-07,22.0,10.0,51.0,10.0,29.85,0.0,22 | 71.6,10 | 50.0,51,10 | 6.21,29.85 | 1011,0.0 | 0.0
2012-02-08,22.0,9.0,50.0,13.0,29.85,0.0,22 | 71.6,9 | 48.2,50,13 | 8.08,29.85 | 1011,0.0 | 0.0
2012-02-09,22.0,7.0,44.0,12.0,29.85,0.0,22 | 71.6,7 | 44.6,44,12 | 7.46,29.85 | 1011,0.0 | 0.0
2012-02-10,23.0,10.0,50.0,11.0,29.83,0.0,23 | 73.4,10 | 50.0,50,11 | 6.84,29.83 | 1010,0.0 | 0.0
2012-02-11,23.0,12.0,54.0,9.0,29.85,0.7,23 | 73.4,12 | 53.6,54,9 | 5.59,29.85 | 1011,0.7 | 0.03
2012-02-12,22.0,13.0,61.0,7.0,29.85,3.2,22 | 71.6,13 | 55.4,61,7 | 4.35,29.85 | 1011,3.2 | 0.13
2012-02-13,23.0,14.0,63.0,9.0,29.85,3.1,23 | 73.4,14 | 57.2,63,9 | 5.59,29.85 | 1011,3.1 | 0.12
2012-02-14,23.0,13.0,61.0,7.0,29.85,2.0,23 | 73.4,13 | 55.4,61,7 | 4.35,29.85 | 1011,2.0 | 0.08
2012-02-15,22.0,10.0,54.0,12.0,29.88,0.7,22 | 71.6,10 | 50.0,54,12 | 7.46,29.88 | 1012,0.7 | 0.03
2012-02-16,22.0,11.0,57.0,8.0,29.85,3.7,22 | 71.6,11 | 51.8,57,8 | 4.97,29.85 | 1011,3.7 | 0.15
2012-02-17,21.0,14.0,71.0,10.0,29.85,5.0,21 | 69.8,14 | 57.2,71,10 | 6.21,29.85 | 1011,5.0 | 0.2
2012-02-18,20.0,15.0,77.0,6.0,29.85,21.4,20 | 68.0,15 | 59.0,77,6 | 3.73,29.85 | 1011,21.4 | 0.84
2012-02-19,22.0,15.0,73.0,8.0,29.88,9.5,22 | 71.6,15 | 59.0,73,8 | 4.97,29.88 | 1012,9.5 | 0.37
2012-02-20,21.0,14.0,72.0,7.0,29.91,3.8,21 | 69.8,14 | 57.2,72,7 | 4.35,29.91 | 1013,3.8 | 0.15
2012-02-21,22.0,14.0,69.0,6.0,29.85,4.4,22 | 71.6,14 | 57.2,69,6 | 3.73,29.85 | 1011,4.4 | 0.17
2012-02-22,22.0,13.0,68.0,7.0,29.83,7.6,22 | 71.6,13 | 55.4,68,7 | 4.35,29.83 | 1010,7.6 | 0.3
2012-02-23,22.0,14.0,70.0,7.0,29.8,2.4,22 | 71.6,14 | 57.2,70,7 | 4.35,29.8 | 1009,2.4 | 0.09
2012-02-24,22.0,12.0,66.0,7.0,29.83,1.4,22 | 71.6,12 | 53.6,66,7 | 4.35,29.83 | 1010,1.4 | 0.06
2012-02-25,20.0,11.0,61.0,10.0,29.85,0.3,20 | 68.0,11 | 51.8,61,10 | 6.21,29.85 | 1011,0.3 | 0.01
2012-02-26,20.0,15.0,79.0,7.0,29.83,7.7,20 | 68.0,15 | 59.0,79,7 | 4.35,29.83 | 1010,7.7 | 0.3
2012-02-27,20.0,15.0,80.0,6.0,29.85,3.1,20 | 68.0,15 | 59.0,80,6 | 3.73,29.85 | 1011,3.1 | 0.12
2012-02-28,21.0,15.0,75.0,9.0,29.85,9.3,21 | 69.8,15 | 59.0,75,9 | 5.59,29.85 | 1011,9.3 | 0.37
2012-02-29,21.0,15.0,75.0,8.0,29.83,5.5,21 | 69.8,15 | 59.0,75,8 | 4.97,29.83 | 1010,5.5 | 0.22
2012-03-01,21.0,15.0,76.0,7.0,29.85,11.8,21 | 69.8,15 | 59.0,76,7 | 4.35,29.85 | 1011,11.8 | 0.46
2012-03-02,20.0,15.0,81.0,6.0,29.91,15.1,20 | 68.0,15 | 59.0,81,6 | 3.73,29.91 | 1013,15.1 | 0.59
2012-03-03,20.0,15.0,79.0,8.0,29.91,7.3,20 | 68.0,15 | 59.0,79,8 | 4.97,29.91 | 1013,7.3 | 0.29
2012-03-04,20.0,15.0,82.0,8.0,29.91,10.2,20 | 68.0,15 | 59.0,82,8 | 4.97,29.91 | 1013,10.2 | 0.4
2012-03-05,21.0,16.0,82.0,5.0,29.91,9.2,21 | 69.8,16 | 60.8,82,5 | 3.11,29.91 | 1013,9.2 | 0.36
2012-03-06,21.0,15.0,75.0,7.0,29.88,10.5,21 | 69.8,15 | 59.0,75,7 | 4.35,29.88 | 1012,10.5 | 0.41
2012-03-07,22.0,13.0,67.0,6.0,29.88,1.9,22 | 71.6,13 | 55.4,67,6 | 3.73,29.88 | 1012,1.9 | 0.07
2012-03-08,21.0,10.0,56.0,7.0,29.91,0.0,21 | 69.8,10 | 50.0,56,7 | 4.35,29.91 | 1013,0.0 | 0.0
2012-03-09,22.0,10.0,57.0,8.0,29.91,0.0,22 | 71.6,10 | 50.0,57,8 | 4.97,29.91 | 1013,0.0 | 0.0
2012-03-10,21.0,11.0,61.0,9.0,29.91,0.0,21 | 69.8,11 | 51.8,61,9 | 5.59,29.91 | 1013,0.0 | 0.0
2012-03-11,21.0,13.0,68.0,9.0,29.88,1.7,21 | 69.8,13 | 55.4,68,9 | 5.59,29.88 | 1012,1.7 | 0.07
2012-03-12,22.0,14.0,69.0,8.0,29.91,0.7,22 | 71.6,14 | 57.2,69,8 | 4.97,29.91 | 1013,0.7 | 0.03
2012-03-13,22.0,11.0,57.0,8.0,29.94,0.0,22 | 71.6,11 | 51.8,57,8 | 4.97,29.94 | 1014,0.0 | 0.0
2012-03-14,22.0,9.0,53.0,9.0,29.94,0.0,22 | 71.6,9 | 48.2,53,9 | 5.59,29.94 | 1014,0.0 | 0.0
2012-03-15,22.0,12.0,60.0,9.0,29.94,0.7,22 | 71.6,12 | 53.6,60,9 | 5.59,29.94 | 1014,0.7 | 0.03
2012-03-16,22.0,13.0,67.0,10.0,29.94,1.2,22 | 71.6,13 | 55.4,67,10 | 6.21,29.94 | 1014,1.2 | 0.05
2012-03-17,23.0,13.0,64.0,9.0,29.88,1.5,23 | 73.4,13 | 55.4,64,9 | 5.59,29.88 | 1012,1.5 | 0.06
2012-03-18,22.0,13.0,65.0,8.0,29.91,3.1,22 | 71.6,13 | 55.4,65,8 | 4.97,29.91 | 1013,3.1 | 0.12
2012-03-19,23.0,15.0,71.0,6.0,29.91,3.8,23 | 73.4,15 | 59.0,71,6 | 3.73,29.91 | 1013,3.8 | 0.15
2012-03-20,24.0,15.0,66.0,6.0,29.88,1.9,24 | 75.2,15 | 59.0,66,6 | 3.73,29.88 | 1012,1.9 | 0.07
2012-03-21,23.0,14.0,62.0,9.0,29.85,1.9,23 | 73.4,14 | 57.2,62,9 | 5.59,29.85 | 1011,1.9 | 0.07
2012-03-22,23.0,13.0,61.0,8.0,29.85,0.7,23 | 73.4,13 | 55.4,61,8 | 4.97,29.85 | 1011,0.7 | 0.03
2012-03-23,23.0,13.0,64.0,9.0,29.85,2.6,23 | 73.4,13 | 55.4,64,9 | 5.59,29.85 | 1011,2.6 | 0.1
2012-03-24,21.0,16.0,78.0,6.0,29.85,7.5,21 | 69.8,16 | 60.8,78,6 | 3.73,29.85 | 1011,7.5 | 0.3
2012-03-25,22.0,15.0,76.0,7.0,29.88,5.0,22 | 71.6,15 | 59.0,76,7 | 4.35,29.88 | 1012,5.0 | 0.2
2012-03-26,23.0,14.0,70.0,8.0,29.88,3.0,23 | 73.4,14 | 57.2,70,8 | 4.97,29.88 | 1012,3.0 | 0.12
2012-03-27,22.0,15.0,71.0,8.0,29.88,4.3,22 | 71.6,15 | 59.0,71,8 | 4.97,29.88 | 1012,4.3 | 0.17
2012-03-28,23.0,15.0,72.0,7.0,29.91,3.1,23 | 73.4,15 | 59.0,72,7 | 4.35,29.91 | 1013,3.1 | 0.12
2012-03-29,22.0,14.0,71.0,8.0,29.91,1.9,22 | 71.6,14 | 57.2,71,8 | 4.97,29.91 | 1013,1.9 | 0.07
2012-03-30,22.0,16.0,77.0,6.0,29.91,8.0,22 | 71.6,16 | 60.8,77,6 | 3.73,29.91 | 1013,8.0 | 0.31
2012-03-31,21.0,16.0,79.0,7.0,29.91,10.9,21 | 69.8,16 | 60.8,79,7 | 4.35,29.91 | 1013,10.9 | 0.43
2012-04-01,22.0,16.0,78.0,7.0,29.94,7.0,22 | 71.6,16 | 60.8,78,7 | 4.35,29.94 | 1014,7.0 | 0.28
2012-04-02,20.0,16.0,83.0,7.0,29.94,22.7,20 | 68.0,16 | 60.8,83,7 | 4.35,29.94 | 1014,22.7 | 0.89
2012-04-03,21.0,17.0,85.0,6.0,29.94,16.0,21 | 69.8,17 | 62.6,85,6 | 3.73,29.94 | 1014,16.0 | 0.63
2012-04-04,22.0,17.0,83.0,5.0,29.88,17.1,22 | 71.6,17 | 62.6,83,5 | 3.11,29.88 | 1012,17.1 | 0.67
2012-04-05,18.0,16.0,91.0,7.0,29.88,48.6,18 | 64.4,16 | 60.8,91,7 | 4.35,29.88 | 1012,48.6 | 1.91
2012-04-06,19.0,17.0,91.0,7.0,29.91,31.1,19 | 66.2,17 | 62.6,91,7 | 4.35,29.91 | 1013,31.1 | 1.22
2012-04-07,17.0,17.0,94.0,6.0,29.91,89.7,17 | 62.6,17 | 62.6,94,6 | 3.73,29.91 | 1013,89.7 | 3.53
2012-04-08,21.0,17.0,85.0,6.0,29.85,16.4,21 | 69.8,17 | 62.6,85,6 | 3.73,29.85 | 1011,16.4 | 0.65
2012-04-09,20.0,16.0,86.0,8.0,29.85,16.3,20 | 68.0,16 | 60.8,86,8 | 4.97,29.85 | 1011,16.3 | 0.64
2012-04-10,21.0,16.0,81.0,7.0,29.85,4.2,21 | 69.8,16 | 60.8,81,7 | 4.35,29.85 | 1011,4.2 | 0.17
2012-04-11,21.0,16.0,82.0,6.0,29.88,3.7,21 | 69.8,16 | 60.8,82,6 | 3.73,29.88 | 1012,3.7 | 0.15
2012-04-12,20.0,16.0,85.0,7.0,29.91,6.4,20 | 68.0,16 | 60.8,85,7 | 4.35,29.91 | 1013,6.4 | 0.25
2012-04-13,20.0,17.0,89.0,4.0,29.88,12.0,20 | 68.0,17 | 62.6,89,4 | 2.49,29.88 | 1012,12.0 | 0.47
2012-04-14,21.0,17.0,87.0,7.0,29.85,6.0,21 | 69.8,17 | 62.6,87,7 | 4.35,29.85 | 1011,6.0 | 0.24
2012-04-15,19.0,17.0,90.0,7.0,29.85,17.4,19 | 66.2,17 | 62.6,90,7 | 4.35,29.85 | 1011,17.4 | 0.69
2012-04-16,20.0,18.0,89.0,7.0,29.88,47.1,20 | 68.0,18 | 64.4,89,7 | 4.35,29.88 | 1012,47.1 | 1.85
2012-04-17,21.0,17.0,88.0,6.0,29.88,14.9,21 | 69.8,17 | 62.6,88,6 | 3.73,29.88 | 1012,14.9 | 0.59
2012-04-18,20.0,17.0,91.0,6.0,29.88,7.3,20 | 68.0,17 | 62.6,91,6 | 3.73,29.88 | 1012,7.3 | 0.29
2012-04-19,20.0,17.0,87.0,7.0,29.88,2.1,20 | 68.0,17 | 62.6,87,7 | 4.35,29.88 | 1012,2.1 | 0.08
2012-04-20,21.0,17.0,89.0,5.0,29.88,12.7,21 | 69.8,17 | 62.6,89,5 | 3.11,29.88 | 1012,12.7 | 0.5
2012-04-21,20.0,17.0,89.0,7.0,29.91,4.1,20 | 68.0,17 | 62.6,89,7 | 4.35,29.91 | 1013,4.1 | 0.16
2012-04-22,18.0,17.0,95.0,5.0,29.94,43.2,18 | 64.4,17 | 62.6,95,5 | 3.11,29.94 | 1014,43.2 | 1.7
2012-04-23,20.0,16.0,89.0,5.0,29.91,3.8,20 | 68.0,16 | 60.8,89,5 | 3.11,29.91 | 1013,3.8 | 0.15
2012-04-24,17.0,15.0,95.0,4.0,29.94,18.4,17 | 62.6,15 | 59.0,95,4 | 2.49,29.94 | 1014,18.4 | 0.72
2012-04-25,19.0,16.0,92.0,5.0,30.0,11.2,19 | 66.2,16 | 60.8,92,5 | 3.11,30.0 | 1016,11.2 | 0.44
2012-04-26,19.0,16.0,90.0,5.0,29.94,1.0,19 | 66.2,16 | 60.8,90,5 | 3.11,29.94 | 1014,1.0 | 0.04
2012-04-27,19.0,16.0,90.0,7.0,29.94,8.7,19 | 66.2,16 | 60.8,90,7 | 4.35,29.94 | 1014,8.7 | 0.34
2012-04-28,20.0,16.0,88.0,6.0,29.91,6.5,20 | 68.0,16 | 60.8,88,6 | 3.73,29.91 | 1013,6.5 | 0.26
2012-04-29,19.0,17.0,92.0,5.0,29.94,28.6,19 | 66.2,17 | 62.6,92,5 | 3.11,29.94 | 1014,28.6 | 1.13
2012-04-30,20.0,17.0,90.0,7.0,29.91,7.1,20 | 68.0,17 | 62.6,90,7 | 4.35,29.91 | 1013,7.1 | 0.28
2012-05-01,20.0,17.0,91.0,5.0,29.94,3.7,20 | 68.0,17 | 62.6,91,5 | 3.11,29.94 | 1014,3.7 | 0.15
2012-05-02,20.0,18.0,91.0,7.0,29.91,4.8,20 | 68.0,18 | 64.4,91,7 | 4.35,29.91 | 1013,4.8 | 0.19
2012-05-03,19.0,17.0,94.0,4.0,29.94,12.1,19 | 66.2,17 | 62.6,94,4 | 2.49,29.94 | 1014,12.1 | 0.48
2012-05-04,19.0,17.0,91.0,5.0,29.91,7.0,19 | 66.2,17 | 62.6,91,5 | 3.11,29.91 | 1013,7.0 | 0.28
2012-05-05,19.0,18.0,95.0,4.0,29.94,50.6,19 | 66.2,18 | 64.4,95,4 | 2.49,29.94 | 1014,50.6 | 1.99
2012-05-06,20.0,18.0,93.0,5.0,29.91,16.3,20 | 68.0,18 | 64.4,93,5 | 3.11,29.91 | 1013,16.3 | 0.64
2012-05-07,19.0,18.0,96.0,5.0,29.91,36.3,19 | 66.2,18 | 64.4,96,5 | 3.11,29.91 | 1013,36.3 | 1.43
2012-05-08,18.0,17.0,95.0,5.0,29.91,51.6,18 | 64.4,17 | 62.6,95,5 | 3.11,29.91 | 1013,51.6 | 2.03
2012-05-09,18.0,16.0,96.0,5.0,29.91,17.6,18 | 64.4,16 | 60.8,96,5 | 3.11,29.91 | 1013,17.6 | 0.69
2012-05-10,19.0,18.0,93.0,5.0,29.91,18.6,19 | 66.2,18 | 64.4,93,5 | 3.11,29.91 | 1013,18.6 | 0.73
2012-05-11,20.0,17.0,90.0,5.0,29.94,13.6,20 | 68.0,17 | 62.6,90,5 | 3.11,29.94 | 1014,13.6 | 0.54
2012-05-12,20.0,17.0,91.0,7.0,29.94,2.1,20 | 68.0,17 | 62.6,91,7 | 4.35,29.94 | 1014,2.1 | 0.08
2012-05-13,19.0,17.0,91.0,7.0,29.91,12.0,19 | 66.2,17 | 62.6,91,7 | 4.35,29.91 | 1013,12.0 | 0.47
2012-05-14,19.0,17.0,93.0,5.0,29.91,17.5,19 | 66.2,17 | 62.6,93,5 | 3.11,29.91 | 1013,17.5 | 0.69
2012-05-15,20.0,17.0,92.0,5.0,29.94,7.7,20 | 68.0,17 | 62.6,92,5 | 3.11,29.94 | 1014,7.7 | 0.3
2012-05-16,18.0,16.0,93.0,6.0,29.94,7.7,18 | 64.4,16 | 60.8,93,6 | 3.73,29.94 | 1014,7.7 | 0.3
2012-05-17,20.0,18.0,93.0,7.0,29.91,32.9,20 | 68.0,18 | 64.4,93,7 | 4.35,29.91 | 1013,32.9 | 1.3
2012-05-18,19.0,17.0,95.0,5.0,29.94,32.3,19 | 66.2,17 | 62.6,95,5 | 3.11,29.94 | 1014,32.3 | 1.27
2012-05-19,20.0,17.0,93.0,5.0,29.94,26.1,20 | 68.0,17 | 62.6,93,5 | 3.11,29.94 | 1014,26.1 | 1.03
2012-05-20,21.0,17.0,90.0,5.0,29.94,11.3,21 | 69.8,17 | 62.6,90,5 | 3.11,29.94 | 1014,11.3 | 0.44
2012-05-21,20.0,17.0,91.0,5.0,29.94,15.3,20 | 68.0,17 | 62.6,91,5 | 3.11,29.94 | 1014,15.3 | 0.6
2012-05-22,20.0,17.0,92.0,4.0,29.94,9.7,20 | 68.0,17 | 62.6,92,4 | 2.49,29.94 | 1014,9.7 | 0.38
2012-05-23,18.0,17.0,93.0,7.0,29.97,5.0,18 | 64.4,17 | 62.6,93,7 | 4.35,29.97 | 1015,5.0 | 0.2
2012-05-24,20.0,18.0,91.0,5.0,29.97,36.7,20 | 68.0,18 | 64.4,91,5 | 3.11,29.97 | 1015,36.7 | 1.44
2012-05-25,20.0,17.0,91.0,7.0,29.97,13.1,20 | 68.0,17 | 62.6,91,7 | 4.35,29.97 | 1015,13.1 | 0.52
2012-05-26,20.0,17.0,91.0,6.0,30.0,4.2,20 | 68.0,17 | 62.6,91,6 | 3.73,30.0 | 1016,4.2 | 0.17
2012-05-27,19.0,17.0,91.0,5.0,30.0,11.9,19 | 66.2,17 | 62.6,91,5 | 3.11,30.0 | 1016,11.9 | 0.47
2012-05-28,20.0,17.0,90.0,7.0,30.0,8.8,20 | 68.0,17 | 62.6,90,7 | 4.35,30.0 | 1016,8.8 | 0.35
2012-05-29,20.0,16.0,90.0,7.0,30.03,9.5,20 | 68.0,16 | 60.8,90,7 | 4.35,30.03 | 1017,9.5 | 0.37
2012-05-30,20.0,16.0,88.0,7.0,30.03,3.2,20 | 68.0,16 | 60.8,88,7 | 4.35,30.03 | 1017,3.2 | 0.13
2012-05-31,20.0,16.0,89.0,7.0,30.03,2.1,20 | 68.0,16 | 60.8,89,7 | 4.35,30.03 | 1017,2.1 | 0.08
2012-06-01,20.0,16.0,89.0,6.0,30.0,2.4,20 | 68.0,16 | 60.8,89,6 | 3.73,30.0 | 1016,2.4 | 0.09
2012-06-02,19.0,16.0,90.0,7.0,30.0,3.1,19 | 66.2,16 | 60.8,90,7 | 4.35,30.0 | 1016,3.1 | 0.12
2012-06-03,19.0,16.0,89.0,6.0,30.0,3.3,19 | 66.2,16 | 60.8,89,6 | 3.73,30.0 | 1016,3.3 | 0.13
2012-06-04,19.0,16.0,92.0,4.0,29.97,4.8,19 | 66.2,16 | 60.8,92,4 | 2.49,29.97 | 1015,4.8 | 0.19
2012-06-05,19.0,17.0,92.0,4.0,29.97,8.4,19 | 66.2,17 | 62.6,92,4 | 2.49,29.97 | 1015,8.4 | 0.33
2012-06-06,19.0,17.0,93.0,5.0,29.97,22.1,19 | 66.2,17 | 62.6,93,5 | 3.11,29.97 | 1015,22.1 | 0.87
2012-06-07,19.0,16.0,93.0,4.0,30.0,3.4,19 | 66.2,16 | 60.8,93,4 | 2.49,30.0 | 1016,3.4 | 0.13
2012-06-08,19.0,15.0,90.0,4.0,29.97,1.0,19 | 66.2,15 | 59.0,90,4 | 2.49,29.97 | 1015,1.0 | 0.04
2012-06-09,20.0,17.0,93.0,5.0,30.0,13.7,20 | 68.0,17 | 62.6,93,5 | 3.11,30.0 | 1016,13.7 | 0.54
2012-06-10,21.0,17.0,90.0,5.0,30.0,6.8,21 | 69.8,17 | 62.6,90,5 | 3.11,30.0 | 1016,6.8 | 0.27
2012-06-11,21.0,16.0,87.0,6.0,30.0,1.7,21 | 69.8,16 | 60.8,87,6 | 3.73,30.0 | 1016,1.7 | 0.07
2012-06-12,19.0,16.0,88.0,7.0,29.97,3.2,19 | 66.2,16 | 60.8,88,7 | 4.35,29.97 | 1015,3.2 | 0.13
2012-06-13,20.0,16.0,91.0,5.0,29.94,4.0,20 | 68.0,16 | 60.8,91,5 | 3.11,29.94 | 1014,4.0 | 0.16
2012-06-14,20.0,16.0,90.0,6.0,29.94,4.0,20 | 68.0,16 | 60.8,90,6 | 3.73,29.94 | 1014,4.0 | 0.16
2012-06-15,20.0,16.0,88.0,6.0,29.97,2.3,20 | 68.0,16 | 60.8,88,6 | 3.73,29.97 | 1015,2.3 | 0.09
2012-06-16,19.0,16.0,91.0,6.0,29.97,5.5,19 | 66.2,16 | 60.8,91,6 | 3.73,29.97 | 1015,5.5 | 0.22
2012-06-17,18.0,16.0,93.0,6.0,29.97,6.6,18 | 64.4,16 | 60.8,93,6 | 3.73,29.97 | 1015,6.6 | 0.26
2012-06-18,19.0,16.0,91.0,6.0,30.0,21.4,19 | 66.2,16 | 60.8,91,6 | 3.73,30.0 | 1016,21.4 | 0.84
2012-06-19,19.0,16.0,87.0,7.0,30.03,2.9,19 | 66.2,16 | 60.8,87,7 | 4.35,30.03 | 1017,2.9 | 0.11
2012-06-20,18.0,15.0,87.0,7.0,30.0,2.8,18 | 64.4,15 | 59.0,87,7 | 4.35,30.0 | 1016,2.8 | 0.11
2012-06-21,18.0,15.0,90.0,5.0,29.97,1.9,18 | 64.4,15 | 59.0,90,5 | 3.11,29.97 | 1015,1.9 | 0.07
2012-06-22,16.0,16.0,95.0,5.0,30.03,33.0,16 | 60.8,16 | 60.8,95,5 | 3.11,30.03 | 1017,33.0 | 1.3
2012-06-23,17.0,15.0,93.0,6.0,30.03,4.4,17 | 62.6,15 | 59.0,93,6 | 3.73,30.03 | 1017,4.4 | 0.17
2012-06-24,17.0,15.0,92.0,6.0,30.0,2.5,17 | 62.6,15 | 59.0,92,6 | 3.73,30.0 | 1016,2.5 | 0.1
2012-06-25,16.0,15.0,94.0,4.0,30.0,11.6,16 | 60.8,15 | 59.0,94,4 | 2.49,30.0 | 1016,11.6 | 0.46
2012-06-26,18.0,16.0,91.0,6.0,30.03,12.8,18 | 64.4,16 | 60.8,91,6 | 3.73,30.03 | 1017,12.8 | 0.5
2012-06-27,19.0,15.0,88.0,7.0,30.03,1.4,19 | 66.2,15 | 59.0,88,7 | 4.35,30.03 | 1017,1.4 | 0.06
2012-06-28,19.0,14.0,86.0,7.0,30.0,2.8,19 | 66.2,14 | 57.2,86,7 | 4.35,30.0 | 1016,2.8 | 0.11
2012-06-29,19.0,15.0,87.0,6.0,29.97,4.3,19 | 66.2,15 | 59.0,87,6 | 3.73,29.97 | 1015,4.3 | 0.17
2012-06-30,19.0,15.0,88.0,5.0,29.97,8.0,19 | 66.2,15 | 59.0,88,5 | 3.11,29.97 | 1015,8.0 | 0.31
2012-07-01,19.0,15.0,88.0,5.0,29.94,3.6,19 | 66.2,15 | 59.0,88,5 | 3.11,29.94 | 1014,3.6 | 0.14
2012-07-02,19.0,16.0,90.0,5.0,29.97,11.7,19 | 66.2,16 | 60.8,90,5 | 3.11,29.97 | 1015,11.7 | 0.46
2012-07-03,19.0,15.0,88.0,5.0,29.94,3.3,19 | 66.2,15 | 59.0,88,5 | 3.11,29.94 | 1014,3.3 | 0.13
2012-07-04,17.0,14.0,88.0,7.0,29.94,1.6,17 | 62.6,14 | 57.2,88,7 | 4.35,29.94 | 1014,1.6 | 0.06
2012-07-05,18.0,15.0,84.0,6.0,29.94,1.0,18 | 64.4,15 | 59.0,84,6 | 3.73,29.94 | 1014,1.0 | 0.04
2012-07-06,18.0,15.0,84.0,7.0,29.94,0.3,18 | 64.4,15 | 59.0,84,7 | 4.35,29.94 | 1014,0.3 | 0.01
2012-07-07,18.0,15.0,86.0,6.0,29.97,1.9,18 | 64.4,15 | 59.0,86,6 | 3.73,29.97 | 1015,1.9 | 0.07
2012-07-08,19.0,15.0,86.0,5.0,29.94,0.2,19 | 66.2,15 | 59.0,86,5 | 3.11,29.94 | 1014,0.2 | 0.01
2012-07-09,19.0,15.0,87.0,5.0,29.94,1.2,19 | 66.2,15 | 59.0,87,5 | 3.11,29.94 | 1014,1.2 | 0.05
2012-07-10,19.0,15.0,88.0,6.0,29.94,6.4,19 | 66.2,15 | 59.0,88,6 | 3.73,29.94 | 1014,6.4 | 0.25
2012-07-11,20.0,15.0,86.0,6.0,29.94,3.5,20 | 68.0,15 | 59.0,86,6 | 3.73,29.94 | 1014,3.5 | 0.14
2012-07-12,19.0,15.0,88.0,5.0,29.94,4.5,19 | 66.2,15 | 59.0,88,5 | 3.11,29.94 | 1014,4.5 | 0.18
2012-07-13,19.0,16.0,89.0,4.0,29.97,11.8,19 | 66.2,16 | 60.8,89,4 | 2.49,29.97 | 1015,11.8 | 0.46
2012-07-14,19.0,16.0,87.0,6.0,29.97,9.6,19 | 66.2,16 | 60.8,87,6 | 3.73,29.97 | 1015,9.6 | 0.38
2012-07-15,19.0,15.0,85.0,7.0,29.97,3.3,19 | 66.2,15 | 59.0,85,7 | 4.35,29.97 | 1015,3.3 | 0.13
2012-07-16,19.0,15.0,87.0,6.0,29.97,1.7,19 | 66.2,15 | 59.0,87,6 | 3.73,29.97 | 1015,1.7 | 0.07
2012-07-17,19.0,15.0,86.0,6.0,29.97,2.9,19 | 66.2,15 | 59.0,86,6 | 3.73,29.97 | 1015,2.9 | 0.11
2012-07-18,18.0,15.0,89.0,6.0,30.0,3.2,18 | 64.4,15 | 59.0,89,6 | 3.73,30.0 | 1016,3.2 | 0.13
2012-07-19,19.0,15.0,86.0,6.0,30.0,2.2,19 | 66.2,15 | 59.0,86,6 | 3.73,30.0 | 1016,2.2 | 0.09
2012-07-20,19.0,16.0,88.0,6.0,30.0,5.7,19 | 66.2,16 | 60.8,88,6 | 3.73,30.0 | 1016,5.7 | 0.22
2012-07-21,20.0,16.0,87.0,5.0,30.0,3.0,20 | 68.0,16 | 60.8,87,5 | 3.11,30.0 | 1016,3.0 | 0.12
2012-07-22,20.0,15.0,86.0,6.0,30.0,5.7,20 | 68.0,15 | 59.0,86,6 | 3.73,30.0 | 1016,5.7 | 0.22
2012-07-23,20.0,16.0,85.0,7.0,29.97,4.5,20 | 68.0,16 | 60.8,85,7 | 4.35,29.97 | 1015,4.5 | 0.18
2012-07-24,20.0,15.0,82.0,8.0,29.97,2.0,20 | 68.0,15 | 59.0,82,8 | 4.97,29.97 | 1015,2.0 | 0.08
2012-07-25,18.0,13.0,80.0,7.0,30.0,1.3,18 | 64.4,13 | 55.4,80,7 | 4.35,30.0 | 1016,1.3 | 0.05
2012-07-26,19.0,14.0,83.0,7.0,30.0,2.1,19 | 66.2,14 | 57.2,83,7 | 4.35,30.0 | 1016,2.1 | 0.08
2012-07-27,19.0,15.0,88.0,5.0,29.97,5.3,19 | 66.2,15 | 59.0,88,5 | 3.11,29.97 | 1015,5.3 | 0.21
2012-07-28,19.0,16.0,88.0,6.0,29.94,4.2,19 | 66.2,16 | 60.8,88,6 | 3.73,29.94 | 1014,4.2 | 0.17
2012-07-29,17.0,15.0,89.0,6.0,29.97,6.9,17 | 62.6,15 | 59.0,89,6 | 3.73,29.97 | 1015,6.9 | 0.27
2012-07-30,20.0,16.0,85.0,7.0,29.94,7.1,20 | 68.0,16 | 60.8,85,7 | 4.35,29.94 | 1014,7.1 | 0.28
2012-07-31,20.0,15.0,84.0,6.0,29.94,7.1,20 | 68.0,15 | 59.0,84,6 | 3.73,29.94 | 1014,7.1 | 0.28
2012-08-01,20.0,16.0,84.0,5.0,29.97,5.2,20 | 68.0,16 | 60.8,84,5 | 3.11,29.97 | 1015,5.2 | 0.2
2012-08-02,19.0,15.0,85.0,5.0,29.97,7.5,19 | 66.2,15 | 59.0,85,5 | 3.11,29.97 | 1015,7.5 | 0.3
2012-08-03,20.0,14.0,82.0,7.0,30.0,4.2,20 | 68.0,14 | 57.2,82,7 | 4.35,30.0 | 1016,4.2 | 0.17
2012-08-04,19.0,14.0,83.0,6.0,29.97,3.6,19 | 66.2,14 | 57.2,83,6 | 3.73,29.97 | 1015,3.6 | 0.14
2012-08-05,19.0,16.0,85.0,5.0,29.97,2.5,19 | 66.2,16 | 60.8,85,5 | 3.11,29.97 | 1015,2.5 | 0.1
2012-08-06,20.0,16.0,83.0,6.0,29.94,8.9,20 | 68.0,16 | 60.8,83,6 | 3.73,29.94 | 1014,8.9 | 0.35
2012-08-07,20.0,16.0,81.0,7.0,29.91,9.9,20 | 68.0,16 | 60.8,81,7 | 4.35,29.91 | 1013,9.9 | 0.39
2012-08-08,20.0,14.0,77.0,7.0,29.97,2.6,20 | 68.0,14 | 57.2,77,7 | 4.35,29.97 | 1015,2.6 | 0.1
2012-08-09,20.0,16.0,84.0,6.0,30.0,14.8,20 | 68.0,16 | 60.8,84,6 | 3.73,30.0 | 1016,14.8 | 0.58
2012-08-10,20.0,14.0,76.0,9.0,30.0,1.3,20 | 68.0,14 | 57.2,76,9 | 5.59,30.0 | 1016,1.3 | 0.05
2012-08-11,20.0,14.0,76.0,7.0,29.97,2.3,20 | 68.0,14 | 57.2,76,7 | 4.35,29.97 | 1015,2.3 | 0.09
2012-08-12,19.0,15.0,83.0,5.0,29.97,4.6,19 | 66.2,15 | 59.0,83,5 | 3.11,29.97 | 1015,4.6 | 0.18
2012-08-13,20.0,15.0,84.0,5.0,29.97,3.4,20 | 68.0,15 | 59.0,84,5 | 3.11,29.97 | 1015,3.4 | 0.13
2012-08-14,20.0,13.0,75.0,7.0,29.97,0.4,20 | 68.0,13 | 55.4,75,7 | 4.35,29.97 | 1015,0.4 | 0.02
2012-08-15,19.0,13.0,74.0,7.0,30.0,0.3,19 | 66.2,13 | 55.4,74,7 | 4.35,30.0 | 1016,0.3 | 0.01
2012-08-16,19.0,15.0,83.0,6.0,29.97,0.8,19 | 66.2,15 | 59.0,83,6 | 3.73,29.97 | 1015,0.8 | 0.03
2012-08-17,20.0,14.0,80.0,5.0,29.94,4.9,20 | 68.0,14 | 57.2,80,5 | 3.11,29.94 | 1014,4.9 | 0.19
2012-08-18,20.0,15.0,83.0,6.0,29.94,22.7,20 | 68.0,15 | 59.0,83,6 | 3.73,29.94 | 1014,22.7 | 0.89
2012-08-19,20.0,16.0,84.0,5.0,29.97,17.5,20 | 68.0,16 | 60.8,84,5 | 3.11,29.97 | 1015,17.5 | 0.69
2012-08-20,20.0,14.0,81.0,9.0,29.97,5.4,20 | 68.0,14 | 57.2,81,9 | 5.59,29.97 | 1015,5.4 | 0.21
2012-08-21,20.0,14.0,77.0,8.0,30.0,0.5,20 | 68.0,14 | 57.2,77,8 | 4.97,30.0 | 1016,0.5 | 0.02
2012-08-22,20.0,14.0,77.0,7.0,30.0,0.9,20 | 68.0,14 | 57.2,77,7 | 4.35,30.0 | 1016,0.9 | 0.04
2012-08-23,20.0,15.0,84.0,6.0,29.97,2.1,20 | 68.0,15 | 59.0,84,6 | 3.73,29.97 | 1015,2.1 | 0.08
2012-08-24,21.0,15.0,80.0,5.0,29.94,2.1,21 | 69.8,15 | 59.0,80,5 | 3.11,29.94 | 1014,2.1 | 0.08
2012-08-25,20.0,15.0,83.0,6.0,29.97,7.2,20 | 68.0,15 | 59.0,83,6 | 3.73,29.97 | 1015,7.2 | 0.28
2012-08-26,20.0,15.0,82.0,6.0,30.0,2.3,20 | 68.0,15 | 59.0,82,6 | 3.73,30.0 | 1016,2.3 | 0.09
2012-08-27,20.0,15.0,83.0,6.0,30.0,3.6,20 | 68.0,15 | 59.0,83,6 | 3.73,30.0 | 1016,3.6 | 0.14
2012-08-28,21.0,16.0,83.0,7.0,29.97,4.2,21 | 69.8,16 | 60.8,83,7 | 4.35,29.97 | 1015,4.2 | 0.17
2012-08-29,21.0,15.0,80.0,7.0,29.97,7.1,21 | 69.8,15 | 59.0,80,7 | 4.35,29.97 | 1015,7.1 | 0.28
2012-08-30,20.0,15.0,83.0,7.0,29.97,12.3,20 | 68.0,15 | 59.0,83,7 | 4.35,29.97 | 1015,12.3 | 0.48
2012-08-31,21.0,15.0,80.0,6.0,29.97,5.0,21 | 69.8,15 | 59.0,80,6 | 3.73,29.97 | 1015,5.0 | 0.2
2012-09-01,21.0,15.0,79.0,6.0,29.94,1.6,21 | 69.8,15 | 59.0,79,6 | 3.73,29.94 | 1014,1.6 | 0.06
2012-09-02,20.0,15.0,82.0,6.0,30.0,5.6,20 | 68.0,15 | 59.0,82,6 | 3.73,30.0 | 1016,5.6 | 0.22
2012-09-03,21.0,15.0,81.0,5.0,29.97,3.7,21 | 69.8,15 | 59.0,81,5 | 3.11,29.97 | 1015,3.7 | 0.15
2012-09-04,21.0,15.0,77.0,6.0,29.97,4.2,21 | 69.8,15 | 59.0,77,6 | 3.73,29.97 | 1015,4.2 | 0.17
2012-09-05,21.0,16.0,75.0,6.0,29.94,4.0,21 | 69.8,16 | 60.8,75,6 | 3.73,29.94 | 1014,4.0 | 0.16
2012-09-06,20.0,15.0,80.0,5.0,29.97,5.5,20 | 68.0,15 | 59.0,80,5 | 3.11,29.97 | 1015,5.5 | 0.22
2012-09-07,21.0,15.0,82.0,5.0,30.0,8.1,21 | 69.8,15 | 59.0,82,5 | 3.11,30.0 | 1016,8.1 | 0.32
2012-09-08,20.0,15.0,83.0,5.0,29.97,12.3,20 | 68.0,15 | 59.0,83,5 | 3.11,29.97 | 1015,12.3 | 0.48
2012-09-09,17.0,15.0,90.0,4.0,30.0,10.7,17 | 62.6,15 | 59.0,90,4 | 2.49,30.0 | 1016,10.7 | 0.42
2012-09-10,21.0,15.0,81.0,6.0,29.97,8.3,21 | 69.8,15 | 59.0,81,6 | 3.73,29.97 | 1015,8.3 | 0.33
2012-09-11,20.0,15.0,82.0,6.0,29.97,6.9,20 | 68.0,15 | 59.0,82,6 | 3.73,29.97 | 1015,6.9 | 0.27
2012-09-12,20.0,15.0,81.0,6.0,29.97,7.7,20 | 68.0,15 | 59.0,81,6 | 3.73,29.97 | 1015,7.7 | 0.3
2012-09-13,21.0,15.0,79.0,6.0,29.97,5.6,21 | 69.8,15 | 59.0,79,6 | 3.73,29.97 | 1015,5.6 | 0.22
2012-09-14,21.0,15.0,78.0,6.0,29.97,5.8,21 | 69.8,15 | 59.0,78,6 | 3.73,29.97 | 1015,5.8 | 0.23
2012-09-15,21.0,15.0,79.0,7.0,29.97,11.3,21 | 69.8,15 | 59.0,79,7 | 4.35,29.97 | 1015,11.3 | 0.44
2012-09-16,22.0,14.0,74.0,7.0,29.97,2.7,22 | 71.6,14 | 57.2,74,7 | 4.35,29.97 | 1015,2.7 | 0.11
2012-09-17,21.0,13.0,71.0,7.0,29.97,3.5,21 | 69.8,13 | 55.4,71,7 | 4.35,29.97 | 1015,3.5 | 0.14
2012-09-18,20.0,13.0,76.0,7.0,29.97,4.6,20 | 68.0,13 | 55.4,76,7 | 4.35,29.97 | 1015,4.6 | 0.18
2012-09-19,22.0,14.0,74.0,7.0,29.94,2.9,22 | 71.6,14 | 57.2,74,7 | 4.35,29.94 | 1014,2.9 | 0.11
2012-09-20,22.0,13.0,70.0,8.0,29.91,0.4,22 | 71.6,13 | 55.4,70,8 | 4.97,29.91 | 1013,0.4 | 0.02
2012-09-21,22.0,13.0,69.0,7.0,29.94,1.5,22 | 71.6,13 | 55.4,69,7 | 4.35,29.94 | 1014,1.5 | 0.06
2012-09-22,22.0,13.0,67.0,7.0,29.94,2.1,22 | 71.6,13 | 55.4,67,7 | 4.35,29.94 | 1014,2.1 | 0.08
2012-09-23,21.0,14.0,72.0,7.0,29.94,2.3,21 | 69.8,14 | 57.2,72,7 | 4.35,29.94 | 1014,2.3 | 0.09
2012-09-24,22.0,15.0,76.0,6.0,29.94,4.6,22 | 71.6,15 | 59.0,76,6 | 3.73,29.94 | 1014,4.6 | 0.18
2012-09-25,22.0,16.0,77.0,5.0,29.91,6.7,22 | 71.6,16 | 60.8,77,5 | 3.11,29.91 | 1013,6.7 | 0.26
2012-09-26,22.0,16.0,76.0,6.0,29.94,10.7,22 | 71.6,16 | 60.8,76,6 | 3.73,29.94 | 1014,10.7 | 0.42
2012-09-27,21.0,14.0,77.0,6.0,29.97,4.5,21 | 69.8,14 | 57.2,77,6 | 3.73,29.97 | 1015,4.5 | 0.18
2012-09-28,22.0,15.0,76.0,6.0,29.97,7.3,22 | 71.6,15 | 59.0,76,6 | 3.73,29.97 | 1015,7.3 | 0.29
2012-09-29,22.0,14.0,72.0,7.0,29.97,2.8,22 | 71.6,14 | 57.2,72,7 | 4.35,29.97 | 1015,2.8 | 0.11
2012-09-30,23.0,14.0,68.0,8.0,29.94,1.6,23 | 73.4,14 | 57.2,68,8 | 4.97,29.94 | 1014,1.6 | 0.06
2012-10-01,23.0,13.0,66.0,8.0,29.94,1.4,23 | 73.4,13 | 55.4,66,8 | 4.97,29.94 | 1014,1.4 | 0.06
2012-10-02,23.0,14.0,69.0,7.0,29.97,1.7,23 | 73.4,14 | 57.2,69,7 | 4.35,29.97 | 1015,1.7 | 0.07
2012-10-03,22.0,13.0,65.0,7.0,29.94,2.2,22 | 71.6,13 | 55.4,65,7 | 4.35,29.94 | 1014,2.2 | 0.09
2012-10-04,22.0,14.0,72.0,7.0,29.91,3.0,22 | 71.6,14 | 57.2,72,7 | 4.35,29.91 | 1013,3.0 | 0.12
2012-10-05,22.0,14.0,74.0,5.0,29.88,8.4,22 | 71.6,14 | 57.2,74,5 | 3.11,29.88 | 1012,8.4 | 0.33
2012-10-06,21.0,14.0,75.0,7.0,29.91,6.4,21 | 69.8,14 | 57.2,75,7 | 4.35,29.91 | 1013,6.4 | 0.25
2012-10-07,22.0,14.0,72.0,7.0,29.91,5.4,22 | 71.6,14 | 57.2,72,7 | 4.35,29.91 | 1013,5.4 | 0.21
2012-10-08,22.0,14.0,74.0,6.0,29.91,4.2,22 | 71.6,14 | 57.2,74,6 | 3.73,29.91 | 1013,4.2 | 0.17
2012-10-09,22.0,14.0,71.0,8.0,29.91,2.0,22 | 71.6,14 | 57.2,71,8 | 4.97,29.91 | 1013,2.0 | 0.08
2012-10-10,22.0,15.0,74.0,7.0,29.88,3.4,22 | 71.6,15 | 59.0,74,7 | 4.35,29.88 | 1012,3.4 | 0.13
2012-10-11,21.0,16.0,80.0,6.0,29.88,16.9,21 | 69.8,16 | 60.8,80,6 | 3.73,29.88 | 1012,16.9 | 0.67
2012-10-12,21.0,16.0,82.0,6.0,29.91,10.7,21 | 69.8,16 | 60.8,82,6 | 3.73,29.91 | 1013,10.7 | 0.42
2012-10-13,19.0,16.0,87.0,7.0,29.94,17.8,19 | 66.2,16 | 60.8,87,7 | 4.35,29.94 | 1014,17.8 | 0.7
2012-10-14,20.0,16.0,86.0,4.0,29.91,24.9,20 | 68.0,16 | 60.8,86,4 | 2.49,29.91 | 1013,24.9 | 0.98
2012-10-15,21.0,16.0,80.0,8.0,29.91,16.6,21 | 69.8,16 | 60.8,80,8 | 4.97,29.91 | 1013,16.6 | 0.65
2012-10-16,21.0,16.0,80.0,6.0,29.91,15.9,21 | 69.8,16 | 60.8,80,6 | 3.73,29.91 | 1013,15.9 | 0.63
2012-10-17,22.0,15.0,75.0,7.0,29.88,3.2,22 | 71.6,15 | 59.0,75,7 | 4.35,29.88 | 1012,3.2 | 0.13
2012-10-18,22.0,15.0,74.0,6.0,29.85,1.9,22 | 71.6,15 | 59.0,74,6 | 3.73,29.85 | 1011,1.9 | 0.07
2012-10-19,22.0,15.0,75.0,6.0,29.85,3.1,22 | 71.6,15 | 59.0,75,6 | 3.73,29.85 | 1011,3.1 | 0.12
2012-10-20,22.0,15.0,74.0,8.0,29.85,7.0,22 | 71.6,15 | 59.0,74,8 | 4.97,29.85 | 1011,7.0 | 0.28
2012-10-21,21.0,14.0,74.0,11.0,29.85,4.1,21 | 69.8,14 | 57.2,74,11 | 6.84,29.85 | 1011,4.1 | 0.16
2012-10-22,22.0,14.0,72.0,8.0,29.88,2.0,22 | 71.6,14 | 57.2,72,8 | 4.97,29.88 | 1012,2.0 | 0.08
2012-10-23,22.0,15.0,74.0,8.0,29.88,2.4,22 | 71.6,15 | 59.0,74,8 | 4.97,29.88 | 1012,2.4 | 0.09
2012-10-24,22.0,16.0,77.0,7.0,29.85,2.6,22 | 71.6,16 | 60.8,77,7 | 4.35,29.85 | 1011,2.6 | 0.1
2012-10-25,22.0,15.0,76.0,7.0,29.88,3.5,22 | 71.6,15 | 59.0,76,7 | 4.35,29.88 | 1012,3.5 | 0.14
2012-10-26,21.0,15.0,78.0,7.0,29.91,3.9,21 | 69.8,15 | 59.0,78,7 | 4.35,29.91 | 1013,3.9 | 0.15
2012-10-27,21.0,16.0,81.0,6.0,29.88,11.2,21 | 69.8,16 | 60.8,81,6 | 3.73,29.88 | 1012,11.2 | 0.44
2012-10-28,20.0,16.0,84.0,5.0,29.91,14.8,20 | 68.0,16 | 60.8,84,5 | 3.11,29.91 | 1013,14.8 | 0.58
2012-10-29,21.0,17.0,82.0,4.0,29.88,14.7,21 | 69.8,17 | 62.6,82,4 | 2.49,29.88 | 1012,14.7 | 0.58
2012-10-30,20.0,16.0,83.0,6.0,29.88,11.9,20 | 68.0,16 | 60.8,83,6 | 3.73,29.88 | 1012,11.9 | 0.47
2012-10-31,19.0,17.0,87.0,6.0,29.88,18.4,19 | 66.2,17 | 62.6,87,6 | 3.73,29.88 | 1012,18.4 | 0.72
2012-11-01,18.0,16.0,90.0,6.0,29.91,16.4,18 | 64.4,16 | 60.8,90,6 | 3.73,29.91 | 1013,16.4 | 0.65
2012-11-02,19.0,17.0,90.0,7.0,29.94,34.8,19 | 66.2,17 | 62.6,90,7 | 4.35,29.94 | 1014,34.8 | 1.37
2012-11-03,19.0,16.0,89.0,4.0,29.94,54.3,19 | 66.2,16 | 60.8,89,4 | 2.49,29.94 | 1014,54.3 | 2.14
2012-11-04,20.0,16.0,86.0,6.0,29.91,7.7,20 | 68.0,16 | 60.8,86,6 | 3.73,29.91 | 1013,7.7 | 0.3
2012-11-05,20.0,16.0,86.0,6.0,29.94,10.7,20 | 68.0,16 | 60.8,86,6 | 3.73,29.94 | 1014,10.7 | 0.42
2012-11-06,20.0,16.0,85.0,5.0,29.94,6.8,20 | 68.0,16 | 60.8,85,5 | 3.11,29.94 | 1014,6.8 | 0.27
2012-11-07,20.0,16.0,85.0,7.0,29.91,6.1,20 | 68.0,16 | 60.8,85,7 | 4.35,29.91 | 1013,6.1 | 0.24
2012-11-08,21.0,17.0,85.0,7.0,29.88,7.9,21 | 69.8,17 | 62.6,85,7 | 4.35,29.88 | 1012,7.9 | 0.31
2012-11-09,20.0,16.0,84.0,6.0,29.88,16.4,20 | 68.0,16 | 60.8,84,6 | 3.73,29.88 | 1012,16.4 | 0.65
2012-11-10,20.0,16.0,85.0,5.0,29.91,6.9,20 | 68.0,16 | 60.8,85,5 | 3.11,29.91 | 1013,6.9 | 0.27
2012-11-11,21.0,17.0,85.0,6.0,29.94,22.2,21 | 69.8,17 | 62.6,85,6 | 3.73,29.94 | 1014,22.2 | 0.87
2012-11-12,21.0,16.0,81.0,6.0,29.91,3.1,21 | 69.8,16 | 60.8,81,6 | 3.73,29.91 | 1013,3.1 | 0.12
2012-11-13,20.0,16.0,82.0,6.0,29.91,1.6,20 | 68.0,16 | 60.8,82,6 | 3.73,29.91 | 1013,1.6 | 0.06
2012-11-14,22.0,16.0,75.0,8.0,29.88,0.3,22 | 71.6,16 | 60.8,75,8 | 4.97,29.88 | 1012,0.3 | 0.01
2012-11-15,22.0,16.0,78.0,7.0,29.88,2.7,22 | 71.6,16 | 60.8,78,7 | 4.35,29.88 | 1012,2.7 | 0.11
2012-11-16,21.0,16.0,80.0,7.0,29.91,4.1,21 | 69.8,16 | 60.8,80,7 | 4.35,29.91 | 1013,4.1 | 0.16
2012-11-17,21.0,17.0,84.0,5.0,29.88,14.0,21 | 69.8,17 | 62.6,84,5 | 3.11,29.88 | 1012,14.0 | 0.55
2012-11-18,21.0,17.0,84.0,5.0,29.91,17.6,21 | 69.8,17 | 62.6,84,5 | 3.11,29.91 | 1013,17.6 | 0.69
2012-11-19,21.0,17.0,83.0,6.0,29.91,9.5,21 | 69.8,17 | 62.6,83,6 | 3.73,29.91 | 1013,9.5 | 0.37
2012-11-20,21.0,16.0,81.0,6.0,29.91,5.1,21 | 69.8,16 | 60.8,81,6 | 3.73,29.91 | 1013,5.1 | 0.2
2012-11-21,21.0,16.0,81.0,7.0,29.88,6.1,21 | 69.8,16 | 60.8,81,7 | 4.35,29.88 | 1012,6.1 | 0.24
2012-11-22,20.0,16.0,83.0,7.0,29.91,8.5,20 | 68.0,16 | 60.8,83,7 | 4.35,29.91 | 1013,8.5 | 0.33
2012-11-23,21.0,16.0,79.0,6.0,29.88,5.3,21 | 69.8,16 | 60.8,79,6 | 3.73,29.88 | 1012,5.3 | 0.21
2012-11-24,21.0,15.0,79.0,6.0,29.88,4.6,21 | 69.8,15 | 59.0,79,6 | 3.73,29.88 | 1012,4.6 | 0.18
2012-11-25,21.0,16.0,81.0,5.0,29.91,5.7,21 | 69.8,16 | 60.8,81,5 | 3.11,29.91 | 1013,5.7 | 0.22
2012-11-26,21.0,15.0,79.0,7.0,29.91,3.0,21 | 69.8,15 | 59.0,79,7 | 4.35,29.91 | 1013,3.0 | 0.12
2012-11-27,21.0,16.0,81.0,7.0,29.91,5.7,21 | 69.8,16 | 60.8,81,7 | 4.35,29.91 | 1013,5.7 | 0.22
2012-11-28,20.0,16.0,88.0,6.0,29.94,11.8,20 | 68.0,16 | 60.8,88,6 | 3.73,29.94 | 1014,11.8 | 0.46
2012-11-29,20.0,17.0,87.0,4.0,29.91,12.8,20 | 68.0,17 | 62.6,87,4 | 2.49,29.91 | 1013,12.8 | 0.5
2012-11-30,20.0,16.0,85.0,5.0,29.91,17.2,20 | 68.0,16 | 60.8,85,5 | 3.11,29.91 | 1013,17.2 | 0.68
2012-12-01,21.0,16.0,80.0,6.0,29.88,7.7,21 | 69.8,16 | 60.8,80,6 | 3.73,29.88 | 1012,7.7 | 0.3
2012-12-02,21.0,15.0,80.0,6.0,29.91,3.7,21 | 69.8,15 | 59.0,80,6 | 3.73,29.91 | 1013,3.7 | 0.15
2012-12-03,21.0,16.0,82.0,7.0,29.91,3.8,21 | 69.8,16 | 60.8,82,7 | 4.35,29.91 | 1013,3.8 | 0.15
2012-12-04,21.0,16.0,82.0,6.0,29.85,4.4,21 | 69.8,16 | 60.8,82,6 | 3.73,29.85 | 1011,4.4 | 0.17
2012-12-05,20.0,16.0,86.0,5.0,29.88,14.9,20 | 68.0,16 | 60.8,86,5 | 3.11,29.88 | 1012,14.9 | 0.59
2012-12-06,20.0,16.0,85.0,3.0,29.91,11.8,20 | 68.0,16 | 60.8,85,3 | 1.86,29.91 | 1013,11.8 | 0.46
2012-12-07,20.0,16.0,85.0,5.0,29.94,14.0,20 | 68.0,16 | 60.8,85,5 | 3.11,29.94 | 1014,14.0 | 0.55
2012-12-08,20.0,16.0,84.0,5.0,29.91,6.3,20 | 68.0,16 | 60.8,84,5 | 3.11,29.91 | 1013,6.3 | 0.25
2012-12-09,21.0,15.0,81.0,7.0,29.88,3.2,21 | 69.8,15 | 59.0,81,7 | 4.35,29.88 | 1012,3.2 | 0.13
2012-12-10,20.0,15.0,80.0,7.0,29.88,3.0,20 | 68.0,15 | 59.0,80,7 | 4.35,29.88 | 1012,3.0 | 0.12
2012-12-11,20.0,15.0,80.0,7.0,29.91,4.3,20 | 68.0,15 | 59.0,80,7 | 4.35,29.91 | 1013,4.3 | 0.17
2012-12-12,21.0,15.0,77.0,7.0,29.88,0.7,21 | 69.8,15 | 59.0,77,7 | 4.35,29.88 | 1012,0.7 | 0.03
2012-12-13,21.0,16.0,79.0,5.0,29.88,11.6,21 | 69.8,16 | 60.8,79,5 | 3.11,29.88 | 1012,11.6 | 0.46
2012-12-14,20.0,16.0,83.0,6.0,29.88,8.6,20 | 68.0,16 | 60.8,83,6 | 3.73,29.88 | 1012,8.6 | 0.34
2012-12-15,21.0,16.0,82.0,6.0,29.88,5.7,21 | 69.8,16 | 60.8,82,6 | 3.73,29.88 | 1012,5.7 | 0.22
2012-12-16,20.0,15.0,84.0,7.0,29.91,5.1,20 | 68.0,15 | 59.0,84,7 | 4.35,29.91 | 1013,5.1 | 0.2
2012-12-17,20.0,16.0,85.0,6.0,29.88,6.3,20 | 68.0,16 | 60.8,85,6 | 3.73,29.88 | 1012,6.3 | 0.25
2012-12-18,20.0,15.0,81.0,6.0,29.88,15.3,20 | 68.0,15 | 59.0,81,6 | 3.73,29.88 | 1012,15.3 | 0.6
2012-12-19,21.0,15.0,80.0,6.0,29.85,10.1,21 | 69.8,15 | 59.0,80,6 | 3.73,29.85 | 1011,10.1 | 0.4
2012-12-20,20.0,13.0,75.0,7.0,29.88,1.2,20 | 68.0,13 | 55.4,75,7 | 4.35,29.88 | 1012,1.2 | 0.05
2012-12-21,20.0,14.0,75.0,7.0,29.88,2.5,20 | 68.0,14 | 57.2,75,7 | 4.35,29.88 | 1012,2.5 | 0.1
2012-12-22,20.0,15.0,82.0,6.0,29.91,10.5,20 | 68.0,15 | 59.0,82,6 | 3.73,29.91 | 1013,10.5 | 0.41
2012-12-23,19.0,16.0,87.0,6.0,29.94,26.1,19 | 66.2,16 | 60.8,87,6 | 3.73,29.94 | 1014,26.1 | 1.03
2012-12-24,20.0,16.0,86.0,6.0,29.94,17.7,20 | 68.0,16 | 60.8,86,6 | 3.73,29.94 | 1014,17.7 | 0.7
2012-12-25,20.0,15.0,83.0,7.0,29.91,7.3,20 | 68.0,15 | 59.0,83,7 | 4.35,29.91 | 1013,7.3 | 0.29
2012-12-26,19.0,16.0,86.0,5.0,29.91,9.1,19 | 66.2,16 | 60.8,86,5 | 3.11,29.91 | 1013,9.1 | 0.36
2012-12-27,20.0,16.0,86.0,6.0,29.88,22.5,20 | 68.0,16 | 60.8,86,6 | 3.73,29.88 | 1012,22.5 | 0.89
2012-12-28,19.0,17.0,87.0,6.0,29.88,13.6,19 | 66.2,17 | 62.6,87,6 | 3.73,29.88 | 1012,13.6 | 0.54
2012-12-29,18.0,16.0,91.0,3.0,29.91,25.3,18 | 64.4,16 | 60.8,91,3 | 1.86,29.91 | 1013,25.3 | 1.0
2012-12-30,19.0,16.0,85.0,5.0,29.91,2.3,19 | 66.2,16 | 60.8,85,5 | 3.11,29.91 | 1013,2.3 | 0.09
2012-12-31,20.0,16.0,83.0,7.0,29.91,7.2,20 | 68.0,16 | 60.8,83,7 | 4.35,29.91 | 1013,7.2 | 0.28
2013-01-01,20.0,16.0,85.0,5.0,29.91,11.2,20 | 68.0,16 | 60.8,85,5 | 3.11,29.91 | 1013,11.2 | 0.44
2013-01-02,19.0,16.0,84.0,6.0,29.91,5.2,19 | 66.2,16 | 60.8,84,6 | 3.73,29.91 | 1013,5.2 | 0.2
2013-01-03,21.0,15.0,80.0,6.0,29.91,4.4,21 | 69.8,15 | 59.0,80,6 | 3.73,29.91 | 1013,4.4 | 0.17
2013-01-04,21.0,14.0,73.0,8.0,29.94,2.3,21 | 69.8,14 | 57.2,73,8 | 4.97,29.94 | 1014,2.3 | 0.09
2013-01-05,21.0,15.0,79.0,7.0,29.94,4.3,21 | 69.8,15 | 59.0,79,7 | 4.35,29.94 | 1014,4.3 | 0.17
2013-01-06,19.0,16.0,86.0,5.0,29.97,23.5,19 | 66.2,16 | 60.8,86,5 | 3.11,29.97 | 1015,23.5 | 0.93
2013-01-07,20.0,15.0,83.0,5.0,29.97,14.4,20 | 68.0,15 | 59.0,83,5 | 3.11,29.97 | 1015,14.4 | 0.57
2013-01-08,20.0,15.0,81.0,7.0,29.97,6.9,20 | 68.0,15 | 59.0,81,7 | 4.35,29.97 | 1015,6.9 | 0.27
2013-01-09,20.0,16.0,83.0,7.0,29.97,3.5,20 | 68.0,16 | 60.8,83,7 | 4.35,29.97 | 1015,3.5 | 0.14
2013-01-10,21.0,16.0,81.0,6.0,29.94,6.4,21 | 69.8,16 | 60.8,81,6 | 3.73,29.94 | 1014,6.4 | 0.25
2013-01-11,21.0,15.0,78.0,7.0,29.94,4.6,21 | 69.8,15 | 59.0,78,7 | 4.35,29.94 | 1014,4.6 | 0.18
2013-01-12,22.0,15.0,74.0,7.0,29.91,1.4,22 | 71.6,15 | 59.0,74,7 | 4.35,29.91 | 1013,1.4 | 0.06
2013-01-13,22.0,14.0,71.0,7.0,29.88,2.8,22 | 71.6,14 | 57.2,71,7 | 4.35,29.88 | 1012,2.8 | 0.11
2013-01-14,22.0,13.0,64.0,8.0,29.85,0.2,22 | 71.6,13 | 55.4,64,8 | 4.97,29.85 | 1011,0.2 | 0.01
2013-01-15,21.0,15.0,73.0,5.0,29.91,15.4,21 | 69.8,15 | 59.0,73,5 | 3.11,29.91 | 1013,15.4 | 0.61
2013-01-16,22.0,15.0,75.0,8.0,29.91,3.6,22 | 71.6,15 | 59.0,75,8 | 4.97,29.91 | 1013,3.6 | 0.14
2013-01-17,21.0,15.0,75.0,6.0,29.91,8.9,21 | 69.8,15 | 59.0,75,6 | 3.73,29.91 | 1013,8.9 | 0.35
2013-01-18,22.0,15.0,74.0,7.0,29.91,2.6,22 | 71.6,15 | 59.0,74,7 | 4.35,29.91 | 1013,2.6 | 0.1
2013-01-19,22.0,13.0,65.0,8.0,29.91,0.9,22 | 71.6,13 | 55.4,65,8 | 4.97,29.91 | 1013,0.9 | 0.04
2013-01-20,22.0,12.0,64.0,7.0,29.94,0.6,22 | 71.6,12 | 53.6,64,7 | 4.35,29.94 | 1014,0.6 | 0.02
2013-01-21,22.0,9.0,52.0,8.0,29.97,0.0,22 | 71.6,9 | 48.2,52,8 | 4.97,29.97 | 1015,0.0 | 0.0
2013-01-22,21.0,9.0,54.0,9.0,29.94,0.0,21 | 69.8,9 | 48.2,54,9 | 5.59,29.94 | 1014,0.0 | 0.0
2013-01-23,23.0,11.0,56.0,8.0,29.94,0.0,23 | 73.4,11 | 51.8,56,8 | 4.97,29.94 | 1014,0.0 | 0.0
2013-01-24,23.0,13.0,61.0,8.0,29.91,2.5,23 | 73.4,13 | 55.4,61,8 | 4.97,29.91 | 1013,2.5 | 0.1
2013-01-25,22.0,14.0,68.0,9.0,29.91,2.0,22 | 71.6,14 | 57.2,68,9 | 5.59,29.91 | 1013,2.0 | 0.08
2013-01-26,22.0,14.0,68.0,7.0,29.91,3.2,22 | 71.6,14 | 57.2,68,7 | 4.35,29.91 | 1013,3.2 | 0.13
2013-01-27,22.0,13.0,64.0,9.0,29.91,1.4,22 | 71.6,13 | 55.4,64,9 | 5.59,29.91 | 1013,1.4 | 0.06
2013-01-28,21.0,15.0,75.0,8.0,29.94,8.7,21 | 69.8,15 | 59.0,75,8 | 4.97,29.94 | 1014,8.7 | 0.34
2013-01-29,21.0,15.0,77.0,7.0,29.94,9.8,21 | 69.8,15 | 59.0,77,7 | 4.35,29.94 | 1014,9.8 | 0.39
2013-01-30,20.0,16.0,82.0,6.0,29.91,8.2,20 | 68.0,16 | 60.8,82,6 | 3.73,29.91 | 1013,8.2 | 0.32
2013-01-31,20.0,16.0,82.0,7.0,29.91,10.8,20 | 68.0,16 | 60.8,82,7 | 4.35,29.91 | 1013,10.8 | 0.43
2013-02-01,20.0,16.0,84.0,6.0,29.94,7.8,20 | 68.0,16 | 60.8,84,6 | 3.73,29.94 | 1014,7.8 | 0.31
2013-02-02,20.0,16.0,82.0,6.0,29.94,5.1,20 | 68.0,16 | 60.8,82,6 | 3.73,29.94 | 1014,5.1 | 0.2
2013-02-03,21.0,15.0,73.0,6.0,29.91,1.1,21 | 69.8,15 | 59.0,73,6 | 3.73,29.91 | 1013,1.1 | 0.04
2013-02-04,22.0,13.0,65.0,6.0,29.94,0.1,22 | 71.6,13 | 55.4,65,6 | 3.73,29.94 | 1014,0.1 | 0.0
2013-02-05,23.0,12.0,60.0,8.0,29.94,0.5,23 | 73.4,12 | 53.6,60,8 | 4.97,29.94 | 1014,0.5 | 0.02
2013-02-06,23.0,14.0,64.0,10.0,29.94,1.6,23 | 73.4,14 | 57.2,64,10 | 6.21,29.94 | 1014,1.6 | 0.06
2013-02-07,22.0,13.0,63.0,10.0,29.91,1.4,22 | 71.6,13 | 55.4,63,10 | 6.21,29.91 | 1013,1.4 | 0.06
2013-02-08,22.0,14.0,65.0,9.0,29.88,3.0,22 | 71.6,14 | 57.2,65,9 | 5.59,29.88 | 1012,3.0 | 0.12
2013-02-09,22.0,13.0,68.0,10.0,29.88,2.2,22 | 71.6,13 | 55.4,68,10 | 6.21,29.88 | 1012,2.2 | 0.09
2013-02-10,22.0,12.0,63.0,9.0,29.85,0.5,22 | 71.6,12 | 53.6,63,9 | 5.59,29.85 | 1011,0.5 | 0.02
2013-02-11,22.0,13.0,61.0,8.0,29.85,3.3,22 | 71.6,13 | 55.4,61,8 | 4.97,29.85 | 1011,3.3 | 0.13
2013-02-12,22.0,14.0,68.0,8.0,29.83,3.3,22 | 71.6,14 | 57.2,68,8 | 4.97,29.83 | 1010,3.3 | 0.13
2013-02-13,21.0,15.0,76.0,8.0,29.85,9.9,21 | 69.8,15 | 59.0,76,8 | 4.97,29.85 | 1011,9.9 | 0.39
2013-02-14,21.0,15.0,78.0,7.0,29.88,8.2,21 | 69.8,15 | 59.0,78,7 | 4.35,29.88 | 1012,8.2 | 0.32
2013-02-15,22.0,14.0,74.0,8.0,29.88,2.8,22 | 71.6,14 | 57.2,74,8 | 4.97,29.88 | 1012,2.8 | 0.11
2013-02-16,22.0,15.0,72.0,9.0,29.88,2.6,22 | 71.6,15 | 59.0,72,9 | 5.59,29.88 | 1012,2.6 | 0.1
2013-02-17,22.0,13.0,65.0,10.0,29.85,1.5,22 | 71.6,13 | 55.4,65,10 | 6.21,29.85 | 1011,1.5 | 0.06
2013-02-18,23.0,13.0,64.0,7.0,29.83,1.3,23 | 73.4,13 | 55.4,64,7 | 4.35,29.83 | 1010,1.3 | 0.05
2013-02-19,22.0,11.0,58.0,9.0,29.85,1.5,22 | 71.6,11 | 51.8,58,9 | 5.59,29.85 | 1011,1.5 | 0.06
2013-02-20,22.0,13.0,68.0,10.0,29.94,2.8,22 | 71.6,13 | 55.4,68,10 | 6.21,29.94 | 1014,2.8 | 0.11
2013-02-21,22.0,15.0,75.0,8.0,29.94,3.8,22 | 71.6,15 | 59.0,75,8 | 4.97,29.94 | 1014,3.8 | 0.15
2013-02-22,23.0,15.0,72.0,7.0,29.91,6.3,23 | 73.4,15 | 59.0,72,7 | 4.35,29.91 | 1013,6.3 | 0.25
2013-02-23,24.0,11.0,53.0,9.0,29.91,1.1,24 | 75.2,11 | 51.8,53,9 | 5.59,29.91 | 1013,1.1 | 0.04
2013-02-24,24.0,8.0,43.0,9.0,29.88,0.0,24 | 75.2,8 | 46.4,43,9 | 5.59,29.88 | 1012,0.0 | 0.0
2013-02-25,24.0,11.0,51.0,9.0,29.88,0.1,24 | 75.2,11 | 51.8,51,9 | 5.59,29.88 | 1012,0.1 | 0.0
2013-02-26,23.0,11.0,55.0,10.0,29.94,0.9,23 | 73.4,11 | 51.8,55,10 | 6.21,29.94 | 1014,0.9 | 0.04
2013-02-27,23.0,11.0,55.0,10.0,29.94,0.0,23 | 73.4,11 | 51.8,55,10 | 6.21,29.94 | 1014,0.0 | 0.0
2013-02-28,23.0,10.0,52.0,10.0,29.94,0.0,23 | 73.4,10 | 50.0,52,10 | 6.21,29.94 | 1014,0.0 | 0.0
2013-03-01,23.0,11.0,52.0,9.0,29.91,0.0,23 | 73.4,11 | 51.8,52,9 | 5.59,29.91 | 1013,0.0 | 0.0
2013-03-02,24.0,10.0,47.0,9.0,29.91,0.0,24 | 75.2,10 | 50.0,47,9 | 5.59,29.91 | 1013,0.0 | 0.0
2013-03-03,24.0,12.0,55.0,9.0,29.91,2.2,24 | 75.2,12 | 53.6,55,9 | 5.59,29.91 | 1013,2.2 | 0.09
2013-03-04,23.0,13.0,60.0,11.0,29.91,1.3,23 | 73.4,13 | 55.4,60,11 | 6.84,29.91 | 1013,1.3 | 0.05
2013-03-05,23.0,14.0,63.0,10.0,29.91,2.2,23 | 73.4,14 | 57.2,63,10 | 6.21,29.91 | 1013,2.2 | 0.09
2013-03-06,23.0,15.0,69.0,10.0,29.88,4.5,23 | 73.4,15 | 59.0,69,10 | 6.21,29.88 | 1012,4.5 | 0.18
2013-03-07,22.0,16.0,79.0,7.0,29.88,10.9,22 | 71.6,16 | 60.8,79,7 | 4.35,29.88 | 1012,10.9 | 0.43
2013-03-08,22.0,16.0,79.0,7.0,29.91,12.1,22 | 71.6,16 | 60.8,79,7 | 4.35,29.91 | 1013,12.1 | 0.48
2013-03-09,22.0,15.0,73.0,9.0,29.91,3.0,22 | 71.6,15 | 59.0,73,9 | 5.59,29.91 | 1013,3.0 | 0.12
2013-03-10,21.0,16.0,77.0,9.0,29.91,4.2,21 | 69.8,16 | 60.8,77,9 | 5.59,29.91 | 1013,4.2 | 0.17
2013-03-11,22.0,17.0,80.0,8.0,29.91,7.3,22 | 71.6,17 | 62.6,80,8 | 4.97,29.91 | 1013,7.3 | 0.29
2013-03-12,21.0,16.0,79.0,6.0,29.88,11.6,21 | 69.8,16 | 60.8,79,6 | 3.73,29.88 | 1012,11.6 | 0.46
2013-03-13,22.0,14.0,70.0,9.0,29.88,6.1,22 | 71.6,14 | 57.2,70,9 | 5.59,29.88 | 1012,6.1 | 0.24
2013-03-14,22.0,15.0,72.0,8.0,29.88,5.4,22 | 71.6,15 | 59.0,72,8 | 4.97,29.88 | 1012,5.4 | 0.21
2013-03-15,23.0,16.0,71.0,5.0,29.91,6.0,23 | 73.4,16 | 60.8,71,5 | 3.11,29.91 | 1013,6.0 | 0.24
2013-03-16,23.0,15.0,68.0,8.0,29.88,2.7,23 | 73.4,15 | 59.0,68,8 | 4.97,29.88 | 1012,2.7 | 0.11
2013-03-17,23.0,15.0,72.0,7.0,29.88,4.1,23 | 73.4,15 | 59.0,72,7 | 4.35,29.88 | 1012,4.1 | 0.16
2013-03-18,22.0,16.0,75.0,7.0,29.85,4.4,22 | 71.6,16 | 60.8,75,7 | 4.35,29.85 | 1011,4.4 | 0.17
2013-03-19,20.0,16.0,84.0,6.0,29.85,5.9,20 | 68.0,16 | 60.8,84,6 | 3.73,29.85 | 1011,5.9 | 0.23
2013-03-20,19.0,17.0,86.0,4.0,29.88,38.0,19 | 66.2,17 | 62.6,86,4 | 2.49,29.88 | 1012,38.0 | 1.5
2013-03-21,21.0,17.0,85.0,5.0,29.88,28.5,21 | 69.8,17 | 62.6,85,5 | 3.11,29.88 | 1012,28.5 | 1.12
2013-03-22,21.0,17.0,82.0,5.0,29.85,15.8,21 | 69.8,17 | 62.6,82,5 | 3.11,29.85 | 1011,15.8 | 0.62
2013-03-23,22.0,16.0,79.0,6.0,29.85,7.8,22 | 71.6,16 | 60.8,79,6 | 3.73,29.85 | 1011,7.8 | 0.31
2013-03-24,22.0,16.0,78.0,6.0,29.88,4.8,22 | 71.6,16 | 60.8,78,6 | 3.73,29.88 | 1012,4.8 | 0.19
2013-03-25,22.0,16.0,79.0,6.0,29.88,6.6,22 | 71.6,16 | 60.8,79,6 | 3.73,29.88 | 1012,6.6 | 0.26
2013-03-26,21.0,16.0,79.0,7.0,29.88,7.3,21 | 69.8,16 | 60.8,79,7 | 4.35,29.88 | 1012,7.3 | 0.29
2013-03-27,20.0,16.0,84.0,7.0,29.91,11.7,20 | 68.0,16 | 60.8,84,7 | 4.35,29.91 | 1013,11.7 | 0.46
2013-03-28,20.0,17.0,86.0,5.0,29.94,47.1,20 | 68.0,17 | 62.6,86,5 | 3.11,29.94 | 1014,47.1 | 1.85
2013-03-29,20.0,16.0,85.0,5.0,29.94,19.8,20 | 68.0,16 | 60.8,85,5 | 3.11,29.94 | 1014,19.8 | 0.78
2013-03-30,21.0,18.0,88.0,5.0,29.91,38.6,21 | 69.8,18 | 64.4,88,5 | 3.11,29.91 | 1013,38.6 | 1.52
2013-03-31,18.0,17.0,95.0,6.0,29.97,67.3,18 | 64.4,17 | 62.6,95,6 | 3.73,29.97 | 1015,67.3 | 2.65
2013-04-01,20.0,16.0,86.0,5.0,30.03,14.7,20 | 68.0,16 | 60.8,86,5 | 3.11,30.03 | 1017,14.7 | 0.58
2013-04-02,21.0,17.0,89.0,4.0,29.97,2.1,21 | 69.8,17 | 62.6,89,4 | 2.49,29.97 | 1015,2.1 | 0.08
2013-04-03,21.0,18.0,86.0,7.0,29.91,4.8,21 | 69.8,18 | 64.4,86,7 | 4.35,29.91 | 1013,4.8 | 0.19
2013-04-04,21.0,17.0,85.0,6.0,29.91,20.7,21 | 69.8,17 | 62.6,85,6 | 3.73,29.91 | 1013,20.7 | 0.81
2013-04-05,21.0,18.0,86.0,5.0,29.91,11.9,21 | 69.8,18 | 64.4,86,5 | 3.11,29.91 | 1013,11.9 | 0.47
2013-04-06,21.0,17.0,86.0,7.0,29.88,15.0,21 | 69.8,17 | 62.6,86,7 | 4.35,29.88 | 1012,15.0 | 0.59
2013-04-07,19.0,17.0,93.0,4.0,29.91,12.6,19 | 66.2,17 | 62.6,93,4 | 2.49,29.91 | 1013,12.6 | 0.5
2013-04-08,19.0,17.0,90.0,6.0,29.94,13.3,19 | 66.2,17 | 62.6,90,6 | 3.73,29.94 | 1014,13.3 | 0.52
2013-04-09,21.0,18.0,88.0,6.0,29.94,8.1,21 | 69.8,18 | 64.4,88,6 | 3.73,29.94 | 1014,8.1 | 0.32
2013-04-10,21.0,17.0,86.0,6.0,29.91,3.9,21 | 69.8,17 | 62.6,86,6 | 3.73,29.91 | 1013,3.9 | 0.15
2013-04-11,18.0,17.0,93.0,4.0,29.91,11.5,18 | 64.4,17 | 62.6,93,4 | 2.49,29.91 | 1013,11.5 | 0.45
2013-04-12,18.0,17.0,94.0,4.0,29.94,7.8,18 | 64.4,17 | 62.6,94,4 | 2.49,29.94 | 1014,7.8 | 0.31
2013-04-13,19.0,18.0,93.0,5.0,29.97,9.5,19 | 66.2,18 | 64.4,93,5 | 3.11,29.97 | 1015,9.5 | 0.37
2013-04-14,20.0,17.0,88.0,8.0,29.97,8.2,20 | 68.0,17 | 62.6,88,8 | 4.97,29.97 | 1015,8.2 | 0.32
2013-04-15,21.0,17.0,86.0,6.0,29.91,3.6,21 | 69.8,17 | 62.6,86,6 | 3.73,29.91 | 1013,3.6 | 0.14
2013-04-16,20.0,17.0,88.0,6.0,29.88,6.8,20 | 68.0,17 | 62.6,88,6 | 3.73,29.88 | 1012,6.8 | 0.27
2013-04-17,20.0,17.0,88.0,6.0,29.88,4.7,20 | 68.0,17 | 62.6,88,6 | 3.73,29.88 | 1012,4.7 | 0.19
2013-04-18,20.0,17.0,90.0,5.0,29.91,33.6,20 | 68.0,17 | 62.6,90,5 | 3.11,29.91 | 1013,33.6 | 1.32
2013-04-19,21.0,17.0,87.0,5.0,29.88,11.2,21 | 69.8,17 | 62.6,87,5 | 3.11,29.88 | 1012,11.2 | 0.44
2013-04-20,21.0,17.0,87.0,7.0,29.91,2.3,21 | 69.8,17 | 62.6,87,7 | 4.35,29.91 | 1013,2.3 | 0.09
2013-04-21,20.0,18.0,90.0,5.0,29.91,13.7,20 | 68.0,18 | 64.4,90,5 | 3.11,29.91 | 1013,13.7 | 0.54
2013-04-22,21.0,18.0,90.0,5.0,29.88,34.5,21 | 69.8,18 | 64.4,90,5 | 3.11,29.88 | 1012,34.5 | 1.36
2013-04-23,19.0,17.0,91.0,7.0,29.91,8.0,19 | 66.2,17 | 62.6,91,7 | 4.35,29.91 | 1013,8.0 | 0.31
2013-04-24,21.0,17.0,85.0,6.0,29.91,3.1,21 | 69.8,17 | 62.6,85,6 | 3.73,29.91 | 1013,3.1 | 0.12
2013-04-25,22.0,17.0,86.0,6.0,29.94,7.3,22 | 71.6,17 | 62.6,86,6 | 3.73,29.94 | 1014,7.3 | 0.29
2013-04-26,21.0,17.0,87.0,7.0,29.94,1.7,21 | 69.8,17 | 62.6,87,7 | 4.35,29.94 | 1014,1.7 | 0.07
2013-04-27,19.0,17.0,93.0,5.0,29.94,6.8,19 | 66.2,17 | 62.6,93,5 | 3.11,29.94 | 1014,6.8 | 0.27
2013-04-28,20.0,17.0,88.0,8.0,29.91,4.3,20 | 68.0,17 | 62.6,88,8 | 4.97,29.91 | 1013,4.3 | 0.17
2013-04-29,21.0,17.0,88.0,7.0,29.91,8.7,21 | 69.8,17 | 62.6,88,7 | 4.35,29.91 | 1013,8.7 | 0.34
2013-04-30,20.0,17.0,91.0,6.0,29.94,8.1,20 | 68.0,17 | 62.6,91,6 | 3.73,29.94 | 1014,8.1 | 0.32
2013-05-01,19.0,17.0,92.0,6.0,29.94,26.8,19 | 66.2,17 | 62.6,92,6 | 3.73,29.94 | 1014,26.8 | 1.06
2013-05-02,19.0,17.0,92.0,7.0,29.91,27.0,19 | 66.2,17 | 62.6,92,7 | 4.35,29.91 | 1013,27.0 | 1.06
2013-05-03,18.0,16.0,95.0,6.0,29.94,27.3,18 | 64.4,16 | 60.8,95,6 | 3.73,29.94 | 1014,27.3 | 1.07
2013-05-04,21.0,17.0,88.0,7.0,29.94,6.8,21 | 69.8,17 | 62.6,88,7 | 4.35,29.94 | 1014,6.8 | 0.27
2013-05-05,20.0,16.0,89.0,7.0,29.94,5.0,20 | 68.0,16 | 60.8,89,7 | 4.35,29.94 | 1014,5.0 | 0.2
2013-05-06,20.0,17.0,91.0,7.0,29.97,11.7,20 | 68.0,17 | 62.6,91,7 | 4.35,29.97 | 1015,11.7 | 0.46
2013-05-07,19.0,16.0,91.0,6.0,30.0,15.0,19 | 66.2,16 | 60.8,91,6 | 3.73,30.0 | 1016,15.0 | 0.59
2013-05-08,20.0,17.0,91.0,5.0,29.97,6.2,20 | 68.0,17 | 62.6,91,5 | 3.11,29.97 | 1015,6.2 | 0.24
2013-05-09,19.0,17.0,91.0,6.0,29.97,39.3,19 | 66.2,17 | 62.6,91,6 | 3.73,29.97 | 1015,39.3 | 1.55
2013-05-10,20.0,17.0,91.0,5.0,29.97,38.4,20 | 68.0,17 | 62.6,91,5 | 3.11,29.97 | 1015,38.4 | 1.51
2013-05-11,21.0,17.0,90.0,5.0,30.0,6.5,21 | 69.8,17 | 62.6,90,5 | 3.11,30.0 | 1016,6.5 | 0.26
2013-05-12,21.0,16.0,85.0,8.0,30.0,3.3,21 | 69.8,16 | 60.8,85,8 | 4.97,30.0 | 1016,3.3 | 0.13
2013-05-13,21.0,16.0,83.0,7.0,30.0,0.6,21 | 69.8,16 | 60.8,83,7 | 4.35,30.0 | 1016,0.6 | 0.02
2013-05-14,20.0,16.0,88.0,7.0,30.0,3.5,20 | 68.0,16 | 60.8,88,7 | 4.35,30.0 | 1016,3.5 | 0.14
2013-05-15,20.0,17.0,87.0,6.0,29.94,3.5,20 | 68.0,17 | 62.6,87,6 | 3.73,29.94 | 1014,3.5 | 0.14
2013-05-16,20.0,16.0,85.0,6.0,29.94,2.0,20 | 68.0,16 | 60.8,85,6 | 3.73,29.94 | 1014,2.0 | 0.08
2013-05-17,21.0,16.0,83.0,7.0,29.97,1.6,21 | 69.8,16 | 60.8,83,7 | 4.35,29.97 | 1015,1.6 | 0.06
2013-05-18,20.0,15.0,84.0,8.0,30.0,1.2,20 | 68.0,15 | 59.0,84,8 | 4.97,30.0 | 1016,1.2 | 0.05
2013-05-19,20.0,15.0,84.0,7.0,29.97,1.2,20 | 68.0,15 | 59.0,84,7 | 4.35,29.97 | 1015,1.2 | 0.05
2013-05-20,20.0,16.0,87.0,5.0,29.97,2.6,20 | 68.0,16 | 60.8,87,5 | 3.11,29.97 | 1015,2.6 | 0.1
2013-05-21,20.0,16.0,87.0,6.0,29.97,3.8,20 | 68.0,16 | 60.8,87,6 | 3.73,29.97 | 1015,3.8 | 0.15
2013-05-22,20.0,17.0,88.0,6.0,29.97,7.2,20 | 68.0,17 | 62.6,88,6 | 3.73,29.97 | 1015,7.2 | 0.28
2013-05-23,21.0,16.0,87.0,5.0,29.97,6.3,21 | 69.8,16 | 60.8,87,5 | 3.11,29.97 | 1015,6.3 | 0.25
2013-05-24,21.0,16.0,85.0,6.0,30.0,3.2,21 | 69.8,16 | 60.8,85,6 | 3.73,30.0 | 1016,3.2 | 0.13
2013-05-25,20.0,15.0,83.0,7.0,29.97,2.4,20 | 68.0,15 | 59.0,83,7 | 4.35,29.97 | 1015,2.4 | 0.09
2013-05-26,20.0,15.0,84.0,6.0,29.97,2.3,20 | 68.0,15 | 59.0,84,6 | 3.73,29.97 | 1015,2.3 | 0.09
2013-05-27,21.0,16.0,86.0,5.0,29.94,3.4,21 | 69.8,16 | 60.8,86,5 | 3.11,29.94 | 1014,3.4 | 0.13
2013-05-28,21.0,16.0,85.0,7.0,29.94,5.0,21 | 69.8,16 | 60.8,85,7 | 4.35,29.94 | 1014,5.0 | 0.2
2013-05-29,21.0,16.0,84.0,8.0,29.94,2.5,21 | 69.8,16 | 60.8,84,8 | 4.97,29.94 | 1014,2.5 | 0.1
2013-05-30,20.0,16.0,86.0,7.0,29.97,5.8,20 | 68.0,16 | 60.8,86,7 | 4.35,29.97 | 1015,5.8 | 0.23
2013-05-31,20.0,16.0,85.0,6.0,29.97,6.9,20 | 68.0,16 | 60.8,85,6 | 3.73,29.97 | 1015,6.9 | 0.27
2013-06-01,21.0,16.0,84.0,7.0,29.97,3.6,21 | 69.8,16 | 60.8,84,7 | 4.35,29.97 | 1015,3.6 | 0.14
2013-06-02,20.0,15.0,83.0,7.0,29.94,2.6,20 | 68.0,15 | 59.0,83,7 | 4.35,29.94 | 1014,2.6 | 0.1
2013-06-03,19.0,16.0,87.0,6.0,29.94,5.0,19 | 66.2,16 | 60.8,87,6 | 3.73,29.94 | 1014,5.0 | 0.2
2013-06-04,19.0,15.0,86.0,7.0,29.94,5.2,19 | 66.2,15 | 59.0,86,7 | 4.35,29.94 | 1014,5.2 | 0.2
2013-06-05,20.0,15.0,85.0,6.0,29.97,2.9,20 | 68.0,15 | 59.0,85,6 | 3.73,29.97 | 1015,2.9 | 0.11
2013-06-06,20.0,15.0,84.0,7.0,30.03,1.3,20 | 68.0,15 | 59.0,84,7 | 4.35,30.03 | 1017,1.3 | 0.05
2013-06-07,19.0,15.0,87.0,5.0,30.03,2.0,19 | 66.2,15 | 59.0,87,5 | 3.11,30.03 | 1017,2.0 | 0.08
2013-06-08,19.0,15.0,89.0,4.0,30.0,2.1,19 | 66.2,15 | 59.0,89,4 | 2.49,30.0 | 1016,2.1 | 0.08
2013-06-09,20.0,16.0,88.0,5.0,29.97,2.4,20 | 68.0,16 | 60.8,88,5 | 3.11,29.97 | 1015,2.4 | 0.09
2013-06-10,20.0,16.0,88.0,5.0,29.97,3.1,20 | 68.0,16 | 60.8,88,5 | 3.11,29.97 | 1015,3.1 | 0.12
2013-06-11,20.0,16.0,89.0,6.0,30.0,12.1,20 | 68.0,16 | 60.8,89,6 | 3.73,30.0 | 1016,12.1 | 0.48
2013-06-12,19.0,17.0,92.0,5.0,29.97,23.5,19 | 66.2,17 | 62.6,92,5 | 3.11,29.97 | 1015,23.5 | 0.93
2013-06-13,18.0,17.0,93.0,4.0,29.97,39.4,18 | 64.4,17 | 62.6,93,4 | 2.49,29.97 | 1015,39.4 | 1.55
2013-06-14,19.0,16.0,89.0,5.0,29.97,5.3,19 | 66.2,16 | 60.8,89,5 | 3.11,29.97 | 1015,5.3 | 0.21
2013-06-15,19.0,16.0,92.0,5.0,29.97,9.7,19 | 66.2,16 | 60.8,92,5 | 3.11,29.97 | 1015,9.7 | 0.38
2013-06-16,19.0,16.0,90.0,5.0,29.97,4.8,19 | 66.2,16 | 60.8,90,5 | 3.11,29.97 | 1015,4.8 | 0.19
2013-06-17,19.0,16.0,91.0,5.0,29.97,4.0,19 | 66.2,16 | 60.8,91,5 | 3.11,29.97 | 1015,4.0 | 0.16
2013-06-18,18.0,15.0,93.0,4.0,29.94,3.7,18 | 64.4,15 | 59.0,93,4 | 2.49,29.94 | 1014,3.7 | 0.15
2013-06-19,19.0,16.0,87.0,5.0,29.97,3.4,19 | 66.2,16 | 60.8,87,5 | 3.11,29.97 | 1015,3.4 | 0.13
2013-06-20,18.0,15.0,91.0,5.0,30.0,3.7,18 | 64.4,15 | 59.0,91,5 | 3.11,30.0 | 1016,3.7 | 0.15
2013-06-21,19.0,16.0,89.0,6.0,30.0,4.9,19 | 66.2,16 | 60.8,89,6 | 3.73,30.0 | 1016,4.9 | 0.19
2013-06-22,20.0,14.0,79.0,10.0,30.03,0.6,20 | 68.0,14 | 57.2,79,10 | 6.21,30.03 | 1017,0.6 | 0.02
2013-06-23,20.0,14.0,82.0,8.0,30.0,1.3,20 | 68.0,14 | 57.2,82,8 | 4.97,30.0 | 1016,1.3 | 0.05
2013-06-24,19.0,15.0,85.0,6.0,30.0,3.6,19 | 66.2,15 | 59.0,85,6 | 3.73,30.0 | 1016,3.6 | 0.14
2013-06-25,19.0,15.0,89.0,4.0,30.0,5.7,19 | 66.2,15 | 59.0,89,4 | 2.49,30.0 | 1016,5.7 | 0.22
2013-06-26,20.0,16.0,86.0,6.0,29.97,5.0,20 | 68.0,16 | 60.8,86,6 | 3.73,29.97 | 1015,5.0 | 0.2
2013-06-27,20.0,16.0,85.0,6.0,29.97,3.8,20 | 68.0,16 | 60.8,85,6 | 3.73,29.97 | 1015,3.8 | 0.15
2013-06-28,20.0,16.0,87.0,5.0,29.94,6.8,20 | 68.0,16 | 60.8,87,5 | 3.11,29.94 | 1014,6.8 | 0.27
2013-06-29,20.0,15.0,86.0,6.0,29.94,6.5,20 | 68.0,15 | 59.0,86,6 | 3.73,29.94 | 1014,6.5 | 0.26
2013-06-30,20.0,15.0,84.0,5.0,30.0,4.5,20 | 68.0,15 | 59.0,84,5 | 3.11,30.0 | 1016,4.5 | 0.18
2013-07-01,20.0,16.0,87.0,6.0,30.0,7.4,20 | 68.0,16 | 60.8,87,6 | 3.73,30.0 | 1016,7.4 | 0.29
2013-07-02,19.0,15.0,87.0,6.0,29.97,7.5,19 | 66.2,15 | 59.0,87,6 | 3.73,29.97 | 1015,7.5 | 0.3
2013-07-03,20.0,15.0,84.0,6.0,29.94,5.5,20 | 68.0,15 | 59.0,84,6 | 3.73,29.94 | 1014,5.5 | 0.22
2013-07-04,20.0,14.0,81.0,7.0,29.97,1.8,20 | 68.0,14 | 57.2,81,7 | 4.35,29.97 | 1015,1.8 | 0.07
2013-07-05,20.0,13.0,78.0,8.0,30.0,0.7,20 | 68.0,13 | 55.4,78,8 | 4.97,30.0 | 1016,0.7 | 0.03
2013-07-06,20.0,12.0,74.0,7.0,29.97,0.4,20 | 68.0,12 | 53.6,74,7 | 4.35,29.97 | 1015,0.4 | 0.02
2013-07-07,20.0,13.0,76.0,7.0,29.97,0.6,20 | 68.0,13 | 55.4,76,7 | 4.35,29.97 | 1015,0.6 | 0.02
2013-07-08,19.0,14.0,83.0,6.0,30.0,2.9,19 | 66.2,14 | 57.2,83,6 | 3.73,30.0 | 1016,2.9 | 0.11
2013-07-09,19.0,14.0,83.0,6.0,30.0,2.6,19 | 66.2,14 | 57.2,83,6 | 3.73,30.0 | 1016,2.6 | 0.1
2013-07-10,19.0,13.0,81.0,6.0,29.97,0.8,19 | 66.2,13 | 55.4,81,6 | 3.73,29.97 | 1015,0.8 | 0.03
2013-07-11,19.0,13.0,82.0,7.0,29.97,1.0,19 | 66.2,13 | 55.4,82,7 | 4.35,29.97 | 1015,1.0 | 0.04
2013-07-12,19.0,13.0,82.0,6.0,30.0,0.8,19 | 66.2,13 | 55.4,82,6 | 3.73,30.0 | 1016,0.8 | 0.03
2013-07-13,19.0,14.0,83.0,6.0,30.0,0.8,19 | 66.2,14 | 57.2,83,6 | 3.73,30.0 | 1016,0.8 | 0.03
2013-07-14,19.0,13.0,80.0,7.0,30.0,0.5,19 | 66.2,13 | 55.4,80,7 | 4.35,30.0 | 1016,0.5 | 0.02
2013-07-15,20.0,13.0,76.0,6.0,29.97,0.0,20 | 68.0,13 | 55.4,76,6 | 3.73,29.97 | 1015,0.0 | 0.0
2013-07-16,20.0,13.0,75.0,7.0,30.0,0.0,20 | 68.0,13 | 55.4,75,7 | 4.35,30.0 | 1016,0.0 | 0.0
2013-07-17,20.0,12.0,69.0,7.0,30.03,0.0,20 | 68.0,12 | 53.6,69,7 | 4.35,30.03 | 1017,0.0 | 0.0
2013-07-18,20.0,13.0,76.0,8.0,30.0,0.2,20 | 68.0,13 | 55.4,76,8 | 4.97,30.0 | 1016,0.2 | 0.01
2013-07-19,20.0,13.0,79.0,7.0,29.97,0.9,20 | 68.0,13 | 55.4,79,7 | 4.35,29.97 | 1015,0.9 | 0.04
2013-07-20,20.0,14.0,82.0,6.0,29.94,2.9,20 | 68.0,14 | 57.2,82,6 | 3.73,29.94 | 1014,2.9 | 0.11
2013-07-21,20.0,14.0,81.0,6.0,29.94,3.5,20 | 68.0,14 | 57.2,81,6 | 3.73,29.94 | 1014,3.5 | 0.14
2013-07-22,20.0,13.0,79.0,7.0,29.94,3.1,20 | 68.0,13 | 55.4,79,7 | 4.35,29.94 | 1014,3.1 | 0.12
2013-07-23,20.0,14.0,80.0,6.0,29.94,2.4,20 | 68.0,14 | 57.2,80,6 | 3.73,29.94 | 1014,2.4 | 0.09
2013-07-24,20.0,14.0,80.0,6.0,29.97,6.8,20 | 68.0,14 | 57.2,80,6 | 3.73,29.97 | 1015,6.8 | 0.27
2013-07-25,20.0,14.0,79.0,6.0,30.0,3.4,20 | 68.0,14 | 57.2,79,6 | 3.73,30.0 | 1016,3.4 | 0.13
2013-07-26,20.0,13.0,78.0,7.0,30.0,1.7,20 | 68.0,13 | 55.4,78,7 | 4.35,30.0 | 1016,1.7 | 0.07
2013-07-27,20.0,14.0,82.0,7.0,29.97,6.0,20 | 68.0,14 | 57.2,82,7 | 4.35,29.97 | 1015,6.0 | 0.24
2013-07-28,19.0,14.0,80.0,8.0,30.0,7.5,19 | 66.2,14 | 57.2,80,8 | 4.97,30.0 | 1016,7.5 | 0.3
2013-07-29,21.0,15.0,78.0,7.0,30.0,4.3,21 | 69.8,15 | 59.0,78,7 | 4.35,30.0 | 1016,4.3 | 0.17
2013-07-30,18.0,14.0,85.0,7.0,30.03,5.9,18 | 64.4,14 | 57.2,85,7 | 4.35,30.03 | 1017,5.9 | 0.23
2013-07-31,18.0,14.0,82.0,9.0,30.03,4.4,18 | 64.4,14 | 57.2,82,9 | 5.59,30.03 | 1017,4.4 | 0.17
2013-08-01,20.0,13.0,75.0,7.0,30.03,2.7,20 | 68.0,13 | 55.4,75,7 | 4.35,30.03 | 1017,2.7 | 0.11
2013-08-02,20.0,15.0,80.0,4.0,30.03,5.4,20 | 68.0,15 | 59.0,80,4 | 2.49,30.03 | 1017,5.4 | 0.21
2013-08-03,18.0,14.0,85.0,6.0,30.03,8.0,18 | 64.4,14 | 57.2,85,6 | 3.73,30.03 | 1017,8.0 | 0.31
2013-08-04,20.0,14.0,80.0,7.0,30.0,7.5,20 | 68.0,14 | 57.2,80,7 | 4.35,30.0 | 1016,7.5 | 0.3
2013-08-05,19.0,14.0,80.0,6.0,29.97,6.3,19 | 66.2,14 | 57.2,80,6 | 3.73,29.97 | 1015,6.3 | 0.25
2013-08-06,19.0,14.0,81.0,6.0,29.97,20.1,19 | 66.2,14 | 57.2,81,6 | 3.73,29.97 | 1015,20.1 | 0.79
2013-08-07,20.0,15.0,83.0,6.0,29.94,25.3,20 | 68.0,15 | 59.0,83,6 | 3.73,29.94 | 1014,25.3 | 1.0
2013-08-08,19.0,14.0,83.0,7.0,29.94,9.2,19 | 66.2,14 | 57.2,83,7 | 4.35,29.94 | 1014,9.2 | 0.36
2013-08-09,20.0,14.0,80.0,8.0,29.94,5.9,20 | 68.0,14 | 57.2,80,8 | 4.97,29.94 | 1014,5.9 | 0.23
2013-08-10,21.0,14.0,74.0,8.0,29.94,1.5,21 | 69.8,14 | 57.2,74,8 | 4.97,29.94 | 1014,1.5 | 0.06
2013-08-11,20.0,13.0,74.0,8.0,29.94,1.2,20 | 68.0,13 | 55.4,74,8 | 4.97,29.94 | 1014,1.2 | 0.05
2013-08-12,20.0,13.0,76.0,7.0,29.94,0.9,20 | 68.0,13 | 55.4,76,7 | 4.35,29.94 | 1014,0.9 | 0.04
2013-08-13,20.0,15.0,80.0,7.0,29.94,2.8,20 | 68.0,15 | 59.0,80,7 | 4.35,29.94 | 1014,2.8 | 0.11
2013-08-14,21.0,15.0,81.0,5.0,29.91,5.8,21 | 69.8,15 | 59.0,81,5 | 3.11,29.91 | 1013,5.8 | 0.23
2013-08-15,21.0,15.0,80.0,6.0,29.91,6.4,21 | 69.8,15 | 59.0,80,6 | 3.73,29.91 | 1013,6.4 | 0.25
2013-08-16,21.0,15.0,78.0,6.0,29.91,3.0,21 | 69.8,15 | 59.0,78,6 | 3.73,29.91 | 1013,3.0 | 0.12
2013-08-17,21.0,15.0,79.0,5.0,29.91,3.6,21 | 69.8,15 | 59.0,79,5 | 3.11,29.91 | 1013,3.6 | 0.14
2013-08-18,21.0,15.0,79.0,6.0,29.94,2.6,21 | 69.8,15 | 59.0,79,6 | 3.73,29.94 | 1014,2.6 | 0.1
2013-08-19,21.0,15.0,79.0,6.0,29.91,9.6,21 | 69.8,15 | 59.0,79,6 | 3.73,29.91 | 1013,9.6 | 0.38
2013-08-20,20.0,14.0,77.0,7.0,29.94,2.8,20 | 68.0,14 | 57.2,77,7 | 4.35,29.94 | 1014,2.8 | 0.11
2013-08-21,20.0,13.0,74.0,6.0,29.94,3.7,20 | 68.0,13 | 55.4,74,6 | 3.73,29.94 | 1014,3.7 | 0.15
2013-08-22,20.0,14.0,78.0,7.0,29.94,10.8,20 | 68.0,14 | 57.2,78,7 | 4.35,29.94 | 1014,10.8 | 0.43
2013-08-23,20.0,14.0,78.0,8.0,29.94,5.1,20 | 68.0,14 | 57.2,78,8 | 4.97,29.94 | 1014,5.1 | 0.2
2013-08-24,20.0,13.0,75.0,8.0,29.97,2.2,20 | 68.0,13 | 55.4,75,8 | 4.97,29.97 | 1015,2.2 | 0.09
2013-08-25,20.0,13.0,74.0,7.0,29.97,3.4,20 | 68.0,13 | 55.4,74,7 | 4.35,29.97 | 1015,3.4 | 0.13
2013-08-26,21.0,13.0,70.0,8.0,29.97,0.8,21 | 69.8,13 | 55.4,70,8 | 4.97,29.97 | 1015,0.8 | 0.03
2013-08-27,20.0,13.0,70.0,7.0,29.97,1.9,20 | 68.0,13 | 55.4,70,7 | 4.35,29.97 | 1015,1.9 | 0.07
2013-08-28,21.0,14.0,74.0,7.0,29.97,4.0,21 | 69.8,14 | 57.2,74,7 | 4.35,29.97 | 1015,4.0 | 0.16
2013-08-29,21.0,14.0,76.0,7.0,29.97,3.6,21 | 69.8,14 | 57.2,76,7 | 4.35,29.97 | 1015,3.6 | 0.14
2013-08-30,21.0,14.0,77.0,6.0,29.94,9.1,21 | 69.8,14 | 57.2,77,6 | 3.73,29.94 | 1014,9.1 | 0.36
2013-08-31,21.0,15.0,78.0,6.0,29.91,4.2,21 | 69.8,15 | 59.0,78,6 | 3.73,29.91 | 1013,4.2 | 0.17
2013-09-01,21.0,15.0,78.0,6.0,29.94,3.1,21 | 69.8,15 | 59.0,78,6 | 3.73,29.94 | 1014,3.1 | 0.12
2013-09-02,21.0,15.0,79.0,4.0,29.94,2.2,21 | 69.8,15 | 59.0,79,4 | 2.49,29.94 | 1014,2.2 | 0.09
2013-09-03,21.0,14.0,79.0,6.0,29.97,6.1,21 | 69.8,14 | 57.2,79,6 | 3.73,29.97 | 1015,6.1 | 0.24
2013-09-04,21.0,14.0,76.0,6.0,29.97,1.9,21 | 69.8,14 | 57.2,76,6 | 3.73,29.97 | 1015,1.9 | 0.07
2013-09-05,21.0,13.0,68.0,7.0,29.97,1.2,21 | 69.8,13 | 55.4,68,7 | 4.35,29.97 | 1015,1.2 | 0.05
2013-09-06,21.0,13.0,74.0,7.0,29.94,4.3,21 | 69.8,13 | 55.4,74,7 | 4.35,29.94 | 1014,4.3 | 0.17
2013-09-07,20.0,14.0,78.0,8.0,29.97,8.5,20 | 68.0,14 | 57.2,78,8 | 4.97,29.97 | 1015,8.5 | 0.33
2013-09-08,21.0,14.0,78.0,7.0,29.97,5.0,21 | 69.8,14 | 57.2,78,7 | 4.35,29.97 | 1015,5.0 | 0.2
2013-09-09,21.0,14.0,75.0,6.0,29.94,4.8,21 | 69.8,14 | 57.2,75,6 | 3.73,29.94 | 1014,4.8 | 0.19
2013-09-10,22.0,14.0,74.0,7.0,29.94,3.8,22 | 71.6,14 | 57.2,74,7 | 4.35,29.94 | 1014,3.8 | 0.15
2013-09-11,22.0,13.0,69.0,7.0,29.91,0.6,22 | 71.6,13 | 55.4,69,7 | 4.35,29.91 | 1013,0.6 | 0.02
2013-09-12,22.0,13.0,69.0,7.0,29.91,1.7,22 | 71.6,13 | 55.4,69,7 | 4.35,29.91 | 1013,1.7 | 0.07
2013-09-13,23.0,14.0,69.0,7.0,29.94,0.8,23 | 73.4,14 | 57.2,69,7 | 4.35,29.94 | 1014,0.8 | 0.03
2013-09-14,22.0,14.0,68.0,7.0,29.97,1.3,22 | 71.6,14 | 57.2,68,7 | 4.35,29.97 | 1015,1.3 | 0.05
2013-09-15,22.0,12.0,64.0,7.0,29.97,0.9,22 | 71.6,12 | 53.6,64,7 | 4.35,29.97 | 1015,0.9 | 0.04
2013-09-16,22.0,12.0,63.0,8.0,29.94,0.3,22 | 71.6,12 | 53.6,63,8 | 4.97,29.94 | 1014,0.3 | 0.01
2013-09-17,22.0,14.0,72.0,8.0,29.91,0.4,22 | 71.6,14 | 57.2,72,8 | 4.97,29.91 | 1013,0.4 | 0.02
2013-09-18,20.0,15.0,81.0,6.0,29.94,10.8,20 | 68.0,15 | 59.0,81,6 | 3.73,29.94 | 1014,10.8 | 0.43
2013-09-19,18.0,15.0,86.0,7.0,29.94,28.1,18 | 64.4,15 | 59.0,86,7 | 4.35,29.94 | 1014,28.1 | 1.11
2013-09-20,21.0,15.0,81.0,6.0,29.91,7.6,21 | 69.8,15 | 59.0,81,6 | 3.73,29.91 | 1013,7.6 | 0.3
2013-09-21,22.0,15.0,80.0,5.0,29.91,11.1,22 | 71.6,15 | 59.0,80,5 | 3.11,29.91 | 1013,11.1 | 0.44
2013-09-22,21.0,15.0,79.0,6.0,29.91,9.1,21 | 69.8,15 | 59.0,79,6 | 3.73,29.91 | 1013,9.1 | 0.36
2013-09-23,21.0,15.0,81.0,7.0,29.91,8.1,21 | 69.8,15 | 59.0,81,7 | 4.35,29.91 | 1013,8.1 | 0.32
2013-09-24,20.0,15.0,81.0,6.0,29.94,10.8,20 | 68.0,15 | 59.0,81,6 | 3.73,29.94 | 1014,10.8 | 0.43
2013-09-25,21.0,16.0,84.0,5.0,29.97,12.2,21 | 69.8,16 | 60.8,84,5 | 3.11,29.97 | 1015,12.2 | 0.48
2013-09-26,21.0,16.0,85.0,6.0,29.97,18.0,21 | 69.8,16 | 60.8,85,6 | 3.73,29.97 | 1015,18.0 | 0.71
2013-09-27,22.0,16.0,80.0,4.0,29.94,7.3,22 | 71.6,16 | 60.8,80,4 | 2.49,29.94 | 1014,7.3 | 0.29
2013-09-28,22.0,15.0,75.0,7.0,29.91,1.3,22 | 71.6,15 | 59.0,75,7 | 4.35,29.91 | 1013,1.3 | 0.05
2013-09-29,22.0,16.0,77.0,5.0,29.94,7.8,22 | 71.6,16 | 60.8,77,5 | 3.11,29.94 | 1014,7.8 | 0.31
2013-09-30,22.0,16.0,77.0,5.0,29.94,11.8,22 | 71.6,16 | 60.8,77,5 | 3.11,29.94 | 1014,11.8 | 0.46
2013-10-01,21.0,15.0,79.0,5.0,29.94,4.4,21 | 69.8,15 | 59.0,79,5 | 3.11,29.94 | 1014,4.4 | 0.17
2013-10-02,21.0,14.0,78.0,7.0,29.91,5.7,21 | 69.8,14 | 57.2,78,7 | 4.35,29.91 | 1013,5.7 | 0.22
2013-10-03,21.0,14.0,77.0,8.0,29.91,6.9,21 | 69.8,14 | 57.2,77,8 | 4.97,29.91 | 1013,6.9 | 0.27
2013-10-04,21.0,14.0,75.0,7.0,29.94,4.7,21 | 69.8,14 | 57.2,75,7 | 4.35,29.94 | 1014,4.7 | 0.19
2013-10-05,22.0,13.0,68.0,9.0,29.94,3.3,22 | 71.6,13 | 55.4,68,9 | 5.59,29.94 | 1014,3.3 | 0.13
2013-10-06,21.0,13.0,73.0,7.0,29.94,1.6,21 | 69.8,13 | 55.4,73,7 | 4.35,29.94 | 1014,1.6 | 0.06
2013-10-07,20.0,14.0,77.0,8.0,29.97,7.2,20 | 68.0,14 | 57.2,77,8 | 4.97,29.97 | 1015,7.2 | 0.28
2013-10-08,21.0,15.0,78.0,7.0,29.94,6.4,21 | 69.8,15 | 59.0,78,7 | 4.35,29.94 | 1014,6.4 | 0.25
2013-10-09,21.0,14.0,76.0,7.0,29.94,6.2,21 | 69.8,14 | 57.2,76,7 | 4.35,29.94 | 1014,6.2 | 0.24
2013-10-10,20.0,15.0,82.0,6.0,29.94,21.8,20 | 68.0,15 | 59.0,82,6 | 3.73,29.94 | 1014,21.8 | 0.86
2013-10-11,22.0,14.0,74.0,7.0,29.94,3.3,22 | 71.6,14 | 57.2,74,7 | 4.35,29.94 | 1014,3.3 | 0.13
2013-10-12,22.0,13.0,70.0,8.0,29.94,1.4,22 | 71.6,13 | 55.4,70,8 | 4.97,29.94 | 1014,1.4 | 0.06
2013-10-13,21.0,14.0,73.0,6.0,29.94,5.3,21 | 69.8,14 | 57.2,73,6 | 3.73,29.94 | 1014,5.3 | 0.21
2013-10-14,21.0,15.0,77.0,5.0,29.94,8.8,21 | 69.8,15 | 59.0,77,5 | 3.11,29.94 | 1014,8.8 | 0.35
2013-10-15,23.0,15.0,71.0,7.0,29.97,2.1,23 | 73.4,15 | 59.0,71,7 | 4.35,29.97 | 1015,2.1 | 0.08
2013-10-16,23.0,13.0,64.0,8.0,29.94,1.0,23 | 73.4,13 | 55.4,64,8 | 4.97,29.94 | 1014,1.0 | 0.04
2013-10-17,22.0,14.0,68.0,7.0,29.94,2.2,22 | 71.6,14 | 57.2,68,7 | 4.35,29.94 | 1014,2.2 | 0.09
2013-10-18,22.0,14.0,71.0,8.0,29.94,0.9,22 | 71.6,14 | 57.2,71,8 | 4.97,29.94 | 1014,0.9 | 0.04
2013-10-19,22.0,15.0,75.0,7.0,29.91,6.5,22 | 71.6,15 | 59.0,75,7 | 4.35,29.91 | 1013,6.5 | 0.26
2013-10-20,22.0,15.0,73.0,7.0,29.91,4.7,22 | 71.6,15 | 59.0,73,7 | 4.35,29.91 | 1013,4.7 | 0.19
2013-10-21,22.0,13.0,69.0,7.0,29.88,1.9,22 | 71.6,13 | 55.4,69,7 | 4.35,29.88 | 1012,1.9 | 0.07
2013-10-22,21.0,14.0,75.0,6.0,29.91,7.5,21 | 69.8,14 | 57.2,75,6 | 3.73,29.91 | 1013,7.5 | 0.3
2013-10-23,23.0,15.0,72.0,6.0,29.91,2.2,23 | 73.4,15 | 59.0,72,6 | 3.73,29.91 | 1013,2.2 | 0.09
2013-10-24,23.0,14.0,68.0,8.0,29.91,0.9,23 | 73.4,14 | 57.2,68,8 | 4.97,29.91 | 1013,0.9 | 0.04
2013-10-25,21.0,13.0,71.0,7.0,29.91,2.1,21 | 69.8,13 | 55.4,71,7 | 4.35,29.91 | 1013,2.1 | 0.08
2013-10-26,22.0,15.0,72.0,7.0,29.91,4.2,22 | 71.6,15 | 59.0,72,7 | 4.35,29.91 | 1013,4.2 | 0.17
2013-10-27,22.0,15.0,77.0,5.0,29.91,6.0,22 | 71.6,15 | 59.0,77,5 | 3.11,29.91 | 1013,6.0 | 0.24
2013-10-28,22.0,15.0,75.0,7.0,29.94,2.2,22 | 71.6,15 | 59.0,75,7 | 4.35,29.94 | 1014,2.2 | 0.09
2013-10-29,22.0,15.0,76.0,7.0,29.91,4.9,22 | 71.6,15 | 59.0,76,7 | 4.35,29.91 | 1013,4.9 | 0.19
2013-10-30,22.0,15.0,76.0,6.0,29.91,3.3,22 | 71.6,15 | 59.0,76,6 | 3.73,29.91 | 1013,3.3 | 0.13
2013-10-31,21.0,15.0,76.0,6.0,29.88,3.1,21 | 69.8,15 | 59.0,76,6 | 3.73,29.88 | 1012,3.1 | 0.12
2013-11-01,22.0,15.0,72.0,6.0,29.88,5.8,22 | 71.6,15 | 59.0,72,6 | 3.73,29.88 | 1012,5.8 | 0.23
2013-11-02,22.0,14.0,72.0,7.0,29.85,3.2,22 | 71.6,14 | 57.2,72,7 | 4.35,29.85 | 1011,3.2 | 0.13
2013-11-03,22.0,15.0,78.0,6.0,29.85,11.2,22 | 71.6,15 | 59.0,78,6 | 3.73,29.85 | 1011,11.2 | 0.44
2013-11-04,22.0,15.0,76.0,8.0,29.88,9.0,22 | 71.6,15 | 59.0,76,8 | 4.97,29.88 | 1012,9.0 | 0.35
2013-11-05,21.0,15.0,76.0,7.0,29.91,4.6,21 | 69.8,15 | 59.0,76,7 | 4.35,29.91 | 1013,4.6 | 0.18
2013-11-06,21.0,15.0,81.0,6.0,29.91,3.4,21 | 69.8,15 | 59.0,81,6 | 3.73,29.91 | 1013,3.4 | 0.13
2013-11-07,20.0,16.0,82.0,6.0,29.91,12.1,20 | 68.0,16 | 60.8,82,6 | 3.73,29.91 | 1013,12.1 | 0.48
2013-11-08,21.0,16.0,83.0,6.0,29.91,10.4,21 | 69.8,16 | 60.8,83,6 | 3.73,29.91 | 1013,10.4 | 0.41
2013-11-09,20.0,17.0,88.0,4.0,29.91,24.2,20 | 68.0,17 | 62.6,88,4 | 2.49,29.91 | 1013,24.2 | 0.95
2013-11-10,21.0,17.0,86.0,5.0,29.88,11.5,21 | 69.8,17 | 62.6,86,5 | 3.11,29.88 | 1012,11.5 | 0.45
2013-11-11,21.0,17.0,84.0,7.0,29.88,9.3,21 | 69.8,17 | 62.6,84,7 | 4.35,29.88 | 1012,9.3 | 0.37
2013-11-12,21.0,17.0,84.0,6.0,29.88,10.2,21 | 69.8,17 | 62.6,84,6 | 3.73,29.88 | 1012,10.2 | 0.4
2013-11-13,22.0,16.0,79.0,6.0,29.85,5.9,22 | 71.6,16 | 60.8,79,6 | 3.73,29.85 | 1011,5.9 | 0.23
2013-11-14,22.0,15.0,75.0,6.0,29.85,1.5,22 | 71.6,15 | 59.0,75,6 | 3.73,29.85 | 1011,1.5 | 0.06
2013-11-15,22.0,15.0,78.0,8.0,29.85,3.2,22 | 71.6,15 | 59.0,78,8 | 4.97,29.85 | 1011,3.2 | 0.13
2013-11-16,20.0,16.0,83.0,8.0,29.91,7.2,20 | 68.0,16 | 60.8,83,8 | 4.97,29.91 | 1013,7.2 | 0.28
2013-11-17,21.0,16.0,83.0,6.0,29.88,8.3,21 | 69.8,16 | 60.8,83,6 | 3.73,29.88 | 1012,8.3 | 0.33
2013-11-18,21.0,16.0,80.0,6.0,29.85,6.5,21 | 69.8,16 | 60.8,80,6 | 3.73,29.85 | 1011,6.5 | 0.26
2013-11-19,21.0,16.0,81.0,6.0,29.85,7.1,21 | 69.8,16 | 60.8,81,6 | 3.73,29.85 | 1011,7.1 | 0.28
2013-11-20,21.0,16.0,82.0,7.0,29.85,7.7,21 | 69.8,16 | 60.8,82,7 | 4.35,29.85 | 1011,7.7 | 0.3
2013-11-21,21.0,16.0,82.0,7.0,29.83,5.7,21 | 69.8,16 | 60.8,82,7 | 4.35,29.83 | 1010,5.7 | 0.22
2013-11-22,21.0,16.0,81.0,6.0,29.85,3.7,21 | 69.8,16 | 60.8,81,6 | 3.73,29.85 | 1011,3.7 | 0.15
2013-11-23,21.0,16.0,83.0,4.0,29.88,8.8,21 | 69.8,16 | 60.8,83,4 | 2.49,29.88 | 1012,8.8 | 0.35
2013-11-24,21.0,15.0,80.0,5.0,29.88,8.5,21 | 69.8,15 | 59.0,80,5 | 3.11,29.88 | 1012,8.5 | 0.33
2013-11-25,21.0,15.0,79.0,6.0,29.85,11.6,21 | 69.8,15 | 59.0,79,6 | 3.73,29.85 | 1011,11.6 | 0.46
2013-11-26,21.0,15.0,79.0,6.0,29.85,8.4,21 | 69.8,15 | 59.0,79,6 | 3.73,29.85 | 1011,8.4 | 0.33
2013-11-27,20.0,15.0,80.0,6.0,29.91,10.6,20 | 68.0,15 | 59.0,80,6 | 3.73,29.91 | 1013,10.6 | 0.42
2013-11-28,21.0,15.0,76.0,7.0,29.94,2.6,21 | 69.8,15 | 59.0,76,7 | 4.35,29.94 | 1014,2.6 | 0.1
2013-11-29,21.0,15.0,78.0,7.0,29.91,4.0,21 | 69.8,15 | 59.0,78,7 | 4.35,29.91 | 1013,4.0 | 0.16
2013-11-30,21.0,15.0,80.0,7.0,29.88,7.9,21 | 69.8,15 | 59.0,80,7 | 4.35,29.88 | 1012,7.9 | 0.31
2013-12-01,21.0,16.0,79.0,7.0,29.88,15.7,21 | 69.8,16 | 60.8,79,7 | 4.35,29.88 | 1012,15.7 | 0.62
2013-12-02,21.0,15.0,78.0,7.0,29.91,3.4,21 | 69.8,15 | 59.0,78,7 | 4.35,29.91 | 1013,3.4 | 0.13
2013-12-03,21.0,15.0,79.0,7.0,29.91,5.5,21 | 69.8,15 | 59.0,79,7 | 4.35,29.91 | 1013,5.5 | 0.22
2013-12-04,20.0,16.0,83.0,7.0,29.91,12.3,20 | 68.0,16 | 60.8,83,7 | 4.35,29.91 | 1013,12.3 | 0.48
2013-12-05,20.0,17.0,85.0,5.0,29.88,28.1,20 | 68.0,17 | 62.6,85,5 | 3.11,29.88 | 1012,28.1 | 1.11
2013-12-06,20.0,17.0,85.0,5.0,29.88,17.4,20 | 68.0,17 | 62.6,85,5 | 3.11,29.88 | 1012,17.4 | 0.69
2013-12-07,20.0,15.0,79.0,7.0,29.91,3.9,20 | 68.0,15 | 59.0,79,7 | 4.35,29.91 | 1013,3.9 | 0.15
2013-12-08,21.0,15.0,81.0,6.0,29.94,3.1,21 | 69.8,15 | 59.0,81,6 | 3.73,29.94 | 1014,3.1 | 0.12
2013-12-09,20.0,15.0,81.0,6.0,29.94,3.0,20 | 68.0,15 | 59.0,81,6 | 3.73,29.94 | 1014,3.0 | 0.12
2013-12-10,20.0,15.0,82.0,5.0,29.91,6.7,20 | 68.0,15 | 59.0,82,5 | 3.11,29.91 | 1013,6.7 | 0.26
2013-12-11,20.0,16.0,83.0,5.0,29.88,2.5,20 | 68.0,16 | 60.8,83,5 | 3.11,29.88 | 1012,2.5 | 0.1
2013-12-12,19.0,15.0,88.0,5.0,29.91,2.8,19 | 66.2,15 | 59.0,88,5 | 3.11,29.91 | 1013,2.8 | 0.11
2013-12-13,17.0,15.0,94.0,4.0,29.97,28.2,17 | 62.6,15 | 59.0,94,4 | 2.49,29.97 | 1015,28.2 | 1.11
2013-12-14,17.0,16.0,95.0,4.0,29.97,15.1,17 | 62.6,16 | 60.8,95,4 | 2.49,29.97 | 1015,15.1 | 0.59
2013-12-15,18.0,16.0,88.0,5.0,29.97,25.0,18 | 64.4,16 | 60.8,88,5 | 3.11,29.97 | 1015,25.0 | 0.98
2013-12-16,19.0,15.0,87.0,6.0,29.94,9.1,19 | 66.2,15 | 59.0,87,6 | 3.73,29.94 | 1014,9.1 | 0.36
2013-12-17,17.0,15.0,92.0,4.0,29.94,18.6,17 | 62.6,15 | 59.0,92,4 | 2.49,29.94 | 1014,18.6 | 0.73
2013-12-18,20.0,15.0,83.0,6.0,29.91,7.0,20 | 68.0,15 | 59.0,83,6 | 3.73,29.91 | 1013,7.0 | 0.28
2013-12-19,20.0,15.0,79.0,7.0,29.88,2.3,20 | 68.0,15 | 59.0,79,7 | 4.35,29.88 | 1012,2.3 | 0.09
2013-12-20,21.0,15.0,79.0,6.0,29.91,2.6,21 | 69.8,15 | 59.0,79,6 | 3.73,29.91 | 1013,2.6 | 0.1
2013-12-21,21.0,15.0,78.0,7.0,29.91,5.2,21 | 69.8,15 | 59.0,78,7 | 4.35,29.91 | 1013,5.2 | 0.2
2013-12-22,21.0,15.0,80.0,7.0,29.91,2.8,21 | 69.8,15 | 59.0,80,7 | 4.35,29.91 | 1013,2.8 | 0.11
2013-12-23,21.0,16.0,80.0,6.0,29.88,7.5,21 | 69.8,16 | 60.8,80,6 | 3.73,29.88 | 1012,7.5 | 0.3
2013-12-24,22.0,15.0,75.0,8.0,29.88,4.1,22 | 71.6,15 | 59.0,75,8 | 4.97,29.88 | 1012,4.1 | 0.16
2013-12-25,21.0,14.0,72.0,7.0,29.94,3.8,21 | 69.8,14 | 57.2,72,7 | 4.35,29.94 | 1014,3.8 | 0.15
2013-12-26,21.0,14.0,73.0,7.0,29.94,0.3,21 | 69.8,14 | 57.2,73,7 | 4.35,29.94 | 1014,0.3 | 0.01
2013-12-27,21.0,14.0,75.0,7.0,29.97,3.1,21 | 69.8,14 | 57.2,75,7 | 4.35,29.97 | 1015,3.1 | 0.12
2013-12-28,21.0,15.0,75.0,7.0,29.94,4.5,21 | 69.8,15 | 59.0,75,7 | 4.35,29.94 | 1014,4.5 | 0.18
2013-12-29,21.0,15.0,77.0,8.0,29.91,7.8,21 | 69.8,15 | 59.0,77,8 | 4.97,29.91 | 1013,7.8 | 0.31
2013-12-30,21.0,16.0,81.0,7.0,29.91,9.2,21 | 69.8,16 | 60.8,81,7 | 4.35,29.91 | 1013,9.2 | 0.36
2013-12-31,20.0,16.0,82.0,8.0,29.88,13.5,20 | 68.0,16 | 60.8,82,8 | 4.97,29.88 | 1012,13.5 | 0.53
2014-01-01,20.0,17.0,87.0,6.0,29.91,15.8,20 | 68.0,17 | 62.6,87,6 | 3.73,29.91 | 1013,15.8 | 0.62
2014-01-02,20.0,16.0,83.0,6.0,29.91,11.6,20 | 68.0,16 | 60.8,83,6 | 3.73,29.91 | 1013,11.6 | 0.46
2014-01-03,21.0,15.0,73.0,8.0,29.91,1.7,21 | 69.8,15 | 59.0,73,8 | 4.97,29.91 | 1013,1.7 | 0.07
2014-01-04,21.0,14.0,70.0,7.0,29.91,0.5,21 | 69.8,14 | 57.2,70,7 | 4.35,29.91 | 1013,0.5 | 0.02
2014-01-05,21.0,14.0,72.0,8.0,29.88,1.5,21 | 69.8,14 | 57.2,72,8 | 4.97,29.88 | 1012,1.5 | 0.06
2014-01-06,21.0,14.0,73.0,8.0,29.88,4.2,21 | 69.8,14 | 57.2,73,8 | 4.97,29.88 | 1012,4.2 | 0.17
2014-01-07,21.0,14.0,74.0,8.0,29.85,2.6,21 | 69.8,14 | 57.2,74,8 | 4.97,29.85 | 1011,2.6 | 0.1
2014-01-08,20.0,15.0,79.0,7.0,29.88,5.6,20 | 68.0,15 | 59.0,79,7 | 4.35,29.88 | 1012,5.6 | 0.22
2014-01-09,20.0,16.0,81.0,7.0,29.91,13.8,20 | 68.0,16 | 60.8,81,7 | 4.35,29.91 | 1013,13.8 | 0.54
2014-01-10,21.0,15.0,76.0,7.0,29.94,2.9,21 | 69.8,15 | 59.0,76,7 | 4.35,29.94 | 1014,2.9 | 0.11
2014-01-11,22.0,11.0,63.0,8.0,29.94,0.0,22 | 71.6,11 | 51.8,63,8 | 4.97,29.94 | 1014,0.0 | 0.0
2014-01-12,21.0,12.0,66.0,8.0,29.97,0.5,21 | 69.8,12 | 53.6,66,8 | 4.97,29.97 | 1015,0.5 | 0.02
2014-01-13,21.0,14.0,73.0,7.0,29.94,6.0,21 | 69.8,14 | 57.2,73,7 | 4.35,29.94 | 1014,6.0 | 0.24
2014-01-14,21.0,11.0,62.0,9.0,29.91,1.2,21 | 69.8,11 | 51.8,62,9 | 5.59,29.91 | 1013,1.2 | 0.05
2014-01-15,21.0,11.0,61.0,10.0,29.94,0.7,21 | 69.8,11 | 51.8,61,10 | 6.21,29.94 | 1014,0.7 | 0.03
2014-01-16,21.0,13.0,68.0,9.0,29.97,1.4,21 | 69.8,13 | 55.4,68,9 | 5.59,29.97 | 1015,1.4 | 0.06
2014-01-17,21.0,13.0,68.0,9.0,29.97,0.9,21 | 69.8,13 | 55.4,68,9 | 5.59,29.97 | 1015,0.9 | 0.04
2014-01-18,22.0,14.0,71.0,9.0,29.94,3.1,22 | 71.6,14 | 57.2,71,9 | 5.59,29.94 | 1014,3.1 | 0.12
2014-01-19,22.0,15.0,73.0,8.0,29.94,2.9,22 | 71.6,15 | 59.0,73,8 | 4.97,29.94 | 1014,2.9 | 0.11
2014-01-20,22.0,15.0,76.0,8.0,29.94,4.3,22 | 71.6,15 | 59.0,76,8 | 4.97,29.94 | 1014,4.3 | 0.17
2014-01-21,21.0,15.0,78.0,8.0,29.94,1.4,21 | 69.8,15 | 59.0,78,8 | 4.97,29.94 | 1014,1.4 | 0.06
2014-01-22,21.0,15.0,78.0,7.0,29.91,8.8,21 | 69.8,15 | 59.0,78,7 | 4.35,29.91 | 1013,8.8 | 0.35
2014-01-23,21.0,15.0,74.0,9.0,29.88,2.5,21 | 69.8,15 | 59.0,74,9 | 5.59,29.88 | 1012,2.5 | 0.1
2014-01-24,22.0,15.0,73.0,8.0,29.85,1.6,22 | 71.6,15 | 59.0,73,8 | 4.97,29.85 | 1011,1.6 | 0.06
2014-01-25,21.0,14.0,70.0,9.0,29.88,0.9,21 | 69.8,14 | 57.2,70,9 | 5.59,29.88 | 1012,0.9 | 0.04
2014-01-26,21.0,13.0,68.0,8.0,29.88,0.8,21 | 69.8,13 | 55.4,68,8 | 4.97,29.88 | 1012,0.8 | 0.03
2014-01-27,22.0,14.0,69.0,7.0,29.88,1.6,22 | 71.6,14 | 57.2,69,7 | 4.35,29.88 | 1012,1.6 | 0.06
2014-01-28,22.0,13.0,66.0,9.0,29.88,2.5,22 | 71.6,13 | 55.4,66,9 | 5.59,29.88 | 1012,2.5 | 0.1
2014-01-29,22.0,14.0,68.0,7.0,29.88,2.3,22 | 71.6,14 | 57.2,68,7 | 4.35,29.88 | 1012,2.3 | 0.09
2014-01-30,23.0,12.0,59.0,9.0,29.88,0.0,23 | 73.4,12 | 53.6,59,9 | 5.59,29.88 | 1012,0.0 | 0.0
2014-01-31,24.0,11.0,53.0,10.0,29.88,0.2,24 | 75.2,11 | 51.8,53,10 | 6.21,29.88 | 1012,0.2 | 0.01
2014-02-01,22.0,12.0,58.0,9.0,29.88,0.8,22 | 71.6,12 | 53.6,58,9 | 5.59,29.88 | 1012,0.8 | 0.03
2014-02-02,22.0,13.0,64.0,10.0,29.85,1.8,22 | 71.6,13 | 55.4,64,10 | 6.21,29.85 | 1011,1.8 | 0.07
2014-02-03,21.0,13.0,69.0,9.0,29.85,3.1,21 | 69.8,13 | 55.4,69,9 | 5.59,29.85 | 1011,3.1 | 0.12
2014-02-04,22.0,13.0,68.0,9.0,29.85,4.4,22 | 71.6,13 | 55.4,68,9 | 5.59,29.85 | 1011,4.4 | 0.17
2014-02-05,22.0,15.0,72.0,9.0,29.85,4.3,22 | 71.6,15 | 59.0,72,9 | 5.59,29.85 | 1011,4.3 | 0.17
2014-02-06,22.0,15.0,75.0,7.0,29.85,3.0,22 | 71.6,15 | 59.0,75,7 | 4.35,29.85 | 1011,3.0 | 0.12
2014-02-07,21.0,15.0,77.0,9.0,29.88,13.0,21 | 69.8,15 | 59.0,77,9 | 5.59,29.88 | 1012,13.0 | 0.51
2014-02-08,21.0,15.0,80.0,7.0,29.91,13.0,21 | 69.8,15 | 59.0,80,7 | 4.35,29.91 | 1013,13.0 | 0.51
2014-02-09,21.0,15.0,74.0,9.0,29.88,2.0,21 | 69.8,15 | 59.0,74,9 | 5.59,29.88 | 1012,2.0 | 0.08
2014-02-10,21.0,14.0,72.0,8.0,29.88,0.9,21 | 69.8,14 | 57.2,72,8 | 4.97,29.88 | 1012,0.9 | 0.04
2014-02-11,21.0,14.0,70.0,9.0,29.88,0.1,21 | 69.8,14 | 57.2,70,9 | 5.59,29.88 | 1012,0.1 | 0.0
2014-02-12,21.0,13.0,66.0,10.0,29.85,0.6,21 | 69.8,13 | 55.4,66,10 | 6.21,29.85 | 1011,0.6 | 0.02
2014-02-13,21.0,13.0,66.0,8.0,29.88,0.0,21 | 69.8,13 | 55.4,66,8 | 4.97,29.88 | 1012,0.0 | 0.0
2014-02-14,23.0,12.0,61.0,10.0,29.88,0.0,23 | 73.4,12 | 53.6,61,10 | 6.21,29.88 | 1012,0.0 | 0.0
2014-02-15,22.0,11.0,56.0,10.0,29.85,0.0,22 | 71.6,11 | 51.8,56,10 | 6.21,29.85 | 1011,0.0 | 0.0
2014-02-16,22.0,14.0,62.0,8.0,29.85,1.8,22 | 71.6,14 | 57.2,62,8 | 4.97,29.85 | 1011,1.8 | 0.07
2014-02-17,20.0,15.0,74.0,5.0,29.88,5.9,20 | 68.0,15 | 59.0,74,5 | 3.11,29.88 | 1012,5.9 | 0.23
2014-02-18,22.0,15.0,69.0,7.0,29.91,17.2,22 | 71.6,15 | 59.0,69,7 | 4.35,29.91 | 1013,17.2 | 0.68
2014-02-19,22.0,16.0,74.0,7.0,29.88,12.8,22 | 71.6,16 | 60.8,74,7 | 4.35,29.88 | 1012,12.8 | 0.5
2014-02-20,19.0,15.0,82.0,9.0,29.94,30.8,19 | 66.2,15 | 59.0,82,9 | 5.59,29.94 | 1014,30.8 | 1.21
2014-02-21,21.0,16.0,78.0,7.0,29.94,7.6,21 | 69.8,16 | 60.8,78,7 | 4.35,29.94 | 1014,7.6 | 0.3
2014-02-22,22.0,14.0,69.0,7.0,29.91,1.1,22 | 71.6,14 | 57.2,69,7 | 4.35,29.91 | 1013,1.1 | 0.04
2014-02-23,23.0,12.0,61.0,8.0,29.85,0.7,23 | 73.4,12 | 53.6,61,8 | 4.97,29.85 | 1011,0.7 | 0.03
2014-02-24,22.0,14.0,66.0,9.0,29.85,3.0,22 | 71.6,14 | 57.2,66,9 | 5.59,29.85 | 1011,3.0 | 0.12
2014-02-25,23.0,15.0,71.0,7.0,29.85,5.7,23 | 73.4,15 | 59.0,71,7 | 4.35,29.85 | 1011,5.7 | 0.22
2014-02-26,23.0,13.0,63.0,9.0,29.88,5.9,23 | 73.4,13 | 55.4,63,9 | 5.59,29.88 | 1012,5.9 | 0.23
2014-02-27,24.0,13.0,60.0,8.0,29.88,0.0,24 | 75.2,13 | 55.4,60,8 | 4.97,29.88 | 1012,0.0 | 0.0
2014-02-28,24.0,12.0,56.0,7.0,29.88,0.0,24 | 75.2,12 | 53.6,56,7 | 4.35,29.88 | 1012,0.0 | 0.0
2014-03-01,23.0,13.0,61.0,8.0,29.88,1.4,23 | 73.4,13 | 55.4,61,8 | 4.97,29.88 | 1012,1.4 | 0.06
2014-03-02,25.0,12.0,56.0,9.0,29.88,0.4,25 | 77.0,12 | 53.6,56,9 | 5.59,29.88 | 1012,0.4 | 0.02
2014-03-03,25.0,11.0,53.0,8.0,29.88,0.0,25 | 77.0,11 | 51.8,53,8 | 4.97,29.88 | 1012,0.0 | 0.0
2014-03-04,23.0,11.0,53.0,9.0,29.88,1.3,23 | 73.4,11 | 51.8,53,9 | 5.59,29.88 | 1012,1.3 | 0.05
2014-03-05,23.0,12.0,59.0,10.0,29.88,0.7,23 | 73.4,12 | 53.6,59,10 | 6.21,29.88 | 1012,0.7 | 0.03
2014-03-06,22.0,14.0,66.0,8.0,29.88,6.4,22 | 71.6,14 | 57.2,66,8 | 4.97,29.88 | 1012,6.4 | 0.25
2014-03-07,23.0,14.0,70.0,9.0,29.88,3.3,23 | 73.4,14 | 57.2,70,9 | 5.59,29.88 | 1012,3.3 | 0.13
2014-03-08,24.0,13.0,62.0,7.0,29.88,0.4,24 | 75.2,13 | 55.4,62,7 | 4.35,29.88 | 1012,0.4 | 0.02
2014-03-09,24.0,12.0,54.0,9.0,29.85,0.0,24 | 75.2,12 | 53.6,54,9 | 5.59,29.85 | 1011,0.0 | 0.0
2014-03-10,23.0,14.0,63.0,9.0,29.83,2.2,23 | 73.4,14 | 57.2,63,9 | 5.59,29.83 | 1010,2.2 | 0.09
2014-03-11,22.0,14.0,69.0,9.0,29.88,3.8,22 | 71.6,14 | 57.2,69,9 | 5.59,29.88 | 1012,3.8 | 0.15
2014-03-12,20.0,15.0,79.0,6.0,29.94,4.2,20 | 68.0,15 | 59.0,79,6 | 3.73,29.94 | 1014,4.2 | 0.17
2014-03-13,20.0,16.0,84.0,7.0,29.94,18.3,20 | 68.0,16 | 60.8,84,7 | 4.35,29.94 | 1014,18.3 | 0.72
2014-03-14,18.0,16.0,88.0,6.0,29.97,34.7,18 | 64.4,16 | 60.8,88,6 | 3.73,29.97 | 1015,34.7 | 1.37
2014-03-15,18.0,15.0,85.0,6.0,29.97,7.4,18 | 64.4,15 | 59.0,85,6 | 3.73,29.97 | 1015,7.4 | 0.29
2014-03-16,22.0,16.0,81.0,6.0,29.91,6.2,22 | 71.6,16 | 60.8,81,6 | 3.73,29.91 | 1013,6.2 | 0.24
2014-03-17,22.0,15.0,76.0,6.0,29.91,4.5,22 | 71.6,15 | 59.0,76,6 | 3.73,29.91 | 1013,4.5 | 0.18
2014-03-18,22.0,15.0,74.0,7.0,29.91,11.1,22 | 71.6,15 | 59.0,74,7 | 4.35,29.91 | 1013,11.1 | 0.44
2014-03-19,22.0,15.0,73.0,7.0,29.91,6.1,22 | 71.6,15 | 59.0,73,7 | 4.35,29.91 | 1013,6.1 | 0.24
2014-03-20,23.0,13.0,65.0,8.0,29.91,0.9,23 | 73.4,13 | 55.4,65,8 | 4.97,29.91 | 1013,0.9 | 0.04
2014-03-21,22.0,13.0,65.0,9.0,29.91,1.4,22 | 71.6,13 | 55.4,65,9 | 5.59,29.91 | 1013,1.4 | 0.06
2014-03-22,22.0,15.0,73.0,8.0,29.88,1.2,22 | 71.6,15 | 59.0,73,8 | 4.97,29.88 | 1012,1.2 | 0.05
2014-03-23,22.0,15.0,73.0,8.0,29.85,2.3,22 | 71.6,15 | 59.0,73,8 | 4.97,29.85 | 1011,2.3 | 0.09
2014-03-24,22.0,16.0,76.0,7.0,29.88,1.7,22 | 71.6,16 | 60.8,76,7 | 4.35,29.88 | 1012,1.7 | 0.07
2014-03-25,22.0,15.0,75.0,7.0,29.91,3.4,22 | 71.6,15 | 59.0,75,7 | 4.35,29.91 | 1013,3.4 | 0.13
2014-03-26,22.0,15.0,74.0,7.0,29.91,3.5,22 | 71.6,15 | 59.0,74,7 | 4.35,29.91 | 1013,3.5 | 0.14
2014-03-27,22.0,15.0,76.0,7.0,29.88,4.3,22 | 71.6,15 | 59.0,76,7 | 4.35,29.88 | 1012,4.3 | 0.17
2014-03-28,22.0,16.0,80.0,7.0,29.88,5.7,22 | 71.6,16 | 60.8,80,7 | 4.35,29.88 | 1012,5.7 | 0.22
2014-03-29,21.0,16.0,82.0,7.0,29.88,9.9,21 | 69.8,16 | 60.8,82,7 | 4.35,29.88 | 1012,9.9 | 0.39
2014-03-30,22.0,16.0,81.0,7.0,29.91,4.9,22 | 71.6,16 | 60.8,81,7 | 4.35,29.91 | 1013,4.9 | 0.19
2014-03-31,21.0,16.0,78.0,8.0,29.91,6.0,21 | 69.8,16 | 60.8,78,8 | 4.97,29.91 | 1013,6.0 | 0.24
2014-04-01,21.0,16.0,81.0,5.0,29.91,5.1,21 | 69.8,16 | 60.8,81,5 | 3.11,29.91 | 1013,5.1 | 0.2
2014-04-02,21.0,16.0,79.0,7.0,29.91,4.1,21 | 69.8,16 | 60.8,79,7 | 4.35,29.91 | 1013,4.1 | 0.16
2014-04-03,22.0,16.0,79.0,6.0,29.91,5.7,22 | 71.6,16 | 60.8,79,6 | 3.73,29.91 | 1013,5.7 | 0.22
2014-04-04,22.0,16.0,80.0,7.0,29.91,7.0,22 | 71.6,16 | 60.8,80,7 | 4.35,29.91 | 1013,7.0 | 0.28
2014-04-05,21.0,16.0,81.0,7.0,29.94,3.3,21 | 69.8,16 | 60.8,81,7 | 4.35,29.94 | 1014,3.3 | 0.13
2014-04-06,21.0,16.0,83.0,5.0,29.94,2.9,21 | 69.8,16 | 60.8,83,5 | 3.11,29.94 | 1014,2.9 | 0.11
2014-04-07,21.0,16.0,84.0,6.0,29.94,22.6,21 | 69.8,16 | 60.8,84,6 | 3.73,29.94 | 1014,22.6 | 0.89
2014-04-08,22.0,16.0,82.0,5.0,29.97,43.9,22 | 71.6,16 | 60.8,82,5 | 3.11,29.97 | 1015,43.9 | 1.73
2014-04-09,22.0,14.0,74.0,7.0,29.97,0.7,22 | 71.6,14 | 57.2,74,7 | 4.35,29.97 | 1015,0.7 | 0.03
2014-04-10,21.0,13.0,69.0,8.0,29.94,0.7,21 | 69.8,13 | 55.4,69,8 | 4.97,29.94 | 1014,0.7 | 0.03
2014-04-11,21.0,15.0,74.0,7.0,29.91,8.2,21 | 69.8,15 | 59.0,74,7 | 4.35,29.91 | 1013,8.2 | 0.32
2014-04-12,22.0,16.0,81.0,5.0,29.91,9.1,22 | 71.6,16 | 60.8,81,5 | 3.11,29.91 | 1013,9.1 | 0.36
2014-04-13,21.0,16.0,82.0,7.0,29.91,5.3,21 | 69.8,16 | 60.8,82,7 | 4.35,29.91 | 1013,5.3 | 0.21
2014-04-14,21.0,16.0,84.0,6.0,29.91,17.6,21 | 69.8,16 | 60.8,84,6 | 3.73,29.91 | 1013,17.6 | 0.69
2014-04-15,21.0,16.0,84.0,7.0,29.88,14.2,21 | 69.8,16 | 60.8,84,7 | 4.35,29.88 | 1012,14.2 | 0.56
2014-04-16,21.0,16.0,83.0,6.0,29.91,13.6,21 | 69.8,16 | 60.8,83,6 | 3.73,29.91 | 1013,13.6 | 0.54
2014-04-17,20.0,15.0,81.0,6.0,29.91,1.2,20 | 68.0,15 | 59.0,81,6 | 3.73,29.91 | 1013,1.2 | 0.05
2014-04-18,20.0,16.0,85.0,5.0,29.91,19.8,20 | 68.0,16 | 60.8,85,5 | 3.11,29.91 | 1013,19.8 | 0.78
2014-04-19,20.0,17.0,86.0,6.0,29.91,11.2,20 | 68.0,17 | 62.6,86,6 | 3.73,29.91 | 1013,11.2 | 0.44
2014-04-20,21.0,17.0,86.0,7.0,29.91,18.7,21 | 69.8,17 | 62.6,86,7 | 4.35,29.91 | 1013,18.7 | 0.74
2014-04-21,21.0,16.0,82.0,7.0,29.88,2.0,21 | 69.8,16 | 60.8,82,7 | 4.35,29.88 | 1012,2.0 | 0.08
2014-04-22,21.0,16.0,83.0,6.0,29.91,8.2,21 | 69.8,16 | 60.8,83,6 | 3.73,29.91 | 1013,8.2 | 0.32
2014-04-23,22.0,16.0,79.0,8.0,29.91,4.3,22 | 71.6,16 | 60.8,79,8 | 4.97,29.91 | 1013,4.3 | 0.17
2014-04-24,22.0,16.0,81.0,6.0,29.91,2.6,22 | 71.6,16 | 60.8,81,6 | 3.73,29.91 | 1013,2.6 | 0.1
2014-04-25,21.0,16.0,83.0,6.0,29.91,5.1,21 | 69.8,16 | 60.8,83,6 | 3.73,29.91 | 1013,5.1 | 0.2
2014-04-26,21.0,17.0,84.0,5.0,29.94,10.9,21 | 69.8,17 | 62.6,84,5 | 3.11,29.94 | 1014,10.9 | 0.43
2014-04-27,22.0,16.0,77.0,7.0,29.94,0.5,22 | 71.6,16 | 60.8,77,7 | 4.35,29.94 | 1014,0.5 | 0.02
2014-04-28,22.0,15.0,75.0,6.0,29.94,0.3,22 | 71.6,15 | 59.0,75,6 | 3.73,29.94 | 1014,0.3 | 0.01
2014-04-29,22.0,15.0,75.0,7.0,29.91,0.7,22 | 71.6,15 | 59.0,75,7 | 4.35,29.91 | 1013,0.7 | 0.03
2014-04-30,22.0,16.0,80.0,7.0,29.91,2.9,22 | 71.6,16 | 60.8,80,7 | 4.35,29.91 | 1013,2.9 | 0.11
2014-05-01,22.0,15.0,77.0,10.0,29.91,0.5,22 | 71.6,15 | 59.0,77,10 | 6.21,29.91 | 1013,0.5 | 0.02
2014-05-02,22.0,16.0,80.0,8.0,29.94,2.7,22 | 71.6,16 | 60.8,80,8 | 4.97,29.94 | 1014,2.7 | 0.11
2014-05-03,21.0,16.0,83.0,7.0,29.94,10.7,21 | 69.8,16 | 60.8,83,7 | 4.35,29.94 | 1014,10.7 | 0.42
2014-05-04,21.0,17.0,84.0,7.0,29.91,3.9,21 | 69.8,17 | 62.6,84,7 | 4.35,29.91 | 1013,3.9 | 0.15
2014-05-05,22.0,16.0,82.0,8.0,29.88,2.7,22 | 71.6,16 | 60.8,82,8 | 4.97,29.88 | 1012,2.7 | 0.11
2014-05-06,22.0,17.0,83.0,8.0,29.91,2.7,22 | 71.6,17 | 62.6,83,8 | 4.97,29.91 | 1013,2.7 | 0.11
2014-05-07,21.0,17.0,83.0,8.0,29.88,7.1,21 | 69.8,17 | 62.6,83,8 | 4.97,29.88 | 1012,7.1 | 0.28
2014-05-08,21.0,17.0,85.0,6.0,29.91,5.4,21 | 69.8,17 | 62.6,85,6 | 3.73,29.91 | 1013,5.4 | 0.21
2014-05-09,21.0,17.0,88.0,5.0,29.94,9.4,21 | 69.8,17 | 62.6,88,5 | 3.11,29.94 | 1014,9.4 | 0.37
2014-05-10,20.0,17.0,89.0,7.0,29.91,8.1,20 | 68.0,17 | 62.6,89,7 | 4.35,29.91 | 1013,8.1 | 0.32
2014-05-11,21.0,18.0,89.0,5.0,29.91,34.4,21 | 69.8,18 | 64.4,89,5 | 3.11,29.91 | 1013,34.4 | 1.35
2014-05-12,21.0,17.0,87.0,6.0,29.91,5.9,21 | 69.8,17 | 62.6,87,6 | 3.73,29.91 | 1013,5.9 | 0.23
2014-05-13,20.0,16.0,88.0,6.0,30.0,8.5,20 | 68.0,16 | 60.8,88,6 | 3.73,30.0 | 1016,8.5 | 0.33
2014-05-14,21.0,17.0,86.0,6.0,29.97,5.4,21 | 69.8,17 | 62.6,86,6 | 3.73,29.97 | 1015,5.4 | 0.21
2014-05-15,21.0,17.0,87.0,6.0,29.91,3.2,21 | 69.8,17 | 62.6,87,6 | 3.73,29.91 | 1013,3.2 | 0.13
2014-05-16,21.0,17.0,87.0,6.0,29.88,4.4,21 | 69.8,17 | 62.6,87,6 | 3.73,29.88 | 1012,4.4 | 0.17
2014-05-17,21.0,16.0,86.0,6.0,29.94,8.6,21 | 69.8,16 | 60.8,86,6 | 3.73,29.94 | 1014,8.6 | 0.34
2014-05-18,21.0,16.0,84.0,7.0,29.97,3.1,21 | 69.8,16 | 60.8,84,7 | 4.35,29.97 | 1015,3.1 | 0.12
2014-05-19,21.0,16.0,84.0,8.0,29.97,4.2,21 | 69.8,16 | 60.8,84,8 | 4.97,29.97 | 1015,4.2 | 0.17
2014-05-20,20.0,17.0,87.0,7.0,29.94,6.2,20 | 68.0,17 | 62.6,87,7 | 4.35,29.94 | 1014,6.2 | 0.24
2014-05-21,20.0,16.0,88.0,7.0,29.94,6.3,20 | 68.0,16 | 60.8,88,7 | 4.35,29.94 | 1014,6.3 | 0.25
2014-05-22,21.0,16.0,86.0,7.0,29.97,8.9,21 | 69.8,16 | 60.8,86,7 | 4.35,29.97 | 1015,8.9 | 0.35
2014-05-23,20.0,16.0,86.0,8.0,29.94,4.9,20 | 68.0,16 | 60.8,86,8 | 4.97,29.94 | 1014,4.9 | 0.19
2014-05-24,20.0,16.0,86.0,5.0,29.97,2.7,20 | 68.0,16 | 60.8,86,5 | 3.11,29.97 | 1015,2.7 | 0.11
2014-05-25,20.0,15.0,86.0,6.0,30.0,2.5,20 | 68.0,15 | 59.0,86,6 | 3.73,30.0 | 1016,2.5 | 0.1
2014-05-26,21.0,17.0,87.0,5.0,29.97,3.7,21 | 69.8,17 | 62.6,87,5 | 3.11,29.97 | 1015,3.7 | 0.15
2014-05-27,21.0,16.0,87.0,6.0,29.94,4.7,21 | 69.8,16 | 60.8,87,6 | 3.73,29.94 | 1014,4.7 | 0.19
2014-05-28,20.0,17.0,88.0,6.0,29.91,7.4,20 | 68.0,17 | 62.6,88,6 | 3.73,29.91 | 1013,7.4 | 0.29
2014-05-29,19.0,17.0,91.0,6.0,29.94,17.8,19 | 66.2,17 | 62.6,91,6 | 3.73,29.94 | 1014,17.8 | 0.7
2014-05-30,20.0,17.0,88.0,5.0,29.97,8.6,20 | 68.0,17 | 62.6,88,5 | 3.11,29.97 | 1015,8.6 | 0.34
2014-05-31,20.0,17.0,89.0,5.0,29.94,6.8,20 | 68.0,17 | 62.6,89,5 | 3.11,29.94 | 1014,6.8 | 0.27
2014-06-01,20.0,17.0,89.0,6.0,29.94,8.2,20 | 68.0,17 | 62.6,89,6 | 3.73,29.94 | 1014,8.2 | 0.32
2014-06-02,21.0,18.0,87.0,6.0,29.91,5.2,21 | 69.8,18 | 64.4,87,6 | 3.73,29.91 | 1013,5.2 | 0.2
2014-06-03,21.0,16.0,84.0,7.0,29.91,1.4,21 | 69.8,16 | 60.8,84,7 | 4.35,29.91 | 1013,1.4 | 0.06
2014-06-04,21.0,16.0,85.0,7.0,29.88,3.6,21 | 69.8,16 | 60.8,85,7 | 4.35,29.88 | 1012,3.6 | 0.14
2014-06-05,19.0,17.0,91.0,5.0,29.94,24.1,19 | 66.2,17 | 62.6,91,5 | 3.11,29.94 | 1014,24.1 | 0.95
2014-06-06,21.0,17.0,87.0,5.0,29.94,1.2,21 | 69.8,17 | 62.6,87,5 | 3.11,29.94 | 1014,1.2 | 0.05
2014-06-07,21.0,17.0,88.0,4.0,29.94,4.7,21 | 69.8,17 | 62.6,88,4 | 2.49,29.94 | 1014,4.7 | 0.19
2014-06-08,20.0,16.0,89.0,6.0,29.94,8.8,20 | 68.0,16 | 60.8,89,6 | 3.73,29.94 | 1014,8.8 | 0.35
2014-06-09,20.0,17.0,88.0,5.0,29.94,10.4,20 | 68.0,17 | 62.6,88,5 | 3.11,29.94 | 1014,10.4 | 0.41
2014-06-10,20.0,17.0,91.0,3.0,30.0,33.5,20 | 68.0,17 | 62.6,91,3 | 1.86,30.0 | 1016,33.5 | 1.32
2014-06-11,20.0,17.0,90.0,5.0,30.0,10.8,20 | 68.0,17 | 62.6,90,5 | 3.11,30.0 | 1016,10.8 | 0.43
2014-06-12,19.0,16.0,91.0,5.0,29.97,6.0,19 | 66.2,16 | 60.8,91,5 | 3.11,29.97 | 1015,6.0 | 0.24
2014-06-13,20.0,16.0,91.0,4.0,29.94,12.9,20 | 68.0,16 | 60.8,91,4 | 2.49,29.94 | 1014,12.9 | 0.51
2014-06-14,20.0,17.0,91.0,4.0,29.97,19.6,20 | 68.0,17 | 62.6,91,4 | 2.49,29.97 | 1015,19.6 | 0.77
2014-06-15,20.0,16.0,89.0,5.0,30.0,6.4,20 | 68.0,16 | 60.8,89,5 | 3.11,30.0 | 1016,6.4 | 0.25
2014-06-16,21.0,17.0,87.0,4.0,30.0,3.1,21 | 69.8,17 | 62.6,87,4 | 2.49,30.0 | 1016,3.1 | 0.12
2014-06-17,21.0,16.0,86.0,6.0,30.0,1.7,21 | 69.8,16 | 60.8,86,6 | 3.73,30.0 | 1016,1.7 | 0.07
2014-06-18,20.0,16.0,85.0,7.0,30.0,0.8,20 | 68.0,16 | 60.8,85,7 | 4.35,30.0 | 1016,0.8 | 0.03
2014-06-19,20.0,16.0,89.0,5.0,30.0,4.0,20 | 68.0,16 | 60.8,89,5 | 3.11,30.0 | 1016,4.0 | 0.16
2014-06-20,20.0,17.0,90.0,5.0,30.0,3.9,20 | 68.0,17 | 62.6,90,5 | 3.11,30.0 | 1016,3.9 | 0.15
2014-06-21,19.0,16.0,88.0,7.0,30.03,19.7,19 | 66.2,16 | 60.8,88,7 | 4.35,30.03 | 1017,19.7 | 0.78
2014-06-22,20.0,15.0,83.0,9.0,30.06,3.3,20 | 68.0,15 | 59.0,83,9 | 5.59,30.06 | 1018,3.3 | 0.13
2014-06-23,19.0,14.0,83.0,10.0,30.06,1.3,19 | 66.2,14 | 57.2,83,10 | 6.21,30.06 | 1018,1.3 | 0.05
2014-06-24,20.0,15.0,82.0,7.0,30.06,1.5,20 | 68.0,15 | 59.0,82,7 | 4.35,30.06 | 1018,1.5 | 0.06
2014-06-25,20.0,15.0,84.0,6.0,30.03,5.3,20 | 68.0,15 | 59.0,84,6 | 3.73,30.03 | 1017,5.3 | 0.21
2014-06-26,20.0,16.0,86.0,5.0,30.0,7.1,20 | 68.0,16 | 60.8,86,5 | 3.11,30.0 | 1016,7.1 | 0.28
2014-06-27,20.0,15.0,84.0,6.0,30.0,2.5,20 | 68.0,15 | 59.0,84,6 | 3.73,30.0 | 1016,2.5 | 0.1
2014-06-28,20.0,15.0,84.0,6.0,30.03,4.1,20 | 68.0,15 | 59.0,84,6 | 3.73,30.03 | 1017,4.1 | 0.16
2014-06-29,20.0,14.0,80.0,7.0,30.0,1.6,20 | 68.0,14 | 57.2,80,7 | 4.35,30.0 | 1016,1.6 | 0.06
2014-06-30,20.0,14.0,78.0,7.0,30.0,1.5,20 | 68.0,14 | 57.2,78,7 | 4.35,30.0 | 1016,1.5 | 0.06
2014-07-01,19.0,14.0,83.0,5.0,30.03,1.9,19 | 66.2,14 | 57.2,83,5 | 3.11,30.03 | 1017,1.9 | 0.07
2014-07-02,20.0,14.0,83.0,6.0,30.06,3.1,20 | 68.0,14 | 57.2,83,6 | 3.73,30.06 | 1018,3.1 | 0.12
2014-07-03,20.0,15.0,83.0,7.0,30.03,1.9,20 | 68.0,15 | 59.0,83,7 | 4.35,30.03 | 1017,1.9 | 0.07
2014-07-04,20.0,14.0,81.0,7.0,30.0,0.9,20 | 68.0,14 | 57.2,81,7 | 4.35,30.0 | 1016,0.9 | 0.04
2014-07-05,20.0,15.0,82.0,5.0,29.97,1.6,20 | 68.0,15 | 59.0,82,5 | 3.11,29.97 | 1015,1.6 | 0.06
2014-07-06,20.0,15.0,83.0,5.0,30.0,4.8,20 | 68.0,15 | 59.0,83,5 | 3.11,30.0 | 1016,4.8 | 0.19
2014-07-07,19.0,15.0,85.0,6.0,30.03,5.7,19 | 66.2,15 | 59.0,85,6 | 3.73,30.03 | 1017,5.7 | 0.22
2014-07-08,20.0,15.0,86.0,5.0,30.03,5.8,20 | 68.0,15 | 59.0,86,5 | 3.11,30.03 | 1017,5.8 | 0.23
2014-07-09,20.0,15.0,83.0,6.0,30.03,1.1,20 | 68.0,15 | 59.0,83,6 | 3.73,30.03 | 1017,1.1 | 0.04
2014-07-10,19.0,15.0,84.0,6.0,30.06,2.7,19 | 66.2,15 | 59.0,84,6 | 3.73,30.06 | 1018,2.7 | 0.11
2014-07-11,19.0,16.0,88.0,5.0,30.06,13.0,19 | 66.2,16 | 60.8,88,5 | 3.11,30.06 | 1018,13.0 | 0.51
2014-07-12,19.0,15.0,86.0,5.0,30.06,5.8,19 | 66.2,15 | 59.0,86,5 | 3.11,30.06 | 1018,5.8 | 0.23
2014-07-13,19.0,15.0,86.0,6.0,30.06,5.2,19 | 66.2,15 | 59.0,86,6 | 3.73,30.06 | 1018,5.2 | 0.2
2014-07-14,20.0,16.0,83.0,6.0,30.0,2.9,20 | 68.0,16 | 60.8,83,6 | 3.73,30.0 | 1016,2.9 | 0.11
2014-07-15,19.0,14.0,82.0,7.0,29.97,8.9,19 | 66.2,14 | 57.2,82,7 | 4.35,29.97 | 1015,8.9 | 0.35
2014-07-16,20.0,15.0,84.0,5.0,30.0,10.4,20 | 68.0,15 | 59.0,84,5 | 3.11,30.0 | 1016,10.4 | 0.41
2014-07-17,19.0,15.0,84.0,6.0,30.0,5.7,19 | 66.2,15 | 59.0,84,6 | 3.73,30.0 | 1016,5.7 | 0.22
2014-07-18,20.0,15.0,83.0,7.0,30.0,7.2,20 | 68.0,15 | 59.0,83,7 | 4.35,30.0 | 1016,7.2 | 0.28
2014-07-19,20.0,15.0,82.0,6.0,30.0,2.6,20 | 68.0,15 | 59.0,82,6 | 3.73,30.0 | 1016,2.6 | 0.1
2014-07-20,21.0,16.0,83.0,5.0,30.03,5.7,21 | 69.8,16 | 60.8,83,5 | 3.11,30.03 | 1017,5.7 | 0.22
2014-07-21,20.0,16.0,86.0,5.0,30.03,5.8,20 | 68.0,16 | 60.8,86,5 | 3.11,30.03 | 1017,5.8 | 0.23
2014-07-22,19.0,15.0,81.0,7.0,30.03,8.2,19 | 66.2,15 | 59.0,81,7 | 4.35,30.03 | 1017,8.2 | 0.32
2014-07-23,20.0,15.0,80.0,6.0,30.0,2.3,20 | 68.0,15 | 59.0,80,6 | 3.73,30.0 | 1016,2.3 | 0.09
2014-07-24,18.0,16.0,89.0,5.0,30.0,8.5,18 | 64.4,16 | 60.8,89,5 | 3.11,30.0 | 1016,8.5 | 0.33
2014-07-25,19.0,15.0,85.0,5.0,30.0,4.9,19 | 66.2,15 | 59.0,85,5 | 3.11,30.0 | 1016,4.9 | 0.19
2014-07-26,20.0,16.0,86.0,6.0,30.0,8.9,20 | 68.0,16 | 60.8,86,6 | 3.73,30.0 | 1016,8.9 | 0.35
2014-07-27,21.0,16.0,86.0,5.0,30.0,18.0,21 | 69.8,16 | 60.8,86,5 | 3.11,30.0 | 1016,18.0 | 0.71
2014-07-28,21.0,16.0,82.0,7.0,30.0,10.9,21 | 69.8,16 | 60.8,82,7 | 4.35,30.0 | 1016,10.9 | 0.43
2014-07-29,20.0,14.0,79.0,9.0,30.0,5.1,20 | 68.0,14 | 57.2,79,9 | 5.59,30.0 | 1016,5.1 | 0.2
2014-07-30,20.0,13.0,76.0,9.0,30.0,1.6,20 | 68.0,13 | 55.4,76,9 | 5.59,30.0 | 1016,1.6 | 0.06
2014-07-31,20.0,13.0,78.0,8.0,30.03,2.3,20 | 68.0,13 | 55.4,78,8 | 4.97,30.03 | 1017,2.3 | 0.09
2014-08-01,20.0,14.0,78.0,7.0,30.0,2.9,20 | 68.0,14 | 57.2,78,7 | 4.35,30.0 | 1016,2.9 | 0.11
2014-08-02,20.0,14.0,78.0,7.0,30.0,2.9,20 | 68.0,14 | 57.2,78,7 | 4.35,30.0 | 1016,2.9 | 0.11
2014-08-03,19.0,15.0,83.0,6.0,30.0,7.0,19 | 66.2,15 | 59.0,83,6 | 3.73,30.0 | 1016,7.0 | 0.28
2014-08-04,20.0,14.0,82.0,6.0,30.0,6.5,20 | 68.0,14 | 57.2,82,6 | 3.73,30.0 | 1016,6.5 | 0.26
2014-08-05,20.0,14.0,81.0,6.0,30.0,4.1,20 | 68.0,14 | 57.2,81,6 | 3.73,30.0 | 1016,4.1 | 0.16
2014-08-06,20.0,15.0,82.0,5.0,29.97,9.1,20 | 68.0,15 | 59.0,82,5 | 3.11,29.97 | 1015,9.1 | 0.36
2014-08-07,18.0,14.0,84.0,6.0,30.0,9.6,18 | 64.4,14 | 57.2,84,6 | 3.73,30.0 | 1016,9.6 | 0.38
2014-08-08,19.0,14.0,83.0,7.0,30.03,14.3,19 | 66.2,14 | 57.2,83,7 | 4.35,30.03 | 1017,14.3 | 0.56
2014-08-09,20.0,15.0,81.0,6.0,30.0,3.7,20 | 68.0,15 | 59.0,81,6 | 3.73,30.0 | 1016,3.7 | 0.15
2014-08-10,20.0,15.0,82.0,6.0,30.0,7.6,20 | 68.0,15 | 59.0,82,6 | 3.73,30.0 | 1016,7.6 | 0.3
2014-08-11,19.0,15.0,84.0,5.0,29.97,9.8,19 | 66.2,15 | 59.0,84,5 | 3.11,29.97 | 1015,9.8 | 0.39
2014-08-12,18.0,15.0,89.0,5.0,29.97,18.7,18 | 64.4,15 | 59.0,89,5 | 3.11,29.97 | 1015,18.7 | 0.74
2014-08-13,20.0,15.0,84.0,7.0,29.97,14.8,20 | 68.0,15 | 59.0,84,7 | 4.35,29.97 | 1015,14.8 | 0.58
2014-08-14,19.0,15.0,83.0,5.0,30.0,8.3,19 | 66.2,15 | 59.0,83,5 | 3.11,30.0 | 1016,8.3 | 0.33
2014-08-15,20.0,14.0,79.0,8.0,30.0,5.6,20 | 68.0,14 | 57.2,79,8 | 4.97,30.0 | 1016,5.6 | 0.22
2014-08-16,20.0,15.0,81.0,7.0,30.0,11.7,20 | 68.0,15 | 59.0,81,7 | 4.35,30.0 | 1016,11.7 | 0.46
2014-08-17,21.0,14.0,78.0,8.0,29.97,6.3,21 | 69.8,14 | 57.2,78,8 | 4.97,29.97 | 1015,6.3 | 0.25
2014-08-18,20.0,14.0,77.0,9.0,29.97,3.6,20 | 68.0,14 | 57.2,77,9 | 5.59,29.97 | 1015,3.6 | 0.14
2014-08-19,19.0,14.0,77.0,8.0,30.0,5.1,19 | 66.2,14 | 57.2,77,8 | 4.97,30.0 | 1016,5.1 | 0.2
2014-08-20,21.0,15.0,78.0,7.0,30.0,5.9,21 | 69.8,15 | 59.0,78,7 | 4.35,30.0 | 1016,5.9 | 0.23
2014-08-21,21.0,13.0,73.0,8.0,29.97,3.4,21 | 69.8,13 | 55.4,73,8 | 4.97,29.97 | 1015,3.4 | 0.13
2014-08-22,21.0,14.0,74.0,8.0,29.94,2.5,21 | 69.8,14 | 57.2,74,8 | 4.97,29.94 | 1014,2.5 | 0.1
2014-08-23,20.0,15.0,81.0,7.0,29.94,3.6,20 | 68.0,15 | 59.0,81,7 | 4.35,29.94 | 1014,3.6 | 0.14
2014-08-24,19.0,15.0,85.0,5.0,29.94,2.4,19 | 66.2,15 | 59.0,85,5 | 3.11,29.94 | 1014,2.4 | 0.09
2014-08-25,20.0,15.0,80.0,6.0,29.97,2.4,20 | 68.0,15 | 59.0,80,6 | 3.73,29.97 | 1015,2.4 | 0.09
2014-08-26,21.0,16.0,80.0,5.0,29.97,7.6,21 | 69.8,16 | 60.8,80,5 | 3.11,29.97 | 1015,7.6 | 0.3
2014-08-27,21.0,14.0,75.0,7.0,29.94,3.8,21 | 69.8,14 | 57.2,75,7 | 4.35,29.94 | 1014,3.8 | 0.15
2014-08-28,21.0,14.0,75.0,6.0,29.94,2.8,21 | 69.8,14 | 57.2,75,6 | 3.73,29.94 | 1014,2.8 | 0.11
2014-08-29,21.0,15.0,77.0,5.0,29.94,4.9,21 | 69.8,15 | 59.0,77,5 | 3.11,29.94 | 1014,4.9 | 0.19
2014-08-30,20.0,15.0,79.0,5.0,29.94,2.4,20 | 68.0,15 | 59.0,79,5 | 3.11,29.94 | 1014,2.4 | 0.09
2014-08-31,19.0,15.0,83.0,6.0,29.97,8.5,19 | 66.2,15 | 59.0,83,6 | 3.73,29.97 | 1015,8.5 | 0.33
2014-09-01,20.0,15.0,81.0,6.0,29.97,7.5,20 | 68.0,15 | 59.0,81,6 | 3.73,29.97 | 1015,7.5 | 0.3
2014-09-02,19.0,15.0,85.0,8.0,29.94,19.8,19 | 66.2,15 | 59.0,85,8 | 4.97,29.94 | 1014,19.8 | 0.78
2014-09-03,16.0,13.0,88.0,7.0,29.97,5.0,16 | 60.8,13 | 55.4,88,7 | 4.35,29.97 | 1015,5.0 | 0.2
2014-09-04,19.0,13.0,81.0,6.0,29.97,4.5,19 | 66.2,13 | 55.4,81,6 | 3.73,29.97 | 1015,4.5 | 0.18
2014-09-05,18.0,14.0,87.0,7.0,29.97,8.2,18 | 64.4,14 | 57.2,87,7 | 4.35,29.97 | 1015,8.2 | 0.32
2014-09-06,19.0,15.0,84.0,7.0,29.97,8.7,19 | 66.2,15 | 59.0,84,7 | 4.35,29.97 | 1015,8.7 | 0.34
2014-09-07,20.0,14.0,79.0,6.0,30.0,3.2,20 | 68.0,14 | 57.2,79,6 | 3.73,30.0 | 1016,3.2 | 0.13
2014-09-08,21.0,14.0,74.0,8.0,30.03,1.0,21 | 69.8,14 | 57.2,74,8 | 4.97,30.03 | 1017,1.0 | 0.04
2014-09-09,21.0,14.0,73.0,7.0,30.0,2.1,21 | 69.8,14 | 57.2,73,7 | 4.35,30.0 | 1016,2.1 | 0.08
2014-09-10,21.0,14.0,72.0,7.0,29.97,1.5,21 | 69.8,14 | 57.2,72,7 | 4.35,29.97 | 1015,1.5 | 0.06
2014-09-11,21.0,15.0,75.0,5.0,29.97,2.7,21 | 69.8,15 | 59.0,75,5 | 3.11,29.97 | 1015,2.7 | 0.11
2014-09-12,22.0,13.0,70.0,7.0,29.97,1.5,22 | 71.6,13 | 55.4,70,7 | 4.35,29.97 | 1015,1.5 | 0.06
2014-09-13,22.0,14.0,71.0,7.0,29.94,1.2,22 | 71.6,14 | 57.2,71,7 | 4.35,29.94 | 1014,1.2 | 0.05
2014-09-14,22.0,14.0,73.0,6.0,29.97,3.6,22 | 71.6,14 | 57.2,73,6 | 3.73,29.97 | 1015,3.6 | 0.14
2014-09-15,22.0,13.0,70.0,8.0,29.97,2.8,22 | 71.6,13 | 55.4,70,8 | 4.97,29.97 | 1015,2.8 | 0.11
2014-09-16,21.0,14.0,76.0,7.0,29.94,7.7,21 | 69.8,14 | 57.2,76,7 | 4.35,29.94 | 1014,7.7 | 0.3
2014-09-17,21.0,14.0,77.0,8.0,29.94,3.7,21 | 69.8,14 | 57.2,77,8 | 4.97,29.94 | 1014,3.7 | 0.15
2014-09-18,21.0,14.0,78.0,7.0,29.94,1.7,21 | 69.8,14 | 57.2,78,7 | 4.35,29.94 | 1014,1.7 | 0.07
2014-09-19,21.0,15.0,80.0,8.0,29.97,5.6,21 | 69.8,15 | 59.0,80,8 | 4.97,29.97 | 1015,5.6 | 0.22
2014-09-20,21.0,15.0,80.0,6.0,29.94,6.5,21 | 69.8,15 | 59.0,80,6 | 3.73,29.94 | 1014,6.5 | 0.26
2014-09-21,22.0,15.0,78.0,6.0,29.94,6.1,22 | 71.6,15 | 59.0,78,6 | 3.73,29.94 | 1014,6.1 | 0.24
2014-09-22,22.0,15.0,76.0,6.0,29.94,7.5,22 | 71.6,15 | 59.0,76,6 | 3.73,29.94 | 1014,7.5 | 0.3
2014-09-23,22.0,15.0,74.0,8.0,29.94,5.1,22 | 71.6,15 | 59.0,74,8 | 4.97,29.94 | 1014,5.1 | 0.2
2014-09-24,22.0,15.0,74.0,6.0,29.97,4.8,22 | 71.6,15 | 59.0,74,6 | 3.73,29.97 | 1015,4.8 | 0.19
2014-09-25,21.0,14.0,76.0,6.0,29.94,5.1,21 | 69.8,14 | 57.2,76,6 | 3.73,29.94 | 1014,5.1 | 0.2
2014-09-26,21.0,14.0,76.0,7.0,29.94,9.4,21 | 69.8,14 | 57.2,76,7 | 4.35,29.94 | 1014,9.4 | 0.37
2014-09-27,21.0,14.0,77.0,8.0,29.94,5.7,21 | 69.8,14 | 57.2,77,8 | 4.97,29.94 | 1014,5.7 | 0.22
2014-09-28,21.0,15.0,81.0,7.0,29.97,9.6,21 | 69.8,15 | 59.0,81,7 | 4.35,29.97 | 1015,9.6 | 0.38
2014-09-29,22.0,15.0,76.0,7.0,29.97,3.1,22 | 71.6,15 | 59.0,76,7 | 4.35,29.97 | 1015,3.1 | 0.12
2014-09-30,21.0,14.0,74.0,8.0,29.94,2.1,21 | 69.8,14 | 57.2,74,8 | 4.97,29.94 | 1014,2.1 | 0.08
2014-10-01,21.0,15.0,79.0,6.0,29.91,5.2,21 | 69.8,15 | 59.0,79,6 | 3.73,29.91 | 1013,5.2 | 0.2
2014-10-02,22.0,16.0,79.0,6.0,29.94,14.6,22 | 71.6,16 | 60.8,79,6 | 3.73,29.94 | 1014,14.6 | 0.57
2014-10-03,20.0,16.0,84.0,4.0,29.94,11.7,20 | 68.0,16 | 60.8,84,4 | 2.49,29.94 | 1014,11.7 | 0.46
2014-10-04,20.0,16.0,87.0,7.0,29.94,18.7,20 | 68.0,16 | 60.8,87,7 | 4.35,29.94 | 1014,18.7 | 0.74
2014-10-05,21.0,15.0,80.0,7.0,29.94,9.4,21 | 69.8,15 | 59.0,80,7 | 4.35,29.94 | 1014,9.4 | 0.37
2014-10-06,21.0,14.0,76.0,9.0,29.97,2.8,21 | 69.8,14 | 57.2,76,9 | 5.59,29.97 | 1015,2.8 | 0.11
2014-10-07,21.0,14.0,73.0,7.0,29.94,4.0,21 | 69.8,14 | 57.2,73,7 | 4.35,29.94 | 1014,4.0 | 0.16
2014-10-08,21.0,15.0,78.0,7.0,29.91,7.4,21 | 69.8,15 | 59.0,78,7 | 4.35,29.91 | 1013,7.4 | 0.29
2014-10-09,22.0,15.0,76.0,6.0,29.91,1.8,22 | 71.6,15 | 59.0,76,6 | 3.73,29.91 | 1013,1.8 | 0.07
2014-10-10,23.0,13.0,64.0,11.0,29.91,0.3,23 | 73.4,13 | 55.4,64,11 | 6.84,29.91 | 1013,0.3 | 0.01
2014-10-11,23.0,12.0,62.0,11.0,29.91,0.0,23 | 73.4,12 | 53.6,62,11 | 6.84,29.91 | 1013,0.0 | 0.0
2014-10-12,22.0,12.0,66.0,8.0,29.94,1.6,22 | 71.6,12 | 53.6,66,8 | 4.97,29.94 | 1014,1.6 | 0.06
2014-10-13,21.0,14.0,76.0,7.0,29.94,5.9,21 | 69.8,14 | 57.2,76,7 | 4.35,29.94 | 1014,5.9 | 0.23
2014-10-14,21.0,16.0,81.0,7.0,29.94,7.2,21 | 69.8,16 | 60.8,81,7 | 4.35,29.94 | 1014,7.2 | 0.28
2014-10-15,20.0,17.0,85.0,7.0,29.94,15.6,20 | 68.0,17 | 62.6,85,7 | 4.35,29.94 | 1014,15.6 | 0.61
2014-10-16,20.0,17.0,86.0,7.0,29.94,23.5,20 | 68.0,17 | 62.6,86,7 | 4.35,29.94 | 1014,23.5 | 0.93
2014-10-17,20.0,16.0,86.0,4.0,29.94,11.8,20 | 68.0,16 | 60.8,86,4 | 2.49,29.94 | 1014,11.8 | 0.46
2014-10-18,21.0,16.0,82.0,6.0,29.91,18.3,21 | 69.8,16 | 60.8,82,6 | 3.73,29.91 | 1013,18.3 | 0.72
2014-10-19,22.0,16.0,80.0,6.0,29.88,7.6,22 | 71.6,16 | 60.8,80,6 | 3.73,29.88 | 1012,7.6 | 0.3
2014-10-20,19.0,15.0,86.0,6.0,29.91,9.4,19 | 66.2,15 | 59.0,86,6 | 3.73,29.91 | 1013,9.4 | 0.37
2014-10-21,19.0,17.0,89.0,4.0,29.94,44.7,19 | 66.2,17 | 62.6,89,4 | 2.49,29.94 | 1014,44.7 | 1.76
2014-10-22,21.0,17.0,84.0,6.0,29.94,11.7,21 | 69.8,17 | 62.6,84,6 | 3.73,29.94 | 1014,11.7 | 0.46
2014-10-23,21.0,16.0,81.0,7.0,29.94,8.5,21 | 69.8,16 | 60.8,81,7 | 4.35,29.94 | 1014,8.5 | 0.33
2014-10-24,21.0,16.0,81.0,6.0,29.91,9.8,21 | 69.8,16 | 60.8,81,6 | 3.73,29.91 | 1013,9.8 | 0.39
2014-10-25,22.0,16.0,80.0,6.0,29.91,3.1,22 | 71.6,16 | 60.8,80,6 | 3.73,29.91 | 1013,3.1 | 0.12
2014-10-26,22.0,16.0,77.0,4.0,29.91,0.8,22 | 71.6,16 | 60.8,77,4 | 2.49,29.91 | 1013,0.8 | 0.03
2014-10-27,22.0,15.0,75.0,6.0,29.94,1.6,22 | 71.6,15 | 59.0,75,6 | 3.73,29.94 | 1014,1.6 | 0.06
2014-10-28,22.0,15.0,75.0,7.0,29.91,1.6,22 | 71.6,15 | 59.0,75,7 | 4.35,29.91 | 1013,1.6 | 0.06
2014-10-29,22.0,15.0,77.0,7.0,29.88,5.7,22 | 71.6,15 | 59.0,77,7 | 4.35,29.88 | 1012,5.7 | 0.22
2014-10-30,21.0,15.0,76.0,7.0,29.88,7.6,21 | 69.8,15 | 59.0,76,7 | 4.35,29.88 | 1012,7.6 | 0.3
2014-10-31,22.0,16.0,78.0,6.0,29.88,8.8,22 | 71.6,16 | 60.8,78,6 | 3.73,29.88 | 1012,8.8 | 0.35
2014-11-01,22.0,14.0,74.0,9.0,29.88,1.9,22 | 71.6,14 | 57.2,74,9 | 5.59,29.88 | 1012,1.9 | 0.07
2014-11-02,21.0,14.0,77.0,7.0,29.91,1.9,21 | 69.8,14 | 57.2,77,7 | 4.35,29.91 | 1013,1.9 | 0.07
2014-11-03,20.0,15.0,82.0,6.0,29.97,11.9,20 | 68.0,15 | 59.0,82,6 | 3.73,29.97 | 1015,11.9 | 0.47
2014-11-04,21.0,16.0,80.0,5.0,29.97,12.3,21 | 69.8,16 | 60.8,80,5 | 3.11,29.97 | 1015,12.3 | 0.48
2014-11-05,21.0,15.0,76.0,7.0,29.94,4.9,21 | 69.8,15 | 59.0,76,7 | 4.35,29.94 | 1014,4.9 | 0.19
2014-11-06,21.0,15.0,77.0,7.0,29.94,4.2,21 | 69.8,15 | 59.0,77,7 | 4.35,29.94 | 1014,4.2 | 0.17
2014-11-07,22.0,15.0,74.0,8.0,29.97,1.6,22 | 71.6,15 | 59.0,74,8 | 4.97,29.97 | 1015,1.6 | 0.06
2014-11-08,22.0,15.0,75.0,6.0,29.94,1.3,22 | 71.6,15 | 59.0,75,6 | 3.73,29.94 | 1014,1.3 | 0.05
2014-11-09,22.0,15.0,76.0,6.0,29.91,2.3,22 | 71.6,15 | 59.0,76,6 | 3.73,29.91 | 1013,2.3 | 0.09
2014-11-10,22.0,15.0,78.0,8.0,29.91,5.9,22 | 71.6,15 | 59.0,78,8 | 4.97,29.91 | 1013,5.9 | 0.23
2014-11-11,21.0,16.0,80.0,7.0,29.88,6.1,21 | 69.8,16 | 60.8,80,7 | 4.35,29.88 | 1012,6.1 | 0.24
2014-11-12,21.0,15.0,77.0,6.0,29.88,5.3,21 | 69.8,15 | 59.0,77,6 | 3.73,29.88 | 1012,5.3 | 0.21
2014-11-13,21.0,15.0,80.0,6.0,29.88,6.4,21 | 69.8,15 | 59.0,80,6 | 3.73,29.88 | 1012,6.4 | 0.25
2014-11-14,21.0,16.0,82.0,6.0,29.91,9.9,21 | 69.8,16 | 60.8,82,6 | 3.73,29.91 | 1013,9.9 | 0.39
2014-11-15,20.0,15.0,83.0,6.0,29.94,7.2,20 | 68.0,15 | 59.0,83,6 | 3.73,29.94 | 1014,7.2 | 0.28
2014-11-16,20.0,16.0,86.0,5.0,29.91,10.6,20 | 68.0,16 | 60.8,86,5 | 3.11,29.91 | 1013,10.6 | 0.42
2014-11-17,21.0,16.0,82.0,7.0,29.88,14.1,21 | 69.8,16 | 60.8,82,7 | 4.35,29.88 | 1012,14.1 | 0.56
2014-11-18,22.0,15.0,76.0,7.0,29.88,4.7,22 | 71.6,15 | 59.0,76,7 | 4.35,29.88 | 1012,4.7 | 0.19
2014-11-19,21.0,15.0,76.0,6.0,29.88,10.4,21 | 69.8,15 | 59.0,76,6 | 3.73,29.88 | 1012,10.4 | 0.41
2014-11-20,20.0,16.0,86.0,6.0,29.94,18.2,20 | 68.0,16 | 60.8,86,6 | 3.73,29.94 | 1014,18.2 | 0.72
2014-11-21,18.0,17.0,91.0,4.0,30.0,22.7,18 | 64.4,17 | 62.6,91,4 | 2.49,30.0 | 1016,22.7 | 0.89
2014-11-22,20.0,15.0,81.0,6.0,29.97,1.2,20 | 68.0,15 | 59.0,81,6 | 3.73,29.97 | 1015,1.2 | 0.05
2014-11-23,20.0,15.0,81.0,7.0,29.97,0.6,20 | 68.0,15 | 59.0,81,7 | 4.35,29.97 | 1015,0.6 | 0.02
2014-11-24,21.0,16.0,81.0,5.0,29.91,1.2,21 | 69.8,16 | 60.8,81,5 | 3.11,29.91 | 1013,1.2 | 0.05
2014-11-25,21.0,16.0,80.0,7.0,29.91,1.1,21 | 69.8,16 | 60.8,80,7 | 4.35,29.91 | 1013,1.1 | 0.04
2014-11-26,21.0,16.0,82.0,6.0,29.88,2.3,21 | 69.8,16 | 60.8,82,6 | 3.73,29.88 | 1012,2.3 | 0.09
2014-11-27,20.0,16.0,86.0,7.0,29.91,6.1,20 | 68.0,16 | 60.8,86,7 | 4.35,29.91 | 1013,6.1 | 0.24
2014-11-28,20.0,17.0,86.0,5.0,29.94,5.5,20 | 68.0,17 | 62.6,86,5 | 3.11,29.94 | 1014,5.5 | 0.22
2014-11-29,20.0,16.0,86.0,6.0,29.94,5.3,20 | 68.0,16 | 60.8,86,6 | 3.73,29.94 | 1014,5.3 | 0.21
2014-11-30,20.0,16.0,85.0,6.0,29.94,1.5,20 | 68.0,16 | 60.8,85,6 | 3.73,29.94 | 1014,1.5 | 0.06
2014-12-01,20.0,16.0,86.0,7.0,29.91,3.2,20 | 68.0,16 | 60.8,86,7 | 4.35,29.91 | 1013,3.2 | 0.13
2014-12-02,20.0,16.0,84.0,5.0,29.88,3.3,20 | 68.0,16 | 60.8,84,5 | 3.11,29.88 | 1012,3.3 | 0.13
2014-12-03,19.0,16.0,84.0,6.0,29.91,2.4,19 | 66.2,16 | 60.8,84,6 | 3.73,29.91 | 1013,2.4 | 0.09
2014-12-04,20.0,15.0,79.0,6.0,29.97,1.7,20 | 68.0,15 | 59.0,79,6 | 3.73,29.97 | 1015,1.7 | 0.07
2014-12-05,20.0,15.0,78.0,7.0,29.97,0.7,20 | 68.0,15 | 59.0,78,7 | 4.35,29.97 | 1015,0.7 | 0.03
2014-12-06,21.0,15.0,79.0,6.0,29.94,0.1,21 | 69.8,15 | 59.0,79,6 | 3.73,29.94 | 1014,0.1 | 0.0
2014-12-07,20.0,15.0,81.0,6.0,29.91,2.3,20 | 68.0,15 | 59.0,81,6 | 3.73,29.91 | 1013,2.3 | 0.09
2014-12-08,21.0,17.0,84.0,6.0,29.91,2.7,21 | 69.8,17 | 62.6,84,6 | 3.73,29.91 | 1013,2.7 | 0.11
2014-12-09,21.0,16.0,79.0,6.0,29.91,2.5,21 | 69.8,16 | 60.8,79,6 | 3.73,29.91 | 1013,2.5 | 0.1
2014-12-10,21.0,15.0,80.0,6.0,29.91,2.0,21 | 69.8,15 | 59.0,80,6 | 3.73,29.91 | 1013,2.0 | 0.08
2014-12-11,21.0,15.0,78.0,6.0,29.94,0.8,21 | 69.8,15 | 59.0,78,6 | 3.73,29.94 | 1014,0.8 | 0.03
2014-12-12,21.0,15.0,77.0,6.0,29.94,1.9,21 | 69.8,15 | 59.0,77,6 | 3.73,29.94 | 1014,1.9 | 0.07
2014-12-13,21.0,14.0,73.0,7.0,29.94,0.6,21 | 69.8,14 | 57.2,73,7 | 4.35,29.94 | 1014,0.6 | 0.02
2014-12-14,21.0,13.0,72.0,7.0,29.91,0.8,21 | 69.8,13 | 55.4,72,7 | 4.35,29.91 | 1013,0.8 | 0.03
2014-12-15,21.0,15.0,77.0,7.0,29.91,1.7,21 | 69.8,15 | 59.0,77,7 | 4.35,29.91 | 1013,1.7 | 0.07
2014-12-16,21.0,15.0,79.0,7.0,29.94,1.8,21 | 69.8,15 | 59.0,79,7 | 4.35,29.94 | 1014,1.8 | 0.07
2014-12-17,21.0,15.0,81.0,7.0,29.97,2.2,21 | 69.8,15 | 59.0,81,7 | 4.35,29.97 | 1015,2.2 | 0.09
2014-12-18,21.0,14.0,78.0,7.0,29.97,0.8,21 | 69.8,14 | 57.2,78,7 | 4.35,29.97 | 1015,0.8 | 0.03
2014-12-19,21.0,15.0,75.0,6.0,29.94,2.0,21 | 69.8,15 | 59.0,75,6 | 3.73,29.94 | 1014,2.0 | 0.08
2014-12-20,21.0,14.0,75.0,8.0,29.97,0.8,21 | 69.8,14 | 57.2,75,8 | 4.97,29.97 | 1015,0.8 | 0.03
2014-12-21,20.0,15.0,80.0,7.0,29.94,2.5,20 | 68.0,15 | 59.0,80,7 | 4.35,29.94 | 1014,2.5 | 0.1
2014-12-22,19.0,16.0,86.0,5.0,29.94,2.5,19 | 66.2,16 | 60.8,86,5 | 3.11,29.94 | 1014,2.5 | 0.1
2014-12-23,20.0,15.0,79.0,8.0,29.94,0.6,20 | 68.0,15 | 59.0,79,8 | 4.97,29.94 | 1014,0.6 | 0.02
2014-12-24,19.0,16.0,84.0,6.0,29.97,3.4,19 | 66.2,16 | 60.8,84,6 | 3.73,29.97 | 1015,3.4 | 0.13
2014-12-25,20.0,16.0,83.0,7.0,29.97,6.2,20 | 68.0,16 | 60.8,83,7 | 4.35,29.97 | 1015,6.2 | 0.24
2014-12-26,20.0,15.0,82.0,7.0,29.94,4.9,20 | 68.0,15 | 59.0,82,7 | 4.35,29.94 | 1014,4.9 | 0.19
2014-12-27,20.0,15.0,82.0,7.0,29.94,3.2,20 | 68.0,15 | 59.0,82,7 | 4.35,29.94 | 1014,3.2 | 0.13
2014-12-28,21.0,15.0,77.0,8.0,29.94,0.5,21 | 69.8,15 | 59.0,77,8 | 4.97,29.94 | 1014,0.5 | 0.02
2014-12-29,21.0,14.0,75.0,9.0,29.94,0.5,21 | 69.8,14 | 57.2,75,9 | 5.59,29.94 | 1014,0.5 | 0.02
2014-12-30,21.0,14.0,75.0,9.0,29.91,1.2,21 | 69.8,14 | 57.2,75,9 | 5.59,29.91 | 1013,1.2 | 0.05
2014-12-31,21.0,14.0,73.0,9.0,29.91,0.3,21 | 69.8,14 | 57.2,73,9 | 5.59,29.91 | 1013,0.3 | 0.01
2015-01-01,22.0,13.0,68.0,8.0,29.94,1.4,22 | 71.6,13 | 55.4,68,8 | 4.97,29.94 | 1014,1.4 | 0.06
2015-01-02,22.0,11.0,57.0,8.0,29.94,0.0,22 | 71.6,11 | 51.8,57,8 | 4.97,29.94 | 1014,0.0 | 0.0
2015-01-03,21.0,11.0,59.0,9.0,29.94,0.4,21 | 69.8,11 | 51.8,59,9 | 5.59,29.94 | 1014,0.4 | 0.02
2015-01-04,21.0,12.0,65.0,8.0,29.94,0.5,21 | 69.8,12 | 53.6,65,8 | 4.97,29.94 | 1014,0.5 | 0.02
2015-01-05,20.0,11.0,63.0,9.0,29.94,0.0,20 | 68.0,11 | 51.8,63,9 | 5.59,29.94 | 1014,0.0 | 0.0
2015-01-06,20.0,11.0,62.0,9.0,29.94,0.0,20 | 68.0,11 | 51.8,62,9 | 5.59,29.94 | 1014,0.0 | 0.0
2015-01-07,21.0,12.0,67.0,8.0,29.97,1.6,21 | 69.8,12 | 53.6,67,8 | 4.97,29.97 | 1015,1.6 | 0.06
2015-01-08,20.0,14.0,73.0,9.0,29.97,2.3,20 | 68.0,14 | 57.2,73,9 | 5.59,29.97 | 1015,2.3 | 0.09
2015-01-09,21.0,14.0,74.0,9.0,29.97,2.2,21 | 69.8,14 | 57.2,74,9 | 5.59,29.97 | 1015,2.2 | 0.09
2015-01-10,20.0,14.0,75.0,7.0,29.97,5.4,20 | 68.0,14 | 57.2,75,7 | 4.35,29.97 | 1015,5.4 | 0.21
2015-01-11,20.0,13.0,71.0,10.0,29.94,1.1,20 | 68.0,13 | 55.4,71,10 | 6.21,29.94 | 1014,1.1 | 0.04
2015-01-12,20.0,13.0,68.0,7.0,29.94,1.6,20 | 68.0,13 | 55.4,68,7 | 4.35,29.94 | 1014,1.6 | 0.06
2015-01-13,21.0,14.0,71.0,8.0,29.94,5.3,21 | 69.8,14 | 57.2,71,8 | 4.97,29.94 | 1014,5.3 | 0.21
2015-01-14,22.0,12.0,60.0,9.0,29.94,0.5,22 | 71.6,12 | 53.6,60,9 | 5.59,29.94 | 1014,0.5 | 0.02
2015-01-15,22.0,10.0,53.0,9.0,29.91,0.0,22 | 71.6,10 | 50.0,53,9 | 5.59,29.91 | 1013,0.0 | 0.0
2015-01-16,22.0,12.0,61.0,10.0,29.91,0.9,22 | 71.6,12 | 53.6,61,10 | 6.21,29.91 | 1013,0.9 | 0.04
2015-01-17,21.0,11.0,56.0,9.0,29.91,0.0,21 | 69.8,11 | 51.8,56,9 | 5.59,29.91 | 1013,0.0 | 0.0
2015-01-18,21.0,9.0,51.0,12.0,29.94,0.0,21 | 69.8,9 | 48.2,51,12 | 7.46,29.94 | 1014,0.0 | 0.0
2015-01-19,22.0,11.0,56.0,10.0,29.94,1.2,22 | 71.6,11 | 51.8,56,10 | 6.21,29.94 | 1014,1.2 | 0.05
2015-01-20,21.0,12.0,58.0,11.0,29.94,0.2,21 | 69.8,12 | 53.6,58,11 | 6.84,29.94 | 1014,0.2 | 0.01
2015-01-21,22.0,13.0,63.0,11.0,29.97,4.0,22 | 71.6,13 | 55.4,63,11 | 6.84,29.97 | 1015,4.0 | 0.16
2015-01-22,22.0,14.0,68.0,7.0,29.97,9.8,22 | 71.6,14 | 57.2,68,7 | 4.35,29.97 | 1015,9.8 | 0.39
2015-01-23,22.0,13.0,63.0,10.0,29.91,0.0,22 | 71.6,13 | 55.4,63,10 | 6.21,29.91 | 1013,0.0 | 0.0
2015-01-24,22.0,13.0,62.0,12.0,29.88,7.5,22 | 71.6,13 | 55.4,62,12 | 7.46,29.88 | 1012,7.5 | 0.3
2015-01-25,22.0,12.0,61.0,12.0,29.91,0.9,22 | 71.6,12 | 53.6,61,12 | 7.46,29.91 | 1013,0.9 | 0.04
2015-01-26,22.0,12.0,62.0,8.0,29.94,1.4,22 | 71.6,12 | 53.6,62,8 | 4.97,29.94 | 1014,1.4 | 0.06
2015-01-27,23.0,10.0,49.0,11.0,29.91,0.0,23 | 73.4,10 | 50.0,49,11 | 6.84,29.91 | 1013,0.0 | 0.0
2015-01-28,24.0,12.0,52.0,9.0,29.88,0.9,24 | 75.2,12 | 53.6,52,9 | 5.59,29.88 | 1012,0.9 | 0.04
2015-01-29,23.0,10.0,52.0,13.0,29.88,1.4,23 | 73.4,10 | 50.0,52,13 | 8.08,29.88 | 1012,1.4 | 0.06
2015-01-30,23.0,10.0,52.0,12.0,29.91,0.0,23 | 73.4,10 | 50.0,52,12 | 7.46,29.91 | 1013,0.0 | 0.0
2015-01-31,24.0,11.0,52.0,13.0,29.94,0.4,24 | 75.2,11 | 51.8,52,13 | 8.08,29.94 | 1014,0.4 | 0.02
2015-02-01,23.0,13.0,57.0,10.0,29.91,2.0,23 | 73.4,13 | 55.4,57,10 | 6.21,29.91 | 1013,2.0 | 0.08
2015-02-02,23.0,12.0,57.0,12.0,29.88,3.0,23 | 73.4,12 | 53.6,57,12 | 7.46,29.88 | 1012,3.0 | 0.12
2015-02-03,23.0,12.0,57.0,12.0,29.88,0.9,23 | 73.4,12 | 53.6,57,12 | 7.46,29.88 | 1012,0.9 | 0.04
2015-02-04,23.0,12.0,59.0,10.0,29.91,0.7,23 | 73.4,12 | 53.6,59,10 | 6.21,29.91 | 1013,0.7 | 0.03
2015-02-05,23.0,13.0,60.0,10.0,29.91,2.9,23 | 73.4,13 | 55.4,60,10 | 6.21,29.91 | 1013,2.9 | 0.11
2015-02-06,23.0,12.0,59.0,10.0,29.91,3.3,23 | 73.4,12 | 53.6,59,10 | 6.21,29.91 | 1013,3.3 | 0.13
2015-02-07,25.0,10.0,49.0,13.0,29.88,0.2,25 | 77.0,10 | 50.0,49,13 | 8.08,29.88 | 1012,0.2 | 0.01
2015-02-08,24.0,10.0,48.0,12.0,29.88,0.3,24 | 75.2,10 | 50.0,48,12 | 7.46,29.88 | 1012,0.3 | 0.01
2015-02-09,24.0,11.0,55.0,10.0,29.88,0.4,24 | 75.2,11 | 51.8,55,10 | 6.21,29.88 | 1012,0.4 | 0.02
2015-02-10,24.0,8.0,48.0,12.0,29.91,0.9,24 | 75.2,8 | 46.4,48,12 | 7.46,29.91 | 1013,0.9 | 0.04
2015-02-11,24.0,10.0,51.0,11.0,29.94,0.0,24 | 75.2,10 | 50.0,51,11 | 6.84,29.94 | 1014,0.0 | 0.0
2015-02-12,24.0,9.0,44.0,10.0,29.91,0.0,24 | 75.2,9 | 48.2,44,10 | 6.21,29.91 | 1013,0.0 | 0.0
2015-02-13,24.0,9.0,44.0,12.0,29.88,0.0,24 | 75.2,9 | 48.2,44,12 | 7.46,29.88 | 1012,0.0 | 0.0
2015-02-14,22.0,13.0,58.0,9.0,29.88,4.0,22 | 71.6,13 | 55.4,58,9 | 5.59,29.88 | 1012,4.0 | 0.16
2015-02-15,21.0,14.0,71.0,8.0,29.97,6.8,21 | 69.8,14 | 57.2,71,8 | 4.97,29.97 | 1015,6.8 | 0.27
2015-02-16,22.0,15.0,69.0,8.0,29.97,6.4,22 | 71.6,15 | 59.0,69,8 | 4.97,29.97 | 1015,6.4 | 0.25
2015-02-17,22.0,14.0,66.0,10.0,29.94,7.5,22 | 71.6,14 | 57.2,66,10 | 6.21,29.94 | 1014,7.5 | 0.3
2015-02-18,22.0,14.0,69.0,7.0,29.91,7.0,22 | 71.6,14 | 57.2,69,7 | 4.35,29.91 | 1013,7.0 | 0.28
2015-02-19,23.0,14.0,65.0,8.0,29.88,3.7,23 | 73.4,14 | 57.2,65,8 | 4.97,29.88 | 1012,3.7 | 0.15
2015-02-20,23.0,14.0,65.0,6.0,29.85,1.6,23 | 73.4,14 | 57.2,65,6 | 3.73,29.85 | 1011,1.6 | 0.06
2015-02-21,24.0,13.0,57.0,9.0,29.85,0.3,24 | 75.2,13 | 55.4,57,9 | 5.59,29.85 | 1011,0.3 | 0.01
2015-02-22,24.0,13.0,59.0,7.0,29.85,0.8,24 | 75.2,13 | 55.4,59,7 | 4.35,29.85 | 1011,0.8 | 0.03
2015-02-23,23.0,13.0,60.0,9.0,29.88,2.4,23 | 73.4,13 | 55.4,60,9 | 5.59,29.88 | 1012,2.4 | 0.09
2015-02-24,22.0,13.0,58.0,10.0,29.91,1.7,22 | 71.6,13 | 55.4,58,10 | 6.21,29.91 | 1013,1.7 | 0.07
2015-02-25,22.0,13.0,65.0,8.0,29.88,0.9,22 | 71.6,13 | 55.4,65,8 | 4.97,29.88 | 1012,0.9 | 0.04
2015-02-26,23.0,13.0,64.0,10.0,29.88,3.1,23 | 73.4,13 | 55.4,64,10 | 6.21,29.88 | 1012,3.1 | 0.12
2015-02-27,24.0,11.0,57.0,9.0,29.88,1.3,24 | 75.2,11 | 51.8,57,9 | 5.59,29.88 | 1012,1.3 | 0.05
2015-02-28,25.0,10.0,51.0,10.0,29.85,0.4,25 | 77.0,10 | 50.0,51,10 | 6.21,29.85 | 1011,0.4 | 0.02
2015-03-01,22.0,12.0,60.0,9.0,29.91,1.3,22 | 71.6,12 | 53.6,60,9 | 5.59,29.91 | 1013,1.3 | 0.05
2015-03-02,24.0,11.0,58.0,12.0,29.88,2.3,24 | 75.2,11 | 51.8,58,12 | 7.46,29.88 | 1012,2.3 | 0.09
2015-03-03,24.0,8.0,48.0,10.0,29.88,0.0,24 | 75.2,8 | 46.4,48,10 | 6.21,29.88 | 1012,0.0 | 0.0
2015-03-04,24.0,8.0,46.0,10.0,29.88,0.0,24 | 75.2,8 | 46.4,46,10 | 6.21,29.88 | 1012,0.0 | 0.0
2015-03-05,23.0,9.0,48.0,13.0,29.88,0.4,23 | 73.4,9 | 48.2,48,13 | 8.08,29.88 | 1012,0.4 | 0.02
2015-03-06,24.0,10.0,53.0,11.0,29.91,0.5,24 | 75.2,10 | 50.0,53,11 | 6.84,29.91 | 1013,0.5 | 0.02
2015-03-07,25.0,8.0,46.0,11.0,29.91,0.0,25 | 77.0,8 | 46.4,46,11 | 6.84,29.91 | 1013,0.0 | 0.0
2015-03-08,25.0,7.0,40.0,10.0,29.88,0.0,25 | 77.0,7 | 44.6,40,10 | 6.21,29.88 | 1012,0.0 | 0.0
2015-03-09,27.0,3.0,28.0,12.0,29.88,0.0,27 | 80.6,3 | 37.4,28,12 | 7.46,29.88 | 1012,0.0 | 0.0
2015-03-10,21.0,8.0,47.0,11.0,29.88,0.2,21 | 69.8,8 | 46.4,47,11 | 6.84,29.88 | 1012,0.2 | 0.01
2015-03-11,23.0,14.0,67.0,8.0,29.88,0.8,23 | 73.4,14 | 57.2,67,8 | 4.97,29.88 | 1012,0.8 | 0.03
2015-03-12,23.0,14.0,66.0,8.0,29.88,0.9,23 | 73.4,14 | 57.2,66,8 | 4.97,29.88 | 1012,0.9 | 0.04
2015-03-13,23.0,13.0,64.0,8.0,29.88,1.1,23 | 73.4,13 | 55.4,64,8 | 4.97,29.88 | 1012,1.1 | 0.04
2015-03-14,23.0,14.0,67.0,8.0,29.88,2.0,23 | 73.4,14 | 57.2,67,8 | 4.97,29.88 | 1012,2.0 | 0.08
2015-03-15,22.0,14.0,68.0,8.0,29.91,1.6,22 | 71.6,14 | 57.2,68,8 | 4.97,29.91 | 1013,1.6 | 0.06
2015-03-16,23.0,15.0,70.0,8.0,29.88,1.3,23 | 73.4,15 | 59.0,70,8 | 4.97,29.88 | 1012,1.3 | 0.05
2015-03-17,22.0,15.0,71.0,7.0,29.88,5.2,22 | 71.6,15 | 59.0,71,7 | 4.35,29.88 | 1012,5.2 | 0.2
2015-03-18,22.0,15.0,71.0,7.0,29.88,2.8,22 | 71.6,15 | 59.0,71,7 | 4.35,29.88 | 1012,2.8 | 0.11
2015-03-19,24.0,14.0,62.0,5.0,29.83,1.5,24 | 75.2,14 | 57.2,62,5 | 3.11,29.83 | 1010,1.5 | 0.06
2015-03-20,25.0,12.0,53.0,12.0,29.85,0.9,25 | 77.0,12 | 53.6,53,12 | 7.46,29.85 | 1011,0.9 | 0.04
2015-03-21,24.0,13.0,60.0,10.0,29.88,6.2,24 | 75.2,13 | 55.4,60,10 | 6.21,29.88 | 1012,6.2 | 0.24
2015-03-22,25.0,14.0,64.0,8.0,29.88,6.1,25 | 77.0,14 | 57.2,64,8 | 4.97,29.88 | 1012,6.1 | 0.24
2015-03-23,22.0,16.0,74.0,6.0,29.85,37.3,22 | 71.6,16 | 60.8,74,6 | 3.73,29.85 | 1011,37.3 | 1.47
2015-03-24,21.0,15.0,77.0,9.0,29.88,29.1,21 | 69.8,15 | 59.0,77,9 | 5.59,29.88 | 1012,29.1 | 1.15
2015-03-25,22.0,16.0,77.0,5.0,29.91,19.0,22 | 71.6,16 | 60.8,77,5 | 3.11,29.91 | 1013,19.0 | 0.75
2015-03-26,20.0,16.0,83.0,5.0,29.94,10.7,20 | 68.0,16 | 60.8,83,5 | 3.11,29.94 | 1014,10.7 | 0.42
2015-03-27,22.0,15.0,74.0,6.0,29.91,19.9,22 | 71.6,15 | 59.0,74,6 | 3.73,29.91 | 1013,19.9 | 0.78
2015-03-28,21.0,16.0,79.0,9.0,29.91,16.7,21 | 69.8,16 | 60.8,79,9 | 5.59,29.91 | 1013,16.7 | 0.66
2015-03-29,20.0,16.0,84.0,6.0,29.94,14.3,20 | 68.0,16 | 60.8,84,6 | 3.73,29.94 | 1014,14.3 | 0.56
2015-03-30,20.0,15.0,81.0,11.0,29.97,30.5,20 | 68.0,15 | 59.0,81,11 | 6.84,29.97 | 1015,30.5 | 1.2
2015-03-31,20.0,16.0,84.0,6.0,29.94,34.6,20 | 68.0,16 | 60.8,84,6 | 3.73,29.94 | 1014,34.6 | 1.36
2015-04-01,20.0,17.0,85.0,5.0,29.94,18.2,20 | 68.0,17 | 62.6,85,5 | 3.11,29.94 | 1014,18.2 | 0.72
2015-04-02,22.0,16.0,78.0,6.0,29.91,5.8,22 | 71.6,16 | 60.8,78,6 | 3.73,29.91 | 1013,5.8 | 0.23
2015-04-03,21.0,16.0,78.0,9.0,29.85,6.0,21 | 69.8,16 | 60.8,78,9 | 5.59,29.85 | 1011,6.0 | 0.24
2015-04-04,17.0,15.0,92.0,6.0,29.94,31.5,17 | 62.6,15 | 59.0,92,6 | 3.73,29.94 | 1014,31.5 | 1.24
2015-04-05,20.0,16.0,83.0,7.0,29.94,11.7,20 | 68.0,16 | 60.8,83,7 | 4.35,29.94 | 1014,11.7 | 0.46
2015-04-06,20.0,17.0,85.0,5.0,29.94,21.2,20 | 68.0,17 | 62.6,85,5 | 3.11,29.94 | 1014,21.2 | 0.83
2015-04-07,20.0,16.0,84.0,6.0,29.94,14.2,20 | 68.0,16 | 60.8,84,6 | 3.73,29.94 | 1014,14.2 | 0.56
2015-04-08,21.0,16.0,80.0,5.0,29.91,2.0,21 | 69.8,16 | 60.8,80,5 | 3.11,29.91 | 1013,2.0 | 0.08
2015-04-09,21.0,17.0,82.0,5.0,29.91,7.5,21 | 69.8,17 | 62.6,82,5 | 3.11,29.91 | 1013,7.5 | 0.3
2015-04-10,21.0,16.0,82.0,7.0,29.94,6.1,21 | 69.8,16 | 60.8,82,7 | 4.35,29.94 | 1014,6.1 | 0.24
2015-04-11,21.0,15.0,80.0,6.0,29.97,1.1,21 | 69.8,15 | 59.0,80,6 | 3.73,29.97 | 1015,1.1 | 0.04
2015-04-12,21.0,15.0,77.0,7.0,29.97,5.1,21 | 69.8,15 | 59.0,77,7 | 4.35,29.97 | 1015,5.1 | 0.2
2015-04-13,21.0,16.0,82.0,6.0,29.91,2.7,21 | 69.8,16 | 60.8,82,6 | 3.73,29.91 | 1013,2.7 | 0.11
2015-04-14,21.0,16.0,82.0,7.0,29.91,6.5,21 | 69.8,16 | 60.8,82,7 | 4.35,29.91 | 1013,6.5 | 0.26
2015-04-15,21.0,16.0,83.0,6.0,29.91,2.6,21 | 69.8,16 | 60.8,83,6 | 3.73,29.91 | 1013,2.6 | 0.1
2015-04-16,20.0,16.0,82.0,7.0,29.94,28.8,20 | 68.0,16 | 60.8,82,7 | 4.35,29.94 | 1014,28.8 | 1.13
2015-04-17,19.0,15.0,82.0,7.0,30.0,7.6,19 | 66.2,15 | 59.0,82,7 | 4.35,30.0 | 1016,7.6 | 0.3
2015-04-18,20.0,15.0,80.0,7.0,29.97,1.4,20 | 68.0,15 | 59.0,80,7 | 4.35,29.97 | 1015,1.4 | 0.06
2015-04-19,19.0,16.0,87.0,4.0,29.97,10.5,19 | 66.2,16 | 60.8,87,4 | 2.49,29.97 | 1015,10.5 | 0.41
2015-04-20,21.0,16.0,83.0,4.0,29.94,17.9,21 | 69.8,16 | 60.8,83,4 | 2.49,29.94 | 1014,17.9 | 0.7
2015-04-21,21.0,15.0,79.0,7.0,29.94,4.6,21 | 69.8,15 | 59.0,79,7 | 4.35,29.94 | 1014,4.6 | 0.18
2015-04-22,20.0,15.0,80.0,6.0,29.97,3.7,20 | 68.0,15 | 59.0,80,6 | 3.73,29.97 | 1015,3.7 | 0.15
2015-04-23,21.0,16.0,82.0,5.0,29.97,16.4,21 | 69.8,16 | 60.8,82,5 | 3.11,29.97 | 1015,16.4 | 0.65
2015-04-24,21.0,16.0,80.0,9.0,29.97,8.1,21 | 69.8,16 | 60.8,80,9 | 5.59,29.97 | 1015,8.1 | 0.32
2015-04-25,21.0,16.0,79.0,7.0,29.94,2.7,21 | 69.8,16 | 60.8,79,7 | 4.35,29.94 | 1014,2.7 | 0.11
2015-04-26,20.0,16.0,84.0,7.0,29.97,3.1,20 | 68.0,16 | 60.8,84,7 | 4.35,29.97 | 1015,3.1 | 0.12
2015-04-27,18.0,16.0,91.0,4.0,30.03,41.8,18 | 64.4,16 | 60.8,91,4 | 2.49,30.03 | 1017,41.8 | 1.65
2015-04-28,21.0,17.0,85.0,6.0,29.91,1.7,21 | 69.8,17 | 62.6,85,6 | 3.73,29.91 | 1013,1.7 | 0.07
2015-04-29,21.0,16.0,81.0,4.0,29.94,5.6,21 | 69.8,16 | 60.8,81,4 | 2.49,29.94 | 1014,5.6 | 0.22
2015-04-30,20.0,17.0,86.0,5.0,29.94,23.1,20 | 68.0,17 | 62.6,86,5 | 3.11,29.94 | 1014,23.1 | 0.91
2015-05-01,20.0,16.0,86.0,7.0,29.94,14.8,20 | 68.0,16 | 60.8,86,7 | 4.35,29.94 | 1014,14.8 | 0.58
2015-05-02,20.0,17.0,86.0,6.0,29.94,13.7,20 | 68.0,17 | 62.6,86,6 | 3.73,29.94 | 1014,13.7 | 0.54
2015-05-03,21.0,16.0,82.0,8.0,29.91,6.6,21 | 69.8,16 | 60.8,82,8 | 4.97,29.91 | 1013,6.6 | 0.26
2015-05-04,21.0,15.0,80.0,6.0,29.94,4.2,21 | 69.8,15 | 59.0,80,6 | 3.73,29.94 | 1014,4.2 | 0.17
2015-05-05,21.0,16.0,80.0,11.0,29.94,9.8,21 | 69.8,16 | 60.8,80,11 | 6.84,29.94 | 1014,9.8 | 0.39
2015-05-06,20.0,16.0,85.0,7.0,29.91,13.4,20 | 68.0,16 | 60.8,85,7 | 4.35,29.91 | 1013,13.4 | 0.53
2015-05-07,19.0,16.0,86.0,9.0,29.97,3.8,19 | 66.2,16 | 60.8,86,9 | 5.59,29.97 | 1015,3.8 | 0.15
2015-05-08,20.0,17.0,87.0,6.0,30.0,7.3,20 | 68.0,17 | 62.6,87,6 | 3.73,30.0 | 1016,7.3 | 0.29
2015-05-09,18.0,16.0,90.0,6.0,30.0,12.5,18 | 64.4,16 | 60.8,90,6 | 3.73,30.0 | 1016,12.5 | 0.49
2015-05-10,20.0,16.0,83.0,6.0,29.97,1.0,20 | 68.0,16 | 60.8,83,6 | 3.73,29.97 | 1015,1.0 | 0.04
2015-05-11,21.0,16.0,81.0,5.0,29.97,5.3,21 | 69.8,16 | 60.8,81,5 | 3.11,29.97 | 1015,5.3 | 0.21
2015-05-12,21.0,16.0,83.0,7.0,30.0,6.5,21 | 69.8,16 | 60.8,83,7 | 4.35,30.0 | 1016,6.5 | 0.26
2015-05-13,20.0,16.0,84.0,6.0,29.97,3.0,20 | 68.0,16 | 60.8,84,6 | 3.73,29.97 | 1015,3.0 | 0.12
2015-05-14,20.0,17.0,86.0,5.0,29.97,8.2,20 | 68.0,17 | 62.6,86,5 | 3.11,29.97 | 1015,8.2 | 0.32
2015-05-15,22.0,16.0,78.0,7.0,29.97,1.4,22 | 71.6,16 | 60.8,78,7 | 4.35,29.97 | 1015,1.4 | 0.06
2015-05-16,21.0,15.0,80.0,9.0,29.97,2.7,21 | 69.8,15 | 59.0,80,9 | 5.59,29.97 | 1015,2.7 | 0.11
2015-05-17,22.0,16.0,79.0,7.0,29.94,12.2,22 | 71.6,16 | 60.8,79,7 | 4.35,29.94 | 1014,12.2 | 0.48
2015-05-18,21.0,16.0,81.0,8.0,29.97,15.9,21 | 69.8,16 | 60.8,81,8 | 4.97,29.97 | 1015,15.9 | 0.63
2015-05-19,22.0,17.0,82.0,6.0,29.97,14.3,22 | 71.6,17 | 62.6,82,6 | 3.73,29.97 | 1015,14.3 | 0.56
2015-05-20,21.0,16.0,82.0,8.0,29.97,9.7,21 | 69.8,16 | 60.8,82,8 | 4.97,29.97 | 1015,9.7 | 0.38
2015-05-21,21.0,16.0,81.0,7.0,30.0,5.3,21 | 69.8,16 | 60.8,81,7 | 4.35,30.0 | 1016,5.3 | 0.21
2015-05-22,21.0,16.0,81.0,5.0,30.0,1.1,21 | 69.8,16 | 60.8,81,5 | 3.11,30.0 | 1016,1.1 | 0.04
2015-05-23,21.0,15.0,79.0,8.0,30.0,2.5,21 | 69.8,15 | 59.0,79,8 | 4.97,30.0 | 1016,2.5 | 0.1
2015-05-24,20.0,16.0,83.0,7.0,29.97,5.2,20 | 68.0,16 | 60.8,83,7 | 4.35,29.97 | 1015,5.2 | 0.2
2015-05-25,21.0,16.0,82.0,7.0,29.97,4.6,21 | 69.8,16 | 60.8,82,7 | 4.35,29.97 | 1015,4.6 | 0.18
2015-05-26,21.0,16.0,81.0,8.0,29.97,10.2,21 | 69.8,16 | 60.8,81,8 | 4.97,29.97 | 1015,10.2 | 0.4
2015-05-27,21.0,15.0,80.0,8.0,29.97,2.7,21 | 69.8,15 | 59.0,80,8 | 4.97,29.97 | 1015,2.7 | 0.11
2015-05-28,21.0,16.0,80.0,9.0,29.97,13.2,21 | 69.8,16 | 60.8,80,9 | 5.59,29.97 | 1015,13.2 | 0.52
2015-05-29,21.0,16.0,80.0,8.0,29.94,5.5,21 | 69.8,16 | 60.8,80,8 | 4.97,29.94 | 1014,5.5 | 0.22
2015-05-30,21.0,15.0,80.0,10.0,29.94,19.8,21 | 69.8,15 | 59.0,80,10 | 6.21,29.94 | 1014,19.8 | 0.78
2015-05-31,21.0,15.0,78.0,16.0,29.91,4.5,21 | 69.8,15 | 59.0,78,16 | 9.94,29.91 | 1013,4.5 | 0.18
2015-06-01,20.0,15.0,83.0,9.0,29.94,1.9,20 | 68.0,15 | 59.0,83,9 | 5.59,29.94 | 1014,1.9 | 0.07
2015-06-02,17.0,16.0,92.0,5.0,29.97,17.9,17 | 62.6,16 | 60.8,92,5 | 3.11,29.97 | 1015,17.9 | 0.7
2015-06-03,20.0,16.0,81.0,7.0,29.94,0.8,20 | 68.0,16 | 60.8,81,7 | 4.35,29.94 | 1014,0.8 | 0.03
2015-06-04,20.0,16.0,85.0,7.0,29.94,14.8,20 | 68.0,16 | 60.8,85,7 | 4.35,29.94 | 1014,14.8 | 0.58
2015-06-05,21.0,16.0,82.0,6.0,29.94,1.7,21 | 69.8,16 | 60.8,82,6 | 3.73,29.94 | 1014,1.7 | 0.07
2015-06-06,20.0,15.0,78.0,7.0,29.94,8.5,20 | 68.0,15 | 59.0,78,7 | 4.35,29.94 | 1014,8.5 | 0.33
2015-06-07,21.0,15.0,79.0,8.0,29.97,1.4,21 | 69.8,15 | 59.0,79,8 | 4.97,29.97 | 1015,1.4 | 0.06
2015-06-08,21.0,16.0,80.0,6.0,29.97,1.7,21 | 69.8,16 | 60.8,80,6 | 3.73,29.97 | 1015,1.7 | 0.07
2015-06-09,21.0,15.0,78.0,8.0,29.97,3.7,21 | 69.8,15 | 59.0,78,8 | 4.97,29.97 | 1015,3.7 | 0.15
2015-06-10,21.0,15.0,80.0,6.0,29.97,3.8,21 | 69.8,15 | 59.0,80,6 | 3.73,29.97 | 1015,3.8 | 0.15
2015-06-11,20.0,15.0,82.0,7.0,29.97,8.9,20 | 68.0,15 | 59.0,82,7 | 4.35,29.97 | 1015,8.9 | 0.35
2015-06-12,20.0,16.0,82.0,6.0,29.97,12.0,20 | 68.0,16 | 60.8,82,6 | 3.73,29.97 | 1015,12.0 | 0.47
2015-06-13,21.0,16.0,81.0,8.0,29.97,7.4,21 | 69.8,16 | 60.8,81,8 | 4.97,29.97 | 1015,7.4 | 0.29
2015-06-14,20.0,15.0,83.0,8.0,29.97,2.8,20 | 68.0,15 | 59.0,83,8 | 4.97,29.97 | 1015,2.8 | 0.11
2015-06-15,18.0,15.0,85.0,4.0,29.97,0.9,18 | 64.4,15 | 59.0,85,4 | 2.49,29.97 | 1015,0.9 | 0.04
2015-06-16,21.0,16.0,82.0,6.0,29.94,9.2,21 | 69.8,16 | 60.8,82,6 | 3.73,29.94 | 1014,9.2 | 0.36
2015-06-17,21.0,15.0,75.0,8.0,29.91,1.6,21 | 69.8,15 | 59.0,75,8 | 4.97,29.91 | 1013,1.6 | 0.06
2015-06-18,20.0,15.0,79.0,7.0,29.91,5.8,20 | 68.0,15 | 59.0,79,7 | 4.35,29.91 | 1013,5.8 | 0.23
2015-06-19,19.0,15.0,85.0,6.0,30.0,4.8,19 | 66.2,15 | 59.0,85,6 | 3.73,30.0 | 1016,4.8 | 0.19
2015-06-20,20.0,15.0,79.0,9.0,30.03,3.2,20 | 68.0,15 | 59.0,79,9 | 5.59,30.03 | 1017,3.2 | 0.13
2015-06-21,21.0,15.0,78.0,9.0,30.03,4.5,21 | 69.8,15 | 59.0,78,9 | 5.59,30.03 | 1017,4.5 | 0.18
2015-06-22,20.0,14.0,75.0,8.0,30.03,6.3,20 | 68.0,14 | 57.2,75,8 | 4.97,30.03 | 1017,6.3 | 0.25
2015-06-23,20.0,13.0,73.0,7.0,30.06,1.0,20 | 68.0,13 | 55.4,73,7 | 4.35,30.06 | 1018,1.0 | 0.04
2015-06-24,21.0,15.0,76.0,7.0,30.06,8.3,21 | 69.8,15 | 59.0,76,7 | 4.35,30.06 | 1018,8.3 | 0.33
2015-06-25,21.0,15.0,80.0,6.0,30.06,10.8,21 | 69.8,15 | 59.0,80,6 | 3.73,30.06 | 1018,10.8 | 0.43
2015-06-26,21.0,15.0,77.0,6.0,30.06,9.2,21 | 69.8,15 | 59.0,77,6 | 3.73,30.06 | 1018,9.2 | 0.36
2015-06-27,21.0,14.0,73.0,9.0,30.03,4.1,21 | 69.8,14 | 57.2,73,9 | 5.59,30.03 | 1017,4.1 | 0.16
2015-06-28,21.0,15.0,76.0,9.0,30.03,2.5,21 | 69.8,15 | 59.0,76,9 | 5.59,30.03 | 1017,2.5 | 0.1
2015-06-29,20.0,14.0,77.0,7.0,30.03,2.6,20 | 68.0,14 | 57.2,77,7 | 4.35,30.03 | 1017,2.6 | 0.1
2015-06-30,20.0,15.0,78.0,8.0,29.97,3.6,20 | 68.0,15 | 59.0,78,8 | 4.97,29.97 | 1015,3.6 | 0.14
2015-07-01,20.0,14.0,78.0,11.0,30.0,5.6,20 | 68.0,14 | 57.2,78,11 | 6.84,30.0 | 1016,5.6 | 0.22
2015-07-02,19.0,14.0,79.0,9.0,30.03,8.6,19 | 66.2,14 | 57.2,79,9 | 5.59,30.03 | 1017,8.6 | 0.34
2015-07-03,20.0,14.0,79.0,9.0,30.0,4.6,20 | 68.0,14 | 57.2,79,9 | 5.59,30.0 | 1016,4.6 | 0.18
2015-07-04,20.0,14.0,74.0,9.0,30.03,2.1,20 | 68.0,14 | 57.2,74,9 | 5.59,30.03 | 1017,2.1 | 0.08
2015-07-05,21.0,12.0,63.0,13.0,30.03,0.0,21 | 69.8,12 | 53.6,63,13 | 8.08,30.03 | 1017,0.0 | 0.0
2015-07-06,21.0,12.0,62.0,17.0,30.03,0.8,21 | 69.8,12 | 53.6,62,17 | 10.56,30.03 | 1017,0.8 | 0.03
2015-07-07,21.0,13.0,65.0,21.0,30.03,4.6,21 | 69.8,13 | 55.4,65,21 | 13.05,30.03 | 1017,4.6 | 0.18
2015-07-08,21.0,14.0,72.0,11.0,30.0,3.8,21 | 69.8,14 | 57.2,72,11 | 6.84,30.0 | 1016,3.8 | 0.15
2015-07-09,21.0,14.0,74.0,9.0,30.0,1.7,21 | 69.8,14 | 57.2,74,9 | 5.59,30.0 | 1016,1.7 | 0.07
2015-07-10,22.0,13.0,66.0,11.0,30.0,0.6,22 | 71.6,13 | 55.4,66,11 | 6.84,30.0 | 1016,0.6 | 0.02
2015-07-11,21.0,12.0,65.0,13.0,30.0,2.0,21 | 69.8,12 | 53.6,65,13 | 8.08,30.0 | 1016,2.0 | 0.08
2015-07-12,21.0,13.0,64.0,10.0,30.0,3.7,21 | 69.8,13 | 55.4,64,10 | 6.21,30.0 | 1016,3.7 | 0.15
2015-07-13,20.0,14.0,74.0,8.0,30.0,4.3,20 | 68.0,14 | 57.2,74,8 | 4.97,30.0 | 1016,4.3 | 0.17
2015-07-14,21.0,13.0,67.0,9.0,30.0,1.6,21 | 69.8,13 | 55.4,67,9 | 5.59,30.0 | 1016,1.6 | 0.06
2015-07-15,21.0,12.0,64.0,13.0,30.0,1.1,21 | 69.8,12 | 53.6,64,13 | 8.08,30.0 | 1016,1.1 | 0.04
2015-07-16,22.0,12.0,63.0,10.0,29.97,0.7,22 | 71.6,12 | 53.6,63,10 | 6.21,29.97 | 1015,0.7 | 0.03
2015-07-17,21.0,14.0,72.0,7.0,30.0,1.9,21 | 69.8,14 | 57.2,72,7 | 4.35,30.0 | 1016,1.9 | 0.07
2015-07-18,22.0,15.0,73.0,8.0,29.97,3.0,22 | 71.6,15 | 59.0,73,8 | 4.97,29.97 | 1015,3.0 | 0.12
2015-07-19,21.0,13.0,71.0,11.0,29.97,9.0,21 | 69.8,13 | 55.4,71,11 | 6.84,29.97 | 1015,9.0 | 0.35
2015-07-20,20.0,14.0,76.0,10.0,29.97,11.7,20 | 68.0,14 | 57.2,76,10 | 6.21,29.97 | 1015,11.7 | 0.46
2015-07-21,19.0,13.0,76.0,7.0,30.0,6.4,19 | 66.2,13 | 55.4,76,7 | 4.35,30.0 | 1016,6.4 | 0.25
2015-07-22,20.0,15.0,80.0,7.0,30.0,14.6,20 | 68.0,15 | 59.0,80,7 | 4.35,30.0 | 1016,14.6 | 0.57
2015-07-23,20.0,13.0,72.0,8.0,30.0,7.0,20 | 68.0,13 | 55.4,72,8 | 4.97,30.0 | 1016,7.0 | 0.28
2015-07-24,21.0,14.0,74.0,8.0,30.0,8.6,21 | 69.8,14 | 57.2,74,8 | 4.97,30.0 | 1016,8.6 | 0.34
2015-07-25,21.0,14.0,76.0,7.0,29.97,4.8,21 | 69.8,14 | 57.2,76,7 | 4.35,29.97 | 1015,4.8 | 0.19
2015-07-26,21.0,15.0,76.0,8.0,29.97,12.1,21 | 69.8,15 | 59.0,76,8 | 4.97,29.97 | 1015,12.1 | 0.48
2015-07-27,22.0,14.0,71.0,7.0,29.94,3.9,22 | 71.6,14 | 57.2,71,7 | 4.35,29.94 | 1014,3.9 | 0.15
2015-07-28,21.0,14.0,73.0,8.0,29.94,6.8,21 | 69.8,14 | 57.2,73,8 | 4.97,29.94 | 1014,6.8 | 0.27
2015-07-29,20.0,14.0,75.0,10.0,29.97,7.6,20 | 68.0,14 | 57.2,75,10 | 6.21,29.97 | 1015,7.6 | 0.3
2015-07-30,19.0,14.0,80.0,8.0,30.0,9.4,19 | 66.2,14 | 57.2,80,8 | 4.97,30.0 | 1016,9.4 | 0.37
2015-07-31,21.0,15.0,76.0,7.0,30.0,3.7,21 | 69.8,15 | 59.0,76,7 | 4.35,30.0 | 1016,3.7 | 0.15
2015-08-01,21.0,15.0,75.0,7.0,29.97,6.1,21 | 69.8,15 | 59.0,75,7 | 4.35,29.97 | 1015,6.1 | 0.24
2015-08-02,20.0,14.0,77.0,10.0,30.0,22.4,20 | 68.0,14 | 57.2,77,10 | 6.21,30.0 | 1016,22.4 | 0.88
2015-08-03,20.0,14.0,76.0,9.0,30.0,3.5,20 | 68.0,14 | 57.2,76,9 | 5.59,30.0 | 1016,3.5 | 0.14
2015-08-04,20.0,14.0,75.0,9.0,29.97,7.8,20 | 68.0,14 | 57.2,75,9 | 5.59,29.97 | 1015,7.8 | 0.31
2015-08-05,21.0,14.0,72.0,11.0,29.97,5.4,21 | 69.8,14 | 57.2,72,11 | 6.84,29.97 | 1015,5.4 | 0.21
2015-08-06,20.0,13.0,73.0,8.0,29.97,4.1,20 | 68.0,13 | 55.4,73,8 | 4.97,29.97 | 1015,4.1 | 0.16
2015-08-07,20.0,13.0,72.0,11.0,29.97,6.7,20 | 68.0,13 | 55.4,72,11 | 6.84,29.97 | 1015,6.7 | 0.26
2015-08-08,20.0,13.0,73.0,10.0,29.97,10.1,20 | 68.0,13 | 55.4,73,10 | 6.21,29.97 | 1015,10.1 | 0.4
2015-08-09,20.0,14.0,73.0,9.0,29.97,14.4,20 | 68.0,14 | 57.2,73,9 | 5.59,29.97 | 1015,14.4 | 0.57
2015-08-10,21.0,14.0,70.0,10.0,29.97,1.9,21 | 69.8,14 | 57.2,70,10 | 6.21,29.97 | 1015,1.9 | 0.07
2015-08-11,22.0,14.0,69.0,8.0,29.97,4.3,22 | 71.6,14 | 57.2,69,8 | 4.97,29.97 | 1015,4.3 | 0.17
2015-08-12,22.0,13.0,68.0,10.0,30.0,5.1,22 | 71.6,13 | 55.4,68,10 | 6.21,30.0 | 1016,5.1 | 0.2
2015-08-13,22.0,13.0,66.0,11.0,29.97,7.3,22 | 71.6,13 | 55.4,66,11 | 6.84,29.97 | 1015,7.3 | 0.29
2015-08-14,22.0,13.0,65.0,10.0,29.97,4.3,22 | 71.6,13 | 55.4,65,10 | 6.21,29.97 | 1015,4.3 | 0.17
2015-08-15,22.0,13.0,64.0,10.0,29.97,4.7,22 | 71.6,13 | 55.4,64,10 | 6.21,29.97 | 1015,4.7 | 0.19
2015-08-16,22.0,12.0,63.0,13.0,30.0,4.1,22 | 71.6,12 | 53.6,63,13 | 8.08,30.0 | 1016,4.1 | 0.16
2015-08-17,22.0,9.0,54.0,13.0,30.0,0.0,22 | 71.6,9 | 48.2,54,13 | 8.08,30.0 | 1016,0.0 | 0.0
2015-08-18,21.0,12.0,60.0,9.0,29.94,0.0,21 | 69.8,12 | 53.6,60,9 | 5.59,29.94 | 1014,0.0 | 0.0
2015-08-19,22.0,13.0,63.0,8.0,29.94,1.8,22 | 71.6,13 | 55.4,63,8 | 4.97,29.94 | 1014,1.8 | 0.07
2015-08-20,22.0,14.0,70.0,7.0,29.94,5.9,22 | 71.6,14 | 57.2,70,7 | 4.35,29.94 | 1014,5.9 | 0.23
2015-08-21,23.0,14.0,65.0,9.0,29.94,10.5,23 | 73.4,14 | 57.2,65,9 | 5.59,29.94 | 1014,10.5 | 0.41
2015-08-22,22.0,12.0,61.0,12.0,29.91,2.4,22 | 71.6,12 | 53.6,61,12 | 7.46,29.91 | 1013,2.4 | 0.09
2015-08-23,22.0,10.0,54.0,13.0,29.94,0.0,22 | 71.6,10 | 50.0,54,13 | 8.08,29.94 | 1014,0.0 | 0.0
2015-08-24,22.0,9.0,50.0,11.0,29.97,1.4,22 | 71.6,9 | 48.2,50,11 | 6.84,29.97 | 1015,1.4 | 0.06
2015-08-25,21.0,11.0,59.0,9.0,29.97,2.1,21 | 69.8,11 | 51.8,59,9 | 5.59,29.97 | 1015,2.1 | 0.08
2015-08-26,23.0,12.0,58.0,9.0,29.97,3.2,23 | 73.4,12 | 53.6,58,9 | 5.59,29.97 | 1015,3.2 | 0.13
2015-08-27,23.0,12.0,57.0,12.0,29.94,3.9,23 | 73.4,12 | 53.6,57,12 | 7.46,29.94 | 1014,3.9 | 0.15
2015-08-28,22.0,11.0,55.0,13.0,29.94,6.9,22 | 71.6,11 | 51.8,55,13 | 8.08,29.94 | 1014,6.9 | 0.27
2015-08-29,22.0,11.0,59.0,13.0,29.94,3.2,22 | 71.6,11 | 51.8,59,13 | 8.08,29.94 | 1014,3.2 | 0.13
2015-08-30,22.0,13.0,64.0,9.0,29.97,8.0,22 | 71.6,13 | 55.4,64,9 | 5.59,29.97 | 1015,8.0 | 0.31
2015-08-31,22.0,14.0,69.0,7.0,29.97,7.8,22 | 71.6,14 | 57.2,69,7 | 4.35,29.97 | 1015,7.8 | 0.31
2015-09-01,21.0,15.0,75.0,6.0,29.94,2.0,21 | 69.8,15 | 59.0,75,6 | 3.73,29.94 | 1014,2.0 | 0.08
2015-09-02,23.0,14.0,68.0,7.0,29.94,8.1,23 | 73.4,14 | 57.2,68,7 | 4.35,29.94 | 1014,8.1 | 0.32
2015-09-03,21.0,15.0,77.0,9.0,29.97,13.5,21 | 69.8,15 | 59.0,77,9 | 5.59,29.97 | 1015,13.5 | 0.53
2015-09-04,19.0,14.0,76.0,8.0,30.0,3.1,19 | 66.2,14 | 57.2,76,8 | 4.97,30.0 | 1016,3.1 | 0.12
2015-09-05,21.0,15.0,75.0,7.0,29.97,2.4,21 | 69.8,15 | 59.0,75,7 | 4.35,29.97 | 1015,2.4 | 0.09
2015-09-06,21.0,14.0,73.0,7.0,29.97,2.2,21 | 69.8,14 | 57.2,73,7 | 4.35,29.97 | 1015,2.2 | 0.09
2015-09-07,23.0,13.0,58.0,9.0,29.94,3.3,23 | 73.4,13 | 55.4,58,9 | 5.59,29.94 | 1014,3.3 | 0.13
2015-09-08,23.0,13.0,63.0,10.0,29.91,6.8,23 | 73.4,13 | 55.4,63,10 | 6.21,29.91 | 1013,6.8 | 0.27
2015-09-09,22.0,13.0,62.0,7.0,29.94,2.0,22 | 71.6,13 | 55.4,62,7 | 4.35,29.94 | 1014,2.0 | 0.08
2015-09-10,23.0,12.0,60.0,10.0,29.94,4.2,23 | 73.4,12 | 53.6,60,10 | 6.21,29.94 | 1014,4.2 | 0.17
2015-09-11,22.0,12.0,60.0,11.0,29.94,0.8,22 | 71.6,12 | 53.6,60,11 | 6.84,29.94 | 1014,0.8 | 0.03
2015-09-12,22.0,12.0,60.0,11.0,29.97,4.6,22 | 71.6,12 | 53.6,60,11 | 6.84,29.97 | 1015,4.6 | 0.18
2015-09-13,23.0,13.0,63.0,9.0,29.97,10.2,23 | 73.4,13 | 55.4,63,9 | 5.59,29.97 | 1015,10.2 | 0.4
2015-09-14,22.0,12.0,62.0,9.0,29.97,6.7,22 | 71.6,12 | 53.6,62,9 | 5.59,29.97 | 1015,6.7 | 0.26
2015-09-15,22.0,13.0,66.0,10.0,29.94,7.0,22 | 71.6,13 | 55.4,66,10 | 6.21,29.94 | 1014,7.0 | 0.28
2015-09-16,20.0,11.0,64.0,13.0,29.97,0.7,20 | 68.0,11 | 51.8,64,13 | 8.08,29.97 | 1015,0.7 | 0.03
2015-09-17,22.0,15.0,72.0,6.0,29.94,3.4,22 | 71.6,15 | 59.0,72,6 | 3.73,29.94 | 1014,3.4 | 0.13
2015-09-18,22.0,15.0,74.0,6.0,29.94,2.2,22 | 71.6,15 | 59.0,74,6 | 3.73,29.94 | 1014,2.2 | 0.09
2015-09-19,22.0,15.0,74.0,6.0,29.94,2.6,22 | 71.6,15 | 59.0,74,6 | 3.73,29.94 | 1014,2.6 | 0.1
2015-09-20,22.0,15.0,73.0,7.0,29.94,1.7,22 | 71.6,15 | 59.0,73,7 | 4.35,29.94 | 1014,1.7 | 0.07
2015-09-21,22.0,11.0,53.0,15.0,29.94,6.3,22 | 71.6,11 | 51.8,53,15 | 9.32,29.94 | 1014,6.3 | 0.25
2015-09-22,22.0,12.0,61.0,8.0,29.94,1.5,22 | 71.6,12 | 53.6,61,8 | 4.97,29.94 | 1014,1.5 | 0.06
2015-09-23,22.0,14.0,67.0,6.0,29.97,12.4,22 | 71.6,14 | 57.2,67,6 | 3.73,29.97 | 1015,12.4 | 0.49
2015-09-24,23.0,14.0,63.0,9.0,29.94,8.1,23 | 73.4,14 | 57.2,63,9 | 5.59,29.94 | 1014,8.1 | 0.32
2015-09-25,22.0,14.0,65.0,6.0,29.91,10.6,22 | 71.6,14 | 57.2,65,6 | 3.73,29.91 | 1013,10.6 | 0.42
2015-09-26,22.0,14.0,65.0,9.0,29.91,12.4,22 | 71.6,14 | 57.2,65,9 | 5.59,29.91 | 1013,12.4 | 0.49
2015-09-27,22.0,13.0,66.0,8.0,29.94,5.6,22 | 71.6,13 | 55.4,66,8 | 4.97,29.94 | 1014,5.6 | 0.22
2015-09-28,22.0,12.0,66.0,8.0,29.94,1.8,22 | 71.6,12 | 53.6,66,8 | 4.97,29.94 | 1014,1.8 | 0.07
2015-09-29,23.0,13.0,60.0,10.0,29.88,0.3,23 | 73.4,13 | 55.4,60,10 | 6.21,29.88 | 1012,0.3 | 0.01
2015-09-30,23.0,14.0,63.0,6.0,29.85,2.0,23 | 73.4,14 | 57.2,63,6 | 3.73,29.85 | 1011,2.0 | 0.08
2015-10-01,22.0,15.0,72.0,8.0,29.88,11.1,22 | 71.6,15 | 59.0,72,8 | 4.97,29.88 | 1012,11.1 | 0.44
2015-10-02,23.0,14.0,70.0,6.0,29.88,10.1,23 | 73.4,14 | 57.2,70,6 | 3.73,29.88 | 1012,10.1 | 0.4
2015-10-03,23.0,13.0,61.0,10.0,29.94,1.3,23 | 73.4,13 | 55.4,61,10 | 6.21,29.94 | 1014,1.3 | 0.05
2015-10-04,23.0,13.0,61.0,13.0,29.94,6.2,23 | 73.4,13 | 55.4,61,13 | 8.08,29.94 | 1014,6.2 | 0.24
2015-10-05,23.0,12.0,55.0,16.0,29.94,0.1,23 | 73.4,12 | 53.6,55,16 | 9.94,29.94 | 1014,0.1 | 0.0
2015-10-06,25.0,10.0,48.0,15.0,29.94,0.0,25 | 77.0,10 | 50.0,48,15 | 9.32,29.94 | 1014,0.0 | 0.0
2015-10-07,23.0,12.0,55.0,15.0,29.94,10.7,23 | 73.4,12 | 53.6,55,15 | 9.32,29.94 | 1014,10.7 | 0.42
2015-10-08,23.0,13.0,64.0,14.0,29.94,6.6,23 | 73.4,13 | 55.4,64,14 | 8.7,29.94 | 1014,6.6 | 0.26
2015-10-09,23.0,14.0,68.0,9.0,29.91,5.8,23 | 73.4,14 | 57.2,68,9 | 5.59,29.91 | 1013,5.8 | 0.23
2015-10-10,23.0,14.0,68.0,10.0,29.91,13.0,23 | 73.4,14 | 57.2,68,10 | 6.21,29.91 | 1013,13.0 | 0.51
2015-10-11,21.0,15.0,75.0,7.0,29.97,19.5,21 | 69.8,15 | 59.0,75,7 | 4.35,29.97 | 1015,19.5 | 0.77
2015-10-12,22.0,15.0,72.0,6.0,29.97,3.2,22 | 71.6,15 | 59.0,72,6 | 3.73,29.97 | 1015,3.2 | 0.13
2015-10-13,22.0,15.0,70.0,9.0,29.94,15.4,22 | 71.6,15 | 59.0,70,9 | 5.59,29.94 | 1014,15.4 | 0.61
2015-10-14,23.0,14.0,65.0,7.0,29.91,10.1,23 | 73.4,14 | 57.2,65,7 | 4.35,29.91 | 1013,10.1 | 0.4
2015-10-15,23.0,14.0,66.0,8.0,29.91,10.1,23 | 73.4,14 | 57.2,66,8 | 4.97,29.91 | 1013,10.1 | 0.4
2015-10-16,22.0,14.0,68.0,6.0,29.88,16.9,22 | 71.6,14 | 57.2,68,6 | 3.73,29.88 | 1012,16.9 | 0.67
2015-10-17,22.0,16.0,75.0,7.0,29.94,27.5,22 | 71.6,16 | 60.8,75,7 | 4.35,29.94 | 1014,27.5 | 1.08
2015-10-18,21.0,16.0,78.0,8.0,29.97,16.3,21 | 69.8,16 | 60.8,78,8 | 4.97,29.97 | 1015,16.3 | 0.64
2015-10-19,22.0,16.0,75.0,5.0,29.97,9.9,22 | 71.6,16 | 60.8,75,5 | 3.11,29.97 | 1015,9.9 | 0.39
2015-10-20,22.0,16.0,74.0,7.0,29.94,11.6,22 | 71.6,16 | 60.8,74,7 | 4.35,29.94 | 1014,11.6 | 0.46
2015-10-21,23.0,16.0,71.0,5.0,29.91,8.2,23 | 73.4,16 | 60.8,71,5 | 3.11,29.91 | 1013,8.2 | 0.32
2015-10-22,22.0,15.0,74.0,6.0,29.91,15.8,22 | 71.6,15 | 59.0,74,6 | 3.73,29.91 | 1013,15.8 | 0.62
2015-10-23,22.0,15.0,72.0,6.0,29.91,33.5,22 | 71.6,15 | 59.0,72,6 | 3.73,29.91 | 1013,33.5 | 1.32
2015-10-24,23.0,16.0,66.0,5.0,29.88,18.7,23 | 73.4,16 | 60.8,66,5 | 3.11,29.88 | 1012,18.7 | 0.74
2015-10-25,22.0,16.0,76.0,8.0,29.94,6.4,22 | 71.6,16 | 60.8,76,8 | 4.97,29.94 | 1014,6.4 | 0.25
2015-10-26,22.0,16.0,77.0,6.0,29.97,10.1,22 | 71.6,16 | 60.8,77,6 | 3.73,29.97 | 1015,10.1 | 0.4
2015-10-27,22.0,16.0,77.0,4.0,29.94,17.1,22 | 71.6,16 | 60.8,77,4 | 2.49,29.94 | 1014,17.1 | 0.67
2015-10-28,22.0,16.0,75.0,5.0,29.91,12.5,22 | 71.6,16 | 60.8,75,5 | 3.11,29.91 | 1013,12.5 | 0.49
2015-10-29,20.0,16.0,82.0,7.0,29.88,9.7,20 | 68.0,16 | 60.8,82,7 | 4.35,29.88 | 1012,9.7 | 0.38
2015-10-30,20.0,16.0,84.0,8.0,29.94,21.2,20 | 68.0,16 | 60.8,84,8 | 4.97,29.94 | 1014,21.2 | 0.83
2015-10-31,21.0,17.0,82.0,5.0,29.91,28.6,21 | 69.8,17 | 62.6,82,5 | 3.11,29.91 | 1013,28.6 | 1.13
2015-11-01,21.0,16.0,81.0,5.0,29.91,15.2,21 | 69.8,16 | 60.8,81,5 | 3.11,29.91 | 1013,15.2 | 0.6
2015-11-02,22.0,16.0,79.0,7.0,29.91,2.3,22 | 71.6,16 | 60.8,79,7 | 4.35,29.91 | 1013,2.3 | 0.09
2015-11-03,21.0,16.0,81.0,5.0,29.91,10.6,21 | 69.8,16 | 60.8,81,5 | 3.11,29.91 | 1013,10.6 | 0.42
2015-11-04,22.0,16.0,78.0,7.0,29.91,14.3,22 | 71.6,16 | 60.8,78,7 | 4.35,29.91 | 1013,14.3 | 0.56
2015-11-05,21.0,16.0,80.0,4.0,29.97,8.0,21 | 69.8,16 | 60.8,80,4 | 2.49,29.97 | 1015,8.0 | 0.31
2015-11-06,21.0,16.0,77.0,6.0,29.94,4.0,21 | 69.8,16 | 60.8,77,6 | 3.73,29.94 | 1014,4.0 | 0.16
2015-11-07,22.0,16.0,77.0,7.0,29.91,2.7,22 | 71.6,16 | 60.8,77,7 | 4.35,29.91 | 1013,2.7 | 0.11
2015-11-08,21.0,16.0,81.0,6.0,29.94,16.3,21 | 69.8,16 | 60.8,81,6 | 3.73,29.94 | 1014,16.3 | 0.64
2015-11-09,21.0,16.0,81.0,6.0,29.97,7.1,21 | 69.8,16 | 60.8,81,6 | 3.73,29.97 | 1015,7.1 | 0.28
2015-11-10,21.0,16.0,82.0,6.0,29.97,9.8,21 | 69.8,16 | 60.8,82,6 | 3.73,29.97 | 1015,9.8 | 0.39
2015-11-11,20.0,16.0,84.0,6.0,29.94,4.1,20 | 68.0,16 | 60.8,84,6 | 3.73,29.94 | 1014,4.1 | 0.16
2015-11-12,21.0,16.0,78.0,6.0,29.94,19.0,21 | 69.8,16 | 60.8,78,6 | 3.73,29.94 | 1014,19.0 | 0.75
2015-11-13,22.0,16.0,77.0,6.0,29.94,4.8,22 | 71.6,16 | 60.8,77,6 | 3.73,29.94 | 1014,4.8 | 0.19
2015-11-14,22.0,16.0,78.0,5.0,29.91,8.9,22 | 71.6,16 | 60.8,78,5 | 3.11,29.91 | 1013,8.9 | 0.35
2015-11-15,21.0,16.0,79.0,7.0,29.85,16.6,21 | 69.8,16 | 60.8,79,7 | 4.35,29.85 | 1011,16.6 | 0.65
2015-11-16,20.0,17.0,85.0,9.0,29.91,30.7,20 | 68.0,17 | 62.6,85,9 | 5.59,29.91 | 1013,30.7 | 1.21
2015-11-17,18.0,16.0,91.0,7.0,29.97,48.7,18 | 64.4,16 | 60.8,91,7 | 4.35,29.97 | 1015,48.7 | 1.92
2015-11-18,21.0,17.0,83.0,5.0,29.91,62.9,21 | 69.8,17 | 62.6,83,5 | 3.11,29.91 | 1013,62.9 | 2.48
2015-11-19,21.0,17.0,84.0,5.0,29.88,20.4,21 | 69.8,17 | 62.6,84,5 | 3.11,29.88 | 1012,20.4 | 0.8
2015-11-20,21.0,16.0,81.0,5.0,29.88,4.6,21 | 69.8,16 | 60.8,81,5 | 3.11,29.88 | 1012,4.6 | 0.18
2015-11-21,21.0,17.0,84.0,5.0,29.85,13.0,21 | 69.8,17 | 62.6,84,5 | 3.11,29.85 | 1011,13.0 | 0.51
2015-11-22,21.0,16.0,81.0,5.0,29.88,3.9,21 | 69.8,16 | 60.8,81,5 | 3.11,29.88 | 1012,3.9 | 0.15
2015-11-23,21.0,15.0,76.0,5.0,29.91,3.5,21 | 69.8,15 | 59.0,76,5 | 3.11,29.91 | 1013,3.5 | 0.14
2015-11-24,21.0,16.0,81.0,6.0,29.91,13.5,21 | 69.8,16 | 60.8,81,6 | 3.73,29.91 | 1013,13.5 | 0.53
2015-11-25,21.0,17.0,80.0,6.0,29.88,7.3,21 | 69.8,17 | 62.6,80,6 | 3.73,29.88 | 1012,7.3 | 0.29
2015-11-26,19.0,16.0,85.0,8.0,29.91,21.1,19 | 66.2,16 | 60.8,85,8 | 4.97,29.91 | 1013,21.1 | 0.83
2015-11-27,20.0,16.0,82.0,6.0,29.94,8.0,20 | 68.0,16 | 60.8,82,6 | 3.73,29.94 | 1014,8.0 | 0.31
2015-11-28,21.0,16.0,81.0,4.0,29.97,10.3,21 | 69.8,16 | 60.8,81,4 | 2.49,29.97 | 1015,10.3 | 0.41
2015-11-29,21.0,16.0,79.0,6.0,29.97,5.6,21 | 69.8,16 | 60.8,79,6 | 3.73,29.97 | 1015,5.6 | 0.22
2015-11-30,21.0,16.0,81.0,6.0,29.97,14.2,21 | 69.8,16 | 60.8,81,6 | 3.73,29.97 | 1015,14.2 | 0.56
2015-12-01,21.0,15.0,80.0,7.0,29.97,3.5,21 | 69.8,15 | 59.0,80,7 | 4.35,29.97 | 1015,3.5 | 0.14
2015-12-02,21.0,16.0,80.0,6.0,29.97,9.0,21 | 69.8,16 | 60.8,80,6 | 3.73,29.97 | 1015,9.0 | 0.35
2015-12-03,21.0,16.0,77.0,7.0,29.94,8.2,21 | 69.8,16 | 60.8,77,7 | 4.35,29.94 | 1014,8.2 | 0.32
2015-12-04,22.0,17.0,72.0,6.0,29.94,14.3,22 | 71.6,17 | 62.6,72,6 | 3.73,29.94 | 1014,14.3 | 0.56
2015-12-05,21.0,17.0,84.0,5.0,29.94,14.4,21 | 69.8,17 | 62.6,84,5 | 3.11,29.94 | 1014,14.4 | 0.57
2015-12-06,21.0,17.0,83.0,4.0,29.97,10.9,21 | 69.8,17 | 62.6,83,4 | 2.49,29.97 | 1015,10.9 | 0.43
2015-12-07,21.0,16.0,80.0,5.0,29.97,6.9,21 | 69.8,16 | 60.8,80,5 | 3.11,29.97 | 1015,6.9 | 0.27
2015-12-08,21.0,17.0,82.0,5.0,29.97,16.3,21 | 69.8,17 | 62.6,82,5 | 3.11,29.97 | 1015,16.3 | 0.64
2015-12-09,21.0,16.0,81.0,5.0,29.94,10.1,21 | 69.8,16 | 60.8,81,5 | 3.11,29.94 | 1014,10.1 | 0.4
2015-12-10,20.0,16.0,82.0,6.0,29.97,8.5,20 | 68.0,16 | 60.8,82,6 | 3.73,29.97 | 1015,8.5 | 0.33
2015-12-11,20.0,17.0,85.0,5.0,29.97,10.3,20 | 68.0,17 | 62.6,85,5 | 3.11,29.97 | 1015,10.3 | 0.41
2015-12-12,21.0,16.0,81.0,8.0,29.94,8.0,21 | 69.8,16 | 60.8,81,8 | 4.97,29.94 | 1014,8.0 | 0.31
2015-12-13,19.0,16.0,86.0,7.0,29.94,4.9,19 | 66.2,16 | 60.8,86,7 | 4.35,29.94 | 1014,4.9 | 0.19
2015-12-14,19.0,15.0,82.0,6.0,29.97,29.3,19 | 66.2,15 | 59.0,82,6 | 3.73,29.97 | 1015,29.3 | 1.15
2015-12-15,20.0,15.0,78.0,8.0,29.97,0.5,20 | 68.0,15 | 59.0,78,8 | 4.97,29.97 | 1015,0.5 | 0.02
2015-12-16,18.0,16.0,87.0,5.0,29.97,17.5,18 | 64.4,16 | 60.8,87,5 | 3.11,29.97 | 1015,17.5 | 0.69
2015-12-17,20.0,16.0,86.0,7.0,29.97,25.9,20 | 68.0,16 | 60.8,86,7 | 4.35,29.97 | 1015,25.9 | 1.02
2015-12-18,21.0,15.0,75.0,7.0,29.91,1.4,21 | 69.8,15 | 59.0,75,7 | 4.35,29.91 | 1013,1.4 | 0.06
2015-12-19,21.0,14.0,72.0,7.0,29.88,1.1,21 | 69.8,14 | 57.2,72,7 | 4.35,29.88 | 1012,1.1 | 0.04
2015-12-20,21.0,14.0,70.0,7.0,29.91,0.4,21 | 69.8,14 | 57.2,70,7 | 4.35,29.91 | 1013,0.4 | 0.02
2015-12-21,20.0,14.0,79.0,7.0,29.97,3.4,20 | 68.0,14 | 57.2,79,7 | 4.35,29.97 | 1015,3.4 | 0.13
2015-12-22,21.0,15.0,77.0,7.0,29.97,2.9,21 | 69.8,15 | 59.0,77,7 | 4.35,29.97 | 1015,2.9 | 0.11
2015-12-23,21.0,15.0,75.0,6.0,29.97,4.0,21 | 69.8,15 | 59.0,75,6 | 3.73,29.97 | 1015,4.0 | 0.16
2015-12-24,21.0,15.0,77.0,6.0,30.0,6.5,21 | 69.8,15 | 59.0,77,6 | 3.73,30.0 | 1016,6.5 | 0.26
2015-12-25,21.0,15.0,76.0,5.0,30.0,4.0,21 | 69.8,15 | 59.0,76,5 | 3.11,30.0 | 1016,4.0 | 0.16
2015-12-26,21.0,15.0,79.0,5.0,29.97,6.2,21 | 69.8,15 | 59.0,79,5 | 3.11,29.97 | 1015,6.2 | 0.24
2015-12-27,20.0,16.0,83.0,5.0,29.94,22.0,20 | 68.0,16 | 60.8,83,5 | 3.11,29.94 | 1014,22.0 | 0.87
2015-12-28,21.0,15.0,74.0,7.0,29.97,9.6,21 | 69.8,15 | 59.0,74,7 | 4.35,29.97 | 1015,9.6 | 0.38
2015-12-29,21.0,15.0,74.0,7.0,29.91,1.9,21 | 69.8,15 | 59.0,74,7 | 4.35,29.91 | 1013,1.9 | 0.07
2015-12-30,22.0,14.0,71.0,6.0,29.97,0.2,22 | 71.6,14 | 57.2,71,6 | 3.73,29.97 | 1015,0.2 | 0.01
2015-12-31,22.0,15.0,71.0,8.0,29.94,1.8,22 | 71.6,15 | 59.0,71,8 | 4.97,29.94 | 1014,1.8 | 0.07
2016-01-01,22.0,16.0,73.0,9.0,29.97,6.3,22 | 71.6,16 | 60.8,73,9 | 5.59,29.97 | 1015,6.3 | 0.25
2016-01-02,22.0,15.0,67.0,8.0,29.97,1.3,22 | 71.6,15 | 59.0,67,8 | 4.97,29.97 | 1015,1.3 | 0.05
2016-01-03,23.0,15.0,70.0,5.0,29.91,3.9,23 | 73.4,15 | 59.0,70,5 | 3.11,29.91 | 1013,3.9 | 0.15
2016-01-04,21.0,14.0,72.0,7.0,29.91,2.4,21 | 69.8,14 | 57.2,72,7 | 4.35,29.91 | 1013,2.4 | 0.09
2016-01-05,23.0,15.0,66.0,5.0,29.94,1.2,23 | 73.4,15 | 59.0,66,5 | 3.11,29.94 | 1014,1.2 | 0.05
2016-01-06,23.0,15.0,70.0,7.0,29.94,0.6,23 | 73.4,15 | 59.0,70,7 | 4.35,29.94 | 1014,0.6 | 0.02
2016-01-07,22.0,15.0,73.0,8.0,29.97,4.3,22 | 71.6,15 | 59.0,73,8 | 4.97,29.97 | 1015,4.3 | 0.17
2016-01-08,23.0,15.0,70.0,7.0,29.97,10.8,23 | 73.4,15 | 59.0,70,7 | 4.35,29.97 | 1015,10.8 | 0.43
2016-01-09,21.0,16.0,77.0,7.0,29.94,19.0,21 | 69.8,16 | 60.8,77,7 | 4.35,29.94 | 1014,19.0 | 0.75
2016-01-10,20.0,16.0,81.0,6.0,29.94,13.7,20 | 68.0,16 | 60.8,81,6 | 3.73,29.94 | 1014,13.7 | 0.54
2016-01-11,21.0,16.0,79.0,6.0,29.97,9.2,21 | 69.8,16 | 60.8,79,6 | 3.73,29.97 | 1015,9.2 | 0.36
2016-01-12,21.0,16.0,78.0,6.0,29.94,11.9,21 | 69.8,16 | 60.8,78,6 | 3.73,29.94 | 1014,11.9 | 0.47
2016-01-13,22.0,16.0,77.0,7.0,29.91,19.7,22 | 71.6,16 | 60.8,77,7 | 4.35,29.91 | 1013,19.7 | 0.78
2016-01-14,21.0,16.0,80.0,10.0,29.94,13.3,21 | 69.8,16 | 60.8,80,10 | 6.21,29.94 | 1014,13.3 | 0.52
2016-01-15,21.0,16.0,80.0,5.0,29.94,6.0,21 | 69.8,16 | 60.8,80,5 | 3.11,29.94 | 1014,6.0 | 0.24
2016-01-16,21.0,16.0,80.0,6.0,29.94,14.7,21 | 69.8,16 | 60.8,80,6 | 3.73,29.94 | 1014,14.7 | 0.58
2016-01-17,21.0,17.0,80.0,7.0,29.91,25.3,21 | 69.8,17 | 62.6,80,7 | 4.35,29.91 | 1013,25.3 | 1.0
2016-01-18,20.0,17.0,84.0,7.0,29.94,9.9,20 | 68.0,17 | 62.6,84,7 | 4.35,29.94 | 1014,9.9 | 0.39
2016-01-19,19.0,17.0,87.0,6.0,29.94,16.8,19 | 66.2,17 | 62.6,87,6 | 3.73,29.94 | 1014,16.8 | 0.66
2016-01-20,21.0,17.0,85.0,6.0,29.94,23.3,21 | 69.8,17 | 62.6,85,6 | 3.73,29.94 | 1014,23.3 | 0.92
2016-01-21,21.0,17.0,81.0,8.0,29.94,23.0,21 | 69.8,17 | 62.6,81,8 | 4.97,29.94 | 1014,23.0 | 0.91
2016-01-22,21.0,16.0,82.0,7.0,29.91,12.3,21 | 69.8,16 | 60.8,82,7 | 4.35,29.91 | 1013,12.3 | 0.48
2016-01-23,22.0,16.0,76.0,8.0,29.94,4.2,22 | 71.6,16 | 60.8,76,8 | 4.97,29.94 | 1014,4.2 | 0.17
2016-01-24,22.0,15.0,73.0,10.0,30.0,3.7,22 | 71.6,15 | 59.0,73,10 | 6.21,30.0 | 1016,3.7 | 0.15
2016-01-25,21.0,14.0,72.0,8.0,30.0,2.4,21 | 69.8,14 | 57.2,72,8 | 4.97,30.0 | 1016,2.4 | 0.09
2016-01-26,21.0,14.0,68.0,10.0,30.0,1.1,21 | 69.8,14 | 57.2,68,10 | 6.21,30.0 | 1016,1.1 | 0.04
2016-01-27,21.0,13.0,65.0,10.0,30.0,3.1,21 | 69.8,13 | 55.4,65,10 | 6.21,30.0 | 1016,3.1 | 0.12
2016-01-28,21.0,10.0,55.0,9.0,29.97,0.0,21 | 69.8,10 | 50.0,55,9 | 5.59,29.97 | 1015,0.0 | 0.0
2016-01-29,21.0,11.0,55.0,9.0,29.97,0.1,21 | 69.8,11 | 51.8,55,9 | 5.59,29.97 | 1015,0.1 | 0.0
2016-01-30,21.0,13.0,64.0,10.0,29.97,1.9,21 | 69.8,13 | 55.4,64,10 | 6.21,29.97 | 1015,1.9 | 0.07
2016-01-31,21.0,14.0,71.0,7.0,29.94,4.1,21 | 69.8,14 | 57.2,71,7 | 4.35,29.94 | 1014,4.1 | 0.16
2016-02-01,22.0,15.0,71.0,10.0,29.94,3.9,22 | 71.6,15 | 59.0,71,10 | 6.21,29.94 | 1014,3.9 | 0.15
2016-02-02,22.0,14.0,67.0,11.0,29.94,2.3,22 | 71.6,14 | 57.2,67,11 | 6.84,29.94 | 1014,2.3 | 0.09
2016-02-03,22.0,13.0,67.0,10.0,29.94,4.4,22 | 71.6,13 | 55.4,67,10 | 6.21,29.94 | 1014,4.4 | 0.17
2016-02-04,22.0,12.0,63.0,10.0,29.94,0.1,22 | 71.6,12 | 53.6,63,10 | 6.21,29.94 | 1014,0.1 | 0.0
2016-02-05,24.0,11.0,53.0,12.0,29.91,0.2,24 | 75.2,11 | 51.8,53,12 | 7.46,29.91 | 1013,0.2 | 0.01
2016-02-06,23.0,10.0,49.0,11.0,29.94,0.0,23 | 73.4,10 | 50.0,49,11 | 6.84,29.94 | 1014,0.0 | 0.0
2016-02-07,23.0,13.0,58.0,9.0,29.94,0.9,23 | 73.4,13 | 55.4,58,9 | 5.59,29.94 | 1014,0.9 | 0.04
2016-02-08,23.0,14.0,64.0,10.0,29.94,1.5,23 | 73.4,14 | 57.2,64,10 | 6.21,29.94 | 1014,1.5 | 0.06
2016-02-09,22.0,15.0,67.0,8.0,29.97,4.4,22 | 71.6,15 | 59.0,67,8 | 4.97,29.97 | 1015,4.4 | 0.17
2016-02-10,23.0,15.0,68.0,11.0,29.91,0.7,23 | 73.4,15 | 59.0,68,11 | 6.84,29.91 | 1013,0.7 | 0.03
2016-02-11,23.0,15.0,68.0,9.0,29.94,2.2,23 | 73.4,15 | 59.0,68,9 | 5.59,29.94 | 1014,2.2 | 0.09
2016-02-12,23.0,15.0,68.0,10.0,29.94,4.7,23 | 73.4,15 | 59.0,68,10 | 6.21,29.94 | 1014,4.7 | 0.19
2016-02-13,23.0,14.0,65.0,9.0,29.91,1.1,23 | 73.4,14 | 57.2,65,9 | 5.59,29.91 | 1013,1.1 | 0.04
2016-02-14,23.0,13.0,60.0,11.0,29.91,2.7,23 | 73.4,13 | 55.4,60,11 | 6.84,29.91 | 1013,2.7 | 0.11
2016-02-15,23.0,13.0,63.0,10.0,29.94,4.3,23 | 73.4,13 | 55.4,63,10 | 6.21,29.94 | 1014,4.3 | 0.17
2016-02-16,25.0,11.0,51.0,9.0,29.94,0.5,25 | 77.0,11 | 51.8,51,9 | 5.59,29.94 | 1014,0.5 | 0.02
2016-02-17,24.0,10.0,48.0,11.0,29.94,0.0,24 | 75.2,10 | 50.0,48,11 | 6.84,29.94 | 1014,0.0 | 0.0
2016-02-18,24.0,12.0,54.0,10.0,29.88,1.3,24 | 75.2,12 | 53.6,54,10 | 6.21,29.88 | 1012,1.3 | 0.05
2016-02-19,24.0,14.0,60.0,12.0,29.88,5.1,24 | 75.2,14 | 57.2,60,12 | 7.46,29.88 | 1012,5.1 | 0.2
2016-02-20,23.0,13.0,60.0,11.0,29.88,1.5,23 | 73.4,13 | 55.4,60,11 | 6.84,29.88 | 1012,1.5 | 0.06
2016-02-21,23.0,14.0,65.0,10.0,29.91,3.9,23 | 73.4,14 | 57.2,65,10 | 6.21,29.91 | 1013,3.9 | 0.15
2016-02-22,24.0,13.0,61.0,7.0,29.91,0.2,24 | 75.2,13 | 55.4,61,7 | 4.35,29.91 | 1013,0.2 | 0.01
2016-02-23,24.0,9.0,42.0,8.0,29.91,0.0,24 | 75.2,9 | 48.2,42,8 | 4.97,29.91 | 1013,0.0 | 0.0
2016-02-24,25.0,11.0,46.0,11.0,29.88,0.0,25 | 77.0,11 | 51.8,46,11 | 6.84,29.88 | 1012,0.0 | 0.0
2016-02-25,24.0,13.0,57.0,8.0,29.91,0.3,24 | 75.2,13 | 55.4,57,8 | 4.97,29.91 | 1013,0.3 | 0.01
2016-02-26,24.0,13.0,57.0,9.0,29.88,6.2,24 | 75.2,13 | 55.4,57,9 | 5.59,29.88 | 1012,6.2 | 0.24
2016-02-27,24.0,15.0,66.0,7.0,29.91,5.0,24 | 75.2,15 | 59.0,66,7 | 4.35,29.91 | 1013,5.0 | 0.2
2016-02-28,24.0,15.0,67.0,6.0,29.94,3.1,24 | 75.2,15 | 59.0,67,6 | 3.73,29.94 | 1014,3.1 | 0.12
2016-02-29,25.0,14.0,62.0,11.0,29.94,2.4,25 | 77.0,14 | 57.2,62,11 | 6.84,29.94 | 1014,2.4 | 0.09
2016-03-01,25.0,14.0,60.0,11.0,29.91,1.2,25 | 77.0,14 | 57.2,60,11 | 6.84,29.91 | 1013,1.2 | 0.05
2016-03-02,24.0,15.0,63.0,9.0,29.91,14.1,24 | 75.2,15 | 59.0,63,9 | 5.59,29.91 | 1013,14.1 | 0.56
2016-03-03,23.0,16.0,72.0,5.0,29.88,14.1,23 | 73.4,16 | 60.8,72,5 | 3.11,29.88 | 1012,14.1 | 0.56
2016-03-04,25.0,14.0,60.0,7.0,29.91,3.2,25 | 77.0,14 | 57.2,60,7 | 4.35,29.91 | 1013,3.2 | 0.13
2016-03-05,25.0,13.0,54.0,9.0,29.91,0.0,25 | 77.0,13 | 55.4,54,9 | 5.59,29.91 | 1013,0.0 | 0.0
2016-03-06,26.0,14.0,54.0,11.0,29.88,2.1,26 | 78.8,14 | 57.2,54,11 | 6.84,29.88 | 1012,2.1 | 0.08
2016-03-07,25.0,14.0,56.0,9.0,29.85,4.7,25 | 77.0,14 | 57.2,56,9 | 5.59,29.85 | 1011,4.7 | 0.19
2016-03-08,22.0,16.0,73.0,7.0,29.88,23.8,22 | 71.6,16 | 60.8,73,7 | 4.35,29.88 | 1012,23.8 | 0.94
2016-03-09,20.0,16.0,80.0,7.0,29.94,12.7,20 | 68.0,16 | 60.8,80,7 | 4.35,29.94 | 1014,12.7 | 0.5
2016-03-10,23.0,16.0,73.0,6.0,29.91,13.3,23 | 73.4,16 | 60.8,73,6 | 3.73,29.91 | 1013,13.3 | 0.52
2016-03-11,25.0,14.0,59.0,9.0,29.88,0.0,25 | 77.0,14 | 57.2,59,9 | 5.59,29.88 | 1012,0.0 | 0.0
2016-03-12,25.0,13.0,57.0,9.0,29.91,0.3,25 | 77.0,13 | 55.4,57,9 | 5.59,29.91 | 1013,0.3 | 0.01
2016-03-13,26.0,11.0,46.0,9.0,29.91,0.0,26 | 78.8,11 | 51.8,46,9 | 5.59,29.91 | 1013,0.0 | 0.0
2016-03-14,26.0,12.0,48.0,10.0,29.91,0.0,26 | 78.8,12 | 53.6,48,10 | 6.21,29.91 | 1013,0.0 | 0.0
2016-03-15,25.0,10.0,43.0,11.0,29.91,0.0,25 | 77.0,10 | 50.0,43,11 | 6.84,29.91 | 1013,0.0 | 0.0
2016-03-16,25.0,9.0,42.0,12.0,29.94,0.0,25 | 77.0,9 | 48.2,42,12 | 7.46,29.94 | 1014,0.0 | 0.0
2016-03-17,24.0,12.0,51.0,11.0,29.97,0.1,24 | 75.2,12 | 53.6,51,11 | 6.84,29.97 | 1015,0.1 | 0.0
2016-03-18,23.0,15.0,65.0,6.0,29.97,6.0,23 | 73.4,15 | 59.0,65,6 | 3.73,29.97 | 1015,6.0 | 0.24
2016-03-19,24.0,15.0,64.0,6.0,29.91,10.7,24 | 75.2,15 | 59.0,64,6 | 3.73,29.91 | 1013,10.7 | 0.42
2016-03-20,25.0,15.0,63.0,8.0,29.91,1.7,25 | 77.0,15 | 59.0,63,8 | 4.97,29.91 | 1013,1.7 | 0.07
2016-03-21,25.0,15.0,62.0,8.0,29.91,1.7,25 | 77.0,15 | 59.0,62,8 | 4.97,29.91 | 1013,1.7 | 0.07
2016-03-22,23.0,15.0,68.0,7.0,29.94,2.1,23 | 73.4,15 | 59.0,68,7 | 4.35,29.94 | 1014,2.1 | 0.08
2016-03-23,23.0,16.0,71.0,6.0,29.91,5.5,23 | 73.4,16 | 60.8,71,6 | 3.73,29.91 | 1013,5.5 | 0.22
2016-03-24,24.0,15.0,67.0,7.0,29.88,4.3,24 | 75.2,15 | 59.0,67,7 | 4.35,29.88 | 1012,4.3 | 0.17
2016-03-25,24.0,15.0,66.0,7.0,29.91,1.9,24 | 75.2,15 | 59.0,66,7 | 4.35,29.91 | 1013,1.9 | 0.07
2016-03-26,25.0,12.0,54.0,10.0,29.94,0.0,25 | 77.0,12 | 53.6,54,10 | 6.21,29.94 | 1014,0.0 | 0.0
2016-03-27,25.0,13.0,54.0,10.0,29.94,0.0,25 | 77.0,13 | 55.4,54,10 | 6.21,29.94 | 1014,0.0 | 0.0
2016-03-28,25.0,14.0,59.0,9.0,29.91,0.4,25 | 77.0,14 | 57.2,59,9 | 5.59,29.91 | 1013,0.4 | 0.02
2016-03-29,25.0,13.0,56.0,9.0,29.88,1.3,25 | 77.0,13 | 55.4,56,9 | 5.59,29.88 | 1012,1.3 | 0.05
2016-03-30,24.0,15.0,66.0,9.0,29.88,7.0,24 | 75.2,15 | 59.0,66,9 | 5.59,29.88 | 1012,7.0 | 0.28
2016-03-31,24.0,15.0,68.0,8.0,29.88,4.4,24 | 75.2,15 | 59.0,68,8 | 4.97,29.88 | 1012,4.4 | 0.17
2016-04-01,21.0,17.0,79.0,8.0,29.88,14.9,21 | 69.8,17 | 62.6,79,8 | 4.97,29.88 | 1012,14.9 | 0.59
2016-04-02,21.0,17.0,83.0,9.0,29.91,7.7,21 | 69.8,17 | 62.6,83,9 | 5.59,29.91 | 1013,7.7 | 0.3
2016-04-03,20.0,16.0,83.0,11.0,29.97,36.1,20 | 68.0,16 | 60.8,83,11 | 6.84,29.97 | 1015,36.1 | 1.42
2016-04-04,18.0,17.0,92.0,4.0,30.0,83.0,18 | 64.4,17 | 62.6,92,4 | 2.49,30.0 | 1016,83.0 | 3.27
2016-04-05,21.0,17.0,83.0,5.0,29.94,7.2,21 | 69.8,17 | 62.6,83,5 | 3.11,29.94 | 1014,7.2 | 0.28
2016-04-06,22.0,17.0,78.0,8.0,29.88,19.9,22 | 71.6,17 | 62.6,78,8 | 4.97,29.88 | 1012,19.9 | 0.78
2016-04-07,23.0,16.0,72.0,10.0,29.88,5.8,23 | 73.4,16 | 60.8,72,10 | 6.21,29.88 | 1012,5.8 | 0.23
2016-04-08,22.0,15.0,71.0,8.0,29.94,2.9,22 | 71.6,15 | 59.0,71,8 | 4.97,29.94 | 1014,2.9 | 0.11
2016-04-09,22.0,16.0,75.0,5.0,29.94,2.7,22 | 71.6,16 | 60.8,75,5 | 3.11,29.94 | 1014,2.7 | 0.11
2016-04-10,23.0,16.0,75.0,7.0,29.91,2.6,23 | 73.4,16 | 60.8,75,7 | 4.35,29.91 | 1013,2.6 | 0.1
2016-04-11,23.0,16.0,75.0,8.0,29.94,5.0,23 | 73.4,16 | 60.8,75,8 | 4.97,29.94 | 1014,5.0 | 0.2
2016-04-12,22.0,16.0,77.0,9.0,29.91,10.6,22 | 71.6,16 | 60.8,77,9 | 5.59,29.91 | 1013,10.6 | 0.42
2016-04-13,21.0,17.0,83.0,6.0,29.91,6.1,21 | 69.8,17 | 62.6,83,6 | 3.73,29.91 | 1013,6.1 | 0.24
2016-04-14,21.0,16.0,82.0,7.0,29.91,6.5,21 | 69.8,16 | 60.8,82,7 | 4.35,29.91 | 1013,6.5 | 0.26
2016-04-15,21.0,16.0,83.0,6.0,29.91,2.6,21 | 69.8,16 | 60.8,83,6 | 3.73,29.91 | 1013,2.6 | 0.1
2016-04-16,21.0,17.0,85.0,6.0,29.91,6.5,21 | 69.8,17 | 62.6,85,6 | 3.73,29.91 | 1013,6.5 | 0.26
2016-04-17,20.0,17.0,86.0,6.0,29.94,3.0,20 | 68.0,17 | 62.6,86,6 | 3.73,29.94 | 1014,3.0 | 0.12
2016-04-18,21.0,17.0,86.0,5.0,29.94,5.0,21 | 69.8,17 | 62.6,86,5 | 3.11,29.94 | 1014,5.0 | 0.2
2016-04-19,21.0,17.0,86.0,6.0,29.91,3.5,21 | 69.8,17 | 62.6,86,6 | 3.73,29.91 | 1013,3.5 | 0.14
2016-04-20,21.0,17.0,87.0,5.0,29.91,5.0,21 | 69.8,17 | 62.6,87,5 | 3.11,29.91 | 1013,5.0 | 0.2
2016-04-21,22.0,17.0,80.0,7.0,29.94,9.9,22 | 71.6,17 | 62.6,80,7 | 4.35,29.94 | 1014,9.9 | 0.39
2016-04-22,22.0,17.0,81.0,6.0,29.94,6.6,22 | 71.6,17 | 62.6,81,6 | 3.73,29.94 | 1014,6.6 | 0.26
2016-04-23,21.0,16.0,79.0,6.0,29.91,9.9,21 | 69.8,16 | 60.8,79,6 | 3.73,29.91 | 1013,9.9 | 0.39
2016-04-24,21.0,17.0,84.0,8.0,29.88,17.3,21 | 69.8,17 | 62.6,84,8 | 4.97,29.88 | 1012,17.3 | 0.68
2016-04-25,20.0,17.0,87.0,5.0,29.88,47.0,20 | 68.0,17 | 62.6,87,5 | 3.11,29.88 | 1012,47.0 | 1.85
2016-04-26,18.0,17.0,94.0,6.0,29.91,49.5,18 | 64.4,17 | 62.6,94,6 | 3.73,29.91 | 1013,49.5 | 1.95
2016-04-27,21.0,17.0,87.0,6.0,29.91,17.8,21 | 69.8,17 | 62.6,87,6 | 3.73,29.91 | 1013,17.8 | 0.7
2016-04-28,19.0,17.0,91.0,7.0,29.94,26.6,19 | 66.2,17 | 62.6,91,7 | 4.35,29.94 | 1014,26.6 | 1.05
2016-04-29,20.0,16.0,87.0,6.0,29.91,7.2,20 | 68.0,16 | 60.8,87,6 | 3.73,29.91 | 1013,7.2 | 0.28
2016-04-30,18.0,16.0,89.0,5.0,29.94,10.7,18 | 64.4,16 | 60.8,89,5 | 3.11,29.94 | 1014,10.7 | 0.42
2016-05-01,20.0,16.0,84.0,6.0,29.94,7.9,20 | 68.0,16 | 60.8,84,6 | 3.73,29.94 | 1014,7.9 | 0.31
2016-05-02,20.0,17.0,86.0,5.0,29.94,6.4,20 | 68.0,17 | 62.6,86,5 | 3.11,29.94 | 1014,6.4 | 0.25
2016-05-03,21.0,17.0,82.0,7.0,29.94,7.8,21 | 69.8,17 | 62.6,82,7 | 4.35,29.94 | 1014,7.8 | 0.31
2016-05-04,22.0,16.0,80.0,7.0,29.91,3.9,22 | 71.6,16 | 60.8,80,7 | 4.35,29.91 | 1013,3.9 | 0.15
2016-05-05,21.0,16.0,80.0,8.0,29.94,5.9,21 | 69.8,16 | 60.8,80,8 | 4.97,29.94 | 1014,5.9 | 0.23
2016-05-06,20.0,16.0,87.0,8.0,29.97,9.2,20 | 68.0,16 | 60.8,87,8 | 4.97,29.97 | 1015,9.2 | 0.36
2016-05-07,19.0,16.0,87.0,6.0,29.97,4.6,19 | 66.2,16 | 60.8,87,6 | 3.73,29.97 | 1015,4.6 | 0.18
2016-05-08,21.0,16.0,81.0,7.0,29.97,17.9,21 | 69.8,16 | 60.8,81,7 | 4.35,29.97 | 1015,17.9 | 0.7
2016-05-09,21.0,16.0,81.0,9.0,29.97,2.7,21 | 69.8,16 | 60.8,81,9 | 5.59,29.97 | 1015,2.7 | 0.11
2016-05-10,20.0,16.0,83.0,9.0,30.0,15.6,20 | 68.0,16 | 60.8,83,9 | 5.59,30.0 | 1016,15.6 | 0.61
2016-05-11,20.0,16.0,84.0,6.0,30.0,20.4,20 | 68.0,16 | 60.8,84,6 | 3.73,30.0 | 1016,20.4 | 0.8
2016-05-12,21.0,16.0,84.0,5.0,29.97,3.8,21 | 69.8,16 | 60.8,84,5 | 3.11,29.97 | 1015,3.8 | 0.15
2016-05-13,21.0,16.0,82.0,6.0,29.97,5.0,21 | 69.8,16 | 60.8,82,6 | 3.73,29.97 | 1015,5.0 | 0.2
2016-05-14,21.0,17.0,87.0,5.0,29.97,37.1,21 | 69.8,17 | 62.6,87,5 | 3.11,29.97 | 1015,37.1 | 1.46
2016-05-15,21.0,17.0,85.0,6.0,30.0,9.3,21 | 69.8,17 | 62.6,85,6 | 3.73,30.0 | 1016,9.3 | 0.37
2016-05-16,20.0,17.0,87.0,6.0,30.0,16.4,20 | 68.0,17 | 62.6,87,6 | 3.73,30.0 | 1016,16.4 | 0.65
2016-05-17,20.0,17.0,88.0,4.0,30.0,11.4,20 | 68.0,17 | 62.6,88,4 | 2.49,30.0 | 1016,11.4 | 0.45
2016-05-18,20.0,17.0,83.0,8.0,30.0,4.2,20 | 68.0,17 | 62.6,83,8 | 4.97,30.0 | 1016,4.2 | 0.17
2016-05-19,20.0,17.0,86.0,6.0,29.94,2.2,20 | 68.0,17 | 62.6,86,6 | 3.73,29.94 | 1014,2.2 | 0.09
2016-05-20,20.0,17.0,87.0,6.0,29.94,3.0,20 | 68.0,17 | 62.6,87,6 | 3.73,29.94 | 1014,3.0 | 0.12
2016-05-21,20.0,16.0,88.0,6.0,29.94,4.9,20 | 68.0,16 | 60.8,88,6 | 3.73,29.94 | 1014,4.9 | 0.19
2016-05-22,20.0,16.0,85.0,6.0,30.03,1.7,20 | 68.0,16 | 60.8,85,6 | 3.73,30.03 | 1017,1.7 | 0.07
2016-05-23,19.0,16.0,86.0,6.0,30.06,3.6,19 | 66.2,16 | 60.8,86,6 | 3.73,30.06 | 1018,3.6 | 0.14
2016-05-24,21.0,16.0,84.0,6.0,30.06,6.5,21 | 69.8,16 | 60.8,84,6 | 3.73,30.06 | 1018,6.5 | 0.26
2016-05-25,20.0,15.0,83.0,7.0,30.03,5.5,20 | 68.0,15 | 59.0,83,7 | 4.35,30.03 | 1017,5.5 | 0.22
2016-05-26,19.0,16.0,86.0,5.0,30.03,7.7,19 | 66.2,16 | 60.8,86,5 | 3.11,30.03 | 1017,7.7 | 0.3
2016-05-27,16.0,15.0,90.0,8.0,30.03,3.0,16 | 60.8,15 | 59.0,90,8 | 4.97,30.03 | 1017,3.0 | 0.12
2016-05-28,15.0,14.0,91.0,9.0,30.03,2.1,15 | 59.0,14 | 57.2,91,9 | 5.59,30.03 | 1017,2.1 | 0.08
2016-05-29,21.0,16.0,83.0,8.0,30.0,3.4,21 | 69.8,16 | 60.8,83,8 | 4.97,30.0 | 1016,3.4 | 0.13
2016-05-30,19.0,15.0,85.0,8.0,29.97,2.3,19 | 66.2,15 | 59.0,85,8 | 4.97,29.97 | 1015,2.3 | 0.09
2016-05-31,19.0,15.0,81.0,8.0,30.03,0.5,19 | 66.2,15 | 59.0,81,8 | 4.97,30.03 | 1017,0.5 | 0.02
2016-06-01,21.0,16.0,85.0,6.0,30.0,2.0,21 | 69.8,16 | 60.8,85,6 | 3.73,30.0 | 1016,2.0 | 0.08
2016-06-02,21.0,15.0,78.0,8.0,30.03,0.3,21 | 69.8,15 | 59.0,78,8 | 4.97,30.03 | 1017,0.3 | 0.01
2016-06-03,21.0,15.0,77.0,8.0,29.97,0.1,21 | 69.8,15 | 59.0,77,8 | 4.97,29.97 | 1015,0.1 | 0.0
2016-06-04,21.0,15.0,79.0,8.0,29.97,0.8,21 | 69.8,15 | 59.0,79,8 | 4.97,29.97 | 1015,0.8 | 0.03
2016-06-05,21.0,15.0,76.0,8.0,30.0,0.6,21 | 69.8,15 | 59.0,76,8 | 4.97,30.0 | 1016,0.6 | 0.02
2016-06-06,21.0,14.0,74.0,10.0,30.03,0.3,21 | 69.8,14 | 57.2,74,10 | 6.21,30.03 | 1017,0.3 | 0.01
2016-06-07,21.0,14.0,76.0,8.0,30.03,0.7,21 | 69.8,14 | 57.2,76,8 | 4.97,30.03 | 1017,0.7 | 0.03
2016-06-08,21.0,14.0,77.0,8.0,30.03,0.5,21 | 69.8,14 | 57.2,77,8 | 4.97,30.03 | 1017,0.5 | 0.02
2016-06-09,20.0,15.0,81.0,8.0,30.03,4.3,20 | 68.0,15 | 59.0,81,8 | 4.97,30.03 | 1017,4.3 | 0.17
2016-06-10,18.0,14.0,82.0,11.0,30.06,2.2,18 | 64.4,14 | 57.2,82,11 | 6.84,30.06 | 1018,2.2 | 0.09
2016-06-11,20.0,14.0,77.0,8.0,30.03,1.6,20 | 68.0,14 | 57.2,77,8 | 4.97,30.03 | 1017,1.6 | 0.06
2016-06-12,21.0,15.0,79.0,7.0,30.03,3.5,21 | 69.8,15 | 59.0,79,7 | 4.35,30.03 | 1017,3.5 | 0.14
2016-06-13,21.0,15.0,79.0,8.0,30.03,2.3,21 | 69.8,15 | 59.0,79,8 | 4.97,30.03 | 1017,2.3 | 0.09
2016-06-14,21.0,15.0,78.0,7.0,30.06,2.9,21 | 69.8,15 | 59.0,78,7 | 4.35,30.06 | 1018,2.9 | 0.11
2016-06-15,17.0,14.0,84.0,10.0,30.09,4.5,17 | 62.6,14 | 57.2,84,10 | 6.21,30.09 | 1019,4.5 | 0.18
2016-06-16,20.0,16.0,84.0,6.0,29.97,1.4,20 | 68.0,16 | 60.8,84,6 | 3.73,29.97 | 1015,1.4 | 0.06
2016-06-17,20.0,15.0,81.0,6.0,30.0,1.7,20 | 68.0,15 | 59.0,81,6 | 3.73,30.0 | 1016,1.7 | 0.07
2016-06-18,18.0,14.0,86.0,6.0,30.03,7.1,18 | 64.4,14 | 57.2,86,6 | 3.73,30.03 | 1017,7.1 | 0.28
2016-06-19,20.0,14.0,78.0,8.0,30.03,3.3,20 | 68.0,14 | 57.2,78,8 | 4.97,30.03 | 1017,3.3 | 0.13
2016-06-20,19.0,14.0,78.0,7.0,30.03,4.8,19 | 66.2,14 | 57.2,78,7 | 4.35,30.03 | 1017,4.8 | 0.19
2016-06-21,18.0,15.0,89.0,6.0,30.03,21.3,18 | 64.4,15 | 59.0,89,6 | 3.73,30.03 | 1017,21.3 | 0.84
2016-06-22,18.0,15.0,87.0,4.0,30.06,2.8,18 | 64.4,15 | 59.0,87,4 | 2.49,30.06 | 1018,2.8 | 0.11
2016-06-23,19.0,14.0,81.0,7.0,30.06,6.3,19 | 66.2,14 | 57.2,81,7 | 4.35,30.06 | 1018,6.3 | 0.25
2016-06-24,20.0,14.0,79.0,7.0,30.0,9.2,20 | 68.0,14 | 57.2,79,7 | 4.35,30.0 | 1016,9.2 | 0.36
2016-06-25,19.0,13.0,75.0,12.0,30.03,1.1,19 | 66.2,13 | 55.4,75,12 | 7.46,30.03 | 1017,1.1 | 0.04
2016-06-26,20.0,13.0,71.0,12.0,30.03,3.0,20 | 68.0,13 | 55.4,71,12 | 7.46,30.03 | 1017,3.0 | 0.12
2016-06-27,20.0,13.0,75.0,9.0,30.03,0.5,20 | 68.0,13 | 55.4,75,9 | 5.59,30.03 | 1017,0.5 | 0.02
2016-06-28,20.0,13.0,75.0,6.0,30.03,0.0,20 | 68.0,13 | 55.4,75,6 | 3.73,30.03 | 1017,0.0 | 0.0
2016-06-29,21.0,14.0,76.0,6.0,30.03,0.5,21 | 69.8,14 | 57.2,76,6 | 3.73,30.03 | 1017,0.5 | 0.02
2016-06-30,21.0,14.0,73.0,7.0,30.06,0.4,21 | 69.8,14 | 57.2,73,7 | 4.35,30.06 | 1018,0.4 | 0.02
2016-07-01,21.0,14.0,76.0,6.0,30.06,1.9,21 | 69.8,14 | 57.2,76,6 | 3.73,30.06 | 1018,1.9 | 0.07
2016-07-02,21.0,15.0,77.0,7.0,30.03,5.4,21 | 69.8,15 | 59.0,77,7 | 4.35,30.03 | 1017,5.4 | 0.21
2016-07-03,21.0,14.0,76.0,8.0,30.03,1.1,21 | 69.8,14 | 57.2,76,8 | 4.97,30.03 | 1017,1.1 | 0.04
2016-07-04,20.0,15.0,80.0,8.0,30.03,10.2,20 | 68.0,15 | 59.0,80,8 | 4.97,30.03 | 1017,10.2 | 0.4
2016-07-05,20.0,15.0,78.0,6.0,30.0,3.8,20 | 68.0,15 | 59.0,78,6 | 3.73,30.0 | 1016,3.8 | 0.15
2016-07-06,21.0,14.0,73.0,5.0,30.0,1.3,21 | 69.8,14 | 57.2,73,5 | 3.11,30.0 | 1016,1.3 | 0.05
2016-07-07,21.0,14.0,72.0,7.0,30.0,2.2,21 | 69.8,14 | 57.2,72,7 | 4.35,30.0 | 1016,2.2 | 0.09
2016-07-08,19.0,14.0,76.0,7.0,30.03,3.5,19 | 66.2,14 | 57.2,76,7 | 4.35,30.03 | 1017,3.5 | 0.14
2016-07-09,20.0,14.0,75.0,7.0,30.0,4.9,20 | 68.0,14 | 57.2,75,7 | 4.35,30.0 | 1016,4.9 | 0.19
2016-07-10,20.0,12.0,70.0,8.0,30.0,2.7,20 | 68.0,12 | 53.6,70,8 | 4.97,30.0 | 1016,2.7 | 0.11
2016-07-11,19.0,13.0,76.0,7.0,30.0,6.1,19 | 66.2,13 | 55.4,76,7 | 4.35,30.0 | 1016,6.1 | 0.24
2016-07-12,17.0,13.0,82.0,11.0,30.03,6.8,17 | 62.6,13 | 55.4,82,11 | 6.84,30.03 | 1017,6.8 | 0.27
2016-07-13,20.0,13.0,71.0,7.0,30.0,3.9,20 | 68.0,13 | 55.4,71,7 | 4.35,30.0 | 1016,3.9 | 0.15
2016-07-14,18.0,14.0,79.0,7.0,30.0,7.8,18 | 64.4,14 | 57.2,79,7 | 4.35,30.0 | 1016,7.8 | 0.31
2016-07-15,20.0,13.0,75.0,7.0,29.97,5.0,20 | 68.0,13 | 55.4,75,7 | 4.35,29.97 | 1015,5.0 | 0.2
2016-07-16,20.0,14.0,76.0,8.0,29.97,8.5,20 | 68.0,14 | 57.2,76,8 | 4.97,29.97 | 1015,8.5 | 0.33
2016-07-17,20.0,14.0,75.0,8.0,30.0,6.0,20 | 68.0,14 | 57.2,75,8 | 4.97,30.0 | 1016,6.0 | 0.24
2016-07-18,20.0,14.0,77.0,6.0,30.0,1.2,20 | 68.0,14 | 57.2,77,6 | 3.73,30.0 | 1016,1.2 | 0.05
2016-07-19,20.0,14.0,77.0,7.0,30.0,0.5,20 | 68.0,14 | 57.2,77,7 | 4.35,30.0 | 1016,0.5 | 0.02
2016-07-20,20.0,14.0,79.0,7.0,30.0,1.1,20 | 68.0,14 | 57.2,79,7 | 4.35,30.0 | 1016,1.1 | 0.04
2016-07-21,20.0,15.0,80.0,6.0,30.0,1.5,20 | 68.0,15 | 59.0,80,6 | 3.73,30.0 | 1016,1.5 | 0.06
2016-07-22,20.0,15.0,81.0,6.0,30.0,2.3,20 | 68.0,15 | 59.0,81,6 | 3.73,30.0 | 1016,2.3 | 0.09
2016-07-23,20.0,15.0,78.0,6.0,29.97,1.7,20 | 68.0,15 | 59.0,78,6 | 3.73,29.97 | 1015,1.7 | 0.07
2016-07-24,20.0,15.0,80.0,7.0,30.0,1.8,20 | 68.0,15 | 59.0,80,7 | 4.35,30.0 | 1016,1.8 | 0.07
2016-07-25,20.0,15.0,79.0,6.0,30.0,1.2,20 | 68.0,15 | 59.0,79,6 | 3.73,30.0 | 1016,1.2 | 0.05
2016-07-26,20.0,15.0,80.0,6.0,30.0,2.0,20 | 68.0,15 | 59.0,80,6 | 3.73,30.0 | 1016,2.0 | 0.08
2016-07-27,20.0,15.0,81.0,6.0,30.0,2.0,20 | 68.0,15 | 59.0,81,6 | 3.73,30.0 | 1016,2.0 | 0.08
2016-07-28,20.0,14.0,74.0,6.0,29.97,3.2,20 | 68.0,14 | 57.2,74,6 | 3.73,29.97 | 1015,3.2 | 0.13
2016-07-29,20.0,13.0,71.0,9.0,29.97,1.1,20 | 68.0,13 | 55.4,71,9 | 5.59,29.97 | 1015,1.1 | 0.04
2016-07-30,20.0,13.0,74.0,8.0,29.97,2.4,20 | 68.0,13 | 55.4,74,8 | 4.97,29.97 | 1015,2.4 | 0.09
2016-07-31,21.0,13.0,69.0,7.0,29.97,2.9,21 | 69.8,13 | 55.4,69,7 | 4.35,29.97 | 1015,2.9 | 0.11
2016-08-01,21.0,13.0,70.0,7.0,29.97,0.4,21 | 69.8,13 | 55.4,70,7 | 4.35,29.97 | 1015,0.4 | 0.02
2016-08-02,21.0,12.0,64.0,10.0,29.97,0.4,21 | 69.8,12 | 53.6,64,10 | 6.21,29.97 | 1015,0.4 | 0.02
2016-08-03,22.0,13.0,65.0,8.0,29.94,0.5,22 | 71.6,13 | 55.4,65,8 | 4.97,29.94 | 1014,0.5 | 0.02
2016-08-04,21.0,13.0,66.0,8.0,29.94,1.3,21 | 69.8,13 | 55.4,66,8 | 4.97,29.94 | 1014,1.3 | 0.05
2016-08-05,21.0,14.0,70.0,8.0,29.97,2.2,21 | 69.8,14 | 57.2,70,8 | 4.97,29.97 | 1015,2.2 | 0.09
2016-08-06,19.0,14.0,79.0,8.0,30.0,18.3,19 | 66.2,14 | 57.2,79,8 | 4.97,30.0 | 1016,18.3 | 0.72
2016-08-07,20.0,14.0,74.0,9.0,30.0,9.1,20 | 68.0,14 | 57.2,74,9 | 5.59,30.0 | 1016,9.1 | 0.36
2016-08-08,20.0,12.0,67.0,10.0,30.03,3.7,20 | 68.0,12 | 53.6,67,10 | 6.21,30.03 | 1017,3.7 | 0.15
2016-08-09,20.0,12.0,71.0,10.0,30.03,8.8,20 | 68.0,12 | 53.6,71,10 | 6.21,30.03 | 1017,8.8 | 0.35
2016-08-10,20.0,12.0,67.0,10.0,30.03,2.9,20 | 68.0,12 | 53.6,67,10 | 6.21,30.03 | 1017,2.9 | 0.11
2016-08-11,21.0,11.0,60.0,6.0,30.03,1.2,21 | 69.8,11 | 51.8,60,6 | 3.73,30.03 | 1017,1.2 | 0.05
2016-08-12,21.0,12.0,68.0,7.0,30.0,10.7,21 | 69.8,12 | 53.6,68,7 | 4.35,30.0 | 1016,10.7 | 0.42
2016-08-13,21.0,13.0,70.0,8.0,29.97,10.3,21 | 69.8,13 | 55.4,70,8 | 4.97,29.97 | 1015,10.3 | 0.41
2016-08-14,22.0,13.0,68.0,8.0,29.97,9.4,22 | 71.6,13 | 55.4,68,8 | 4.97,29.97 | 1015,9.4 | 0.37
2016-08-15,21.0,13.0,68.0,8.0,30.0,8.6,21 | 69.8,13 | 55.4,68,8 | 4.97,30.0 | 1016,8.6 | 0.34
2016-08-16,21.0,11.0,63.0,14.0,30.0,1.1,21 | 69.8,11 | 51.8,63,14 | 8.7,30.0 | 1016,1.1 | 0.04
2016-08-17,22.0,10.0,56.0,11.0,30.0,1.6,22 | 71.6,10 | 50.0,56,11 | 6.84,30.0 | 1016,1.6 | 0.06
2016-08-18,22.0,11.0,59.0,9.0,29.97,2.5,22 | 71.6,11 | 51.8,59,9 | 5.59,29.97 | 1015,2.5 | 0.1
2016-08-19,22.0,11.0,62.0,8.0,29.97,3.8,22 | 71.6,11 | 51.8,62,8 | 4.97,29.97 | 1015,3.8 | 0.15
2016-08-20,22.0,11.0,61.0,9.0,29.97,2.8,22 | 71.6,11 | 51.8,61,9 | 5.59,29.97 | 1015,2.8 | 0.11
2016-08-21,23.0,12.0,60.0,9.0,29.97,0.9,23 | 73.4,12 | 53.6,60,9 | 5.59,29.97 | 1015,0.9 | 0.04
2016-08-22,23.0,13.0,61.0,6.0,29.97,2.2,23 | 73.4,13 | 55.4,61,6 | 3.73,29.97 | 1015,2.2 | 0.09
2016-08-23,23.0,15.0,68.0,7.0,29.97,8.1,23 | 73.4,15 | 59.0,68,7 | 4.35,29.97 | 1015,8.1 | 0.32
2016-08-24,22.0,12.0,61.0,10.0,29.94,2.3,22 | 71.6,12 | 53.6,61,10 | 6.21,29.94 | 1014,2.3 | 0.09
2016-08-25,22.0,10.0,55.0,9.0,29.97,2.9,22 | 71.6,10 | 50.0,55,9 | 5.59,29.97 | 1015,2.9 | 0.11
2016-08-26,21.0,11.0,59.0,8.0,29.97,5.7,21 | 69.8,11 | 51.8,59,8 | 4.97,29.97 | 1015,5.7 | 0.22
2016-08-27,21.0,10.0,60.0,10.0,30.0,1.1,21 | 69.8,10 | 50.0,60,10 | 6.21,30.0 | 1016,1.1 | 0.04
2016-08-28,21.0,11.0,58.0,10.0,30.0,3.4,21 | 69.8,11 | 51.8,58,10 | 6.21,30.0 | 1016,3.4 | 0.13
2016-08-29,22.0,11.0,58.0,11.0,30.0,2.9,22 | 71.6,11 | 51.8,58,11 | 6.84,30.0 | 1016,2.9 | 0.11
2016-08-30,20.0,10.0,61.0,10.0,30.0,3.5,20 | 68.0,10 | 50.0,61,10 | 6.21,30.0 | 1016,3.5 | 0.14
2016-08-31,24.0,12.0,48.0,7.0,29.97,7.4,24 | 75.2,12 | 53.6,48,7 | 4.35,29.97 | 1015,7.4 | 0.29
2016-09-01,21.0,11.0,63.0,10.0,30.0,7.1,21 | 69.8,11 | 51.8,63,10 | 6.21,30.0 | 1016,7.1 | 0.28
2016-09-02,21.0,11.0,65.0,10.0,30.0,6.1,21 | 69.8,11 | 51.8,65,10 | 6.21,30.0 | 1016,6.1 | 0.24
2016-09-03,21.0,12.0,66.0,8.0,29.97,8.1,21 | 69.8,12 | 53.6,66,8 | 4.97,29.97 | 1015,8.1 | 0.32
2016-09-04,22.0,13.0,67.0,8.0,29.97,4.0,22 | 71.6,13 | 55.4,67,8 | 4.97,29.97 | 1015,4.0 | 0.16
2016-09-05,22.0,12.0,65.0,9.0,30.0,6.9,22 | 71.6,12 | 53.6,65,9 | 5.59,30.0 | 1016,6.9 | 0.27
2016-09-06,22.0,13.0,66.0,9.0,30.0,7.4,22 | 71.6,13 | 55.4,66,9 | 5.59,30.0 | 1016,7.4 | 0.29
2016-09-07,22.0,13.0,62.0,9.0,29.97,4.3,22 | 71.6,13 | 55.4,62,9 | 5.59,29.97 | 1015,4.3 | 0.17
2016-09-08,22.0,13.0,64.0,9.0,29.97,6.2,22 | 71.6,13 | 55.4,64,9 | 5.59,29.97 | 1015,6.2 | 0.24
2016-09-09,23.0,11.0,55.0,8.0,29.97,2.2,23 | 73.4,11 | 51.8,55,8 | 4.97,29.97 | 1015,2.2 | 0.09
2016-09-10,23.0,10.0,53.0,10.0,30.0,2.1,23 | 73.4,10 | 50.0,53,10 | 6.21,30.0 | 1016,2.1 | 0.08
2016-09-11,22.0,11.0,60.0,8.0,29.97,6.2,22 | 71.6,11 | 51.8,60,8 | 4.97,29.97 | 1015,6.2 | 0.24
2016-09-12,22.0,12.0,59.0,10.0,29.97,5.3,22 | 71.6,12 | 53.6,59,10 | 6.21,29.97 | 1015,5.3 | 0.21
2016-09-13,23.0,12.0,60.0,9.0,29.94,2.8,23 | 73.4,12 | 53.6,60,9 | 5.59,29.94 | 1014,2.8 | 0.11
2016-09-14,22.0,14.0,67.0,9.0,29.94,16.7,22 | 71.6,14 | 57.2,67,9 | 5.59,29.94 | 1014,16.7 | 0.66
2016-09-15,22.0,14.0,73.0,8.0,29.94,22.5,22 | 71.6,14 | 57.2,73,8 | 4.97,29.94 | 1014,22.5 | 0.89
2016-09-16,20.0,14.0,73.0,8.0,29.94,13.6,20 | 68.0,14 | 57.2,73,8 | 4.97,29.94 | 1014,13.6 | 0.54
2016-09-17,21.0,15.0,75.0,7.0,29.97,8.2,21 | 69.8,15 | 59.0,75,7 | 4.35,29.97 | 1015,8.2 | 0.32
2016-09-18,22.0,15.0,73.0,5.0,29.97,4.2,22 | 71.6,15 | 59.0,73,5 | 3.11,29.97 | 1015,4.2 | 0.17
2016-09-19,22.0,13.0,67.0,8.0,29.97,10.6,22 | 71.6,13 | 55.4,67,8 | 4.97,29.97 | 1015,10.6 | 0.42
2016-09-20,21.0,11.0,61.0,10.0,29.94,0.4,21 | 69.8,11 | 51.8,61,10 | 6.21,29.94 | 1014,0.4 | 0.02
2016-09-21,22.0,13.0,66.0,8.0,29.94,12.2,22 | 71.6,13 | 55.4,66,8 | 4.97,29.94 | 1014,12.2 | 0.48
2016-09-22,21.0,13.0,69.0,7.0,29.97,9.2,21 | 69.8,13 | 55.4,69,7 | 4.35,29.97 | 1015,9.2 | 0.36
2016-09-23,23.0,12.0,60.0,10.0,29.94,0.2,23 | 73.4,12 | 53.6,60,10 | 6.21,29.94 | 1014,0.2 | 0.01
2016-09-24,21.0,14.0,71.0,6.0,29.94,3.8,21 | 69.8,14 | 57.2,71,6 | 3.73,29.94 | 1014,3.8 | 0.15
2016-09-25,22.0,15.0,72.0,6.0,29.91,10.0,22 | 71.6,15 | 59.0,72,6 | 3.73,29.91 | 1013,10.0 | 0.39
2016-09-26,21.0,15.0,73.0,8.0,29.91,15.2,21 | 69.8,15 | 59.0,73,8 | 4.97,29.91 | 1013,15.2 | 0.6
2016-09-27,21.0,15.0,78.0,4.0,29.94,17.5,21 | 69.8,15 | 59.0,78,4 | 2.49,29.94 | 1014,17.5 | 0.69
2016-09-28,21.0,15.0,75.0,5.0,29.97,14.7,21 | 69.8,15 | 59.0,75,5 | 3.11,29.97 | 1015,14.7 | 0.58
2016-09-29,21.0,15.0,79.0,5.0,30.0,13.1,21 | 69.8,15 | 59.0,79,5 | 3.11,30.0 | 1016,13.1 | 0.52
2016-09-30,22.0,15.0,75.0,6.0,29.94,13.0,22 | 71.6,15 | 59.0,75,6 | 3.73,29.94 | 1014,13.0 | 0.51
2016-10-01,22.0,15.0,74.0,6.0,29.88,11.1,22 | 71.6,15 | 59.0,74,6 | 3.73,29.88 | 1012,11.1 | 0.44
2016-10-02,22.0,15.0,75.0,8.0,29.88,19.1,22 | 71.6,15 | 59.0,75,8 | 4.97,29.88 | 1012,19.1 | 0.75
2016-10-03,20.0,16.0,82.0,6.0,29.94,25.8,20 | 68.0,16 | 60.8,82,6 | 3.73,29.94 | 1014,25.8 | 1.02
2016-10-04,21.0,15.0,78.0,4.0,29.94,17.2,21 | 69.8,15 | 59.0,78,4 | 2.49,29.94 | 1014,17.2 | 0.68
2016-10-05,21.0,15.0,79.0,6.0,29.94,7.9,21 | 69.8,15 | 59.0,79,6 | 3.73,29.94 | 1014,7.9 | 0.31
2016-10-06,22.0,15.0,75.0,7.0,29.88,10.3,22 | 71.6,15 | 59.0,75,7 | 4.35,29.88 | 1012,10.3 | 0.41
2016-10-07,22.0,16.0,74.0,5.0,29.91,5.7,22 | 71.6,16 | 60.8,74,5 | 3.11,29.91 | 1013,5.7 | 0.22
2016-10-08,23.0,15.0,69.0,7.0,29.91,5.6,23 | 73.4,15 | 59.0,69,7 | 4.35,29.91 | 1013,5.6 | 0.22
2016-10-09,23.0,14.0,65.0,8.0,29.94,3.6,23 | 73.4,14 | 57.2,65,8 | 4.97,29.94 | 1014,3.6 | 0.14
2016-10-10,23.0,14.0,67.0,8.0,29.97,4.7,23 | 73.4,14 | 57.2,67,8 | 4.97,29.97 | 1015,4.7 | 0.19
2016-10-11,23.0,13.0,66.0,8.0,29.97,1.2,23 | 73.4,13 | 55.4,66,8 | 4.97,29.97 | 1015,1.2 | 0.05
2016-10-12,23.0,12.0,58.0,8.0,29.94,0.2,23 | 73.4,12 | 53.6,58,8 | 4.97,29.94 | 1014,0.2 | 0.01
2016-10-13,22.0,12.0,59.0,8.0,29.94,4.5,22 | 71.6,12 | 53.6,59,8 | 4.97,29.94 | 1014,4.5 | 0.18
2016-10-14,23.0,12.0,59.0,9.0,29.94,1.5,23 | 73.4,12 | 53.6,59,9 | 5.59,29.94 | 1014,1.5 | 0.06
2016-10-15,23.0,13.0,59.0,9.0,29.91,7.3,23 | 73.4,13 | 55.4,59,9 | 5.59,29.91 | 1013,7.3 | 0.29
2016-10-16,23.0,12.0,57.0,9.0,29.91,3.7,23 | 73.4,12 | 53.6,57,9 | 5.59,29.91 | 1013,3.7 | 0.15
2016-10-17,23.0,13.0,63.0,7.0,29.91,8.7,23 | 73.4,13 | 55.4,63,7 | 4.35,29.91 | 1013,8.7 | 0.34
2016-10-18,23.0,14.0,65.0,7.0,29.91,8.5,23 | 73.4,14 | 57.2,65,7 | 4.35,29.91 | 1013,8.5 | 0.33
2016-10-19,23.0,12.0,60.0,7.0,29.91,3.5,23 | 73.4,12 | 53.6,60,7 | 4.35,29.91 | 1013,3.5 | 0.14
2016-10-20,22.0,12.0,62.0,10.0,29.91,5.6,22 | 71.6,12 | 53.6,62,10 | 6.21,29.91 | 1013,5.6 | 0.22
2016-10-21,21.0,13.0,70.0,11.0,29.94,7.0,21 | 69.8,13 | 55.4,70,11 | 6.84,29.94 | 1014,7.0 | 0.28
2016-10-22,22.0,14.0,73.0,7.0,29.97,10.2,22 | 71.6,14 | 57.2,73,7 | 4.35,29.97 | 1015,10.2 | 0.4
2016-10-23,22.0,14.0,70.0,6.0,29.94,11.2,22 | 71.6,14 | 57.2,70,6 | 3.73,29.94 | 1014,11.2 | 0.44
2016-10-24,22.0,13.0,68.0,6.0,29.91,9.2,22 | 71.6,13 | 55.4,68,6 | 3.73,29.91 | 1013,9.2 | 0.36
2016-10-25,22.0,14.0,68.0,7.0,29.88,9.6,22 | 71.6,14 | 57.2,68,7 | 4.35,29.88 | 1012,9.6 | 0.38
2016-10-26,23.0,13.0,64.0,7.0,29.85,4.0,23 | 73.4,13 | 55.4,64,7 | 4.35,29.85 | 1011,4.0 | 0.16
2016-10-27,22.0,13.0,65.0,8.0,29.88,6.4,22 | 71.6,13 | 55.4,65,8 | 4.97,29.88 | 1012,6.4 | 0.25
2016-10-28,22.0,14.0,70.0,7.0,29.94,7.2,22 | 71.6,14 | 57.2,70,7 | 4.35,29.94 | 1014,7.2 | 0.28
2016-10-29,22.0,14.0,68.0,9.0,29.94,8.6,22 | 71.6,14 | 57.2,68,9 | 5.59,29.94 | 1014,8.6 | 0.34
2016-10-30,23.0,14.0,65.0,7.0,29.91,4.3,23 | 73.4,14 | 57.2,65,7 | 4.35,29.91 | 1013,4.3 | 0.17
2016-10-31,23.0,13.0,64.0,5.0,29.94,2.6,23 | 73.4,13 | 55.4,64,5 | 3.11,29.94 | 1014,2.6 | 0.1
2016-11-01,23.0,13.0,64.0,6.0,29.94,6.5,23 | 73.4,13 | 55.4,64,6 | 3.73,29.94 | 1014,6.5 | 0.26
2016-11-02,22.0,14.0,68.0,5.0,29.94,12.4,22 | 71.6,14 | 57.2,68,5 | 3.11,29.94 | 1014,12.4 | 0.49
2016-11-03,21.0,16.0,76.0,5.0,29.97,15.8,21 | 69.8,16 | 60.8,76,5 | 3.11,29.97 | 1015,15.8 | 0.62
2016-11-04,22.0,15.0,72.0,5.0,30.03,14.1,22 | 71.6,15 | 59.0,72,5 | 3.11,30.03 | 1017,14.1 | 0.56
2016-11-05,21.0,14.0,74.0,7.0,30.0,10.0,21 | 69.8,14 | 57.2,74,7 | 4.35,30.0 | 1016,10.0 | 0.39
2016-11-06,22.0,14.0,71.0,7.0,29.97,5.6,22 | 71.6,14 | 57.2,71,7 | 4.35,29.97 | 1015,5.6 | 0.22
2016-11-07,22.0,13.0,68.0,8.0,29.97,3.2,22 | 71.6,13 | 55.4,68,8 | 4.97,29.97 | 1015,3.2 | 0.13
2016-11-08,21.0,14.0,71.0,8.0,30.0,12.2,21 | 69.8,14 | 57.2,71,8 | 4.97,30.0 | 1016,12.2 | 0.48
2016-11-09,22.0,14.0,69.0,6.0,30.0,7.7,22 | 71.6,14 | 57.2,69,6 | 3.73,30.0 | 1016,7.7 | 0.3
2016-11-10,22.0,14.0,72.0,6.0,29.94,13.3,22 | 71.6,14 | 57.2,72,6 | 3.73,29.94 | 1014,13.3 | 0.52
2016-11-11,23.0,14.0,68.0,6.0,29.88,8.0,23 | 73.4,14 | 57.2,68,6 | 3.73,29.88 | 1012,8.0 | 0.31
2016-11-12,22.0,13.0,64.0,8.0,29.88,2.0,22 | 71.6,13 | 55.4,64,8 | 4.97,29.88 | 1012,2.0 | 0.08
2016-11-13,22.0,13.0,64.0,8.0,29.88,2.7,22 | 71.6,13 | 55.4,64,8 | 4.97,29.88 | 1012,2.7 | 0.11
2016-11-14,22.0,14.0,69.0,5.0,29.91,9.0,22 | 71.6,14 | 57.2,69,5 | 3.11,29.91 | 1013,9.0 | 0.35
2016-11-15,22.0,14.0,71.0,8.0,29.88,7.8,22 | 71.6,14 | 57.2,71,8 | 4.97,29.88 | 1012,7.8 | 0.31
2016-11-16,21.0,15.0,75.0,7.0,29.88,17.6,21 | 69.8,15 | 59.0,75,7 | 4.35,29.88 | 1012,17.6 | 0.69
2016-11-17,21.0,16.0,79.0,5.0,29.88,10.5,21 | 69.8,16 | 60.8,79,5 | 3.11,29.88 | 1012,10.5 | 0.41
2016-11-18,21.0,15.0,78.0,5.0,29.91,18.2,21 | 69.8,15 | 59.0,78,5 | 3.11,29.91 | 1013,18.2 | 0.72
2016-11-19,21.0,15.0,79.0,4.0,29.94,15.0,21 | 69.8,15 | 59.0,79,4 | 2.49,29.94 | 1014,15.0 | 0.59
2016-11-20,22.0,14.0,72.0,6.0,29.88,11.2,22 | 71.6,14 | 57.2,72,6 | 3.73,29.88 | 1012,11.2 | 0.44
2016-11-21,22.0,15.0,75.0,8.0,29.88,5.8,22 | 71.6,15 | 59.0,75,8 | 4.97,29.88 | 1012,5.8 | 0.23
2016-11-22,22.0,15.0,75.0,8.0,29.91,8.5,22 | 71.6,15 | 59.0,75,8 | 4.97,29.91 | 1013,8.5 | 0.33
2016-11-23,21.0,15.0,76.0,7.0,29.94,2.0,21 | 69.8,15 | 59.0,76,7 | 4.35,29.94 | 1014,2.0 | 0.08
2016-11-24,22.0,15.0,77.0,7.0,29.94,4.6,22 | 71.6,15 | 59.0,77,7 | 4.35,29.94 | 1014,4.6 | 0.18
2016-11-25,22.0,15.0,74.0,7.0,29.91,3.3,22 | 71.6,15 | 59.0,74,7 | 4.35,29.91 | 1013,3.3 | 0.13
2016-11-26,20.0,16.0,81.0,5.0,29.91,13.3,20 | 68.0,16 | 60.8,81,5 | 3.11,29.91 | 1013,13.3 | 0.52
2016-11-27,21.0,17.0,84.0,4.0,29.91,32.7,21 | 69.8,17 | 62.6,84,4 | 2.49,29.91 | 1013,32.7 | 1.29
2016-11-28,21.0,16.0,80.0,4.0,29.88,20.7,21 | 69.8,16 | 60.8,80,4 | 2.49,29.88 | 1012,20.7 | 0.81
2016-11-29,22.0,16.0,76.0,6.0,29.91,14.0,22 | 71.6,16 | 60.8,76,6 | 3.73,29.91 | 1013,14.0 | 0.55
2016-11-30,21.0,16.0,77.0,6.0,29.94,5.0,21 | 69.8,16 | 60.8,77,6 | 3.73,29.94 | 1014,5.0 | 0.2
2016-12-01,20.0,16.0,82.0,5.0,29.97,14.7,20 | 68.0,16 | 60.8,82,5 | 3.11,29.97 | 1015,14.7 | 0.58
2016-12-02,21.0,16.0,81.0,7.0,29.94,10.8,21 | 69.8,16 | 60.8,81,7 | 4.35,29.94 | 1014,10.8 | 0.43
2016-12-03,21.0,16.0,81.0,6.0,29.94,14.7,21 | 69.8,16 | 60.8,81,6 | 3.73,29.94 | 1014,14.7 | 0.58
2016-12-04,21.0,15.0,77.0,5.0,29.94,5.5,21 | 69.8,15 | 59.0,77,5 | 3.11,29.94 | 1014,5.5 | 0.22
2016-12-05,21.0,14.0,75.0,5.0,29.94,4.9,21 | 69.8,14 | 57.2,75,5 | 3.11,29.94 | 1014,4.9 | 0.19
2016-12-06,21.0,13.0,68.0,7.0,29.91,0.4,21 | 69.8,13 | 55.4,68,7 | 4.35,29.91 | 1013,0.4 | 0.02
2016-12-07,21.0,13.0,68.0,8.0,29.94,1.0,21 | 69.8,13 | 55.4,68,8 | 4.97,29.94 | 1014,1.0 | 0.04
2016-12-08,21.0,15.0,75.0,7.0,29.97,14.4,21 | 69.8,15 | 59.0,75,7 | 4.35,29.97 | 1015,14.4 | 0.57
2016-12-09,21.0,14.0,71.0,8.0,29.97,1.9,21 | 69.8,14 | 57.2,71,8 | 4.97,29.97 | 1015,1.9 | 0.07
2016-12-10,21.0,14.0,73.0,7.0,29.94,4.1,21 | 69.8,14 | 57.2,73,7 | 4.35,29.94 | 1014,4.1 | 0.16
2016-12-11,21.0,15.0,77.0,4.0,29.94,9.3,21 | 69.8,15 | 59.0,77,4 | 2.49,29.94 | 1014,9.3 | 0.37
2016-12-12,21.0,15.0,78.0,4.0,29.94,8.1,21 | 69.8,15 | 59.0,78,4 | 2.49,29.94 | 1014,8.1 | 0.32
2016-12-13,21.0,15.0,74.0,7.0,29.91,5.7,21 | 69.8,15 | 59.0,74,7 | 4.35,29.91 | 1013,5.7 | 0.22
2016-12-14,21.0,13.0,67.0,8.0,29.91,0.6,21 | 69.8,13 | 55.4,67,8 | 4.97,29.91 | 1013,0.6 | 0.02
2016-12-15,21.0,13.0,68.0,8.0,29.97,0.6,21 | 69.8,13 | 55.4,68,8 | 4.97,29.97 | 1015,0.6 | 0.02
2016-12-16,20.0,14.0,75.0,7.0,29.97,2.8,20 | 68.0,14 | 57.2,75,7 | 4.35,29.97 | 1015,2.8 | 0.11
2016-12-17,21.0,13.0,68.0,8.0,29.94,3.2,21 | 69.8,13 | 55.4,68,8 | 4.97,29.94 | 1014,3.2 | 0.13
2016-12-18,23.0,12.0,60.0,7.0,29.91,0.0,23 | 73.4,12 | 53.6,60,7 | 4.35,29.91 | 1013,0.0 | 0.0
2016-12-19,23.0,12.0,60.0,7.0,29.91,0.0,23 | 73.4,12 | 53.6,60,7 | 4.35,29.91 | 1013,0.0 | 0.0
2016-12-20,23.0,10.0,54.0,7.0,29.91,0.0,23 | 73.4,10 | 50.0,54,7 | 4.35,29.91 | 1013,0.0 | 0.0
2016-12-21,22.0,13.0,61.0,6.0,29.88,2.1,22 | 71.6,13 | 55.4,61,6 | 3.73,29.88 | 1012,2.1 | 0.08
2016-12-22,23.0,13.0,61.0,10.0,29.91,2.1,23 | 73.4,13 | 55.4,61,10 | 6.21,29.91 | 1013,2.1 | 0.08
2016-12-23,23.0,11.0,57.0,13.0,29.91,0.0,23 | 73.4,11 | 51.8,57,13 | 8.08,29.91 | 1013,0.0 | 0.0
2016-12-24,23.0,12.0,58.0,11.0,29.88,1.8,23 | 73.4,12 | 53.6,58,11 | 6.84,29.88 | 1012,1.8 | 0.07
2016-12-25,23.0,13.0,64.0,9.0,29.88,5.0,23 | 73.4,13 | 55.4,64,9 | 5.59,29.88 | 1012,5.0 | 0.2
2016-12-26,23.0,13.0,63.0,10.0,29.88,3.9,23 | 73.4,13 | 55.4,63,10 | 6.21,29.88 | 1012,3.9 | 0.15
2016-12-27,22.0,13.0,65.0,8.0,29.88,5.8,22 | 71.6,13 | 55.4,65,8 | 4.97,29.88 | 1012,5.8 | 0.23
2016-12-28,22.0,15.0,72.0,8.0,29.91,11.3,22 | 71.6,15 | 59.0,72,8 | 4.97,29.91 | 1013,11.3 | 0.44
2016-12-29,21.0,14.0,72.0,9.0,29.94,3.5,21 | 69.8,14 | 57.2,72,9 | 5.59,29.94 | 1014,3.5 | 0.14
2016-12-30,22.0,14.0,70.0,7.0,29.94,2.5,22 | 71.6,14 | 57.2,70,7 | 4.35,29.94 | 1014,2.5 | 0.1
2016-12-31,21.0,15.0,75.0,5.0,29.91,13.4,21 | 69.8,15 | 59.0,75,5 | 3.11,29.91 | 1013,13.4 | 0.53
2017-01-01,22.0,13.0,66.0,8.0,29.91,3.6,22 | 71.6,13 | 55.4,66,8 | 4.97,29.91 | 1013,3.6 | 0.14
2017-01-02,21.0,14.0,71.0,8.0,29.94,2.5,21 | 69.8,14 | 57.2,71,8 | 4.97,29.94 | 1014,2.5 | 0.1
2017-01-03,22.0,12.0,64.0,8.0,29.94,1.1,22 | 71.6,12 | 53.6,64,8 | 4.97,29.94 | 1014,1.1 | 0.04
2017-01-04,24.0,11.0,56.0,7.0,29.91,0.0,24 | 75.2,11 | 51.8,56,7 | 4.35,29.91 | 1013,0.0 | 0.0
2017-01-05,23.0,11.0,54.0,8.0,29.88,0.0,23 | 73.4,11 | 51.8,54,8 | 4.97,29.88 | 1012,0.0 | 0.0
2017-01-06,24.0,10.0,51.0,8.0,29.91,0.0,24 | 75.2,10 | 50.0,51,8 | 4.97,29.91 | 1013,0.0 | 0.0
2017-01-07,22.0,10.0,53.0,9.0,29.91,0.0,22 | 71.6,10 | 50.0,53,9 | 5.59,29.91 | 1013,0.0 | 0.0
2017-01-08,22.0,11.0,53.0,9.0,29.91,0.7,22 | 71.6,11 | 51.8,53,9 | 5.59,29.91 | 1013,0.7 | 0.03
2017-01-09,22.0,11.0,55.0,9.0,29.88,1.1,22 | 71.6,11 | 51.8,55,9 | 5.59,29.88 | 1012,1.1 | 0.04
2017-01-10,22.0,12.0,61.0,10.0,29.88,0.8,22 | 71.6,12 | 53.6,61,10 | 6.21,29.88 | 1012,0.8 | 0.03
2017-01-11,23.0,11.0,56.0,9.0,29.88,0.9,23 | 73.4,11 | 51.8,56,9 | 5.59,29.88 | 1012,0.9 | 0.04
2017-01-12,24.0,7.0,44.0,8.0,29.91,0.1,24 | 75.2,7 | 44.6,44,8 | 4.97,29.91 | 1013,0.1 | 0.0
2017-01-13,22.0,8.0,45.0,9.0,29.91,0.0,22 | 71.6,8 | 46.4,45,9 | 5.59,29.91 | 1013,0.0 | 0.0
2017-01-14,23.0,10.0,52.0,7.0,29.88,0.5,23 | 73.4,10 | 50.0,52,7 | 4.35,29.88 | 1012,0.5 | 0.02
2017-01-15,24.0,12.0,56.0,8.0,29.88,1.1,24 | 75.2,12 | 53.6,56,8 | 4.97,29.88 | 1012,1.1 | 0.04
2017-01-16,25.0,9.0,47.0,10.0,29.88,0.2,25 | 77.0,9 | 48.2,47,10 | 6.21,29.88 | 1012,0.2 | 0.01
2017-01-17,25.0,8.0,44.0,9.0,29.88,0.0,25 | 77.0,8 | 46.4,44,9 | 5.59,29.88 | 1012,0.0 | 0.0
2017-01-18,24.0,9.0,47.0,10.0,29.88,0.0,24 | 75.2,9 | 48.2,47,10 | 6.21,29.88 | 1012,0.0 | 0.0
2017-01-19,24.0,10.0,47.0,8.0,29.91,0.0,24 | 75.2,10 | 50.0,47,8 | 4.97,29.91 | 1013,0.0 | 0.0
2017-01-20,23.0,10.0,49.0,9.0,29.91,0.4,23 | 73.4,10 | 50.0,49,9 | 5.59,29.91 | 1013,0.4 | 0.02
2017-01-21,24.0,11.0,52.0,8.0,29.91,0.5,24 | 75.2,11 | 51.8,52,8 | 4.97,29.91 | 1013,0.5 | 0.02
2017-01-22,24.0,12.0,55.0,9.0,29.91,1.0,24 | 75.2,12 | 53.6,55,9 | 5.59,29.91 | 1013,1.0 | 0.04
2017-01-23,25.0,10.0,48.0,9.0,29.91,0.0,25 | 77.0,10 | 50.0,48,9 | 5.59,29.91 | 1013,0.0 | 0.0
2017-01-24,24.0,9.0,47.0,9.0,29.91,0.0,24 | 75.2,9 | 48.2,47,9 | 5.59,29.91 | 1013,0.0 | 0.0
2017-01-25,23.0,10.0,49.0,12.0,29.91,0.5,23 | 73.4,10 | 50.0,49,12 | 7.46,29.91 | 1013,0.5 | 0.02
2017-01-26,23.0,12.0,59.0,11.0,29.97,0.2,23 | 73.4,12 | 53.6,59,11 | 6.84,29.97 | 1015,0.2 | 0.01
2017-01-27,22.0,11.0,57.0,11.0,29.97,1.2,22 | 71.6,11 | 51.8,57,11 | 6.84,29.97 | 1015,1.2 | 0.05
2017-01-28,23.0,12.0,59.0,8.0,29.97,1.0,23 | 73.4,12 | 53.6,59,8 | 4.97,29.97 | 1015,1.0 | 0.04
2017-01-29,21.0,15.0,74.0,7.0,29.97,8.2,21 | 69.8,15 | 59.0,74,7 | 4.35,29.97 | 1015,8.2 | 0.32
2017-01-30,22.0,14.0,71.0,7.0,29.97,2.5,22 | 71.6,14 | 57.2,71,7 | 4.35,29.97 | 1015,2.5 | 0.1
2017-01-31,21.0,15.0,76.0,7.0,29.94,11.6,21 | 69.8,15 | 59.0,76,7 | 4.35,29.94 | 1014,11.6 | 0.46
2017-02-01,23.0,13.0,67.0,8.0,29.91,0.2,23 | 73.4,13 | 55.4,67,8 | 4.97,29.91 | 1013,0.2 | 0.01
2017-02-02,23.0,14.0,67.0,10.0,29.91,3.9,23 | 73.4,14 | 57.2,67,10 | 6.21,29.91 | 1013,3.9 | 0.15
2017-02-03,22.0,14.0,68.0,9.0,29.94,7.6,22 | 71.6,14 | 57.2,68,9 | 5.59,29.94 | 1014,7.6 | 0.3
2017-02-04,22.0,14.0,71.0,9.0,29.97,10.9,22 | 71.6,14 | 57.2,71,9 | 5.59,29.97 | 1015,10.9 | 0.43
2017-02-05,23.0,12.0,60.0,7.0,29.94,0.5,23 | 73.4,12 | 53.6,60,7 | 4.35,29.94 | 1014,0.5 | 0.02
2017-02-06,24.0,12.0,57.0,8.0,29.91,1.8,24 | 75.2,12 | 53.6,57,8 | 4.97,29.91 | 1013,1.8 | 0.07
2017-02-07,24.0,12.0,57.0,9.0,29.88,0.9,24 | 75.2,12 | 53.6,57,9 | 5.59,29.88 | 1012,0.9 | 0.04
2017-02-08,23.0,12.0,59.0,9.0,29.88,0.2,23 | 73.4,12 | 53.6,59,9 | 5.59,29.88 | 1012,0.2 | 0.01
2017-02-09,24.0,10.0,53.0,10.0,29.88,0.6,24 | 75.2,10 | 50.0,53,10 | 6.21,29.88 | 1012,0.6 | 0.02
2017-02-10,24.0,10.0,46.0,9.0,29.85,0.0,24 | 75.2,10 | 50.0,46,9 | 5.59,29.85 | 1011,0.0 | 0.0
2017-02-11,24.0,12.0,53.0,7.0,29.85,0.0,24 | 75.2,12 | 53.6,53,7 | 4.35,29.85 | 1011,0.0 | 0.0
2017-02-12,25.0,10.0,47.0,8.0,29.85,0.0,25 | 77.0,10 | 50.0,47,8 | 4.97,29.85 | 1011,0.0 | 0.0
2017-02-13,25.0,8.0,40.0,9.0,29.85,0.0,25 | 77.0,8 | 46.4,40,9 | 5.59,29.85 | 1011,0.0 | 0.0
2017-02-14,24.0,12.0,55.0,9.0,29.88,1.9,24 | 75.2,12 | 53.6,55,9 | 5.59,29.88 | 1012,1.9 | 0.07
2017-02-15,24.0,12.0,56.0,9.0,29.88,0.7,24 | 75.2,12 | 53.6,56,9 | 5.59,29.88 | 1012,0.7 | 0.03
2017-02-16,23.0,12.0,57.0,8.0,29.91,6.9,23 | 73.4,12 | 53.6,57,8 | 4.97,29.91 | 1013,6.9 | 0.27
2017-02-17,22.0,14.0,68.0,8.0,29.94,7.4,22 | 71.6,14 | 57.2,68,8 | 4.97,29.94 | 1014,7.4 | 0.29
2017-02-18,22.0,15.0,75.0,5.0,29.97,17.0,22 | 71.6,15 | 59.0,75,5 | 3.11,29.97 | 1015,17.0 | 0.67
2017-02-19,22.0,15.0,76.0,5.0,29.97,12.7,22 | 71.6,15 | 59.0,76,5 | 3.11,29.97 | 1015,12.7 | 0.5
2017-02-20,22.0,14.0,71.0,7.0,29.94,3.5,22 | 71.6,14 | 57.2,71,7 | 4.35,29.94 | 1014,3.5 | 0.14
2017-02-21,22.0,14.0,70.0,8.0,29.91,6.7,22 | 71.6,14 | 57.2,70,8 | 4.97,29.91 | 1013,6.7 | 0.26
2017-02-22,21.0,15.0,76.0,7.0,29.97,12.4,21 | 69.8,15 | 59.0,76,7 | 4.35,29.97 | 1015,12.4 | 0.49
2017-02-23,22.0,14.0,66.0,8.0,29.94,1.0,22 | 71.6,14 | 57.2,66,8 | 4.97,29.94 | 1014,1.0 | 0.04
2017-02-24,22.0,14.0,70.0,9.0,29.91,7.4,22 | 71.6,14 | 57.2,70,9 | 5.59,29.91 | 1013,7.4 | 0.29
2017-02-25,22.0,15.0,75.0,6.0,29.94,7.7,22 | 71.6,15 | 59.0,75,6 | 3.73,29.94 | 1014,7.7 | 0.3
2017-02-26,22.0,14.0,73.0,5.0,29.91,3.2,22 | 71.6,14 | 57.2,73,5 | 3.11,29.91 | 1013,3.2 | 0.13
2017-02-27,21.0,15.0,76.0,6.0,29.88,7.2,21 | 69.8,15 | 59.0,76,6 | 3.73,29.88 | 1012,7.2 | 0.28
2017-02-28,21.0,14.0,75.0,6.0,29.91,9.6,21 | 69.8,14 | 57.2,75,6 | 3.73,29.91 | 1013,9.6 | 0.38
2017-03-01,22.0,14.0,71.0,7.0,29.91,5.8,22 | 71.6,14 | 57.2,71,7 | 4.35,29.91 | 1013,5.8 | 0.23
2017-03-02,22.0,13.0,69.0,8.0,29.91,3.2,22 | 71.6,13 | 55.4,69,8 | 4.97,29.91 | 1013,3.2 | 0.13
2017-03-03,21.0,15.0,74.0,8.0,29.91,11.2,21 | 69.8,15 | 59.0,74,8 | 4.97,29.91 | 1013,11.2 | 0.44
2017-03-04,22.0,15.0,72.0,7.0,29.88,4.7,22 | 71.6,15 | 59.0,72,7 | 4.35,29.88 | 1012,4.7 | 0.19
2017-03-05,23.0,14.0,68.0,8.0,29.88,0.9,23 | 73.4,14 | 57.2,68,8 | 4.97,29.88 | 1012,0.9 | 0.04
2017-03-06,23.0,14.0,66.0,6.0,29.85,2.4,23 | 73.4,14 | 57.2,66,6 | 3.73,29.85 | 1011,2.4 | 0.09
2017-03-07,23.0,14.0,68.0,7.0,29.85,6.0,23 | 73.4,14 | 57.2,68,7 | 4.35,29.85 | 1011,6.0 | 0.24
2017-03-08,24.0,14.0,67.0,7.0,29.85,4.2,24 | 75.2,14 | 57.2,67,7 | 4.35,29.85 | 1011,4.2 | 0.17
2017-03-09,22.0,15.0,72.0,7.0,29.88,6.4,22 | 71.6,15 | 59.0,72,7 | 4.35,29.88 | 1012,6.4 | 0.25
2017-03-10,23.0,14.0,72.0,8.0,29.88,6.5,23 | 73.4,14 | 57.2,72,8 | 4.97,29.88 | 1012,6.5 | 0.26
2017-03-11,25.0,12.0,59.0,9.0,29.85,0.8,25 | 77.0,12 | 53.6,59,9 | 5.59,29.85 | 1011,0.8 | 0.03
2017-03-12,24.0,10.0,49.0,8.0,29.88,0.0,24 | 75.2,10 | 50.0,49,8 | 4.97,29.88 | 1012,0.0 | 0.0
2017-03-13,24.0,12.0,56.0,10.0,29.88,0.5,24 | 75.2,12 | 53.6,56,10 | 6.21,29.88 | 1012,0.5 | 0.02
2017-03-14,24.0,12.0,58.0,9.0,29.88,3.2,24 | 75.2,12 | 53.6,58,9 | 5.59,29.88 | 1012,3.2 | 0.13
2017-03-15,23.0,14.0,67.0,7.0,29.88,3.4,23 | 73.4,14 | 57.2,67,7 | 4.35,29.88 | 1012,3.4 | 0.13
2017-03-16,22.0,15.0,72.0,7.0,29.88,6.5,22 | 71.6,15 | 59.0,72,7 | 4.35,29.88 | 1012,6.5 | 0.26
2017-03-17,20.0,16.0,81.0,5.0,29.94,43.7,20 | 68.0,16 | 60.8,81,5 | 3.11,29.94 | 1014,43.7 | 1.72
2017-03-18,23.0,14.0,66.0,8.0,29.91,1.6,23 | 73.4,14 | 57.2,66,8 | 4.97,29.91 | 1013,1.6 | 0.06
2017-03-19,23.0,15.0,69.0,5.0,29.94,4.9,23 | 73.4,15 | 59.0,69,5 | 3.11,29.94 | 1014,4.9 | 0.19
2017-03-20,22.0,14.0,69.0,7.0,29.91,0.6,22 | 71.6,14 | 57.2,69,7 | 4.35,29.91 | 1013,0.6 | 0.02
2017-03-21,23.0,15.0,71.0,5.0,29.91,2.3,23 | 73.4,15 | 59.0,71,5 | 3.11,29.91 | 1013,2.3 | 0.09
2017-03-22,23.0,15.0,70.0,6.0,29.88,3.4,23 | 73.4,15 | 59.0,70,6 | 3.73,29.88 | 1012,3.4 | 0.13
2017-03-23,23.0,14.0,66.0,6.0,29.91,0.7,23 | 73.4,14 | 57.2,66,6 | 3.73,29.91 | 1013,0.7 | 0.03
2017-03-24,22.0,15.0,70.0,7.0,29.91,1.2,22 | 71.6,15 | 59.0,70,7 | 4.35,29.91 | 1013,1.2 | 0.05
2017-03-25,21.0,16.0,77.0,7.0,29.97,11.2,21 | 69.8,16 | 60.8,77,7 | 4.35,29.97 | 1015,11.2 | 0.44
2017-03-26,22.0,15.0,75.0,5.0,29.97,9.9,22 | 71.6,15 | 59.0,75,5 | 3.11,29.97 | 1015,9.9 | 0.39
2017-03-27,22.0,16.0,74.0,5.0,29.94,11.9,22 | 71.6,16 | 60.8,74,5 | 3.11,29.94 | 1014,11.9 | 0.47
2017-03-28,23.0,15.0,69.0,6.0,29.91,4.2,23 | 73.4,15 | 59.0,69,6 | 3.73,29.91 | 1013,4.2 | 0.17
2017-03-29,23.0,15.0,69.0,7.0,29.88,6.2,23 | 73.4,15 | 59.0,69,7 | 4.35,29.88 | 1012,6.2 | 0.24
2017-03-30,22.0,15.0,73.0,7.0,29.91,8.7,22 | 71.6,15 | 59.0,73,7 | 4.35,29.91 | 1013,8.7 | 0.34
2017-03-31,22.0,14.0,71.0,7.0,29.97,4.0,22 | 71.6,14 | 57.2,71,7 | 4.35,29.97 | 1015,4.0 | 0.16
2017-04-01,23.0,14.0,66.0,7.0,29.94,1.6,23 | 73.4,14 | 57.2,66,7 | 4.35,29.94 | 1014,1.6 | 0.06
2017-04-02,23.0,12.0,56.0,9.0,29.94,0.0,23 | 73.4,12 | 53.6,56,9 | 5.59,29.94 | 1014,0.0 | 0.0
2017-04-03,24.0,12.0,53.0,9.0,29.91,0.2,24 | 75.2,12 | 53.6,53,9 | 5.59,29.91 | 1013,0.2 | 0.01
2017-04-04,24.0,13.0,61.0,9.0,29.94,1.0,24 | 75.2,13 | 55.4,61,9 | 5.59,29.94 | 1014,1.0 | 0.04
2017-04-05,24.0,14.0,66.0,10.0,29.94,0.5,24 | 75.2,14 | 57.2,66,10 | 6.21,29.94 | 1014,0.5 | 0.02
2017-04-06,22.0,14.0,72.0,7.0,29.91,13.1,22 | 71.6,14 | 57.2,72,7 | 4.35,29.91 | 1013,13.1 | 0.52
2017-04-07,22.0,15.0,72.0,6.0,29.91,4.1,22 | 71.6,15 | 59.0,72,6 | 3.73,29.91 | 1013,4.1 | 0.16
2017-04-08,20.0,15.0,80.0,5.0,29.91,10.7,20 | 68.0,15 | 59.0,80,5 | 3.11,29.91 | 1013,10.7 | 0.42
2017-04-09,22.0,15.0,72.0,7.0,29.91,6.0,22 | 71.6,15 | 59.0,72,7 | 4.35,29.91 | 1013,6.0 | 0.24
2017-04-10,22.0,15.0,72.0,7.0,29.88,13.2,22 | 71.6,15 | 59.0,72,7 | 4.35,29.88 | 1012,13.2 | 0.52
2017-04-11,22.0,14.0,71.0,9.0,29.85,5.8,22 | 71.6,14 | 57.2,71,9 | 5.59,29.85 | 1011,5.8 | 0.23
2017-04-12,23.0,14.0,65.0,10.0,29.88,1.9,23 | 73.4,14 | 57.2,65,10 | 6.21,29.88 | 1012,1.9 | 0.07
2017-04-13,24.0,13.0,58.0,11.0,29.91,0.1,24 | 75.2,13 | 55.4,58,11 | 6.84,29.91 | 1013,0.1 | 0.0
2017-04-14,24.0,12.0,54.0,12.0,29.91,0.0,24 | 75.2,12 | 53.6,54,12 | 7.46,29.91 | 1013,0.0 | 0.0
2017-04-15,24.0,13.0,56.0,10.0,29.91,0.0,24 | 75.2,13 | 55.4,56,10 | 6.21,29.91 | 1013,0.0 | 0.0
2017-04-16,22.0,15.0,71.0,8.0,29.91,2.6,22 | 71.6,15 | 59.0,71,8 | 4.97,29.91 | 1013,2.6 | 0.1
2017-04-17,21.0,16.0,81.0,6.0,29.91,6.9,21 | 69.8,16 | 60.8,81,6 | 3.73,29.91 | 1013,6.9 | 0.27
2017-04-18,20.0,16.0,85.0,5.0,29.97,35.0,20 | 68.0,16 | 60.8,85,5 | 3.11,29.97 | 1015,35.0 | 1.38
2017-04-19,21.0,17.0,81.0,7.0,29.91,23.9,21 | 69.8,17 | 62.6,81,7 | 4.35,29.91 | 1013,23.9 | 0.94
2017-04-20,21.0,17.0,85.0,4.0,29.91,18.5,21 | 69.8,17 | 62.6,85,4 | 2.49,29.91 | 1013,18.5 | 0.73
2017-04-21,22.0,16.0,80.0,5.0,29.91,1.4,22 | 71.6,16 | 60.8,80,5 | 3.11,29.91 | 1013,1.4 | 0.06
2017-04-22,22.0,16.0,77.0,7.0,29.91,2.5,22 | 71.6,16 | 60.8,77,7 | 4.35,29.91 | 1013,2.5 | 0.1
2017-04-23,22.0,16.0,78.0,7.0,29.94,5.8,22 | 71.6,16 | 60.8,78,7 | 4.35,29.94 | 1014,5.8 | 0.23
2017-04-24,22.0,16.0,79.0,6.0,29.94,3.3,22 | 71.6,16 | 60.8,79,6 | 3.73,29.94 | 1014,3.3 | 0.13
2017-04-25,22.0,15.0,78.0,9.0,29.94,4.9,22 | 71.6,15 | 59.0,78,9 | 5.59,29.94 | 1014,4.9 | 0.19
2017-04-26,22.0,15.0,73.0,10.0,29.97,0.9,22 | 71.6,15 | 59.0,73,10 | 6.21,29.97 | 1015,0.9 | 0.04
2017-04-27,22.0,15.0,73.0,10.0,29.97,4.2,22 | 71.6,15 | 59.0,73,10 | 6.21,29.97 | 1015,4.2 | 0.17
2017-04-28,21.0,16.0,81.0,6.0,29.97,20.2,21 | 69.8,16 | 60.8,81,6 | 3.73,29.97 | 1015,20.2 | 0.8
2017-04-29,20.0,16.0,86.0,6.0,30.0,14.7,20 | 68.0,16 | 60.8,86,6 | 3.73,30.0 | 1016,14.7 | 0.58
2017-04-30,20.0,16.0,83.0,5.0,30.0,16.2,20 | 68.0,16 | 60.8,83,5 | 3.11,30.0 | 1016,16.2 | 0.64
2017-05-01,18.0,15.0,88.0,6.0,30.0,17.9,18 | 64.4,15 | 59.0,88,6 | 3.73,30.0 | 1016,17.9 | 0.7
2017-05-02,20.0,16.0,85.0,7.0,29.97,4.1,20 | 68.0,16 | 60.8,85,7 | 4.35,29.97 | 1015,4.1 | 0.16
2017-05-03,20.0,16.0,85.0,8.0,29.94,15.5,20 | 68.0,16 | 60.8,85,8 | 4.97,29.94 | 1014,15.5 | 0.61
2017-05-04,20.0,16.0,85.0,8.0,29.91,14.7,20 | 68.0,16 | 60.8,85,8 | 4.97,29.91 | 1013,14.7 | 0.58
2017-05-05,20.0,16.0,84.0,7.0,29.94,6.3,20 | 68.0,16 | 60.8,84,7 | 4.35,29.94 | 1014,6.3 | 0.25
2017-05-06,20.0,16.0,85.0,6.0,29.97,6.8,20 | 68.0,16 | 60.8,85,6 | 3.73,29.97 | 1015,6.8 | 0.27
2017-05-07,20.0,16.0,87.0,7.0,29.97,14.1,20 | 68.0,16 | 60.8,87,7 | 4.35,29.97 | 1015,14.1 | 0.56
2017-05-08,20.0,16.0,84.0,8.0,29.97,4.6,20 | 68.0,16 | 60.8,84,8 | 4.97,29.97 | 1015,4.6 | 0.18
2017-05-09,21.0,16.0,83.0,10.0,29.94,6.7,21 | 69.8,16 | 60.8,83,10 | 6.21,29.94 | 1014,6.7 | 0.26
2017-05-10,21.0,16.0,83.0,9.0,29.94,5.9,21 | 69.8,16 | 60.8,83,9 | 5.59,29.94 | 1014,5.9 | 0.23
2017-05-11,20.0,16.0,84.0,9.0,29.94,4.2,20 | 68.0,16 | 60.8,84,9 | 5.59,29.94 | 1014,4.2 | 0.17
2017-05-12,20.0,16.0,85.0,6.0,29.97,10.8,20 | 68.0,16 | 60.8,85,6 | 3.73,29.97 | 1015,10.8 | 0.43
2017-05-13,21.0,17.0,84.0,6.0,29.94,14.6,21 | 69.8,17 | 62.6,84,6 | 3.73,29.94 | 1014,14.6 | 0.57
2017-05-14,21.0,16.0,80.0,9.0,29.94,6.7,21 | 69.8,16 | 60.8,80,9 | 5.59,29.94 | 1014,6.7 | 0.26
2017-05-15,21.0,15.0,82.0,8.0,29.97,3.1,21 | 69.8,15 | 59.0,82,8 | 4.97,29.97 | 1015,3.1 | 0.12
2017-05-16,21.0,16.0,82.0,7.0,30.0,4.0,21 | 69.8,16 | 60.8,82,7 | 4.35,30.0 | 1016,4.0 | 0.16
2017-05-17,21.0,17.0,84.0,7.0,29.97,15.7,21 | 69.8,17 | 62.6,84,7 | 4.35,29.97 | 1015,15.7 | 0.62
2017-05-18,21.0,16.0,84.0,7.0,29.97,4.5,21 | 69.8,16 | 60.8,84,7 | 4.35,29.97 | 1015,4.5 | 0.18
2017-05-19,21.0,16.0,83.0,6.0,30.03,9.7,21 | 69.8,16 | 60.8,83,6 | 3.73,30.03 | 1017,9.7 | 0.38
2017-05-20,21.0,16.0,79.0,9.0,30.03,1.1,21 | 69.8,16 | 60.8,79,9 | 5.59,30.03 | 1017,1.1 | 0.04
2017-05-21,21.0,15.0,79.0,9.0,30.0,4.4,21 | 69.8,15 | 59.0,79,9 | 5.59,30.0 | 1016,4.4 | 0.17
2017-05-22,21.0,15.0,76.0,11.0,29.97,1.2,21 | 69.8,15 | 59.0,76,11 | 6.84,29.97 | 1015,1.2 | 0.05
2017-05-23,21.0,14.0,75.0,14.0,29.97,8.5,21 | 69.8,14 | 57.2,75,14 | 8.7,29.97 | 1015,8.5 | 0.33
2017-05-24,21.0,15.0,77.0,9.0,29.97,1.2,21 | 69.8,15 | 59.0,77,9 | 5.59,29.97 | 1015,1.2 | 0.05
2017-05-25,21.0,15.0,78.0,8.0,29.94,0.9,21 | 69.8,15 | 59.0,78,8 | 4.97,29.94 | 1014,0.9 | 0.04
2017-05-26,21.0,15.0,80.0,7.0,29.94,0.7,21 | 69.8,15 | 59.0,80,7 | 4.35,29.94 | 1014,0.7 | 0.03
2017-05-27,21.0,16.0,80.0,7.0,29.97,5.7,21 | 69.8,16 | 60.8,80,7 | 4.35,29.97 | 1015,5.7 | 0.22
2017-05-28,20.0,16.0,81.0,6.0,30.0,3.2,20 | 68.0,16 | 60.8,81,6 | 3.73,30.0 | 1016,3.2 | 0.13
2017-05-29,21.0,16.0,80.0,7.0,30.0,5.6,21 | 69.8,16 | 60.8,80,7 | 4.35,30.0 | 1016,5.6 | 0.22
2017-05-30,21.0,16.0,82.0,7.0,30.03,14.1,21 | 69.8,16 | 60.8,82,7 | 4.35,30.03 | 1017,14.1 | 0.56
2017-05-31,21.0,16.0,81.0,7.0,30.03,5.2,21 | 69.8,16 | 60.8,81,7 | 4.35,30.03 | 1017,5.2 | 0.2
2017-06-01,21.0,16.0,82.0,5.0,30.03,2.4,21 | 69.8,16 | 60.8,82,5 | 3.11,30.03 | 1017,2.4 | 0.09
2017-06-02,21.0,16.0,81.0,6.0,30.03,6.9,21 | 69.8,16 | 60.8,81,6 | 3.73,30.03 | 1017,6.9 | 0.27
2017-06-03,21.0,15.0,79.0,8.0,30.03,1.4,21 | 69.8,15 | 59.0,79,8 | 4.97,30.03 | 1017,1.4 | 0.06
2017-06-04,21.0,15.0,79.0,8.0,30.0,0.8,21 | 69.8,15 | 59.0,79,8 | 4.97,30.0 | 1016,0.8 | 0.03
2017-06-05,21.0,16.0,79.0,6.0,30.0,0.9,21 | 69.8,16 | 60.8,79,6 | 3.73,30.0 | 1016,0.9 | 0.04
2017-06-06,21.0,15.0,77.0,8.0,30.0,0.6,21 | 69.8,15 | 59.0,77,8 | 4.97,30.0 | 1016,0.6 | 0.02
2017-06-07,21.0,15.0,77.0,9.0,29.97,0.8,21 | 69.8,15 | 59.0,77,9 | 5.59,29.97 | 1015,0.8 | 0.03
2017-06-08,21.0,16.0,79.0,7.0,29.97,2.6,21 | 69.8,16 | 60.8,79,7 | 4.35,29.97 | 1015,2.6 | 0.1
2017-06-09,21.0,16.0,80.0,6.0,29.97,5.5,21 | 69.8,16 | 60.8,80,6 | 3.73,29.97 | 1015,5.5 | 0.22
2017-06-10,22.0,15.0,76.0,10.0,29.97,2.7,22 | 71.6,15 | 59.0,76,10 | 6.21,29.97 | 1015,2.7 | 0.11
2017-06-11,22.0,14.0,68.0,12.0,29.97,0.8,22 | 71.6,14 | 57.2,68,12 | 7.46,29.97 | 1015,0.8 | 0.03
2017-06-12,21.0,13.0,68.0,13.0,29.94,1.9,21 | 69.8,13 | 55.4,68,13 | 8.08,29.94 | 1014,1.9 | 0.07
2017-06-13,22.0,14.0,73.0,12.0,29.94,3.4,22 | 71.6,14 | 57.2,73,12 | 7.46,29.94 | 1014,3.4 | 0.13
2017-06-14,21.0,15.0,79.0,9.0,29.97,10.6,21 | 69.8,15 | 59.0,79,9 | 5.59,29.97 | 1015,10.6 | 0.42
2017-06-15,20.0,15.0,82.0,6.0,29.97,9.9,20 | 68.0,15 | 59.0,82,6 | 3.73,29.97 | 1015,9.9 | 0.39
2017-06-16,21.0,16.0,79.0,6.0,29.97,6.4,21 | 69.8,16 | 60.8,79,6 | 3.73,29.97 | 1015,6.4 | 0.25
2017-06-17,21.0,15.0,76.0,8.0,29.94,4.9,21 | 69.8,15 | 59.0,76,8 | 4.97,29.94 | 1014,4.9 | 0.19
2017-06-18,20.0,14.0,74.0,9.0,29.94,0.8,20 | 68.0,14 | 57.2,74,9 | 5.59,29.94 | 1014,0.8 | 0.03
2017-06-19,20.0,14.0,75.0,10.0,29.97,4.6,20 | 68.0,14 | 57.2,75,10 | 6.21,29.97 | 1015,4.6 | 0.18
2017-06-20,21.0,13.0,74.0,9.0,30.0,3.3,21 | 69.8,13 | 55.4,74,9 | 5.59,30.0 | 1016,3.3 | 0.13
2017-06-21,21.0,14.0,77.0,8.0,29.97,4.1,21 | 69.8,14 | 57.2,77,8 | 4.97,29.97 | 1015,4.1 | 0.16
2017-06-22,21.0,15.0,77.0,7.0,29.97,8.2,21 | 69.8,15 | 59.0,77,7 | 4.35,29.97 | 1015,8.2 | 0.32
2017-06-23,21.0,15.0,76.0,8.0,30.0,3.1,21 | 69.8,15 | 59.0,76,8 | 4.97,30.0 | 1016,3.1 | 0.12
2017-06-24,21.0,13.0,66.0,14.0,29.97,1.1,21 | 69.8,13 | 55.4,66,14 | 8.7,29.97 | 1015,1.1 | 0.04
2017-06-25,21.0,13.0,73.0,10.0,29.97,4.2,21 | 69.8,13 | 55.4,73,10 | 6.21,29.97 | 1015,4.2 | 0.17
2017-06-26,21.0,14.0,76.0,7.0,29.97,7.3,21 | 69.8,14 | 57.2,76,7 | 4.35,29.97 | 1015,7.3 | 0.29
2017-06-27,21.0,14.0,73.0,9.0,29.97,2.3,21 | 69.8,14 | 57.2,73,9 | 5.59,29.97 | 1015,2.3 | 0.09
2017-06-28,20.0,13.0,72.0,10.0,29.97,3.9,20 | 68.0,13 | 55.4,72,10 | 6.21,29.97 | 1015,3.9 | 0.15
2017-06-29,20.0,14.0,74.0,8.0,30.0,3.3,20 | 68.0,14 | 57.2,74,8 | 4.97,30.0 | 1016,3.3 | 0.13
2017-06-30,21.0,14.0,77.0,6.0,30.0,6.0,21 | 69.8,14 | 57.2,77,6 | 3.73,30.0 | 1016,6.0 | 0.24
2017-07-01,21.0,14.0,75.0,9.0,29.97,2.9,21 | 69.8,14 | 57.2,75,9 | 5.59,29.97 | 1015,2.9 | 0.11
2017-07-02,21.0,15.0,75.0,8.0,29.97,5.5,21 | 69.8,15 | 59.0,75,8 | 4.97,29.97 | 1015,5.5 | 0.22
2017-07-03,20.0,14.0,77.0,7.0,30.0,3.6,20 | 68.0,14 | 57.2,77,7 | 4.35,30.0 | 1016,3.6 | 0.14
2017-07-04,19.0,15.0,83.0,6.0,30.03,9.0,19 | 66.2,15 | 59.0,83,6 | 3.73,30.03 | 1017,9.0 | 0.35
2017-07-05,20.0,14.0,74.0,10.0,30.0,10.4,20 | 68.0,14 | 57.2,74,10 | 6.21,30.0 | 1016,10.4 | 0.41
2017-07-06,20.0,15.0,77.0,7.0,30.03,8.4,20 | 68.0,15 | 59.0,77,7 | 4.35,30.03 | 1017,8.4 | 0.33
2017-07-07,21.0,13.0,73.0,8.0,30.06,4.9,21 | 69.8,13 | 55.4,73,8 | 4.97,30.06 | 1018,4.9 | 0.19
2017-07-08,21.0,11.0,64.0,9.0,30.03,0.0,21 | 69.8,11 | 51.8,64,9 | 5.59,30.03 | 1017,0.0 | 0.0
2017-07-09,21.0,12.0,66.0,9.0,30.03,0.0,21 | 69.8,12 | 53.6,66,9 | 5.59,30.03 | 1017,0.0 | 0.0
2017-07-10,21.0,12.0,70.0,8.0,30.0,0.2,21 | 69.8,12 | 53.6,70,8 | 4.97,30.0 | 1016,0.2 | 0.01
2017-07-11,21.0,12.0,65.0,8.0,30.0,0.2,21 | 69.8,12 | 53.6,65,8 | 4.97,30.0 | 1016,0.2 | 0.01
2017-07-12,21.0,14.0,72.0,8.0,30.03,2.9,21 | 69.8,14 | 57.2,72,8 | 4.97,30.03 | 1017,2.9 | 0.11
2017-07-13,21.0,14.0,73.0,8.0,30.0,3.5,21 | 69.8,14 | 57.2,73,8 | 4.97,30.0 | 1016,3.5 | 0.14
2017-07-14,21.0,14.0,76.0,6.0,30.0,3.4,21 | 69.8,14 | 57.2,76,6 | 3.73,30.0 | 1016,3.4 | 0.13
2017-07-15,21.0,15.0,76.0,7.0,30.0,8.5,21 | 69.8,15 | 59.0,76,7 | 4.35,30.0 | 1016,8.5 | 0.33
2017-07-16,21.0,14.0,75.0,7.0,30.0,9.4,21 | 69.8,14 | 57.2,75,7 | 4.35,30.0 | 1016,9.4 | 0.37
2017-07-17,22.0,14.0,73.0,8.0,30.0,7.0,22 | 71.6,14 | 57.2,73,8 | 4.97,30.0 | 1016,7.0 | 0.28
2017-07-18,22.0,14.0,69.0,9.0,30.03,6.8,22 | 71.6,14 | 57.2,69,9 | 5.59,30.03 | 1017,6.8 | 0.27
2017-07-19,21.0,12.0,65.0,7.0,30.03,0.7,21 | 69.8,12 | 53.6,65,7 | 4.35,30.03 | 1017,0.7 | 0.03
2017-07-20,22.0,13.0,65.0,6.0,30.0,1.5,22 | 71.6,13 | 55.4,65,6 | 3.73,30.0 | 1016,1.5 | 0.06
2017-07-21,22.0,13.0,70.0,6.0,29.97,0.0,22 | 71.6,13 | 55.4,70,6 | 3.73,29.97 | 1015,0.0 | 0.0
2017-07-22,21.0,14.0,74.0,7.0,29.97,3.4,21 | 69.8,14 | 57.2,74,7 | 4.35,29.97 | 1015,3.4 | 0.13
2017-07-23,21.0,14.0,73.0,5.0,29.97,8.1,21 | 69.8,14 | 57.2,73,5 | 3.11,29.97 | 1015,8.1 | 0.32
2017-07-24,21.0,15.0,75.0,6.0,29.97,7.6,21 | 69.8,15 | 59.0,75,6 | 3.73,29.97 | 1015,7.6 | 0.3
2017-07-25,21.0,14.0,72.0,5.0,30.0,3.3,21 | 69.8,14 | 57.2,72,5 | 3.11,30.0 | 1016,3.3 | 0.13
2017-07-26,22.0,15.0,74.0,6.0,30.0,1.4,22 | 71.6,15 | 59.0,74,6 | 3.73,30.0 | 1016,1.4 | 0.06
2017-07-27,21.0,15.0,76.0,5.0,30.0,9.2,21 | 69.8,15 | 59.0,76,5 | 3.11,30.0 | 1016,9.2 | 0.36
2017-07-28,22.0,14.0,70.0,6.0,30.0,1.7,22 | 71.6,14 | 57.2,70,6 | 3.73,30.0 | 1016,1.7 | 0.07
2017-07-29,21.0,14.0,71.0,6.0,30.0,4.6,21 | 69.8,14 | 57.2,71,6 | 3.73,30.0 | 1016,4.6 | 0.18
2017-07-30,22.0,13.0,63.0,8.0,29.97,1.5,22 | 71.6,13 | 55.4,63,8 | 4.97,29.97 | 1015,1.5 | 0.06
2017-07-31,21.0,12.0,64.0,8.0,29.97,2.7,21 | 69.8,12 | 53.6,64,8 | 4.97,29.97 | 1015,2.7 | 0.11
2017-08-01,21.0,13.0,71.0,7.0,30.03,3.9,21 | 69.8,13 | 55.4,71,7 | 4.35,30.03 | 1017,3.9 | 0.15
2017-08-02,19.0,12.0,68.0,9.0,30.06,0.5,19 | 66.2,12 | 53.6,68,9 | 5.59,30.06 | 1018,0.5 | 0.02
2017-08-03,21.0,12.0,63.0,9.0,30.03,1.4,21 | 69.8,12 | 53.6,63,9 | 5.59,30.03 | 1017,1.4 | 0.06
2017-08-04,21.0,12.0,62.0,6.0,29.97,0.4,21 | 69.8,12 | 53.6,62,6 | 3.73,29.97 | 1015,0.4 | 0.02
2017-08-05,22.0,14.0,67.0,6.0,29.97,4.0,22 | 71.6,14 | 57.2,67,6 | 3.73,29.97 | 1015,4.0 | 0.16
2017-08-06,22.0,14.0,72.0,6.0,29.97,16.8,22 | 71.6,14 | 57.2,72,6 | 3.73,29.97 | 1015,16.8 | 0.66
2017-08-07,22.0,15.0,73.0,6.0,29.97,15.0,22 | 71.6,15 | 59.0,73,6 | 3.73,29.97 | 1015,15.0 | 0.59
2017-08-08,21.0,15.0,75.0,5.0,30.0,11.0,21 | 69.8,15 | 59.0,75,5 | 3.11,30.0 | 1016,11.0 | 0.43
2017-08-09,21.0,14.0,71.0,5.0,30.0,6.5,21 | 69.8,14 | 57.2,71,5 | 3.11,30.0 | 1016,6.5 | 0.26
2017-08-10,22.0,12.0,63.0,6.0,29.97,0.6,22 | 71.6,12 | 53.6,63,6 | 3.73,29.97 | 1015,0.6 | 0.02
2017-08-11,22.0,12.0,61.0,6.0,30.0,2.2,22 | 71.6,12 | 53.6,61,6 | 3.73,30.0 | 1016,2.2 | 0.09
2017-08-12,22.0,11.0,57.0,6.0,30.0,0.0,22 | 71.6,11 | 51.8,57,6 | 3.73,30.0 | 1016,0.0 | 0.0
2017-08-13,22.0,12.0,64.0,6.0,29.97,4.1,22 | 71.6,12 | 53.6,64,6 | 3.73,29.97 | 1015,4.1 | 0.16
2017-08-14,22.0,12.0,61.0,7.0,29.97,3.6,22 | 71.6,12 | 53.6,61,7 | 4.35,29.97 | 1015,3.6 | 0.14
2017-08-15,21.0,13.0,70.0,7.0,29.94,6.0,21 | 69.8,13 | 55.4,70,7 | 4.35,29.94 | 1014,6.0 | 0.24
2017-08-16,21.0,13.0,69.0,7.0,29.91,6.6,21 | 69.8,13 | 55.4,69,7 | 4.35,29.91 | 1013,6.6 | 0.26
2017-08-17,22.0,15.0,71.0,6.0,29.91,13.0,22 | 71.6,15 | 59.0,71,6 | 3.73,29.91 | 1013,13.0 | 0.51
2017-08-18,22.0,14.0,70.0,5.0,29.94,8.4,22 | 71.6,14 | 57.2,70,5 | 3.11,29.94 | 1014,8.4 | 0.33
2017-08-19,22.0,12.0,61.0,7.0,29.94,0.2,22 | 71.6,12 | 53.6,61,7 | 4.35,29.94 | 1014,0.2 | 0.01
2017-08-20,23.0,12.0,55.0,7.0,29.94,0.0,23 | 73.4,12 | 53.6,55,7 | 4.35,29.94 | 1014,0.0 | 0.0
2017-08-21,23.0,11.0,55.0,5.0,29.91,0.2,23 | 73.4,11 | 51.8,55,5 | 3.11,29.91 | 1013,0.2 | 0.01
2017-08-22,22.0,13.0,65.0,7.0,29.91,6.6,22 | 71.6,13 | 55.4,65,7 | 4.35,29.91 | 1013,6.6 | 0.26
2017-08-23,22.0,15.0,73.0,5.0,29.94,14.3,22 | 71.6,15 | 59.0,73,5 | 3.11,29.94 | 1014,14.3 | 0.56
2017-08-24,22.0,15.0,72.0,4.0,29.91,14.2,22 | 71.6,15 | 59.0,72,4 | 2.49,29.91 | 1013,14.2 | 0.56
2017-08-25,20.0,14.0,72.0,7.0,29.91,2.6,20 | 68.0,14 | 57.2,72,7 | 4.35,29.91 | 1013,2.6 | 0.1
2017-08-26,22.0,13.0,62.0,4.0,29.91,0.7,22 | 71.6,13 | 55.4,62,4 | 2.49,29.91 | 1013,0.7 | 0.03
2017-08-27,23.0,14.0,63.0,5.0,29.91,7.0,23 | 73.4,14 | 57.2,63,5 | 3.11,29.91 | 1013,7.0 | 0.28
2017-08-28,21.0,13.0,66.0,6.0,29.91,4.7,21 | 69.8,13 | 55.4,66,6 | 3.73,29.91 | 1013,4.7 | 0.19
2017-08-29,22.0,14.0,70.0,6.0,29.91,9.3,22 | 71.6,14 | 57.2,70,6 | 3.73,29.91 | 1013,9.3 | 0.37
2017-08-30,21.0,16.0,76.0,5.0,29.97,11.2,21 | 69.8,16 | 60.8,76,5 | 3.11,29.97 | 1015,11.2 | 0.44
2017-08-31,21.0,16.0,78.0,5.0,29.97,6.2,21 | 69.8,16 | 60.8,78,5 | 3.11,29.97 | 1015,6.2 | 0.24
2017-09-01,21.0,15.0,78.0,5.0,29.97,16.2,21 | 69.8,15 | 59.0,78,5 | 3.11,29.97 | 1015,16.2 | 0.64
2017-09-02,22.0,15.0,72.0,5.0,29.94,6.2,22 | 71.6,15 | 59.0,72,5 | 3.11,29.94 | 1014,6.2 | 0.24
2017-09-03,21.0,13.0,69.0,5.0,29.94,9.4,21 | 69.8,13 | 55.4,69,5 | 3.11,29.94 | 1014,9.4 | 0.37
2017-09-04,20.0,15.0,78.0,5.0,30.0,18.1,20 | 68.0,15 | 59.0,78,5 | 3.11,30.0 | 1016,18.1 | 0.71
2017-09-05,22.0,14.0,71.0,4.0,30.03,8.7,22 | 71.6,14 | 57.2,71,4 | 2.49,30.03 | 1017,8.7 | 0.34
2017-09-06,22.0,14.0,70.0,5.0,30.0,10.7,22 | 71.6,14 | 57.2,70,5 | 3.11,30.0 | 1016,10.7 | 0.42
2017-09-07,21.0,14.0,71.0,5.0,29.97,7.9,21 | 69.8,14 | 57.2,71,5 | 3.11,29.97 | 1015,7.9 | 0.31
2017-09-08,23.0,13.0,64.0,5.0,29.94,3.8,23 | 73.4,13 | 55.4,64,5 | 3.11,29.94 | 1014,3.8 | 0.15
2017-09-09,22.0,13.0,67.0,7.0,29.91,8.9,22 | 71.6,13 | 55.4,67,7 | 4.35,29.91 | 1013,8.9 | 0.35
2017-09-10,21.0,15.0,75.0,6.0,29.94,16.7,21 | 69.8,15 | 59.0,75,6 | 3.73,29.94 | 1014,16.7 | 0.66
2017-09-11,23.0,14.0,69.0,4.0,29.91,9.1,23 | 73.4,14 | 57.2,69,4 | 2.49,29.91 | 1013,9.1 | 0.36
2017-09-12,21.0,15.0,77.0,5.0,29.91,15.0,21 | 69.8,15 | 59.0,77,5 | 3.11,29.91 | 1013,15.0 | 0.59
2017-09-13,20.0,15.0,79.0,6.0,29.94,22.0,20 | 68.0,15 | 59.0,79,6 | 3.73,29.94 | 1014,22.0 | 0.87
2017-09-14,21.0,14.0,73.0,6.0,29.94,9.9,21 | 69.8,14 | 57.2,73,6 | 3.73,29.94 | 1014,9.9 | 0.39
2017-09-15,21.0,16.0,79.0,5.0,29.97,20.2,21 | 69.8,16 | 60.8,79,5 | 3.11,29.97 | 1015,20.2 | 0.8
2017-09-16,23.0,16.0,72.0,4.0,29.94,5.5,23 | 73.4,16 | 60.8,72,4 | 2.49,29.94 | 1014,5.5 | 0.22
2017-09-17,22.0,16.0,76.0,5.0,29.94,30.6,22 | 71.6,16 | 60.8,76,5 | 3.11,29.94 | 1014,30.6 | 1.2
2017-09-18,23.0,16.0,74.0,4.0,29.97,17.0,23 | 73.4,16 | 60.8,74,4 | 2.49,29.97 | 1015,17.0 | 0.67
2017-09-19,23.0,14.0,67.0,4.0,29.97,0.7,23 | 73.4,14 | 57.2,67,4 | 2.49,29.97 | 1015,0.7 | 0.03
2017-09-20,23.0,13.0,65.0,7.0,29.97,0.8,23 | 73.4,13 | 55.4,65,7 | 4.35,29.97 | 1015,0.8 | 0.03
2017-09-21,23.0,12.0,62.0,7.0,29.94,0.3,23 | 73.4,12 | 53.6,62,7 | 4.35,29.94 | 1014,0.3 | 0.01
2017-09-22,22.0,14.0,67.0,5.0,29.94,6.6,22 | 71.6,14 | 57.2,67,5 | 3.11,29.94 | 1014,6.6 | 0.26
2017-09-23,23.0,12.0,57.0,5.0,29.97,1.4,23 | 73.4,12 | 53.6,57,5 | 3.11,29.97 | 1015,1.4 | 0.06
2017-09-24,23.0,14.0,60.0,4.0,29.97,2.7,23 | 73.4,14 | 57.2,60,4 | 2.49,29.97 | 1015,2.7 | 0.11
2017-09-25,23.0,13.0,60.0,6.0,29.91,5.4,23 | 73.4,13 | 55.4,60,6 | 3.73,29.91 | 1013,5.4 | 0.21
2017-09-26,22.0,14.0,69.0,6.0,29.91,9.8,22 | 71.6,14 | 57.2,69,6 | 3.73,29.91 | 1013,9.8 | 0.39
2017-09-27,23.0,14.0,66.0,6.0,29.94,4.5,23 | 73.4,14 | 57.2,66,6 | 3.73,29.94 | 1014,4.5 | 0.18
2017-09-28,24.0,13.0,58.0,5.0,29.91,0.2,24 | 75.2,13 | 55.4,58,5 | 3.11,29.91 | 1013,0.2 | 0.01
2017-09-29,23.0,12.0,59.0,6.0,29.91,0.1,23 | 73.4,12 | 53.6,59,6 | 3.73,29.91 | 1013,0.1 | 0.0
2017-09-30,22.0,12.0,63.0,6.0,29.94,2.1,22 | 71.6,12 | 53.6,63,6 | 3.73,29.94 | 1014,2.1 | 0.08
2017-10-01,22.0,13.0,64.0,5.0,29.94,0.1,22 | 71.6,13 | 55.4,64,5 | 3.11,29.94 | 1014,0.1 | 0.0
2017-10-02,23.0,13.0,61.0,5.0,29.91,0.9,23 | 73.4,13 | 55.4,61,5 | 3.11,29.91 | 1013,0.9 | 0.04
2017-10-03,23.0,13.0,60.0,5.0,29.88,1.5,23 | 73.4,13 | 55.4,60,5 | 3.11,29.88 | 1012,1.5 | 0.06
2017-10-04,25.0,11.0,49.0,6.0,29.88,0.0,25 | 77.0,11 | 51.8,49,6 | 3.73,29.88 | 1012,0.0 | 0.0
2017-10-05,24.0,10.0,46.0,7.0,29.91,0.1,24 | 75.2,10 | 50.0,46,7 | 4.35,29.91 | 1013,0.1 | 0.0
2017-10-06,19.0,11.0,57.0,9.0,29.91,0.0,19 | 66.2,11 | 51.8,57,9 | 5.59,29.91 | 1013,0.0 | 0.0
2017-10-07,24.0,11.0,52.0,6.0,29.88,0.8,24 | 75.2,11 | 51.8,52,6 | 3.73,29.88 | 1012,0.8 | 0.03
2017-10-08,23.0,12.0,59.0,6.0,29.85,0.8,23 | 73.4,12 | 53.6,59,6 | 3.73,29.85 | 1011,0.8 | 0.03
2017-10-09,23.0,13.0,63.0,5.0,29.85,15.9,23 | 73.4,13 | 55.4,63,5 | 3.11,29.85 | 1011,15.9 | 0.63
2017-10-10,22.0,16.0,79.0,6.0,29.88,32.9,22 | 71.6,16 | 60.8,79,6 | 3.73,29.88 | 1012,32.9 | 1.3
2017-10-11,22.0,17.0,79.0,5.0,29.91,30.8,22 | 71.6,17 | 62.6,79,5 | 3.11,29.91 | 1013,30.8 | 1.21
2017-10-12,21.0,16.0,81.0,5.0,29.91,22.6,21 | 69.8,16 | 60.8,81,5 | 3.11,29.91 | 1013,22.6 | 0.89
2017-10-13,21.0,16.0,81.0,4.0,29.94,15.6,21 | 69.8,16 | 60.8,81,4 | 2.49,29.94 | 1014,15.6 | 0.61
2017-10-14,21.0,15.0,78.0,5.0,29.91,13.9,21 | 69.8,15 | 59.0,78,5 | 3.11,29.91 | 1013,13.9 | 0.55
2017-10-15,23.0,15.0,68.0,5.0,29.94,0.7,23 | 73.4,15 | 59.0,68,5 | 3.11,29.94 | 1014,0.7 | 0.03
2017-10-16,23.0,16.0,72.0,5.0,29.97,5.6,23 | 73.4,16 | 60.8,72,5 | 3.11,29.97 | 1015,5.6 | 0.22
2017-10-17,23.0,17.0,76.0,4.0,29.94,16.0,23 | 73.4,17 | 62.6,76,4 | 2.49,29.94 | 1014,16.0 | 0.63
2017-10-18,22.0,17.0,78.0,5.0,29.94,24.6,22 | 71.6,17 | 62.6,78,5 | 3.11,29.94 | 1014,24.6 | 0.97
2017-10-19,21.0,17.0,83.0,5.0,29.94,26.9,21 | 69.8,17 | 62.6,83,5 | 3.11,29.94 | 1014,26.9 | 1.06
2017-10-20,22.0,17.0,80.0,3.0,29.97,15.4,22 | 71.6,17 | 62.6,80,3 | 1.86,29.97 | 1015,15.4 | 0.61
2017-10-21,21.0,16.0,78.0,4.0,29.97,3.9,21 | 69.8,16 | 60.8,78,4 | 2.49,29.97 | 1015,3.9 | 0.15
2017-10-22,23.0,15.0,69.0,6.0,29.94,2.1,23 | 73.4,15 | 59.0,69,6 | 3.73,29.94 | 1014,2.1 | 0.08
2017-10-23,23.0,13.0,64.0,6.0,29.94,1.2,23 | 73.4,13 | 55.4,64,6 | 3.73,29.94 | 1014,1.2 | 0.05
2017-10-24,22.0,15.0,71.0,7.0,29.94,4.3,22 | 71.6,15 | 59.0,71,7 | 4.35,29.94 | 1014,4.3 | 0.17
2017-10-25,23.0,15.0,71.0,5.0,29.91,2.8,23 | 73.4,15 | 59.0,71,5 | 3.11,29.91 | 1013,2.8 | 0.11
2017-10-26,22.0,16.0,74.0,5.0,29.88,9.6,22 | 71.6,16 | 60.8,74,5 | 3.11,29.88 | 1012,9.6 | 0.38
2017-10-27,23.0,14.0,66.0,5.0,29.85,0.8,23 | 73.4,14 | 57.2,66,5 | 3.11,29.85 | 1011,0.8 | 0.03
2017-10-28,23.0,14.0,65.0,4.0,29.85,0.7,23 | 73.4,14 | 57.2,65,4 | 2.49,29.85 | 1011,0.7 | 0.03
2017-10-29,23.0,15.0,65.0,5.0,29.88,2.0,23 | 73.4,15 | 59.0,65,5 | 3.11,29.88 | 1012,2.0 | 0.08
2017-10-30,23.0,13.0,59.0,9.0,29.88,0.0,23 | 73.4,13 | 55.4,59,9 | 5.59,29.88 | 1012,0.0 | 0.0
2017-10-31,23.0,12.0,57.0,7.0,29.91,0.1,23 | 73.4,12 | 53.6,57,7 | 4.35,29.91 | 1013,0.1 | 0.0
2017-11-01,23.0,12.0,57.0,5.0,29.91,0.0,23 | 73.4,12 | 53.6,57,5 | 3.11,29.91 | 1013,0.0 | 0.0
2017-11-02,23.0,12.0,56.0,10.0,29.91,0.0,23 | 73.4,12 | 53.6,56,10 | 6.21,29.91 | 1013,0.0 | 0.0
2017-11-03,23.0,13.0,58.0,9.0,29.88,0.0,23 | 73.4,13 | 55.4,58,9 | 5.59,29.88 | 1012,0.0 | 0.0
2017-11-04,22.0,14.0,65.0,7.0,29.88,0.6,22 | 71.6,14 | 57.2,65,7 | 4.35,29.88 | 1012,0.6 | 0.02
2017-11-05,20.0,16.0,82.0,4.0,29.91,23.5,20 | 68.0,16 | 60.8,82,4 | 2.49,29.91 | 1013,23.5 | 0.93
2017-11-06,20.0,16.0,82.0,4.0,29.88,19.5,20 | 68.0,16 | 60.8,82,4 | 2.49,29.88 | 1012,19.5 | 0.77
2017-11-07,20.0,17.0,86.0,5.0,29.88,33.6,20 | 68.0,17 | 62.6,86,5 | 3.11,29.88 | 1012,33.6 | 1.32
2017-11-08,20.0,17.0,85.0,4.0,29.91,31.5,20 | 68.0,17 | 62.6,85,4 | 2.49,29.91 | 1013,31.5 | 1.24
2017-11-09,21.0,16.0,81.0,4.0,29.91,15.6,21 | 69.8,16 | 60.8,81,4 | 2.49,29.91 | 1013,15.6 | 0.61
2017-11-10,22.0,16.0,77.0,4.0,29.88,9.7,22 | 71.6,16 | 60.8,77,4 | 2.49,29.88 | 1012,9.7 | 0.38
2017-11-11,22.0,15.0,72.0,4.0,29.88,0.7,22 | 71.6,15 | 59.0,72,4 | 2.49,29.88 | 1012,0.7 | 0.03
2017-11-12,22.0,16.0,72.0,5.0,29.88,7.1,22 | 71.6,16 | 60.8,72,5 | 3.11,29.88 | 1012,7.1 | 0.28
2017-11-13,22.0,14.0,67.0,6.0,29.88,0.3,22 | 71.6,14 | 57.2,67,6 | 3.73,29.88 | 1012,0.3 | 0.01
2017-11-14,23.0,14.0,66.0,5.0,29.88,0.0,23 | 73.4,14 | 57.2,66,5 | 3.11,29.88 | 1012,0.0 | 0.0
2017-11-15,23.0,13.0,62.0,5.0,29.85,0.0,23 | 73.4,13 | 55.4,62,5 | 3.11,29.85 | 1011,0.0 | 0.0
2017-11-16,23.0,14.0,67.0,5.0,29.85,1.6,23 | 73.4,14 | 57.2,67,5 | 3.11,29.85 | 1011,1.6 | 0.06
2017-11-17,23.0,14.0,62.0,5.0,29.85,0.0,23 | 73.4,14 | 57.2,62,5 | 3.11,29.85 | 1011,0.0 | 0.0
2017-11-18,24.0,13.0,60.0,5.0,29.88,1.7,24 | 75.2,13 | 55.4,60,5 | 3.11,29.88 | 1012,1.7 | 0.07
2017-11-19,23.0,13.0,60.0,5.0,29.88,0.2,23 | 73.4,13 | 55.4,60,5 | 3.11,29.88 | 1012,0.2 | 0.01
2017-11-20,22.0,13.0,62.0,5.0,29.91,0.0,22 | 71.6,13 | 55.4,62,5 | 3.11,29.91 | 1013,0.0 | 0.0
2017-11-21,22.0,14.0,65.0,5.0,29.91,5.0,22 | 71.6,14 | 57.2,65,5 | 3.11,29.91 | 1013,5.0 | 0.2
2017-11-22,22.0,15.0,72.0,4.0,29.88,4.3,22 | 71.6,15 | 59.0,72,4 | 2.49,29.88 | 1012,4.3 | 0.17
2017-11-23,22.0,16.0,76.0,4.0,29.88,21.2,22 | 71.6,16 | 60.8,76,4 | 2.49,29.88 | 1012,21.2 | 0.83
2017-11-24,21.0,16.0,79.0,5.0,29.88,23.7,21 | 69.8,16 | 60.8,79,5 | 3.11,29.88 | 1012,23.7 | 0.93
2017-11-25,21.0,16.0,80.0,4.0,29.94,24.0,21 | 69.8,16 | 60.8,80,4 | 2.49,29.94 | 1014,24.0 | 0.94
2017-11-26,21.0,15.0,73.0,5.0,29.97,2.4,21 | 69.8,15 | 59.0,73,5 | 3.11,29.97 | 1015,2.4 | 0.09
2017-11-27,23.0,14.0,65.0,5.0,29.97,0.5,23 | 73.4,14 | 57.2,65,5 | 3.11,29.97 | 1015,0.5 | 0.02
2017-11-28,23.0,14.0,63.0,5.0,29.94,0.0,23 | 73.4,14 | 57.2,63,5 | 3.11,29.94 | 1014,0.0 | 0.0
2017-11-29,23.0,15.0,68.0,5.0,29.94,2.9,23 | 73.4,15 | 59.0,68,5 | 3.11,29.94 | 1014,2.9 | 0.11
2017-11-30,23.0,16.0,74.0,4.0,29.94,7.0,23 | 73.4,16 | 60.8,74,4 | 2.49,29.94 | 1014,7.0 | 0.28
2017-12-01,22.0,15.0,72.0,5.0,29.94,3.3,22 | 71.6,15 | 59.0,72,5 | 3.11,29.94 | 1014,3.3 | 0.13
2017-12-02,22.0,14.0,68.0,5.0,29.91,2.7,22 | 71.6,14 | 57.2,68,5 | 3.11,29.91 | 1013,2.7 | 0.11
2017-12-03,23.0,14.0,63.0,5.0,29.94,3.6,23 | 73.4,14 | 57.2,63,5 | 3.11,29.94 | 1014,3.6 | 0.14
2017-12-04,23.0,13.0,60.0,5.0,29.94,0.0,23 | 73.4,13 | 55.4,60,5 | 3.11,29.94 | 1014,0.0 | 0.0
2017-12-05,23.0,14.0,64.0,5.0,29.91,1.3,23 | 73.4,14 | 57.2,64,5 | 3.11,29.91 | 1013,1.3 | 0.05
2017-12-06,21.0,16.0,74.0,5.0,29.88,7.2,21 | 69.8,16 | 60.8,74,5 | 3.11,29.88 | 1012,7.2 | 0.28
2017-12-07,23.0,17.0,74.0,4.0,29.85,13.1,23 | 73.4,17 | 62.6,74,4 | 2.49,29.85 | 1011,13.1 | 0.52
2017-12-08,22.0,17.0,76.0,5.0,29.85,15.0,22 | 71.6,17 | 62.6,76,5 | 3.11,29.85 | 1011,15.0 | 0.59
2017-12-09,23.0,16.0,72.0,7.0,29.85,5.9,23 | 73.4,16 | 60.8,72,7 | 4.35,29.85 | 1011,5.9 | 0.23
2017-12-10,22.0,15.0,71.0,5.0,29.88,2.4,22 | 71.6,15 | 59.0,71,5 | 3.11,29.88 | 1012,2.4 | 0.09
2017-12-11,23.0,13.0,63.0,5.0,29.91,0.3,23 | 73.4,13 | 55.4,63,5 | 3.11,29.91 | 1013,0.3 | 0.01
2017-12-12,23.0,14.0,67.0,5.0,29.94,1.7,23 | 73.4,14 | 57.2,67,5 | 3.11,29.94 | 1014,1.7 | 0.07
2017-12-13,23.0,13.0,62.0,5.0,29.94,0.0,23 | 73.4,13 | 55.4,62,5 | 3.11,29.94 | 1014,0.0 | 0.0
2017-12-14,22.0,15.0,68.0,5.0,29.94,8.6,22 | 71.6,15 | 59.0,68,5 | 3.11,29.94 | 1014,8.6 | 0.34
2017-12-15,22.0,15.0,72.0,5.0,29.91,3.3,22 | 71.6,15 | 59.0,72,5 | 3.11,29.91 | 1013,3.3 | 0.13
2017-12-16,22.0,17.0,77.0,4.0,29.91,15.0,22 | 71.6,17 | 62.6,77,4 | 2.49,29.91 | 1013,15.0 | 0.59
2017-12-17,23.0,16.0,70.0,5.0,29.88,2.1,23 | 73.4,16 | 60.8,70,5 | 3.11,29.88 | 1012,2.1 | 0.08
2017-12-18,23.0,15.0,69.0,6.0,29.91,2.3,23 | 73.4,15 | 59.0,69,6 | 3.73,29.91 | 1013,2.3 | 0.09
2017-12-19,23.0,13.0,62.0,5.0,29.88,0.5,23 | 73.4,13 | 55.4,62,5 | 3.11,29.88 | 1012,0.5 | 0.02
2017-12-20,23.0,12.0,57.0,6.0,29.91,0.0,23 | 73.4,12 | 53.6,57,6 | 3.73,29.91 | 1013,0.0 | 0.0
2017-12-21,23.0,12.0,55.0,5.0,29.94,0.0,23 | 73.4,12 | 53.6,55,5 | 3.11,29.94 | 1014,0.0 | 0.0
2017-12-22,23.0,12.0,57.0,6.0,29.91,0.0,23 | 73.4,12 | 53.6,57,6 | 3.73,29.91 | 1013,0.0 | 0.0
2017-12-23,23.0,13.0,60.0,6.0,29.88,0.2,23 | 73.4,13 | 55.4,60,6 | 3.73,29.88 | 1012,0.2 | 0.01
2017-12-24,23.0,11.0,54.0,5.0,29.88,0.0,23 | 73.4,11 | 51.8,54,5 | 3.11,29.88 | 1012,0.0 | 0.0
2017-12-25,23.0,13.0,58.0,6.0,29.91,0.0,23 | 73.4,13 | 55.4,58,6 | 3.73,29.91 | 1013,0.0 | 0.0
2017-12-26,24.0,12.0,54.0,5.0,29.91,0.0,24 | 75.2,12 | 53.6,54,5 | 3.11,29.91 | 1013,0.0 | 0.0
2017-12-27,24.0,12.0,53.0,6.0,29.85,0.0,24 | 75.2,12 | 53.6,53,6 | 3.73,29.85 | 1011,0.0 | 0.0
2017-12-28,24.0,13.0,58.0,7.0,29.88,0.3,24 | 75.2,13 | 55.4,58,7 | 4.35,29.88 | 1012,0.3 | 0.01
2017-12-29,23.0,13.0,60.0,6.0,29.91,1.3,23 | 73.4,13 | 55.4,60,6 | 3.73,29.91 | 1013,1.3 | 0.05
2017-12-30,23.0,13.0,61.0,7.0,29.91,1.6,23 | 73.4,13 | 55.4,61,7 | 4.35,29.91 | 1013,1.6 | 0.06
2017-12-31,22.0,14.0,68.0,6.0,29.91,4.9,22 | 71.6,14 | 57.2,68,6 | 3.73,29.91 | 1013,4.9 | 0.19
2018-01-01,22.0,14.0,69.0,7.0,29.91,3.8,22 | 71.6,14 | 57.2,69,7 | 4.35,29.91 | 1013,3.8 | 0.15
2018-01-02,21.0,14.0,72.0,6.0,29.91,4.9,21 | 69.8,14 | 57.2,72,6 | 3.73,29.91 | 1013,4.9 | 0.19
2018-01-03,21.0,14.0,71.0,6.0,29.88,15.8,21 | 69.8,14 | 57.2,71,6 | 3.73,29.88 | 1012,15.8 | 0.62
2018-01-04,20.0,15.0,76.0,4.0,29.94,14.7,20 | 68.0,15 | 59.0,76,4 | 2.49,29.94 | 1014,14.7 | 0.58
2018-01-05,21.0,14.0,70.0,7.0,29.91,1.3,21 | 69.8,14 | 57.2,70,7 | 4.35,29.91 | 1013,1.3 | 0.05
2018-01-06,22.0,12.0,60.0,7.0,29.88,0.3,22 | 71.6,12 | 53.6,60,7 | 4.35,29.88 | 1012,0.3 | 0.01
2018-01-07,22.0,12.0,57.0,7.0,29.91,0.0,22 | 71.6,12 | 53.6,57,7 | 4.35,29.91 | 1013,0.0 | 0.0
2018-01-08,23.0,11.0,54.0,7.0,29.94,0.0,23 | 73.4,11 | 51.8,54,7 | 4.35,29.94 | 1014,0.0 | 0.0
2018-01-09,23.0,11.0,52.0,6.0,29.94,0.0,23 | 73.4,11 | 51.8,52,6 | 3.73,29.94 | 1014,0.0 | 0.0
2018-01-10,22.0,12.0,57.0,5.0,29.94,0.4,22 | 71.6,12 | 53.6,57,5 | 3.11,29.94 | 1014,0.4 | 0.02
2018-01-11,22.0,13.0,59.0,5.0,29.94,0.9,22 | 71.6,13 | 55.4,59,5 | 3.11,29.94 | 1014,0.9 | 0.04
2018-01-12,22.0,13.0,62.0,7.0,29.91,1.2,22 | 71.6,13 | 55.4,62,7 | 4.35,29.91 | 1013,1.2 | 0.05
2018-01-13,22.0,14.0,67.0,6.0,29.91,7.3,22 | 71.6,14 | 57.2,67,6 | 3.73,29.91 | 1013,7.3 | 0.29
2018-01-14,23.0,14.0,67.0,6.0,29.91,9.1,23 | 73.4,14 | 57.2,67,6 | 3.73,29.91 | 1013,9.1 | 0.36
2018-01-15,23.0,12.0,58.0,8.0,29.91,1.1,23 | 73.4,12 | 53.6,58,8 | 4.97,29.91 | 1013,1.1 | 0.04
2018-01-16,23.0,13.0,63.0,7.0,29.91,2.3,23 | 73.4,13 | 55.4,63,7 | 4.35,29.91 | 1013,2.3 | 0.09
2018-01-17,23.0,11.0,54.0,7.0,29.88,0.1,23 | 73.4,11 | 51.8,54,7 | 4.35,29.88 | 1012,0.1 | 0.0
2018-01-18,23.0,13.0,58.0,7.0,29.88,0.1,23 | 73.4,13 | 55.4,58,7 | 4.35,29.88 | 1012,0.1 | 0.0
2018-01-19,23.0,13.0,62.0,7.0,29.88,1.2,23 | 73.4,13 | 55.4,62,7 | 4.35,29.88 | 1012,1.2 | 0.05
2018-01-20,21.0,15.0,71.0,7.0,29.91,14.1,21 | 69.8,15 | 59.0,71,7 | 4.35,29.91 | 1013,14.1 | 0.56
2018-01-21,23.0,13.0,64.0,6.0,29.91,3.9,23 | 73.4,13 | 55.4,64,6 | 3.73,29.91 | 1013,3.9 | 0.15
2018-01-22,25.0,10.0,50.0,6.0,29.88,1.1,25 | 77.0,10 | 50.0,50,6 | 3.73,29.88 | 1012,1.1 | 0.04
2018-01-23,24.0,11.0,49.0,6.0,29.85,0.0,24 | 75.2,11 | 51.8,49,6 | 3.73,29.85 | 1011,0.0 | 0.0
2018-01-24,23.0,13.0,62.0,6.0,29.88,4.2,23 | 73.4,13 | 55.4,62,6 | 3.73,29.88 | 1012,4.2 | 0.17
2018-01-25,21.0,15.0,73.0,5.0,29.91,17.4,21 | 69.8,15 | 59.0,73,5 | 3.11,29.91 | 1013,17.4 | 0.69
2018-01-26,22.0,15.0,72.0,4.0,29.91,16.0,22 | 71.6,15 | 59.0,72,4 | 2.49,29.91 | 1013,16.0 | 0.63
2018-01-27,23.0,13.0,62.0,7.0,29.88,0.0,23 | 73.4,13 | 55.4,62,7 | 4.35,29.88 | 1012,0.0 | 0.0
2018-01-28,24.0,13.0,58.0,7.0,29.85,0.0,24 | 75.2,13 | 55.4,58,7 | 4.35,29.85 | 1011,0.0 | 0.0
2018-01-29,23.0,14.0,61.0,7.0,29.88,0.4,23 | 73.4,14 | 57.2,61,7 | 4.35,29.88 | 1012,0.4 | 0.02
2018-01-30,23.0,15.0,64.0,7.0,29.88,6.1,23 | 73.4,15 | 59.0,64,7 | 4.35,29.88 | 1012,6.1 | 0.24
2018-01-31,23.0,14.0,62.0,5.0,29.91,1.5,23 | 73.4,14 | 57.2,62,5 | 3.11,29.91 | 1013,1.5 | 0.06
2018-02-01,24.0,13.0,58.0,5.0,29.88,0.0,24 | 75.2,13 | 55.4,58,5 | 3.11,29.88 | 1012,0.0 | 0.0
2018-02-02,26.0,12.0,52.0,5.0,29.85,0.1,26 | 78.8,12 | 53.6,52,5 | 3.11,29.85 | 1011,0.1 | 0.0
2018-02-03,26.0,11.0,50.0,7.0,29.88,0.0,26 | 78.8,11 | 51.8,50,7 | 4.35,29.88 | 1012,0.0 | 0.0
2018-02-04,26.0,10.0,44.0,7.0,29.88,0.0,26 | 78.8,10 | 50.0,44,7 | 4.35,29.88 | 1012,0.0 | 0.0
2018-02-05,25.0,12.0,50.0,6.0,29.85,0.4,25 | 77.0,12 | 53.6,50,6 | 3.73,29.85 | 1011,0.4 | 0.02
2018-02-06,25.0,13.0,53.0,6.0,29.85,0.0,25 | 77.0,13 | 55.4,53,6 | 3.73,29.85 | 1011,0.0 | 0.0
2018-02-07,25.0,13.0,54.0,6.0,29.85,0.5,25 | 77.0,13 | 55.4,54,6 | 3.73,29.85 | 1011,0.5 | 0.02
2018-02-08,26.0,10.0,45.0,7.0,29.85,0.8,26 | 78.8,10 | 50.0,45,7 | 4.35,29.85 | 1011,0.8 | 0.03
2018-02-09,25.0,8.0,40.0,7.0,29.85,0.0,25 | 77.0,8 | 46.4,40,7 | 4.35,29.85 | 1011,0.0 | 0.0
2018-02-10,26.0,6.0,35.0,7.0,29.83,0.0,26 | 78.8,6 | 42.8,35,7 | 4.35,29.83 | 1010,0.0 | 0.0
2018-02-11,26.0,10.0,44.0,7.0,29.85,0.0,26 | 78.8,10 | 50.0,44,7 | 4.35,29.85 | 1011,0.0 | 0.0
2018-02-12,25.0,11.0,49.0,7.0,29.91,0.2,25 | 77.0,11 | 51.8,49,7 | 4.35,29.91 | 1013,0.2 | 0.01
2018-02-13,25.0,10.0,44.0,8.0,29.94,0.0,25 | 77.0,10 | 50.0,44,8 | 4.97,29.94 | 1014,0.0 | 0.0
2018-02-14,25.0,10.0,45.0,8.0,29.91,0.0,25 | 77.0,10 | 50.0,45,8 | 4.97,29.91 | 1013,0.0 | 0.0
2018-02-15,26.0,10.0,44.0,8.0,29.91,0.0,26 | 78.8,10 | 50.0,44,8 | 4.97,29.91 | 1013,0.0 | 0.0
2018-02-16,27.0,11.0,44.0,7.0,29.91,0.0,27 | 80.6,11 | 51.8,44,7 | 4.35,29.91 | 1013,0.0 | 0.0
2018-02-17,26.0,11.0,45.0,6.0,29.88,0.1,26 | 78.8,11 | 51.8,45,6 | 3.73,29.88 | 1012,0.1 | 0.0
2018-02-18,25.0,12.0,50.0,5.0,29.85,0.0,25 | 77.0,12 | 53.6,50,5 | 3.11,29.85 | 1011,0.0 | 0.0
2018-02-19,24.0,12.0,53.0,7.0,29.85,0.0,24 | 75.2,12 | 53.6,53,7 | 4.35,29.85 | 1011,0.0 | 0.0
2018-02-20,23.0,15.0,64.0,4.0,29.85,3.0,23 | 73.4,15 | 59.0,64,4 | 2.49,29.85 | 1011,3.0 | 0.12
2018-02-21,24.0,14.0,62.0,5.0,29.83,4.0,24 | 75.2,14 | 57.2,62,5 | 3.11,29.83 | 1010,4.0 | 0.16
2018-02-22,24.0,15.0,65.0,5.0,29.8,9.7,24 | 75.2,15 | 59.0,65,5 | 3.11,29.8 | 1009,9.7 | 0.38
2018-02-23,25.0,13.0,57.0,7.0,29.8,0.4,25 | 77.0,13 | 55.4,57,7 | 4.35,29.8 | 1009,0.4 | 0.02
2018-02-24,25.0,14.0,60.0,7.0,29.85,5.8,25 | 77.0,14 | 57.2,60,7 | 4.35,29.85 | 1011,5.8 | 0.23
2018-02-25,24.0,16.0,70.0,6.0,29.88,13.6,24 | 75.2,16 | 60.8,70,6 | 3.73,29.88 | 1012,13.6 | 0.54
2018-02-26,24.0,15.0,66.0,7.0,29.85,6.6,24 | 75.2,15 | 59.0,66,7 | 4.35,29.85 | 1011,6.6 | 0.26
2018-02-27,24.0,16.0,68.0,6.0,29.88,6.2,24 | 75.2,16 | 60.8,68,6 | 3.73,29.88 | 1012,6.2 | 0.24
2018-02-28,23.0,15.0,70.0,6.0,29.88,10.1,23 | 73.4,15 | 59.0,70,6 | 3.73,29.88 | 1012,10.1 | 0.4
2018-03-01,20.0,17.0,85.0,6.0,29.91,32.1,20 | 68.0,17 | 62.6,85,6 | 3.73,29.91 | 1013,32.1 | 1.26
2018-03-02,21.0,16.0,81.0,8.0,29.94,5.6,21 | 69.8,16 | 60.8,81,8 | 4.97,29.94 | 1014,5.6 | 0.22
2018-03-03,21.0,16.0,79.0,5.0,29.91,7.1,21 | 69.8,16 | 60.8,79,5 | 3.11,29.91 | 1013,7.1 | 0.28
2018-03-04,18.0,16.0,87.0,5.0,29.94,14.5,18 | 64.4,16 | 60.8,87,5 | 3.11,29.94 | 1014,14.5 | 0.57
2018-03-05,21.0,15.0,75.0,5.0,29.94,5.8,21 | 69.8,15 | 59.0,75,5 | 3.11,29.94 | 1014,5.8 | 0.23
2018-03-06,21.0,15.0,76.0,6.0,29.94,18.1,21 | 69.8,15 | 59.0,76,6 | 3.73,29.94 | 1014,18.1 | 0.71
2018-03-07,22.0,15.0,74.0,6.0,29.94,5.6,22 | 71.6,15 | 59.0,74,6 | 3.73,29.94 | 1014,5.6 | 0.22
2018-03-08,23.0,16.0,73.0,5.0,29.94,6.0,23 | 73.4,16 | 60.8,73,5 | 3.11,29.94 | 1014,6.0 | 0.24
2018-03-09,23.0,15.0,69.0,6.0,29.91,5.8,23 | 73.4,15 | 59.0,69,6 | 3.73,29.91 | 1013,5.8 | 0.23
2018-03-10,23.0,15.0,69.0,6.0,29.88,7.9,23 | 73.4,15 | 59.0,69,6 | 3.73,29.88 | 1012,7.9 | 0.31
2018-03-11,23.0,15.0,71.0,7.0,29.91,8.5,23 | 73.4,15 | 59.0,71,7 | 4.35,29.91 | 1013,8.5 | 0.33
2018-03-12,21.0,16.0,78.0,7.0,29.94,8.2,21 | 69.8,16 | 60.8,78,7 | 4.35,29.94 | 1014,8.2 | 0.32
2018-03-13,21.0,17.0,80.0,5.0,29.97,9.4,21 | 69.8,17 | 62.6,80,5 | 3.11,29.97 | 1015,9.4 | 0.37
2018-03-14,22.0,17.0,78.0,5.0,29.91,10.9,22 | 71.6,17 | 62.6,78,5 | 3.11,29.91 | 1013,10.9 | 0.43
2018-03-15,18.0,17.0,88.0,5.0,29.94,26.8,18 | 64.4,17 | 62.6,88,5 | 3.11,29.94 | 1014,26.8 | 1.06
2018-03-16,19.0,16.0,86.0,4.0,29.94,13.1,19 | 66.2,16 | 60.8,86,4 | 2.49,29.94 | 1014,13.1 | 0.52
2018-03-17,21.0,17.0,84.0,5.0,29.91,27.6,21 | 69.8,17 | 62.6,84,5 | 3.11,29.91 | 1013,27.6 | 1.09
2018-03-18,21.0,17.0,83.0,5.0,29.85,39.1,21 | 69.8,17 | 62.6,83,5 | 3.11,29.85 | 1011,39.1 | 1.54
2018-03-19,21.0,17.0,84.0,4.0,29.91,28.4,21 | 69.8,17 | 62.6,84,4 | 2.49,29.91 | 1013,28.4 | 1.12
2018-03-20,21.0,17.0,82.0,3.0,29.91,26.6,21 | 69.8,17 | 62.6,82,3 | 1.86,29.91 | 1013,26.6 | 1.05
2018-03-21,21.0,16.0,79.0,4.0,29.94,16.8,21 | 69.8,16 | 60.8,79,4 | 2.49,29.94 | 1014,16.8 | 0.66
2018-03-22,22.0,16.0,77.0,4.0,29.94,9.9,22 | 71.6,16 | 60.8,77,4 | 2.49,29.94 | 1014,9.9 | 0.39
2018-03-23,22.0,15.0,70.0,5.0,29.91,0.6,22 | 71.6,15 | 59.0,70,5 | 3.11,29.91 | 1013,0.6 | 0.02
2018-03-24,23.0,15.0,66.0,7.0,29.85,0.2,23 | 73.4,15 | 59.0,66,7 | 4.35,29.85 | 1011,0.2 | 0.01
2018-03-25,22.0,16.0,73.0,6.0,29.91,5.1,22 | 71.6,16 | 60.8,73,6 | 3.73,29.91 | 1013,5.1 | 0.2
2018-03-26,22.0,16.0,76.0,4.0,29.91,12.2,22 | 71.6,16 | 60.8,76,4 | 2.49,29.91 | 1013,12.2 | 0.48
2018-03-27,23.0,15.0,73.0,5.0,29.88,5.7,23 | 73.4,15 | 59.0,73,5 | 3.11,29.88 | 1012,5.7 | 0.22
2018-03-28,23.0,15.0,70.0,4.0,29.85,1.9,23 | 73.4,15 | 59.0,70,4 | 2.49,29.85 | 1011,1.9 | 0.07
2018-03-29,21.0,16.0,78.0,5.0,29.91,7.6,21 | 69.8,16 | 60.8,78,5 | 3.11,29.91 | 1013,7.6 | 0.3
2018-03-30,22.0,14.0,71.0,5.0,29.94,0.2,22 | 71.6,14 | 57.2,71,5 | 3.11,29.94 | 1014,0.2 | 0.01
2018-03-31,22.0,14.0,71.0,5.0,29.88,1.4,22 | 71.6,14 | 57.2,71,5 | 3.11,29.88 | 1012,1.4 | 0.06
2018-04-01,22.0,16.0,76.0,4.0,29.85,4.7,22 | 71.6,16 | 60.8,76,4 | 2.49,29.85 | 1011,4.7 | 0.19
2018-04-02,22.0,16.0,77.0,5.0,29.83,2.0,22 | 71.6,16 | 60.8,77,5 | 3.11,29.83 | 1010,2.0 | 0.08
2018-04-03,22.0,16.0,78.0,5.0,29.83,4.4,22 | 71.6,16 | 60.8,78,5 | 3.11,29.83 | 1010,4.4 | 0.17
2018-04-04,20.0,16.0,84.0,4.0,29.88,3.3,20 | 68.0,16 | 60.8,84,4 | 2.49,29.88 | 1012,3.3 | 0.13
2018-04-05,20.0,16.0,84.0,4.0,29.88,2.4,20 | 68.0,16 | 60.8,84,4 | 2.49,29.88 | 1012,2.4 | 0.09
2018-04-06,22.0,16.0,78.0,4.0,29.85,4.1,22 | 71.6,16 | 60.8,78,4 | 2.49,29.85 | 1011,4.1 | 0.16
2018-04-07,20.0,17.0,84.0,5.0,29.88,8.3,20 | 68.0,17 | 62.6,84,5 | 3.11,29.88 | 1012,8.3 | 0.33
2018-04-08,19.0,17.0,90.0,3.0,29.91,14.6,19 | 66.2,17 | 62.6,90,3 | 1.86,29.91 | 1013,14.6 | 0.57
2018-04-09,20.0,17.0,86.0,4.0,29.91,7.5,20 | 68.0,17 | 62.6,86,4 | 2.49,29.91 | 1013,7.5 | 0.3
2018-04-10,21.0,17.0,86.0,4.0,29.88,19.4,21 | 69.8,17 | 62.6,86,4 | 2.49,29.88 | 1012,19.4 | 0.76
2018-04-11,21.0,17.0,83.0,5.0,29.85,10.9,21 | 69.8,17 | 62.6,83,5 | 3.11,29.85 | 1011,10.9 | 0.43
2018-04-12,21.0,18.0,87.0,3.0,29.88,29.2,21 | 69.8,18 | 64.4,87,3 | 1.86,29.88 | 1012,29.2 | 1.15
2018-04-13,20.0,17.0,88.0,6.0,29.91,27.3,20 | 68.0,17 | 62.6,88,6 | 3.73,29.91 | 1013,27.3 | 1.07
2018-04-14,18.0,17.0,93.0,4.0,29.97,55.6,18 | 64.4,17 | 62.6,93,4 | 2.49,29.97 | 1015,55.6 | 2.19
2018-04-15,20.0,17.0,89.0,5.0,30.0,12.5,20 | 68.0,17 | 62.6,89,5 | 3.11,30.0 | 1016,12.5 | 0.49
2018-04-16,19.0,17.0,92.0,5.0,30.0,26.3,19 | 66.2,17 | 62.6,92,5 | 3.11,30.0 | 1016,26.3 | 1.04
2018-04-17,18.0,16.0,91.0,4.0,30.06,26.6,18 | 64.4,16 | 60.8,91,4 | 2.49,30.06 | 1018,26.6 | 1.05
2018-04-18,20.0,16.0,82.0,5.0,30.03,0.7,20 | 68.0,16 | 60.8,82,5 | 3.11,30.03 | 1017,0.7 | 0.03
2018-04-19,20.0,16.0,85.0,5.0,30.0,4.9,20 | 68.0,16 | 60.8,85,5 | 3.11,30.0 | 1016,4.9 | 0.19
2018-04-20,21.0,17.0,85.0,5.0,29.94,9.3,21 | 69.8,17 | 62.6,85,5 | 3.11,29.94 | 1014,9.3 | 0.37
2018-04-21,21.0,17.0,84.0,5.0,29.94,5.6,21 | 69.8,17 | 62.6,84,5 | 3.11,29.94 | 1014,5.6 | 0.22
2018-04-22,20.0,16.0,86.0,6.0,29.94,4.4,20 | 68.0,16 | 60.8,86,6 | 3.73,29.94 | 1014,4.4 | 0.17
2018-04-23,20.0,17.0,89.0,5.0,29.97,10.9,20 | 68.0,17 | 62.6,89,5 | 3.11,29.97 | 1015,10.9 | 0.43
2018-04-24,20.0,17.0,87.0,5.0,29.94,13.4,20 | 68.0,17 | 62.6,87,5 | 3.11,29.94 | 1014,13.4 | 0.53
2018-04-25,21.0,17.0,87.0,4.0,29.94,24.2,21 | 69.8,17 | 62.6,87,4 | 2.49,29.94 | 1014,24.2 | 0.95
2018-04-26,20.0,16.0,86.0,6.0,29.94,6.8,20 | 68.0,16 | 60.8,86,6 | 3.73,29.94 | 1014,6.8 | 0.27
2018-04-27,20.0,16.0,85.0,5.0,29.94,14.0,20 | 68.0,16 | 60.8,85,5 | 3.11,29.94 | 1014,14.0 | 0.55
2018-04-28,20.0,17.0,86.0,5.0,29.94,23.2,20 | 68.0,17 | 62.6,86,5 | 3.11,29.94 | 1014,23.2 | 0.91
2018-04-29,21.0,17.0,85.0,6.0,29.94,22.2,21 | 69.8,17 | 62.6,85,6 | 3.73,29.94 | 1014,22.2 | 0.87
2018-04-30,21.0,17.0,84.0,6.0,29.94,21.5,21 | 69.8,17 | 62.6,84,6 | 3.73,29.94 | 1014,21.5 | 0.85
2018-05-01,20.0,17.0,86.0,6.0,29.97,19.6,20 | 68.0,17 | 62.6,86,6 | 3.73,29.97 | 1015,19.6 | 0.77
2018-05-02,20.0,16.0,84.0,6.0,30.0,8.0,20 | 68.0,16 | 60.8,84,6 | 3.73,30.0 | 1016,8.0 | 0.31
2018-05-03,21.0,16.0,82.0,5.0,29.94,9.2,21 | 69.8,16 | 60.8,82,5 | 3.11,29.94 | 1014,9.2 | 0.36
2018-05-04,21.0,16.0,83.0,6.0,29.91,3.3,21 | 69.8,16 | 60.8,83,6 | 3.73,29.91 | 1013,3.3 | 0.13
2018-05-05,21.0,16.0,82.0,6.0,29.91,9.3,21 | 69.8,16 | 60.8,82,6 | 3.73,29.91 | 1013,9.3 | 0.37
2018-05-06,21.0,16.0,82.0,6.0,29.94,17.6,21 | 69.8,16 | 60.8,82,6 | 3.73,29.94 | 1014,17.6 | 0.69
2018-05-07,21.0,16.0,83.0,6.0,29.97,14.0,21 | 69.8,16 | 60.8,83,6 | 3.73,29.97 | 1015,14.0 | 0.55
2018-05-08,21.0,16.0,84.0,5.0,29.94,8.9,21 | 69.8,16 | 60.8,84,5 | 3.11,29.94 | 1014,8.9 | 0.35
2018-05-09,20.0,17.0,86.0,5.0,29.91,10.2,20 | 68.0,17 | 62.6,86,5 | 3.11,29.91 | 1013,10.2 | 0.4
2018-05-10,21.0,16.0,83.0,7.0,29.94,19.4,21 | 69.8,16 | 60.8,83,7 | 4.35,29.94 | 1014,19.4 | 0.76
2018-05-11,21.0,17.0,84.0,6.0,29.94,18.7,21 | 69.8,17 | 62.6,84,6 | 3.73,29.94 | 1014,18.7 | 0.74
2018-05-12,22.0,16.0,81.0,6.0,29.94,4.1,22 | 71.6,16 | 60.8,81,6 | 3.73,29.94 | 1014,4.1 | 0.16
2018-05-13,22.0,17.0,81.0,5.0,29.91,4.7,22 | 71.6,17 | 62.6,81,5 | 3.11,29.91 | 1013,4.7 | 0.19
2018-05-14,21.0,17.0,84.0,5.0,29.91,5.7,21 | 69.8,17 | 62.6,84,5 | 3.11,29.91 | 1013,5.7 | 0.22
2018-05-15,20.0,16.0,86.0,5.0,29.91,9.5,20 | 68.0,16 | 60.8,86,5 | 3.11,29.91 | 1013,9.5 | 0.37
2018-05-16,20.0,16.0,87.0,5.0,29.97,6.4,20 | 68.0,16 | 60.8,87,5 | 3.11,29.97 | 1015,6.4 | 0.25
2018-05-17,21.0,16.0,84.0,5.0,29.97,8.4,21 | 69.8,16 | 60.8,84,5 | 3.11,29.97 | 1015,8.4 | 0.33
2018-05-18,21.0,17.0,84.0,5.0,29.91,9.8,21 | 69.8,17 | 62.6,84,5 | 3.11,29.91 | 1013,9.8 | 0.39
2018-05-19,20.0,17.0,87.0,5.0,29.94,12.1,20 | 68.0,17 | 62.6,87,5 | 3.11,29.94 | 1014,12.1 | 0.48
2018-05-20,20.0,16.0,85.0,5.0,29.91,14.1,20 | 68.0,16 | 60.8,85,5 | 3.11,29.91 | 1013,14.1 | 0.56
2018-05-21,19.0,15.0,86.0,7.0,29.94,6.3,19 | 66.2,15 | 59.0,86,7 | 4.35,29.94 | 1014,6.3 | 0.25
2018-05-22,17.0,16.0,94.0,5.0,30.0,22.9,17 | 62.6,16 | 60.8,94,5 | 3.11,30.0 | 1016,22.9 | 0.9
2018-05-23,20.0,16.0,84.0,7.0,30.0,5.2,20 | 68.0,16 | 60.8,84,7 | 4.35,30.0 | 1016,5.2 | 0.2
2018-05-24,21.0,15.0,81.0,5.0,29.97,2.2,21 | 69.8,15 | 59.0,81,5 | 3.11,29.97 | 1015,2.2 | 0.09
2018-05-25,20.0,16.0,83.0,5.0,29.94,16.6,20 | 68.0,16 | 60.8,83,5 | 3.11,29.94 | 1014,16.6 | 0.65
2018-05-26,21.0,16.0,82.0,6.0,29.94,10.0,21 | 69.8,16 | 60.8,82,6 | 3.73,29.94 | 1014,10.0 | 0.39
2018-05-27,21.0,15.0,80.0,6.0,29.97,4.7,21 | 69.8,15 | 59.0,80,6 | 3.73,29.97 | 1015,4.7 | 0.19
2018-05-28,21.0,15.0,77.0,6.0,30.0,1.2,21 | 69.8,15 | 59.0,77,6 | 3.73,30.0 | 1016,1.2 | 0.05
2018-05-29,21.0,14.0,71.0,5.0,29.97,1.0,21 | 69.8,14 | 57.2,71,5 | 3.11,29.97 | 1015,1.0 | 0.04
2018-05-30,21.0,15.0,78.0,5.0,30.0,6.9,21 | 69.8,15 | 59.0,78,5 | 3.11,30.0 | 1016,6.9 | 0.27
2018-05-31,21.0,15.0,78.0,5.0,30.0,2.8,21 | 69.8,15 | 59.0,78,5 | 3.11,30.0 | 1016,2.8 | 0.11
2018-06-01,21.0,16.0,81.0,5.0,30.0,6.6,21 | 69.8,16 | 60.8,81,5 | 3.11,30.0 | 1016,6.6 | 0.26
2018-06-02,21.0,16.0,83.0,5.0,30.0,5.5,21 | 69.8,16 | 60.8,83,5 | 3.11,30.0 | 1016,5.5 | 0.22
2018-06-03,20.0,16.0,85.0,5.0,29.97,6.0,20 | 68.0,16 | 60.8,85,5 | 3.11,29.97 | 1015,6.0 | 0.24
2018-06-04,19.0,16.0,89.0,5.0,29.94,13.2,19 | 66.2,16 | 60.8,89,5 | 3.11,29.94 | 1014,13.2 | 0.52
2018-06-05,18.0,16.0,91.0,4.0,29.97,8.6,18 | 64.4,16 | 60.8,91,4 | 2.49,29.97 | 1015,8.6 | 0.34
2018-06-06,18.0,15.0,89.0,4.0,30.03,5.9,18 | 64.4,15 | 59.0,89,4 | 2.49,30.03 | 1017,5.9 | 0.23
2018-06-07,19.0,15.0,83.0,5.0,30.03,16.0,19 | 66.2,15 | 59.0,83,5 | 3.11,30.03 | 1017,16.0 | 0.63
2018-06-08,20.0,16.0,87.0,5.0,30.03,25.3,20 | 68.0,16 | 60.8,87,5 | 3.11,30.03 | 1017,25.3 | 1.0
2018-06-09,20.0,15.0,82.0,5.0,30.03,8.6,20 | 68.0,15 | 59.0,82,5 | 3.11,30.03 | 1017,8.6 | 0.34
2018-06-10,20.0,16.0,84.0,4.0,30.03,16.7,20 | 68.0,16 | 60.8,84,4 | 2.49,30.03 | 1017,16.7 | 0.66
2018-06-11,21.0,14.0,74.0,5.0,30.06,2.5,21 | 69.8,14 | 57.2,74,5 | 3.11,30.06 | 1018,2.5 | 0.1
2018-06-12,21.0,13.0,63.0,7.0,30.06,0.0,21 | 69.8,13 | 55.4,63,7 | 4.35,30.06 | 1018,0.0 | 0.0
2018-06-13,21.0,14.0,74.0,5.0,30.03,1.5,21 | 69.8,14 | 57.2,74,5 | 3.11,30.03 | 1017,1.5 | 0.06
2018-06-14,21.0,15.0,78.0,5.0,30.03,4.7,21 | 69.8,15 | 59.0,78,5 | 3.11,30.03 | 1017,4.7 | 0.19
2018-06-15,21.0,15.0,79.0,5.0,30.0,6.5,21 | 69.8,15 | 59.0,79,5 | 3.11,30.0 | 1016,6.5 | 0.26
2018-06-16,21.0,16.0,80.0,5.0,30.03,4.8,21 | 69.8,16 | 60.8,80,5 | 3.11,30.03 | 1017,4.8 | 0.19
2018-06-17,21.0,15.0,78.0,5.0,30.0,6.4,21 | 69.8,15 | 59.0,78,5 | 3.11,30.0 | 1016,6.4 | 0.25
2018-06-18,20.0,15.0,84.0,5.0,29.97,17.1,20 | 68.0,15 | 59.0,84,5 | 3.11,29.97 | 1015,17.1 | 0.67
2018-06-19,19.0,15.0,86.0,6.0,29.97,13.3,19 | 66.2,15 | 59.0,86,6 | 3.73,29.97 | 1015,13.3 | 0.52
2018-06-20,19.0,14.0,83.0,7.0,30.03,9.6,19 | 66.2,14 | 57.2,83,7 | 4.35,30.03 | 1017,9.6 | 0.38
2018-06-21,20.0,14.0,78.0,6.0,30.06,3.0,20 | 68.0,14 | 57.2,78,6 | 3.73,30.06 | 1018,3.0 | 0.12
2018-06-22,21.0,13.0,72.0,6.0,30.03,0.6,21 | 69.8,13 | 55.4,72,6 | 3.73,30.03 | 1017,0.6 | 0.02
2018-06-23,20.0,14.0,77.0,6.0,30.03,3.1,20 | 68.0,14 | 57.2,77,6 | 3.73,30.03 | 1017,3.1 | 0.12
2018-06-24,20.0,16.0,81.0,4.0,30.0,6.4,20 | 68.0,16 | 60.8,81,4 | 2.49,30.0 | 1016,6.4 | 0.25
2018-06-25,20.0,15.0,80.0,6.0,29.97,9.8,20 | 68.0,15 | 59.0,80,6 | 3.73,29.97 | 1015,9.8 | 0.39
2018-06-26,19.0,13.0,74.0,6.0,29.97,7.3,19 | 66.2,13 | 55.4,74,6 | 3.73,29.97 | 1015,7.3 | 0.29
2018-06-27,21.0,14.0,72.0,5.0,29.97,6.1,21 | 69.8,14 | 57.2,72,5 | 3.11,29.97 | 1015,6.1 | 0.24
2018-06-28,21.0,13.0,68.0,5.0,29.97,1.6,21 | 69.8,13 | 55.4,68,5 | 3.11,29.97 | 1015,1.6 | 0.06
2018-06-29,21.0,13.0,70.0,5.0,29.94,2.4,21 | 69.8,13 | 55.4,70,5 | 3.11,29.94 | 1014,2.4 | 0.09
2018-06-30,21.0,13.0,67.0,6.0,29.94,0.0,21 | 69.8,13 | 55.4,67,6 | 3.73,29.94 | 1014,0.0 | 0.0
2018-07-01,21.0,13.0,71.0,6.0,29.94,3.0,21 | 69.8,13 | 55.4,71,6 | 3.73,29.94 | 1014,3.0 | 0.12
2018-07-02,19.0,14.0,79.0,6.0,29.97,6.1,19 | 66.2,14 | 57.2,79,6 | 3.73,29.97 | 1015,6.1 | 0.24
2018-07-03,19.0,14.0,79.0,8.0,29.97,9.1,19 | 66.2,14 | 57.2,79,8 | 4.97,29.97 | 1015,9.1 | 0.36
2018-07-04,20.0,13.0,75.0,8.0,30.0,5.6,20 | 68.0,13 | 55.4,75,8 | 4.97,30.0 | 1016,5.6 | 0.22
2018-07-05,20.0,13.0,70.0,7.0,30.03,5.7,20 | 68.0,13 | 55.4,70,7 | 4.35,30.03 | 1017,5.7 | 0.22
2018-07-06,21.0,13.0,68.0,6.0,30.06,2.9,21 | 69.8,13 | 55.4,68,6 | 3.73,30.06 | 1018,2.9 | 0.11
2018-07-07,21.0,11.0,63.0,6.0,30.03,0.0,21 | 69.8,11 | 51.8,63,6 | 3.73,30.03 | 1017,0.0 | 0.0
2018-07-08,20.0,12.0,67.0,6.0,30.03,5.4,20 | 68.0,12 | 53.6,67,6 | 3.73,30.03 | 1017,5.4 | 0.21
2018-07-09,20.0,14.0,74.0,6.0,30.03,6.9,20 | 68.0,14 | 57.2,74,6 | 3.73,30.03 | 1017,6.9 | 0.27
2018-07-10,19.0,14.0,78.0,6.0,30.06,9.6,19 | 66.2,14 | 57.2,78,6 | 3.73,30.06 | 1018,9.6 | 0.38
2018-07-11,19.0,13.0,74.0,7.0,30.06,1.7,19 | 66.2,13 | 55.4,74,7 | 4.35,30.06 | 1018,1.7 | 0.07
2018-07-12,20.0,12.0,67.0,6.0,30.06,1.7,20 | 68.0,12 | 53.6,67,6 | 3.73,30.06 | 1018,1.7 | 0.07
2018-07-13,21.0,13.0,72.0,5.0,30.03,2.2,21 | 69.8,13 | 55.4,72,5 | 3.11,30.03 | 1017,2.2 | 0.09
2018-07-14,20.0,14.0,72.0,6.0,30.0,1.4,20 | 68.0,14 | 57.2,72,6 | 3.73,30.0 | 1016,1.4 | 0.06
2018-07-15,21.0,12.0,65.0,7.0,30.0,0.5,21 | 69.8,12 | 53.6,65,7 | 4.35,30.0 | 1016,0.5 | 0.02
2018-07-16,22.0,9.0,53.0,8.0,30.03,0.0,22 | 71.6,9 | 48.2,53,8 | 4.97,30.03 | 1017,0.0 | 0.0
2018-07-17,21.0,10.0,56.0,6.0,30.03,0.0,21 | 69.8,10 | 50.0,56,6 | 3.73,30.03 | 1017,0.0 | 0.0
2018-07-18,21.0,12.0,61.0,4.0,30.03,0.0,21 | 69.8,12 | 53.6,61,4 | 2.49,30.03 | 1017,0.0 | 0.0
2018-07-19,22.0,12.0,60.0,5.0,30.0,0.0,22 | 71.6,12 | 53.6,60,5 | 3.11,30.0 | 1016,0.0 | 0.0
2018-07-20,20.0,11.0,61.0,7.0,30.0,0.1,20 | 68.0,11 | 51.8,61,7 | 4.35,30.0 | 1016,0.1 | 0.0
2018-07-21,21.0,12.0,67.0,6.0,30.0,3.8,21 | 69.8,12 | 53.6,67,6 | 3.73,30.0 | 1016,3.8 | 0.15
2018-07-22,21.0,12.0,63.0,7.0,30.03,0.1,21 | 69.8,12 | 53.6,63,7 | 4.35,30.03 | 1017,0.1 | 0.0
2018-07-23,21.0,11.0,59.0,7.0,30.0,0.0,21 | 69.8,11 | 51.8,59,7 | 4.35,30.0 | 1016,0.0 | 0.0
2018-07-24,21.0,11.0,57.0,7.0,30.03,0.2,21 | 69.8,11 | 51.8,57,7 | 4.35,30.03 | 1017,0.2 | 0.01
2018-07-25,21.0,11.0,61.0,6.0,30.0,0.5,21 | 69.8,11 | 51.8,61,6 | 3.73,30.0 | 1016,0.5 | 0.02
2018-07-26,20.0,12.0,68.0,7.0,30.03,8.4,20 | 68.0,12 | 53.6,68,7 | 4.35,30.03 | 1017,8.4 | 0.33
2018-07-27,21.0,13.0,70.0,7.0,30.03,10.5,21 | 69.8,13 | 55.4,70,7 | 4.35,30.03 | 1017,10.5 | 0.41
2018-07-28,21.0,14.0,71.0,6.0,30.03,4.8,21 | 69.8,14 | 57.2,71,6 | 3.73,30.03 | 1017,4.8 | 0.19
2018-07-29,21.0,14.0,70.0,6.0,30.0,4.2,21 | 69.8,14 | 57.2,70,6 | 3.73,30.0 | 1016,4.2 | 0.17
2018-07-30,22.0,13.0,70.0,6.0,30.0,3.3,22 | 71.6,13 | 55.4,70,6 | 3.73,30.0 | 1016,3.3 | 0.13
2018-07-31,22.0,14.0,70.0,5.0,29.97,6.7,22 | 71.6,14 | 57.2,70,5 | 3.11,29.97 | 1015,6.7 | 0.26
2018-08-01,21.0,15.0,75.0,6.0,29.97,14.2,21 | 69.8,15 | 59.0,75,6 | 3.73,29.97 | 1015,14.2 | 0.56
2018-08-02,22.0,14.0,68.0,6.0,29.97,0.7,22 | 71.6,14 | 57.2,68,6 | 3.73,29.97 | 1015,0.7 | 0.03
2018-08-03,22.0,13.0,62.0,5.0,30.0,1.6,22 | 71.6,13 | 55.4,62,5 | 3.11,30.0 | 1016,1.6 | 0.06
2018-08-04,22.0,13.0,66.0,5.0,30.0,3.0,22 | 71.6,13 | 55.4,66,5 | 3.11,30.0 | 1016,3.0 | 0.12
2018-08-05,21.0,11.0,61.0,6.0,30.0,0.4,21 | 69.8,11 | 51.8,61,6 | 3.73,30.0 | 1016,0.4 | 0.02
2018-08-06,21.0,12.0,67.0,7.0,30.03,9.0,21 | 69.8,12 | 53.6,67,7 | 4.35,30.03 | 1017,9.0 | 0.35
2018-08-07,22.0,12.0,62.0,6.0,30.0,0.1,22 | 71.6,12 | 53.6,62,6 | 3.73,30.0 | 1016,0.1 | 0.0
2018-08-08,22.0,10.0,52.0,7.0,30.0,0.0,22 | 71.6,10 | 50.0,52,7 | 4.35,30.0 | 1016,0.0 | 0.0
2018-08-09,23.0,11.0,55.0,5.0,30.03,0.0,23 | 73.4,11 | 51.8,55,5 | 3.11,30.03 | 1017,0.0 | 0.0
2018-08-10,22.0,12.0,62.0,6.0,30.03,0.3,22 | 71.6,12 | 53.6,62,6 | 3.73,30.03 | 1017,0.3 | 0.01
2018-08-11,22.0,11.0,61.0,10.0,30.0,1.6,22 | 71.6,11 | 51.8,61,10 | 6.21,30.0 | 1016,1.6 | 0.06
2018-08-12,22.0,10.0,53.0,8.0,30.03,0.2,22 | 71.6,10 | 50.0,53,8 | 4.97,30.03 | 1017,0.2 | 0.01
2018-08-13,22.0,10.0,55.0,7.0,30.03,0.3,22 | 71.6,10 | 50.0,55,7 | 4.35,30.03 | 1017,0.3 | 0.01
2018-08-14,22.0,11.0,56.0,6.0,30.03,0.1,22 | 71.6,11 | 51.8,56,6 | 3.73,30.03 | 1017,0.1 | 0.0
2018-08-15,22.0,11.0,58.0,7.0,30.03,0.6,22 | 71.6,11 | 51.8,58,7 | 4.35,30.03 | 1017,0.6 | 0.02
2018-08-16,21.0,11.0,63.0,6.0,30.03,0.8,21 | 69.8,11 | 51.8,63,6 | 3.73,30.03 | 1017,0.8 | 0.03
2018-08-17,22.0,12.0,62.0,6.0,30.0,0.9,22 | 71.6,12 | 53.6,62,6 | 3.73,30.0 | 1016,0.9 | 0.04
2018-08-18,22.0,12.0,63.0,6.0,29.94,0.2,22 | 71.6,12 | 53.6,63,6 | 3.73,29.94 | 1014,0.2 | 0.01
2018-08-19,21.0,13.0,69.0,6.0,29.94,15.2,21 | 69.8,13 | 55.4,69,6 | 3.73,29.94 | 1014,15.2 | 0.6
2018-08-20,22.0,14.0,71.0,6.0,29.97,11.3,22 | 71.6,14 | 57.2,71,6 | 3.73,29.97 | 1015,11.3 | 0.44
2018-08-21,21.0,14.0,71.0,5.0,29.97,7.6,21 | 69.8,14 | 57.2,71,5 | 3.11,29.97 | 1015,7.6 | 0.3
2018-08-22,22.0,14.0,69.0,5.0,29.97,9.2,22 | 71.6,14 | 57.2,69,5 | 3.11,29.97 | 1015,9.2 | 0.36
2018-08-23,21.0,15.0,75.0,4.0,29.94,18.8,21 | 69.8,15 | 59.0,75,4 | 2.49,29.94 | 1014,18.8 | 0.74
2018-08-24,19.0,16.0,84.0,4.0,29.97,35.7,19 | 66.2,16 | 60.8,84,4 | 2.49,29.97 | 1015,35.7 | 1.41
2018-08-25,20.0,14.0,77.0,5.0,30.0,20.5,20 | 68.0,14 | 57.2,77,5 | 3.11,30.0 | 1016,20.5 | 0.81
2018-08-26,22.0,13.0,70.0,5.0,29.97,1.5,22 | 71.6,13 | 55.4,70,5 | 3.11,29.97 | 1015,1.5 | 0.06
2018-08-27,21.0,16.0,77.0,5.0,29.97,16.7,21 | 69.8,16 | 60.8,77,5 | 3.11,29.97 | 1015,16.7 | 0.66
2018-08-28,21.0,15.0,77.0,5.0,29.94,16.4,21 | 69.8,15 | 59.0,77,5 | 3.11,29.94 | 1014,16.4 | 0.65
2018-08-29,21.0,15.0,76.0,7.0,29.97,19.3,21 | 69.8,15 | 59.0,76,7 | 4.35,29.97 | 1015,19.3 | 0.76
2018-08-30,21.0,14.0,74.0,6.0,29.94,9.8,21 | 69.8,14 | 57.2,74,6 | 3.73,29.94 | 1014,9.8 | 0.39
2018-08-31,22.0,12.0,63.0,6.0,29.91,0.5,22 | 71.6,12 | 53.6,63,6 | 3.73,29.91 | 1013,0.5 | 0.02
2018-09-01,22.0,13.0,68.0,5.0,29.94,11.0,22 | 71.6,13 | 55.4,68,5 | 3.11,29.94 | 1014,11.0 | 0.43
2018-09-02,21.0,14.0,73.0,5.0,29.91,10.3,21 | 69.8,14 | 57.2,73,5 | 3.11,29.91 | 1013,10.3 | 0.41
2018-09-03,19.0,14.0,77.0,9.0,29.91,4.9,19 | 66.2,14 | 57.2,77,9 | 5.59,29.91 | 1013,4.9 | 0.19
2018-09-04,19.0,14.0,74.0,7.0,29.94,1.7,19 | 66.2,14 | 57.2,74,7 | 4.35,29.94 | 1014,1.7 | 0.07
2018-09-05,20.0,14.0,77.0,7.0,29.97,16.3,20 | 68.0,14 | 57.2,77,7 | 4.35,29.97 | 1015,16.3 | 0.64
2018-09-06,22.0,12.0,64.0,8.0,29.97,0.1,22 | 71.6,12 | 53.6,64,8 | 4.97,29.97 | 1015,0.1 | 0.0
2018-09-07,22.0,12.0,62.0,7.0,29.91,0.4,22 | 71.6,12 | 53.6,62,7 | 4.35,29.91 | 1013,0.4 | 0.02
2018-09-08,21.0,12.0,63.0,6.0,29.94,2.7,21 | 69.8,12 | 53.6,63,6 | 3.73,29.94 | 1014,2.7 | 0.11
2018-09-09,23.0,13.0,61.0,7.0,29.94,1.0,23 | 73.4,13 | 55.4,61,7 | 4.35,29.94 | 1014,1.0 | 0.04
2018-09-10,23.0,12.0,58.0,6.0,29.94,1.9,23 | 73.4,12 | 53.6,58,6 | 3.73,29.94 | 1014,1.9 | 0.07
2018-09-11,22.0,12.0,60.0,7.0,29.94,0.5,22 | 71.6,12 | 53.6,60,7 | 4.35,29.94 | 1014,0.5 | 0.02
2018-09-12,22.0,11.0,56.0,7.0,29.94,3.0,22 | 71.6,11 | 51.8,56,7 | 4.35,29.94 | 1014,3.0 | 0.12
2018-09-13,22.0,12.0,62.0,6.0,29.94,0.6,22 | 71.6,12 | 53.6,62,6 | 3.73,29.94 | 1014,0.6 | 0.02
2018-09-14,23.0,12.0,59.0,6.0,29.94,0.0,23 | 73.4,12 | 53.6,59,6 | 3.73,29.94 | 1014,0.0 | 0.0
2018-09-15,24.0,12.0,55.0,6.0,29.94,0.0,24 | 75.2,12 | 53.6,55,6 | 3.73,29.94 | 1014,0.0 | 0.0
2018-09-16,24.0,11.0,49.0,6.0,29.91,0.0,24 | 75.2,11 | 51.8,49,6 | 3.73,29.91 | 1013,0.0 | 0.0
2018-09-17,23.0,11.0,52.0,5.0,29.91,0.7,23 | 73.4,11 | 51.8,52,5 | 3.11,29.91 | 1013,0.7 | 0.03
2018-09-18,24.0,12.0,53.0,6.0,29.88,0.4,24 | 75.2,12 | 53.6,53,6 | 3.73,29.88 | 1012,0.4 | 0.02
2018-09-19,22.0,12.0,60.0,6.0,29.91,4.3,22 | 71.6,12 | 53.6,60,6 | 3.73,29.91 | 1013,4.3 | 0.17
2018-09-20,23.0,13.0,64.0,6.0,29.94,2.9,23 | 73.4,13 | 55.4,64,6 | 3.73,29.94 | 1014,2.9 | 0.11
2018-09-21,24.0,11.0,52.0,7.0,29.91,0.0,24 | 75.2,11 | 51.8,52,7 | 4.35,29.91 | 1013,0.0 | 0.0
2018-09-22,23.0,12.0,58.0,7.0,29.91,2.4,23 | 73.4,12 | 53.6,58,7 | 4.35,29.91 | 1013,2.4 | 0.09
2018-09-23,22.0,12.0,60.0,6.0,29.91,1.4,22 | 71.6,12 | 53.6,60,6 | 3.73,29.91 | 1013,1.4 | 0.06
2018-09-24,24.0,10.0,50.0,7.0,29.91,0.0,24 | 75.2,10 | 50.0,50,7 | 4.35,29.91 | 1013,0.0 | 0.0
2018-09-25,23.0,11.0,53.0,8.0,29.91,0.1,23 | 73.4,11 | 51.8,53,8 | 4.97,29.91 | 1013,0.1 | 0.0
2018-09-26,24.0,11.0,52.0,6.0,29.94,0.0,24 | 75.2,11 | 51.8,52,6 | 3.73,29.94 | 1014,0.0 | 0.0
2018-09-27,23.0,12.0,57.0,7.0,29.91,0.1,23 | 73.4,12 | 53.6,57,7 | 4.35,29.91 | 1013,0.1 | 0.0
2018-09-28,23.0,13.0,64.0,8.0,29.88,1.6,23 | 73.4,13 | 55.4,64,8 | 4.97,29.88 | 1012,1.6 | 0.06
2018-09-29,24.0,12.0,57.0,7.0,29.88,0.2,24 | 75.2,12 | 53.6,57,7 | 4.35,29.88 | 1012,0.2 | 0.01
2018-09-30,24.0,12.0,53.0,6.0,29.91,0.0,24 | 75.2,12 | 53.6,53,6 | 3.73,29.91 | 1013,0.0 | 0.0
2018-10-01,23.0,9.0,44.0,6.0,29.88,0.0,23 | 73.4,9 | 48.2,44,6 | 3.73,29.88 | 1012,0.0 | 0.0
2018-10-02,23.0,11.0,54.0,7.0,29.91,0.3,23 | 73.4,11 | 51.8,54,7 | 4.35,29.91 | 1013,0.3 | 0.01
2018-10-03,23.0,11.0,58.0,6.0,29.94,0.0,23 | 73.4,11 | 51.8,58,6 | 3.73,29.94 | 1014,0.0 | 0.0
2018-10-04,23.0,12.0,57.0,5.0,29.94,0.0,23 | 73.4,12 | 53.6,57,5 | 3.11,29.94 | 1014,0.0 | 0.0
2018-10-05,24.0,11.0,53.0,6.0,29.94,0.1,24 | 75.2,11 | 51.8,53,6 | 3.73,29.94 | 1014,0.1 | 0.0
2018-10-06,23.0,12.0,57.0,7.0,29.91,2.5,23 | 73.4,12 | 53.6,57,7 | 4.35,29.91 | 1013,2.5 | 0.1
2018-10-07,24.0,13.0,63.0,6.0,29.91,3.8,24 | 75.2,13 | 55.4,63,6 | 3.73,29.91 | 1013,3.8 | 0.15
2018-10-08,22.0,15.0,74.0,4.0,29.91,12.7,22 | 71.6,15 | 59.0,74,4 | 2.49,29.91 | 1013,12.7 | 0.5
2018-10-09,22.0,14.0,70.0,7.0,29.88,6.2,22 | 71.6,14 | 57.2,70,7 | 4.35,29.88 | 1012,6.2 | 0.24
2018-10-10,22.0,13.0,62.0,6.0,29.88,1.1,22 | 71.6,13 | 55.4,62,6 | 3.73,29.88 | 1012,1.1 | 0.04
2018-10-11,23.0,13.0,62.0,6.0,29.91,0.2,23 | 73.4,13 | 55.4,62,6 | 3.73,29.91 | 1013,0.2 | 0.01
2018-10-12,23.0,13.0,63.0,6.0,29.91,9.5,23 | 73.4,13 | 55.4,63,6 | 3.73,29.91 | 1013,9.5 | 0.37
2018-10-13,23.0,14.0,66.0,5.0,29.88,2.7,23 | 73.4,14 | 57.2,66,5 | 3.11,29.88 | 1012,2.7 | 0.11
2018-10-14,23.0,13.0,62.0,5.0,29.91,3.4,23 | 73.4,13 | 55.4,62,5 | 3.11,29.91 | 1013,3.4 | 0.13
2018-10-15,23.0,14.0,68.0,5.0,29.94,7.5,23 | 73.4,14 | 57.2,68,5 | 3.11,29.94 | 1014,7.5 | 0.3
2018-10-16,22.0,15.0,71.0,5.0,29.94,9.9,22 | 71.6,15 | 59.0,71,5 | 3.11,29.94 | 1014,9.9 | 0.39
2018-10-17,23.0,14.0,70.0,5.0,29.91,15.0,23 | 73.4,14 | 57.2,70,5 | 3.11,29.91 | 1013,15.0 | 0.59
2018-10-18,23.0,15.0,69.0,5.0,29.85,4.9,23 | 73.4,15 | 59.0,69,5 | 3.11,29.85 | 1011,4.9 | 0.19
2018-10-19,21.0,15.0,76.0,5.0,29.91,22.6,21 | 69.8,15 | 59.0,76,5 | 3.11,29.91 | 1013,22.6 | 0.89
2018-10-20,22.0,16.0,76.0,4.0,29.94,8.1,22 | 71.6,16 | 60.8,76,4 | 2.49,29.94 | 1014,8.1 | 0.32
2018-10-21,23.0,13.0,60.0,6.0,29.91,0.6,23 | 73.4,13 | 55.4,60,6 | 3.73,29.91 | 1013,0.6 | 0.02
2018-10-22,23.0,11.0,52.0,11.0,29.91,0.0,23 | 73.4,11 | 51.8,52,11 | 6.84,29.91 | 1013,0.0 | 0.0
2018-10-23,22.0,11.0,56.0,14.0,29.94,0.0,22 | 71.6,11 | 51.8,56,14 | 8.7,29.94 | 1014,0.0 | 0.0
2018-10-24,22.0,12.0,60.0,8.0,29.97,0.2,22 | 71.6,12 | 53.6,60,8 | 4.97,29.97 | 1015,0.2 | 0.01
2018-10-25,22.0,13.0,63.0,9.0,29.94,5.1,22 | 71.6,13 | 55.4,63,9 | 5.59,29.94 | 1014,5.1 | 0.2
2018-10-26,23.0,13.0,66.0,7.0,29.94,0.3,23 | 73.4,13 | 55.4,66,7 | 4.35,29.94 | 1014,0.3 | 0.01
2018-10-27,22.0,13.0,66.0,6.0,29.97,0.5,22 | 71.6,13 | 55.4,66,6 | 3.73,29.97 | 1015,0.5 | 0.02
2018-10-28,23.0,15.0,69.0,5.0,29.94,4.6,23 | 73.4,15 | 59.0,69,5 | 3.11,29.94 | 1014,4.6 | 0.18
2018-10-29,24.0,14.0,65.0,6.0,29.91,0.1,24 | 75.2,14 | 57.2,65,6 | 3.73,29.91 | 1013,0.1 | 0.0
2018-10-30,24.0,15.0,67.0,5.0,29.91,3.8,24 | 75.2,15 | 59.0,67,5 | 3.11,29.91 | 1013,3.8 | 0.15
2018-10-31,24.0,14.0,66.0,6.0,29.88,2.1,24 | 75.2,14 | 57.2,66,6 | 3.73,29.88 | 1012,2.1 | 0.08
2018-11-01,23.0,15.0,68.0,4.0,29.88,8.7,23 | 73.4,15 | 59.0,68,4 | 2.49,29.88 | 1012,8.7 | 0.34
2018-11-02,22.0,16.0,74.0,5.0,29.88,9.2,22 | 71.6,16 | 60.8,74,5 | 3.11,29.88 | 1012,9.2 | 0.36
2018-11-03,23.0,16.0,73.0,5.0,29.88,8.9,23 | 73.4,16 | 60.8,73,5 | 3.11,29.88 | 1012,8.9 | 0.35
2018-11-04,23.0,15.0,69.0,5.0,29.91,1.3,23 | 73.4,15 | 59.0,69,5 | 3.11,29.91 | 1013,1.3 | 0.05
2018-11-05,22.0,14.0,67.0,4.0,29.88,2.0,22 | 71.6,14 | 57.2,67,4 | 2.49,29.88 | 1012,2.0 | 0.08
2018-11-06,23.0,15.0,66.0,4.0,29.88,0.9,23 | 73.4,15 | 59.0,66,4 | 2.49,29.88 | 1012,0.9 | 0.04
2018-11-07,24.0,15.0,63.0,6.0,29.91,0.2,24 | 75.2,15 | 59.0,63,6 | 3.73,29.91 | 1013,0.2 | 0.01
2018-11-08,24.0,15.0,65.0,5.0,29.91,1.9,24 | 75.2,15 | 59.0,65,5 | 3.11,29.91 | 1013,1.9 | 0.07
2018-11-09,24.0,14.0,65.0,5.0,29.91,0.7,24 | 75.2,14 | 57.2,65,5 | 3.11,29.91 | 1013,0.7 | 0.03
2018-11-10,23.0,15.0,68.0,5.0,29.94,0.7,23 | 73.4,15 | 59.0,68,5 | 3.11,29.94 | 1014,0.7 | 0.03
2018-11-11,22.0,16.0,77.0,4.0,29.94,26.9,22 | 71.6,16 | 60.8,77,4 | 2.49,29.94 | 1014,26.9 | 1.06
2018-11-12,24.0,15.0,68.0,5.0,29.91,2.2,24 | 75.2,15 | 59.0,68,5 | 3.11,29.91 | 1013,2.2 | 0.09
2018-11-13,23.0,15.0,67.0,5.0,29.88,0.2,23 | 73.4,15 | 59.0,67,5 | 3.11,29.88 | 1012,0.2 | 0.01
2018-11-14,24.0,15.0,68.0,4.0,29.83,2.3,24 | 75.2,15 | 59.0,68,4 | 2.49,29.83 | 1010,2.3 | 0.09
2018-11-15,23.0,15.0,69.0,5.0,29.88,1.4,23 | 73.4,15 | 59.0,69,5 | 3.11,29.88 | 1012,1.4 | 0.06
2018-11-16,24.0,16.0,69.0,5.0,29.91,2.5,24 | 75.2,16 | 60.8,69,5 | 3.11,29.91 | 1013,2.5 | 0.1
2018-11-17,23.0,14.0,62.0,5.0,29.94,0.1,23 | 73.4,14 | 57.2,62,5 | 3.11,29.94 | 1014,0.1 | 0.0
2018-11-18,23.0,15.0,68.0,6.0,29.94,5.0,23 | 73.4,15 | 59.0,68,6 | 3.73,29.94 | 1014,5.0 | 0.2
2018-11-19,24.0,16.0,72.0,4.0,29.91,6.6,24 | 75.2,16 | 60.8,72,4 | 2.49,29.91 | 1013,6.6 | 0.26
2018-11-20,23.0,15.0,73.0,5.0,29.91,6.5,23 | 73.4,15 | 59.0,73,5 | 3.11,29.91 | 1013,6.5 | 0.26
2018-11-21,23.0,16.0,74.0,5.0,29.91,13.9,23 | 73.4,16 | 60.8,74,5 | 3.11,29.91 | 1013,13.9 | 0.55
2018-11-22,22.0,16.0,72.0,5.0,29.91,13.6,22 | 71.6,16 | 60.8,72,5 | 3.11,29.91 | 1013,13.6 | 0.54
2018-11-23,22.0,15.0,71.0,5.0,29.91,7.0,22 | 71.6,15 | 59.0,71,5 | 3.11,29.91 | 1013,7.0 | 0.28
2018-11-24,23.0,15.0,69.0,5.0,29.94,1.1,23 | 73.4,15 | 59.0,69,5 | 3.11,29.94 | 1014,1.1 | 0.04
2018-11-25,23.0,15.0,66.0,4.0,29.94,2.7,23 | 73.4,15 | 59.0,66,4 | 2.49,29.94 | 1014,2.7 | 0.11
2018-11-26,23.0,14.0,65.0,6.0,29.88,1.1,23 | 73.4,14 | 57.2,65,6 | 3.73,29.88 | 1012,1.1 | 0.04
2018-11-27,24.0,14.0,62.0,4.0,29.88,0.0,24 | 75.2,14 | 57.2,62,4 | 2.49,29.88 | 1012,0.0 | 0.0
2018-11-28,24.0,14.0,62.0,4.0,29.91,0.0,24 | 75.2,14 | 57.2,62,4 | 2.49,29.91 | 1013,0.0 | 0.0
2018-11-29,24.0,14.0,60.0,4.0,29.88,0.1,24 | 75.2,14 | 57.2,60,4 | 2.49,29.88 | 1012,0.1 | 0.0
2018-11-30,24.0,13.0,59.0,6.0,29.88,0.2,24 | 75.2,13 | 55.4,59,6 | 3.73,29.88 | 1012,0.2 | 0.01
2018-12-01,23.0,13.0,58.0,5.0,29.85,0.0,23 | 73.4,13 | 55.4,58,5 | 3.11,29.85 | 1011,0.0 | 0.0
2018-12-02,23.0,15.0,67.0,5.0,29.85,5.3,23 | 73.4,15 | 59.0,67,5 | 3.11,29.85 | 1011,5.3 | 0.21
2018-12-03,24.0,14.0,64.0,5.0,29.85,1.2,24 | 75.2,14 | 57.2,64,5 | 3.11,29.85 | 1011,1.2 | 0.05
2018-12-04,22.0,16.0,75.0,4.0,29.88,14.7,22 | 71.6,16 | 60.8,75,4 | 2.49,29.88 | 1012,14.7 | 0.58
2018-12-05,23.0,15.0,71.0,5.0,29.91,3.2,23 | 73.4,15 | 59.0,71,5 | 3.11,29.91 | 1013,3.2 | 0.13
2018-12-06,23.0,16.0,71.0,5.0,29.91,4.0,23 | 73.4,16 | 60.8,71,5 | 3.11,29.91 | 1013,4.0 | 0.16
2018-12-07,24.0,14.0,61.0,4.0,29.85,0.2,24 | 75.2,14 | 57.2,61,4 | 2.49,29.85 | 1011,0.2 | 0.01
2018-12-08,23.0,16.0,70.0,5.0,29.88,14.1,23 | 73.4,16 | 60.8,70,5 | 3.11,29.88 | 1012,14.1 | 0.56
2018-12-09,22.0,16.0,77.0,6.0,29.94,9.8,22 | 71.6,16 | 60.8,77,6 | 3.73,29.94 | 1014,9.8 | 0.39
2018-12-10,20.0,17.0,87.0,5.0,30.0,17.2,20 | 68.0,17 | 62.6,87,5 | 3.11,30.0 | 1016,17.2 | 0.68
2018-12-11,19.0,16.0,87.0,6.0,30.03,15.7,19 | 66.2,16 | 60.8,87,6 | 3.73,30.03 | 1017,15.7 | 0.62
2018-12-12,21.0,16.0,83.0,4.0,30.03,8.4,21 | 69.8,16 | 60.8,83,4 | 2.49,30.03 | 1017,8.4 | 0.33
2018-12-13,21.0,16.0,80.0,5.0,30.0,18.0,21 | 69.8,16 | 60.8,80,5 | 3.11,30.0 | 1016,18.0 | 0.71
2018-12-14,22.0,16.0,79.0,4.0,30.0,16.2,22 | 71.6,16 | 60.8,79,4 | 2.49,30.0 | 1016,16.2 | 0.64
2018-12-15,22.0,16.0,78.0,5.0,30.0,10.1,22 | 71.6,16 | 60.8,78,5 | 3.11,30.0 | 1016,10.1 | 0.4
2018-12-16,22.0,15.0,75.0,6.0,29.97,5.1,22 | 71.6,15 | 59.0,75,6 | 3.73,29.97 | 1015,5.1 | 0.2
2018-12-17,23.0,14.0,69.0,6.0,29.97,0.8,23 | 73.4,14 | 57.2,69,6 | 3.73,29.97 | 1015,0.8 | 0.03
2018-12-18,22.0,15.0,70.0,7.0,29.94,3.5,22 | 71.6,15 | 59.0,70,7 | 4.35,29.94 | 1014,3.5 | 0.14
2018-12-19,21.0,16.0,76.0,5.0,29.94,9.0,21 | 69.8,16 | 60.8,76,5 | 3.11,29.94 | 1014,9.0 | 0.35
2018-12-20,22.0,14.0,70.0,6.0,29.94,0.7,22 | 71.6,14 | 57.2,70,6 | 3.73,29.94 | 1014,0.7 | 0.03
2018-12-21,22.0,15.0,70.0,5.0,29.91,3.3,22 | 71.6,15 | 59.0,70,5 | 3.11,29.91 | 1013,3.3 | 0.13
2018-12-22,22.0,16.0,76.0,5.0,29.88,12.0,22 | 71.6,16 | 60.8,76,5 | 3.11,29.88 | 1012,12.0 | 0.47
2018-12-23,20.0,17.0,84.0,4.0,29.88,31.8,20 | 68.0,17 | 62.6,84,4 | 2.49,29.88 | 1012,31.8 | 1.25
2018-12-24,22.0,16.0,73.0,5.0,29.91,3.8,22 | 71.6,16 | 60.8,73,5 | 3.11,29.91 | 1013,3.8 | 0.15
2018-12-25,22.0,14.0,66.0,6.0,29.91,0.8,22 | 71.6,14 | 57.2,66,6 | 3.73,29.91 | 1013,0.8 | 0.03
2018-12-26,23.0,13.0,59.0,5.0,29.94,0.0,23 | 73.4,13 | 55.4,59,5 | 3.11,29.94 | 1014,0.0 | 0.0
2018-12-27,23.0,14.0,62.0,5.0,29.91,0.2,23 | 73.4,14 | 57.2,62,5 | 3.11,29.91 | 1013,0.2 | 0.01
2018-12-28,23.0,15.0,68.0,5.0,29.91,2.1,23 | 73.4,15 | 59.0,68,5 | 3.11,29.91 | 1013,2.1 | 0.08
2018-12-29,22.0,15.0,69.0,5.0,29.94,2.1,22 | 71.6,15 | 59.0,69,5 | 3.11,29.94 | 1014,2.1 | 0.08
2018-12-30,23.0,15.0,67.0,4.0,29.94,1.4,23 | 73.4,15 | 59.0,67,4 | 2.49,29.94 | 1014,1.4 | 0.06
2018-12-31,23.0,15.0,69.0,4.0,29.94,3.0,23 | 73.4,15 | 59.0,69,4 | 2.49,29.94 | 1014,3.0 | 0.12
2019-01-01,23.0,14.0,64.0,5.0,29.97,0.0,23 | 73.4,14 | 57.2,64,5 | 3.11,29.97 | 1015,0.0 | 0.0
2019-01-02,22.0,14.0,64.0,5.0,29.97,0.2,22 | 71.6,14 | 57.2,64,5 | 3.11,29.97 | 1015,0.2 | 0.01
2019-01-03,23.0,14.0,63.0,7.0,29.94,2.3,23 | 73.4,14 | 57.2,63,7 | 4.35,29.94 | 1014,2.3 | 0.09
2019-01-04,22.0,15.0,68.0,5.0,29.94,1.9,22 | 71.6,15 | 59.0,68,5 | 3.11,29.94 | 1014,1.9 | 0.07
2019-01-05,23.0,14.0,68.0,5.0,29.94,1.9,23 | 73.4,14 | 57.2,68,5 | 3.11,29.94 | 1014,1.9 | 0.07
2019-01-06,21.0,14.0,69.0,5.0,29.91,2.5,21 | 69.8,14 | 57.2,69,5 | 3.11,29.91 | 1013,2.5 | 0.1
2019-01-07,23.0,13.0,59.0,7.0,29.91,0.0,23 | 73.4,13 | 55.4,59,7 | 4.35,29.91 | 1013,0.0 | 0.0
2019-01-08,23.0,13.0,59.0,7.0,29.91,0.9,23 | 73.4,13 | 55.4,59,7 | 4.35,29.91 | 1013,0.9 | 0.04
2019-01-09,23.0,11.0,55.0,7.0,29.91,1.0,23 | 73.4,11 | 51.8,55,7 | 4.35,29.91 | 1013,1.0 | 0.04
2019-01-10,23.0,11.0,53.0,6.0,29.91,0.0,23 | 73.4,11 | 51.8,53,6 | 3.73,29.91 | 1013,0.0 | 0.0
2019-01-11,24.0,12.0,52.0,6.0,29.88,0.0,24 | 75.2,12 | 53.6,52,6 | 3.73,29.88 | 1012,0.0 | 0.0
2019-01-12,25.0,10.0,46.0,7.0,29.88,0.0,25 | 77.0,10 | 50.0,46,7 | 4.35,29.88 | 1012,0.0 | 0.0
2019-01-13,24.0,12.0,54.0,6.0,29.88,0.2,24 | 75.2,12 | 53.6,54,6 | 3.73,29.88 | 1012,0.2 | 0.01
2019-01-14,24.0,14.0,59.0,5.0,29.91,1.1,24 | 75.2,14 | 57.2,59,5 | 3.11,29.91 | 1013,1.1 | 0.04
2019-01-15,22.0,15.0,71.0,5.0,29.94,6.2,22 | 71.6,15 | 59.0,71,5 | 3.11,29.94 | 1014,6.2 | 0.24
2019-01-16,21.0,16.0,79.0,5.0,29.97,16.6,21 | 69.8,16 | 60.8,79,5 | 3.11,29.97 | 1015,16.6 | 0.65
2019-01-17,23.0,16.0,73.0,5.0,29.94,5.1,23 | 73.4,16 | 60.8,73,5 | 3.11,29.94 | 1014,5.1 | 0.2
2019-01-18,22.0,16.0,74.0,6.0,29.94,8.9,22 | 71.6,16 | 60.8,74,6 | 3.73,29.94 | 1014,8.9 | 0.35
2019-01-19,22.0,15.0,72.0,6.0,29.94,2.3,22 | 71.6,15 | 59.0,72,6 | 3.73,29.94 | 1014,2.3 | 0.09
2019-01-20,23.0,15.0,70.0,6.0,29.97,6.8,23 | 73.4,15 | 59.0,70,6 | 3.73,29.97 | 1015,6.8 | 0.27
2019-01-21,21.0,15.0,72.0,5.0,30.0,7.7,21 | 69.8,15 | 59.0,72,5 | 3.11,30.0 | 1016,7.7 | 0.3
2019-01-22,24.0,13.0,61.0,8.0,29.91,0.7,24 | 75.2,13 | 55.4,61,8 | 4.97,29.91 | 1013,0.7 | 0.03
2019-01-23,23.0,13.0,61.0,6.0,29.94,0.3,23 | 73.4,13 | 55.4,61,6 | 3.73,29.94 | 1014,0.3 | 0.01
2019-01-24,23.0,14.0,66.0,6.0,29.94,0.8,23 | 73.4,14 | 57.2,66,6 | 3.73,29.94 | 1014,0.8 | 0.03
2019-01-25,23.0,15.0,63.0,4.0,29.94,2.0,23 | 73.4,15 | 59.0,63,4 | 2.49,29.94 | 1014,2.0 | 0.08
2019-01-26,25.0,14.0,57.0,5.0,29.94,1.0,25 | 77.0,14 | 57.2,57,5 | 3.11,29.94 | 1014,1.0 | 0.04
2019-01-27,24.0,12.0,53.0,6.0,29.91,0.0,24 | 75.2,12 | 53.6,53,6 | 3.73,29.91 | 1013,0.0 | 0.0
2019-01-28,25.0,12.0,52.0,7.0,29.91,0.0,25 | 77.0,12 | 53.6,52,7 | 4.35,29.91 | 1013,0.0 | 0.0
2019-01-29,25.0,12.0,52.0,8.0,29.91,0.3,25 | 77.0,12 | 53.6,52,8 | 4.97,29.91 | 1013,0.3 | 0.01
2019-01-30,24.0,12.0,57.0,7.0,29.91,0.2,24 | 75.2,12 | 53.6,57,7 | 4.35,29.91 | 1013,0.2 | 0.01
2019-01-31,25.0,10.0,51.0,7.0,29.91,0.0,25 | 77.0,10 | 50.0,51,7 | 4.35,29.91 | 1013,0.0 | 0.0
2019-02-01,24.0,12.0,54.0,6.0,29.91,0.0,24 | 75.2,12 | 53.6,54,6 | 3.73,29.91 | 1013,0.0 | 0.0
2019-02-02,24.0,10.0,49.0,7.0,29.91,0.0,24 | 75.2,10 | 50.0,49,7 | 4.35,29.91 | 1013,0.0 | 0.0
2019-02-03,26.0,10.0,43.0,7.0,29.88,0.0,26 | 78.8,10 | 50.0,43,7 | 4.35,29.88 | 1012,0.0 | 0.0
2019-02-04,26.0,11.0,46.0,8.0,29.88,0.0,26 | 78.8,11 | 51.8,46,8 | 4.97,29.88 | 1012,0.0 | 0.0
2019-02-05,24.0,14.0,58.0,5.0,29.91,3.3,24 | 75.2,14 | 57.2,58,5 | 3.11,29.91 | 1013,3.3 | 0.13
2019-02-06,25.0,12.0,51.0,8.0,29.88,0.4,25 | 77.0,12 | 53.6,51,8 | 4.97,29.88 | 1012,0.4 | 0.02
2019-02-07,25.0,13.0,57.0,7.0,29.91,0.3,25 | 77.0,13 | 55.4,57,7 | 4.35,29.91 | 1013,0.3 | 0.01
2019-02-08,25.0,13.0,55.0,7.0,29.88,0.0,25 | 77.0,13 | 55.4,55,7 | 4.35,29.88 | 1012,0.0 | 0.0
2019-02-09,25.0,13.0,55.0,8.0,29.85,0.0,25 | 77.0,13 | 55.4,55,8 | 4.97,29.85 | 1011,0.0 | 0.0
2019-02-10,26.0,13.0,54.0,7.0,29.85,1.5,26 | 78.8,13 | 55.4,54,7 | 4.35,29.85 | 1011,1.5 | 0.06
2019-02-11,25.0,14.0,56.0,7.0,29.88,3.2,25 | 77.0,14 | 57.2,56,7 | 4.35,29.88 | 1012,3.2 | 0.13
2019-02-12,27.0,11.0,48.0,7.0,29.88,0.0,27 | 80.6,11 | 51.8,48,7 | 4.35,29.88 | 1012,0.0 | 0.0
2019-02-13,27.0,10.0,41.0,7.0,29.91,0.0,27 | 80.6,10 | 50.0,41,7 | 4.35,29.91 | 1013,0.0 | 0.0
2019-02-14,25.0,10.0,45.0,7.0,29.94,0.1,25 | 77.0,10 | 50.0,45,7 | 4.35,29.94 | 1014,0.1 | 0.0
2019-02-15,24.0,10.0,46.0,7.0,29.97,0.4,24 | 75.2,10 | 50.0,46,7 | 4.35,29.97 | 1015,0.4 | 0.02
2019-02-16,25.0,13.0,57.0,6.0,29.97,1.4,25 | 77.0,13 | 55.4,57,6 | 3.73,29.97 | 1015,1.4 | 0.06
2019-02-17,24.0,14.0,58.0,5.0,29.94,0.8,24 | 75.2,14 | 57.2,58,5 | 3.11,29.94 | 1014,0.8 | 0.03
2019-02-18,24.0,13.0,54.0,7.0,29.91,0.1,24 | 75.2,13 | 55.4,54,7 | 4.35,29.91 | 1013,0.1 | 0.0
2019-02-19,24.0,15.0,61.0,6.0,29.88,0.8,24 | 75.2,15 | 59.0,61,6 | 3.73,29.88 | 1012,0.8 | 0.03
2019-02-20,24.0,15.0,67.0,6.0,29.88,17.4,24 | 75.2,15 | 59.0,67,6 | 3.73,29.88 | 1012,17.4 | 0.69
2019-02-21,24.0,15.0,66.0,5.0,29.91,11.3,24 | 75.2,15 | 59.0,66,5 | 3.11,29.91 | 1013,11.3 | 0.44
2019-02-22,23.0,15.0,65.0,5.0,29.91,7.1,23 | 73.4,15 | 59.0,65,5 | 3.11,29.91 | 1013,7.1 | 0.28
2019-02-23,22.0,16.0,75.0,6.0,29.91,26.6,22 | 71.6,16 | 60.8,75,6 | 3.73,29.91 | 1013,26.6 | 1.05
2019-02-24,21.0,16.0,77.0,6.0,29.94,13.2,21 | 69.8,16 | 60.8,77,6 | 3.73,29.94 | 1014,13.2 | 0.52
2019-02-25,23.0,15.0,71.0,5.0,29.94,1.8,23 | 73.4,15 | 59.0,71,5 | 3.11,29.94 | 1014,1.8 | 0.07
2019-02-26,26.0,12.0,53.0,7.0,29.88,0.0,26 | 78.8,12 | 53.6,53,7 | 4.35,29.88 | 1012,0.0 | 0.0
2019-02-27,25.0,10.0,45.0,7.0,29.88,0.0,25 | 77.0,10 | 50.0,45,7 | 4.35,29.88 | 1012,0.0 | 0.0
2019-02-28,25.0,11.0,47.0,7.0,29.88,0.0,25 | 77.0,11 | 51.8,47,7 | 4.35,29.88 | 1012,0.0 | 0.0
2019-03-01,25.0,12.0,51.0,7.0,29.88,0.0,25 | 77.0,12 | 53.6,51,7 | 4.35,29.88 | 1012,0.0 | 0.0
2019-03-02,23.0,15.0,63.0,6.0,29.94,6.6,23 | 73.4,15 | 59.0,63,6 | 3.73,29.94 | 1014,6.6 | 0.26
2019-03-03,23.0,15.0,68.0,6.0,29.94,8.4,23 | 73.4,15 | 59.0,68,6 | 3.73,29.94 | 1014,8.4 | 0.33
2019-03-04,24.0,16.0,68.0,5.0,29.94,5.2,24 | 75.2,16 | 60.8,68,5 | 3.11,29.94 | 1014,5.2 | 0.2
2019-03-05,23.0,15.0,69.0,5.0,29.91,7.3,23 | 73.4,15 | 59.0,69,5 | 3.11,29.91 | 1013,7.3 | 0.29
2019-03-06,23.0,15.0,67.0,6.0,29.94,3.6,23 | 73.4,15 | 59.0,67,6 | 3.73,29.94 | 1014,3.6 | 0.14
2019-03-07,22.0,16.0,73.0,5.0,29.94,8.0,22 | 71.6,16 | 60.8,73,5 | 3.11,29.94 | 1014,8.0 | 0.31
2019-03-08,23.0,15.0,69.0,5.0,29.91,6.6,23 | 73.4,15 | 59.0,69,5 | 3.11,29.91 | 1013,6.6 | 0.26
2019-03-09,25.0,14.0,62.0,6.0,29.91,0.9,25 | 77.0,14 | 57.2,62,6 | 3.73,29.91 | 1013,0.9 | 0.04
2019-03-10,26.0,13.0,55.0,6.0,29.91,1.8,26 | 78.8,13 | 55.4,55,6 | 3.73,29.91 | 1013,1.8 | 0.07
2019-03-11,25.0,13.0,52.0,6.0,29.94,0.0,25 | 77.0,13 | 55.4,52,6 | 3.73,29.94 | 1014,0.0 | 0.0
2019-03-12,25.0,13.0,54.0,6.0,29.91,0.0,25 | 77.0,13 | 55.4,54,6 | 3.73,29.91 | 1013,0.0 | 0.0
2019-03-13,26.0,12.0,50.0,7.0,29.91,0.4,26 | 78.8,12 | 53.6,50,7 | 4.35,29.91 | 1013,0.4 | 0.02
2019-03-14,26.0,12.0,51.0,7.0,29.91,1.2,26 | 78.8,12 | 53.6,51,7 | 4.35,29.91 | 1013,1.2 | 0.05
2019-03-15,26.0,11.0,48.0,7.0,29.88,0.0,26 | 78.8,11 | 51.8,48,7 | 4.35,29.88 | 1012,0.0 | 0.0
2019-03-16,26.0,12.0,48.0,7.0,29.88,0.0,26 | 78.8,12 | 53.6,48,7 | 4.35,29.88 | 1012,0.0 | 0.0
2019-03-17,25.0,13.0,53.0,7.0,29.91,0.0,25 | 77.0,13 | 55.4,53,7 | 4.35,29.91 | 1013,0.0 | 0.0
2019-03-18,27.0,11.0,49.0,7.0,29.91,0.0,27 | 80.6,11 | 51.8,49,7 | 4.35,29.91 | 1013,0.0 | 0.0
2019-03-19,27.0,11.0,46.0,7.0,29.85,0.0,27 | 80.6,11 | 51.8,46,7 | 4.35,29.85 | 1011,0.0 | 0.0
2019-03-20,26.0,12.0,47.0,6.0,29.85,0.0,26 | 78.8,12 | 53.6,47,6 | 3.73,29.85 | 1011,0.0 | 0.0
2019-03-21,26.0,12.0,49.0,7.0,29.85,0.2,26 | 78.8,12 | 53.6,49,7 | 4.35,29.85 | 1011,0.2 | 0.01
2019-03-22,26.0,13.0,53.0,7.0,29.88,0.3,26 | 78.8,13 | 55.4,53,7 | 4.35,29.88 | 1012,0.3 | 0.01
2019-03-23,26.0,12.0,49.0,7.0,29.85,0.0,26 | 78.8,12 | 53.6,49,7 | 4.35,29.85 | 1011,0.0 | 0.0
2019-03-24,26.0,11.0,46.0,8.0,29.83,0.0,26 | 78.8,11 | 51.8,46,8 | 4.97,29.83 | 1010,0.0 | 0.0
2019-03-25,25.0,11.0,49.0,7.0,29.88,1.3,25 | 77.0,11 | 51.8,49,7 | 4.35,29.88 | 1012,1.3 | 0.05
2019-03-26,24.0,14.0,59.0,6.0,29.91,3.5,24 | 75.2,14 | 57.2,59,6 | 3.73,29.91 | 1013,3.5 | 0.14
2019-03-27,23.0,16.0,70.0,4.0,29.97,6.4,23 | 73.4,16 | 60.8,70,4 | 2.49,29.97 | 1015,6.4 | 0.25
2019-03-28,22.0,16.0,75.0,6.0,29.97,11.9,22 | 71.6,16 | 60.8,75,6 | 3.73,29.97 | 1015,11.9 | 0.47
2019-03-29,24.0,16.0,68.0,5.0,29.94,9.4,24 | 75.2,16 | 60.8,68,5 | 3.11,29.94 | 1014,9.4 | 0.37
2019-03-30,24.0,15.0,66.0,6.0,29.91,6.6,24 | 75.2,15 | 59.0,66,6 | 3.73,29.91 | 1013,6.6 | 0.26
2019-03-31,24.0,15.0,65.0,5.0,29.91,3.8,24 | 75.2,15 | 59.0,65,5 | 3.11,29.91 | 1013,3.8 | 0.15
2019-04-01,25.0,15.0,61.0,6.0,29.91,1.2,25 | 77.0,15 | 59.0,61,6 | 3.73,29.91 | 1013,1.2 | 0.05
2019-04-02,24.0,15.0,64.0,6.0,29.91,4.6,24 | 75.2,15 | 59.0,64,6 | 3.73,29.91 | 1013,4.6 | 0.18
2019-04-03,24.0,16.0,67.0,5.0,29.88,5.0,24 | 75.2,16 | 60.8,67,5 | 3.11,29.88 | 1012,5.0 | 0.2
2019-04-04,23.0,15.0,68.0,5.0,29.88,5.6,23 | 73.4,15 | 59.0,68,5 | 3.11,29.88 | 1012,5.6 | 0.22
2019-04-05,25.0,14.0,60.0,6.0,29.88,0.5,25 | 77.0,14 | 57.2,60,6 | 3.73,29.88 | 1012,0.5 | 0.02
2019-04-06,26.0,12.0,50.0,7.0,29.88,0.0,26 | 78.8,12 | 53.6,50,7 | 4.35,29.88 | 1012,0.0 | 0.0
2019-04-07,25.0,14.0,56.0,7.0,29.88,0.0,25 | 77.0,14 | 57.2,56,7 | 4.35,29.88 | 1012,0.0 | 0.0
2019-04-08,25.0,16.0,65.0,5.0,29.88,2.0,25 | 77.0,16 | 60.8,65,5 | 3.11,29.88 | 1012,2.0 | 0.08
2019-04-09,24.0,15.0,65.0,7.0,29.88,3.2,24 | 75.2,15 | 59.0,65,7 | 4.35,29.88 | 1012,3.2 | 0.13
2019-04-10,24.0,16.0,73.0,5.0,29.88,6.5,24 | 75.2,16 | 60.8,73,5 | 3.11,29.88 | 1012,6.5 | 0.26
2019-04-11,24.0,16.0,71.0,5.0,29.88,2.9,24 | 75.2,16 | 60.8,71,5 | 3.11,29.88 | 1012,2.9 | 0.11
2019-04-12,23.0,16.0,70.0,5.0,29.85,2.4,23 | 73.4,16 | 60.8,70,5 | 3.11,29.85 | 1011,2.4 | 0.09
2019-04-13,23.0,16.0,73.0,7.0,29.88,13.4,23 | 73.4,16 | 60.8,73,7 | 4.35,29.88 | 1012,13.4 | 0.53
2019-04-14,24.0,17.0,75.0,4.0,29.88,9.6,24 | 75.2,17 | 62.6,75,4 | 2.49,29.88 | 1012,9.6 | 0.38
2019-04-15,23.0,16.0,74.0,6.0,29.91,5.2,23 | 73.4,16 | 60.8,74,6 | 3.73,29.91 | 1013,5.2 | 0.2
2019-04-16,23.0,15.0,73.0,6.0,29.94,4.6,23 | 73.4,15 | 59.0,73,6 | 3.73,29.94 | 1014,4.6 | 0.18
2019-04-17,24.0,15.0,69.0,5.0,29.94,1.2,24 | 75.2,15 | 59.0,69,5 | 3.11,29.94 | 1014,1.2 | 0.05
2019-04-18,24.0,15.0,64.0,5.0,29.94,0.4,24 | 75.2,15 | 59.0,64,5 | 3.11,29.94 | 1014,0.4 | 0.02
2019-04-19,25.0,13.0,53.0,6.0,29.91,0.0,25 | 77.0,13 | 55.4,53,6 | 3.73,29.91 | 1013,0.0 | 0.0
2019-04-20,24.0,15.0,66.0,6.0,29.91,1.0,24 | 75.2,15 | 59.0,66,6 | 3.73,29.91 | 1013,1.0 | 0.04
2019-04-21,23.0,17.0,76.0,5.0,29.88,4.5,23 | 73.4,17 | 62.6,76,5 | 3.11,29.88 | 1012,4.5 | 0.18
2019-04-22,23.0,17.0,80.0,6.0,29.88,13.3,23 | 73.4,17 | 62.6,80,6 | 3.73,29.88 | 1012,13.3 | 0.52
2019-04-23,20.0,18.0,88.0,5.0,29.94,36.6,20 | 68.0,18 | 64.4,88,5 | 3.11,29.94 | 1014,36.6 | 1.44
2019-04-24,21.0,17.0,80.0,5.0,29.97,18.6,21 | 69.8,17 | 62.6,80,5 | 3.11,29.97 | 1015,18.6 | 0.73
2019-04-25,23.0,17.0,75.0,5.0,29.94,2.3,23 | 73.4,17 | 62.6,75,5 | 3.11,29.94 | 1014,2.3 | 0.09
2019-04-26,20.0,18.0,88.0,6.0,29.94,25.5,20 | 68.0,18 | 64.4,88,6 | 3.73,29.94 | 1014,25.5 | 1.0
2019-04-27,20.0,17.0,89.0,7.0,29.97,26.1,20 | 68.0,17 | 62.6,89,7 | 4.35,29.97 | 1015,26.1 | 1.03
2019-04-28,22.0,17.0,79.0,5.0,29.97,8.6,22 | 71.6,17 | 62.6,79,5 | 3.11,29.97 | 1015,8.6 | 0.34
2019-04-29,23.0,17.0,78.0,5.0,29.94,13.6,23 | 73.4,17 | 62.6,78,5 | 3.11,29.94 | 1014,13.6 | 0.54
2019-04-30,23.0,17.0,75.0,6.0,29.91,4.7,23 | 73.4,17 | 62.6,75,6 | 3.73,29.91 | 1013,4.7 | 0.19
2019-05-01,23.0,16.0,74.0,6.0,29.94,9.3,23 | 73.4,16 | 60.8,74,6 | 3.73,29.94 | 1014,9.3 | 0.37
2019-05-02,23.0,15.0,70.0,6.0,29.97,1.9,23 | 73.4,15 | 59.0,70,6 | 3.73,29.97 | 1015,1.9 | 0.07
2019-05-03,22.0,16.0,76.0,6.0,29.94,3.5,22 | 71.6,16 | 60.8,76,6 | 3.73,29.94 | 1014,3.5 | 0.14
2019-05-04,22.0,16.0,78.0,7.0,29.91,5.3,22 | 71.6,16 | 60.8,78,7 | 4.35,29.91 | 1013,5.3 | 0.21
2019-05-05,22.0,17.0,78.0,10.0,29.91,10.3,22 | 71.6,17 | 62.6,78,10 | 6.21,29.91 | 1013,10.3 | 0.41
2019-05-06,23.0,16.0,75.0,9.0,29.91,8.7,23 | 73.4,16 | 60.8,75,9 | 5.59,29.91 | 1013,8.7 | 0.34
2019-05-07,24.0,16.0,73.0,7.0,29.97,0.8,24 | 75.2,16 | 60.8,73,7 | 4.35,29.97 | 1015,0.8 | 0.03
2019-05-08,22.0,16.0,80.0,6.0,29.94,6.8,22 | 71.6,16 | 60.8,80,6 | 3.73,29.94 | 1014,6.8 | 0.27
2019-05-09,20.0,17.0,87.0,7.0,29.91,20.3,20 | 68.0,17 | 62.6,87,7 | 4.35,29.91 | 1013,20.3 | 0.8
2019-05-10,21.0,18.0,86.0,4.0,29.91,26.2,21 | 69.8,18 | 64.4,86,4 | 2.49,29.91 | 1013,26.2 | 1.03
2019-05-11,22.0,16.0,75.0,9.0,29.91,5.9,22 | 71.6,16 | 60.8,75,9 | 5.59,29.91 | 1013,5.9 | 0.23
2019-05-12,21.0,16.0,80.0,8.0,29.91,8.1,21 | 69.8,16 | 60.8,80,8 | 4.97,29.91 | 1013,8.1 | 0.32
2019-05-13,22.0,17.0,82.0,7.0,29.91,11.8,22 | 71.6,17 | 62.6,82,7 | 4.35,29.91 | 1013,11.8 | 0.46
2019-05-14,22.0,16.0,80.0,7.0,29.91,13.6,22 | 71.6,16 | 60.8,80,7 | 4.35,29.91 | 1013,13.6 | 0.54
2019-05-15,22.0,17.0,82.0,6.0,29.94,7.0,22 | 71.6,17 | 62.6,82,6 | 3.73,29.94 | 1014,7.0 | 0.28
2019-05-16,22.0,16.0,80.0,7.0,29.94,3.5,22 | 71.6,16 | 60.8,80,7 | 4.35,29.94 | 1014,3.5 | 0.14
2019-05-17,22.0,16.0,79.0,6.0,29.94,5.4,22 | 71.6,16 | 60.8,79,6 | 3.73,29.94 | 1014,5.4 | 0.21
2019-05-18,22.0,16.0,79.0,7.0,29.94,5.1,22 | 71.6,16 | 60.8,79,7 | 4.35,29.94 | 1014,5.1 | 0.2
2019-05-19,21.0,16.0,81.0,7.0,29.94,17.0,21 | 69.8,16 | 60.8,81,7 | 4.35,29.94 | 1014,17.0 | 0.67
2019-05-20,21.0,16.0,81.0,7.0,29.97,15.8,21 | 69.8,16 | 60.8,81,7 | 4.35,29.97 | 1015,15.8 | 0.62
2019-05-21,21.0,17.0,86.0,5.0,29.97,26.6,21 | 69.8,17 | 62.6,86,5 | 3.11,29.97 | 1015,26.6 | 1.05
2019-05-22,22.0,16.0,78.0,7.0,29.94,1.8,22 | 71.6,16 | 60.8,78,7 | 4.35,29.94 | 1014,1.8 | 0.07
2019-05-23,21.0,17.0,83.0,7.0,29.94,7.5,21 | 69.8,17 | 62.6,83,7 | 4.35,29.94 | 1014,7.5 | 0.3
2019-05-24,20.0,16.0,84.0,9.0,29.97,12.3,20 | 68.0,16 | 60.8,84,9 | 5.59,29.97 | 1015,12.3 | 0.48
2019-05-25,20.0,16.0,84.0,7.0,29.97,11.3,20 | 68.0,16 | 60.8,84,7 | 4.35,29.97 | 1015,11.3 | 0.44
2019-05-26,21.0,16.0,80.0,8.0,29.94,10.3,21 | 69.8,16 | 60.8,80,8 | 4.97,29.94 | 1014,10.3 | 0.41
2019-05-27,21.0,16.0,81.0,7.0,29.91,12.5,21 | 69.8,16 | 60.8,81,7 | 4.35,29.91 | 1013,12.5 | 0.49
2019-05-28,21.0,16.0,83.0,7.0,29.94,15.8,21 | 69.8,16 | 60.8,83,7 | 4.35,29.94 | 1014,15.8 | 0.62
2019-05-29,21.0,16.0,83.0,6.0,29.97,10.1,21 | 69.8,16 | 60.8,83,6 | 3.73,29.97 | 1015,10.1 | 0.4
2019-05-30,22.0,16.0,80.0,7.0,29.94,8.1,22 | 71.6,16 | 60.8,80,7 | 4.35,29.94 | 1014,8.1 | 0.32
2019-05-31,21.0,17.0,87.0,5.0,29.91,13.2,21 | 69.8,17 | 62.6,87,5 | 3.11,29.91 | 1013,13.2 | 0.52
2019-06-01,21.0,17.0,85.0,4.0,29.91,4.0,21 | 69.8,17 | 62.6,85,4 | 2.49,29.91 | 1013,4.0 | 0.16
2019-06-02,21.0,16.0,83.0,4.0,29.94,2.3,21 | 69.8,16 | 60.8,83,4 | 2.49,29.94 | 1014,2.3 | 0.09
2019-06-03,20.0,16.0,87.0,5.0,29.97,14.3,20 | 68.0,16 | 60.8,87,5 | 3.11,29.97 | 1015,14.3 | 0.56
2019-06-04,20.0,17.0,88.0,4.0,29.97,8.6,20 | 68.0,17 | 62.6,88,4 | 2.49,29.97 | 1015,8.6 | 0.34
2019-06-05,20.0,16.0,85.0,5.0,29.97,3.4,20 | 68.0,16 | 60.8,85,5 | 3.11,29.97 | 1015,3.4 | 0.13
2019-06-06,21.0,17.0,83.0,4.0,29.97,5.2,21 | 69.8,17 | 62.6,83,4 | 2.49,29.97 | 1015,5.2 | 0.2
2019-06-07,21.0,16.0,83.0,5.0,29.97,4.3,21 | 69.8,16 | 60.8,83,5 | 3.11,29.97 | 1015,4.3 | 0.17
2019-06-08,19.0,17.0,90.0,5.0,30.03,24.2,19 | 66.2,17 | 62.6,90,5 | 3.11,30.03 | 1017,24.2 | 0.95
2019-06-09,20.0,16.0,87.0,6.0,30.03,3.2,20 | 68.0,16 | 60.8,87,6 | 3.73,30.03 | 1017,3.2 | 0.13
2019-06-10,20.0,16.0,81.0,6.0,30.0,8.4,20 | 68.0,16 | 60.8,81,6 | 3.73,30.0 | 1016,8.4 | 0.33
2019-06-11,20.0,16.0,83.0,4.0,30.03,8.2,20 | 68.0,16 | 60.8,83,4 | 2.49,30.03 | 1017,8.2 | 0.32
2019-06-12,20.0,16.0,82.0,6.0,30.03,9.5,20 | 68.0,16 | 60.8,82,6 | 3.73,30.03 | 1017,9.5 | 0.37
2019-06-13,19.0,16.0,83.0,7.0,30.03,6.5,19 | 66.2,16 | 60.8,83,7 | 4.35,30.03 | 1017,6.5 | 0.26
2019-06-14,20.0,16.0,85.0,5.0,30.0,3.6,20 | 68.0,16 | 60.8,85,5 | 3.11,30.0 | 1016,3.6 | 0.14
2019-06-15,19.0,15.0,85.0,5.0,30.0,6.8,19 | 66.2,15 | 59.0,85,5 | 3.11,30.0 | 1016,6.8 | 0.27
2019-06-16,19.0,16.0,86.0,5.0,30.0,9.5,19 | 66.2,16 | 60.8,86,5 | 3.11,30.0 | 1016,9.5 | 0.37
2019-06-17,20.0,16.0,83.0,5.0,30.03,11.7,20 | 68.0,16 | 60.8,83,5 | 3.11,30.03 | 1017,11.7 | 0.46
2019-06-18,20.0,16.0,85.0,5.0,30.03,10.3,20 | 68.0,16 | 60.8,85,5 | 3.11,30.03 | 1017,10.3 | 0.41
2019-06-19,19.0,16.0,85.0,5.0,30.03,9.2,19 | 66.2,16 | 60.8,85,5 | 3.11,30.03 | 1017,9.2 | 0.36
2019-06-20,20.0,16.0,83.0,5.0,30.0,4.8,20 | 68.0,16 | 60.8,83,5 | 3.11,30.0 | 1016,4.8 | 0.19
2019-06-21,20.0,16.0,85.0,5.0,29.97,9.6,20 | 68.0,16 | 60.8,85,5 | 3.11,29.97 | 1015,9.6 | 0.38
2019-06-22,20.0,15.0,83.0,6.0,29.97,6.3,20 | 68.0,15 | 59.0,83,6 | 3.73,29.97 | 1015,6.3 | 0.25
2019-06-23,20.0,16.0,85.0,5.0,29.97,6.8,20 | 68.0,16 | 60.8,85,5 | 3.11,29.97 | 1015,6.8 | 0.27
2019-06-24,20.0,16.0,85.0,4.0,29.94,3.3,20 | 68.0,16 | 60.8,85,4 | 2.49,29.94 | 1014,3.3 | 0.13
2019-06-25,19.0,16.0,86.0,4.0,29.94,20.3,19 | 66.2,16 | 60.8,86,4 | 2.49,29.94 | 1014,20.3 | 0.8
2019-06-26,19.0,16.0,87.0,4.0,29.97,20.8,19 | 66.2,16 | 60.8,87,4 | 2.49,29.97 | 1015,20.8 | 0.82
2019-06-27,19.0,15.0,84.0,7.0,30.0,6.2,19 | 66.2,15 | 59.0,84,7 | 4.35,30.0 | 1016,6.2 | 0.24
2019-06-28,19.0,15.0,86.0,5.0,30.0,8.3,19 | 66.2,15 | 59.0,86,5 | 3.11,30.0 | 1016,8.3 | 0.33
2019-06-29,20.0,16.0,84.0,5.0,29.97,10.5,20 | 68.0,16 | 60.8,84,5 | 3.11,29.97 | 1015,10.5 | 0.41
2019-06-30,20.0,17.0,86.0,4.0,30.0,18.0,20 | 68.0,17 | 62.6,86,4 | 2.49,30.0 | 1016,18.0 | 0.71
2019-07-01,20.0,15.0,82.0,6.0,29.97,4.4,20 | 68.0,15 | 59.0,82,6 | 3.73,29.97 | 1015,4.4 | 0.17
2019-07-02,21.0,15.0,77.0,5.0,29.94,2.6,21 | 69.8,15 | 59.0,77,5 | 3.11,29.94 | 1014,2.6 | 0.1
2019-07-03,20.0,16.0,80.0,5.0,29.94,3.8,20 | 68.0,16 | 60.8,80,5 | 3.11,29.94 | 1014,3.8 | 0.15
2019-07-04,20.0,17.0,86.0,6.0,29.97,11.7,20 | 68.0,17 | 62.6,86,6 | 3.73,29.97 | 1015,11.7 | 0.46
2019-07-05,20.0,15.0,79.0,6.0,29.94,5.4,20 | 68.0,15 | 59.0,79,6 | 3.73,29.94 | 1014,5.4 | 0.21
2019-07-06,20.0,15.0,81.0,6.0,29.94,4.3,20 | 68.0,15 | 59.0,81,6 | 3.73,29.94 | 1014,4.3 | 0.17
2019-07-07,20.0,16.0,84.0,5.0,29.97,7.9,20 | 68.0,16 | 60.8,84,5 | 3.11,29.97 | 1015,7.9 | 0.31
2019-07-08,21.0,15.0,77.0,7.0,29.97,1.8,21 | 69.8,15 | 59.0,77,7 | 4.35,29.97 | 1015,1.8 | 0.07
2019-07-09,21.0,15.0,77.0,6.0,29.97,2.6,21 | 69.8,15 | 59.0,77,6 | 3.73,29.97 | 1015,2.6 | 0.1
2019-07-10,20.0,15.0,79.0,7.0,29.97,1.3,20 | 68.0,15 | 59.0,79,7 | 4.35,29.97 | 1015,1.3 | 0.05
2019-07-11,20.0,14.0,77.0,8.0,29.94,1.3,20 | 68.0,14 | 57.2,77,8 | 4.97,29.94 | 1014,1.3 | 0.05
2019-07-12,19.0,15.0,81.0,6.0,29.97,8.0,19 | 66.2,15 | 59.0,81,6 | 3.73,29.97 | 1015,8.0 | 0.31
2019-07-13,18.0,15.0,86.0,5.0,30.03,11.7,18 | 64.4,15 | 59.0,86,5 | 3.11,30.03 | 1017,11.7 | 0.46
2019-07-14,20.0,15.0,80.0,6.0,30.0,8.0,20 | 68.0,15 | 59.0,80,6 | 3.73,30.0 | 1016,8.0 | 0.31
2019-07-15,20.0,14.0,73.0,7.0,29.97,3.0,20 | 68.0,14 | 57.2,73,7 | 4.35,29.97 | 1015,3.0 | 0.12
2019-07-16,20.0,14.0,76.0,6.0,30.0,6.5,20 | 68.0,14 | 57.2,76,6 | 3.73,30.0 | 1016,6.5 | 0.26
2019-07-17,19.0,13.0,80.0,7.0,30.03,6.5,19 | 66.2,13 | 55.4,80,7 | 4.35,30.03 | 1017,6.5 | 0.26
2019-07-18,19.0,13.0,76.0,9.0,30.0,3.8,19 | 66.2,13 | 55.4,76,9 | 5.59,30.0 | 1016,3.8 | 0.15
2019-07-19,19.0,13.0,75.0,7.0,29.97,4.6,19 | 66.2,13 | 55.4,75,7 | 4.35,29.97 | 1015,4.6 | 0.18
2019-07-20,20.0,14.0,77.0,5.0,29.97,3.5,20 | 68.0,14 | 57.2,77,5 | 3.11,29.97 | 1015,3.5 | 0.14
2019-07-21,20.0,16.0,80.0,5.0,29.97,4.8,20 | 68.0,16 | 60.8,80,5 | 3.11,29.97 | 1015,4.8 | 0.19
2019-07-22,19.0,15.0,84.0,6.0,29.97,10.3,19 | 66.2,15 | 59.0,84,6 | 3.73,29.97 | 1015,10.3 | 0.41
2019-07-23,20.0,15.0,82.0,5.0,29.94,4.4,20 | 68.0,15 | 59.0,82,5 | 3.11,29.94 | 1014,4.4 | 0.17
2019-07-24,20.0,14.0,78.0,5.0,29.94,2.0,20 | 68.0,14 | 57.2,78,5 | 3.11,29.94 | 1014,2.0 | 0.08
2019-07-25,21.0,15.0,72.0,6.0,29.94,0.5,21 | 69.8,15 | 59.0,72,6 | 3.73,29.94 | 1014,0.5 | 0.02
2019-07-26,21.0,15.0,77.0,5.0,29.94,2.9,21 | 69.8,15 | 59.0,77,5 | 3.11,29.94 | 1014,2.9 | 0.11
2019-07-27,20.0,15.0,78.0,6.0,29.94,1.5,20 | 68.0,15 | 59.0,78,6 | 3.73,29.94 | 1014,1.5 | 0.06
2019-07-28,20.0,12.0,68.0,6.0,29.94,1.6,20 | 68.0,12 | 53.6,68,6 | 3.73,29.94 | 1014,1.6 | 0.06
2019-07-29,20.0,12.0,66.0,6.0,29.97,1.0,20 | 68.0,12 | 53.6,66,6 | 3.73,29.97 | 1015,1.0 | 0.04
2019-07-30,19.0,14.0,78.0,4.0,29.94,1.4,19 | 66.2,14 | 57.2,78,4 | 2.49,29.94 | 1014,1.4 | 0.06
2019-07-31,20.0,15.0,80.0,4.0,29.97,13.3,20 | 68.0,15 | 59.0,80,4 | 2.49,29.97 | 1015,13.3 | 0.52
2019-08-01,18.0,15.0,85.0,9.0,30.0,14.3,18 | 64.4,15 | 59.0,85,9 | 5.59,30.0 | 1016,14.3 | 0.56
2019-08-02,21.0,14.0,69.0,8.0,29.97,0.3,21 | 69.8,14 | 57.2,69,8 | 4.97,29.97 | 1015,0.3 | 0.01
2019-08-03,22.0,13.0,65.0,9.0,29.97,0.0,22 | 71.6,13 | 55.4,65,9 | 5.59,29.97 | 1015,0.0 | 0.0
2019-08-04,22.0,12.0,59.0,9.0,29.97,0.0,22 | 71.6,12 | 53.6,59,9 | 5.59,29.97 | 1015,0.0 | 0.0
2019-08-05,21.0,12.0,64.0,6.0,30.0,0.9,21 | 69.8,12 | 53.6,64,6 | 3.73,30.0 | 1016,0.9 | 0.04
2019-08-06,21.0,14.0,72.0,5.0,30.0,1.9,21 | 69.8,14 | 57.2,72,5 | 3.11,30.0 | 1016,1.9 | 0.07
2019-08-07,21.0,14.0,72.0,6.0,30.0,3.5,21 | 69.8,14 | 57.2,72,6 | 3.73,30.0 | 1016,3.5 | 0.14
2019-08-08,20.0,14.0,73.0,7.0,29.97,0.8,20 | 68.0,14 | 57.2,73,7 | 4.35,29.97 | 1015,0.8 | 0.03
2019-08-09,21.0,13.0,66.0,7.0,30.0,0.0,21 | 69.8,13 | 55.4,66,7 | 4.35,30.0 | 1016,0.0 | 0.0
2019-08-10,20.0,13.0,69.0,5.0,30.03,4.1,20 | 68.0,13 | 55.4,69,5 | 3.11,30.03 | 1017,4.1 | 0.16
2019-08-11,20.0,14.0,74.0,6.0,30.0,5.3,20 | 68.0,14 | 57.2,74,6 | 3.73,30.0 | 1016,5.3 | 0.21
2019-08-12,21.0,13.0,70.0,6.0,29.97,0.4,21 | 69.8,13 | 55.4,70,6 | 3.73,29.97 | 1015,0.4 | 0.02
2019-08-13,20.0,13.0,70.0,6.0,29.97,2.7,20 | 68.0,13 | 55.4,70,6 | 3.73,29.97 | 1015,2.7 | 0.11
2019-08-14,20.0,13.0,72.0,6.0,30.0,4.9,20 | 68.0,13 | 55.4,72,6 | 3.73,30.0 | 1016,4.9 | 0.19
2019-08-15,20.0,13.0,69.0,6.0,30.0,3.9,20 | 68.0,13 | 55.4,69,6 | 3.73,30.0 | 1016,3.9 | 0.15
2019-08-16,19.0,12.0,65.0,8.0,30.0,2.3,19 | 66.2,12 | 53.6,65,8 | 4.97,30.0 | 1016,2.3 | 0.09
2019-08-17,20.0,13.0,71.0,5.0,29.97,4.3,20 | 68.0,13 | 55.4,71,5 | 3.11,29.97 | 1015,4.3 | 0.17
2019-08-18,20.0,14.0,76.0,6.0,29.94,4.8,20 | 68.0,14 | 57.2,76,6 | 3.73,29.94 | 1014,4.8 | 0.19
2019-08-19,20.0,15.0,77.0,5.0,29.94,6.5,20 | 68.0,15 | 59.0,77,5 | 3.11,29.94 | 1014,6.5 | 0.26
2019-08-20,21.0,14.0,71.0,5.0,29.94,3.8,21 | 69.8,14 | 57.2,71,5 | 3.11,29.94 | 1014,3.8 | 0.15
2019-08-21,20.0,14.0,78.0,4.0,30.0,13.0,20 | 68.0,14 | 57.2,78,4 | 2.49,30.0 | 1016,13.0 | 0.51
2019-08-22,20.0,15.0,78.0,5.0,29.97,10.5,20 | 68.0,15 | 59.0,78,5 | 3.11,29.97 | 1015,10.5 | 0.41
2019-08-23,20.0,14.0,76.0,5.0,30.0,6.4,20 | 68.0,14 | 57.2,76,5 | 3.11,30.0 | 1016,6.4 | 0.25
2019-08-24,21.0,13.0,70.0,6.0,30.0,0.9,21 | 69.8,13 | 55.4,70,6 | 3.73,30.0 | 1016,0.9 | 0.04
2019-08-25,22.0,13.0,65.0,6.0,29.97,0.7,22 | 71.6,13 | 55.4,65,6 | 3.73,29.97 | 1015,0.7 | 0.03
2019-08-26,21.0,13.0,66.0,5.0,29.97,3.2,21 | 69.8,13 | 55.4,66,5 | 3.11,29.97 | 1015,3.2 | 0.13
2019-08-27,20.0,14.0,76.0,6.0,30.0,5.2,20 | 68.0,14 | 57.2,76,6 | 3.73,30.0 | 1016,5.2 | 0.2
2019-08-28,20.0,14.0,76.0,5.0,29.97,7.5,20 | 68.0,14 | 57.2,76,5 | 3.11,29.97 | 1015,7.5 | 0.3
2019-08-29,21.0,15.0,77.0,4.0,29.97,5.5,21 | 69.8,15 | 59.0,77,4 | 2.49,29.97 | 1015,5.5 | 0.22
2019-08-30,21.0,15.0,78.0,5.0,29.91,12.0,21 | 69.8,15 | 59.0,78,5 | 3.11,29.91 | 1013,12.0 | 0.47
2019-08-31,20.0,16.0,82.0,4.0,29.91,20.0,20 | 68.0,16 | 60.8,82,4 | 2.49,29.91 | 1013,20.0 | 0.79
2019-09-01,20.0,15.0,79.0,6.0,29.91,2.8,20 | 68.0,15 | 59.0,79,6 | 3.73,29.91 | 1013,2.8 | 0.11
2019-09-02,20.0,15.0,81.0,5.0,29.94,10.2,20 | 68.0,15 | 59.0,81,5 | 3.11,29.94 | 1014,10.2 | 0.4
2019-09-03,21.0,15.0,79.0,6.0,29.97,7.8,21 | 69.8,15 | 59.0,79,6 | 3.73,29.97 | 1015,7.8 | 0.31
2019-09-04,21.0,15.0,75.0,5.0,29.94,4.0,21 | 69.8,15 | 59.0,75,5 | 3.11,29.94 | 1014,4.0 | 0.16
2019-09-05,20.0,15.0,80.0,5.0,29.94,14.8,20 | 68.0,15 | 59.0,80,5 | 3.11,29.94 | 1014,14.8 | 0.58
2019-09-06,22.0,16.0,78.0,6.0,29.97,7.7,22 | 71.6,16 | 60.8,78,6 | 3.73,29.97 | 1015,7.7 | 0.3
2019-09-07,20.0,15.0,78.0,6.0,29.97,10.7,20 | 68.0,15 | 59.0,78,6 | 3.73,29.97 | 1015,10.7 | 0.42
2019-09-08,19.0,14.0,73.0,7.0,29.97,2.2,19 | 66.2,14 | 57.2,73,7 | 4.35,29.97 | 1015,2.2 | 0.09
2019-09-09,20.0,14.0,75.0,5.0,29.97,8.0,20 | 68.0,14 | 57.2,75,5 | 3.11,29.97 | 1015,8.0 | 0.31
2019-09-10,21.0,13.0,69.0,7.0,29.97,0.6,21 | 69.8,13 | 55.4,69,7 | 4.35,29.97 | 1015,0.6 | 0.02
2019-09-11,21.0,14.0,74.0,4.0,29.94,6.4,21 | 69.8,14 | 57.2,74,4 | 2.49,29.94 | 1014,6.4 | 0.25
2019-09-12,20.0,15.0,77.0,5.0,29.97,17.3,20 | 68.0,15 | 59.0,77,5 | 3.11,29.97 | 1015,17.3 | 0.68
2019-09-13,22.0,14.0,69.0,5.0,29.97,0.4,22 | 71.6,14 | 57.2,69,5 | 3.11,29.97 | 1015,0.4 | 0.02
2019-09-14,23.0,13.0,64.0,5.0,29.94,0.4,23 | 73.4,13 | 55.4,64,5 | 3.11,29.94 | 1014,0.4 | 0.02
2019-09-15,23.0,14.0,64.0,6.0,29.91,0.2,23 | 73.4,14 | 57.2,64,6 | 3.73,29.91 | 1013,0.2 | 0.01
2019-09-16,22.0,12.0,59.0,7.0,29.88,0.0,22 | 71.6,12 | 53.6,59,7 | 4.35,29.88 | 1012,0.0 | 0.0
2019-09-17,22.0,12.0,59.0,8.0,29.88,0.0,22 | 71.6,12 | 53.6,59,8 | 4.97,29.88 | 1012,0.0 | 0.0
2019-09-18,21.0,12.0,66.0,7.0,29.91,10.1,21 | 69.8,12 | 53.6,66,7 | 4.35,29.91 | 1013,10.1 | 0.4
2019-09-19,22.0,14.0,69.0,6.0,29.91,1.0,22 | 71.6,14 | 57.2,69,6 | 3.73,29.91 | 1013,1.0 | 0.04
2019-09-20,21.0,12.0,60.0,7.0,29.91,0.9,21 | 69.8,12 | 53.6,60,7 | 4.35,29.91 | 1013,0.9 | 0.04
2019-09-21,21.0,13.0,66.0,7.0,29.91,9.2,21 | 69.8,13 | 55.4,66,7 | 4.35,29.91 | 1013,9.2 | 0.36
2019-09-22,21.0,15.0,76.0,6.0,29.94,8.2,21 | 69.8,15 | 59.0,76,6 | 3.73,29.94 | 1014,8.2 | 0.32
2019-09-23,22.0,15.0,73.0,6.0,29.94,3.6,22 | 71.6,15 | 59.0,73,6 | 3.73,29.94 | 1014,3.6 | 0.14
2019-09-24,22.0,14.0,70.0,6.0,29.91,4.9,22 | 71.6,14 | 57.2,70,6 | 3.73,29.91 | 1013,4.9 | 0.19
2019-09-25,21.0,15.0,77.0,7.0,29.88,11.1,21 | 69.8,15 | 59.0,77,7 | 4.35,29.88 | 1012,11.1 | 0.44
2019-09-26,20.0,15.0,79.0,8.0,29.91,7.0,20 | 68.0,15 | 59.0,79,8 | 4.97,29.91 | 1013,7.0 | 0.28
2019-09-27,20.0,15.0,83.0,7.0,29.97,19.7,20 | 68.0,15 | 59.0,83,7 | 4.35,29.97 | 1015,19.7 | 0.78
2019-09-28,20.0,16.0,86.0,4.0,29.91,27.8,20 | 68.0,16 | 60.8,86,4 | 2.49,29.91 | 1013,27.8 | 1.09
2019-09-29,22.0,16.0,76.0,5.0,29.88,9.2,22 | 71.6,16 | 60.8,76,5 | 3.11,29.88 | 1012,9.2 | 0.36
2019-09-30,22.0,15.0,75.0,6.0,29.88,4.0,22 | 71.6,15 | 59.0,75,6 | 3.73,29.88 | 1012,4.0 | 0.16
2019-10-01,21.0,15.0,78.0,4.0,29.88,3.7,21 | 69.8,15 | 59.0,78,4 | 2.49,29.88 | 1012,3.7 | 0.15
2019-10-02,21.0,15.0,77.0,7.0,29.91,4.2,21 | 69.8,15 | 59.0,77,7 | 4.35,29.91 | 1013,4.2 | 0.17
2019-10-03,22.0,14.0,71.0,8.0,29.88,0.9,22 | 71.6,14 | 57.2,71,8 | 4.97,29.88 | 1012,0.9 | 0.04
2019-10-04,22.0,12.0,60.0,13.0,29.88,0.0,22 | 71.6,12 | 53.6,60,13 | 8.08,29.88 | 1012,0.0 | 0.0
2019-10-05,21.0,14.0,70.0,8.0,29.88,1.9,21 | 69.8,14 | 57.2,70,8 | 4.97,29.88 | 1012,1.9 | 0.07
2019-10-06,20.0,15.0,76.0,8.0,29.88,3.2,20 | 68.0,15 | 59.0,76,8 | 4.97,29.88 | 1012,3.2 | 0.13
2019-10-07,22.0,14.0,70.0,7.0,29.88,2.4,22 | 71.6,14 | 57.2,70,7 | 4.35,29.88 | 1012,2.4 | 0.09
2019-10-08,21.0,13.0,66.0,9.0,29.85,0.8,21 | 69.8,13 | 55.4,66,9 | 5.59,29.85 | 1011,0.8 | 0.03
2019-10-09,22.0,14.0,69.0,7.0,29.85,0.9,22 | 71.6,14 | 57.2,69,7 | 4.35,29.85 | 1011,0.9 | 0.04
2019-10-10,21.0,15.0,74.0,7.0,29.85,3.7,21 | 69.8,15 | 59.0,74,7 | 4.35,29.85 | 1011,3.7 | 0.15
2019-10-11,22.0,15.0,72.0,8.0,29.85,1.3,22 | 71.6,15 | 59.0,72,8 | 4.97,29.85 | 1011,1.3 | 0.05
2019-10-12,22.0,14.0,70.0,10.0,29.85,1.8,22 | 71.6,14 | 57.2,70,10 | 6.21,29.85 | 1011,1.8 | 0.07
2019-10-13,21.0,15.0,74.0,9.0,29.85,2.6,21 | 69.8,15 | 59.0,74,9 | 5.59,29.85 | 1011,2.6 | 0.1
2019-10-14,20.0,15.0,80.0,6.0,29.91,7.6,20 | 68.0,15 | 59.0,80,6 | 3.73,29.91 | 1013,7.6 | 0.3
2019-10-15,22.0,15.0,74.0,7.0,29.88,2.5,22 | 71.6,15 | 59.0,74,7 | 4.35,29.88 | 1012,2.5 | 0.1
2019-10-16,22.0,14.0,69.0,7.0,29.88,1.3,22 | 71.6,14 | 57.2,69,7 | 4.35,29.88 | 1012,1.3 | 0.05
2019-10-17,21.0,15.0,76.0,5.0,29.91,6.3,21 | 69.8,15 | 59.0,76,5 | 3.11,29.91 | 1013,6.3 | 0.25
2019-10-18,20.0,16.0,84.0,4.0,29.91,19.8,20 | 68.0,16 | 60.8,84,4 | 2.49,29.91 | 1013,19.8 | 0.78
2019-10-19,21.0,16.0,80.0,5.0,29.88,16.8,21 | 69.8,16 | 60.8,80,5 | 3.11,29.88 | 1012,16.8 | 0.66
2019-10-20,21.0,16.0,81.0,6.0,29.91,13.6,21 | 69.8,16 | 60.8,81,6 | 3.73,29.91 | 1013,13.6 | 0.54
2019-10-21,21.0,16.0,78.0,6.0,29.88,5.7,21 | 69.8,16 | 60.8,78,6 | 3.73,29.88 | 1012,5.7 | 0.22
2019-10-22,21.0,16.0,80.0,5.0,29.85,10.6,21 | 69.8,16 | 60.8,80,5 | 3.11,29.85 | 1011,10.6 | 0.42
2019-10-23,22.0,16.0,75.0,5.0,29.85,1.6,22 | 71.6,16 | 60.8,75,5 | 3.11,29.85 | 1011,1.6 | 0.06
2019-10-24,21.0,16.0,77.0,5.0,29.91,1.8,21 | 69.8,16 | 60.8,77,5 | 3.11,29.91 | 1013,1.8 | 0.07
2019-10-25,21.0,15.0,74.0,6.0,29.88,0.8,21 | 69.8,15 | 59.0,74,6 | 3.73,29.88 | 1012,0.8 | 0.03
2019-10-26,21.0,15.0,76.0,7.0,29.88,3.9,21 | 69.8,15 | 59.0,76,7 | 4.35,29.88 | 1012,3.9 | 0.15
2019-10-27,22.0,16.0,76.0,7.0,29.85,7.0,22 | 71.6,16 | 60.8,76,7 | 4.35,29.85 | 1011,7.0 | 0.28
2019-10-28,21.0,17.0,81.0,5.0,29.85,12.9,21 | 69.8,17 | 62.6,81,5 | 3.11,29.85 | 1011,12.9 | 0.51
2019-10-29,20.0,17.0,84.0,4.0,29.88,14.6,20 | 68.0,17 | 62.6,84,4 | 2.49,29.88 | 1012,14.6 | 0.57
2019-10-30,21.0,16.0,79.0,4.0,29.88,7.7,21 | 69.8,16 | 60.8,79,4 | 2.49,29.88 | 1012,7.7 | 0.3
2019-10-31,21.0,15.0,76.0,6.0,29.91,1.7,21 | 69.8,15 | 59.0,76,6 | 3.73,29.91 | 1013,1.7 | 0.07
2019-11-01,21.0,16.0,78.0,5.0,29.91,3.2,21 | 69.8,16 | 60.8,78,5 | 3.11,29.91 | 1013,3.2 | 0.13
2019-11-02,21.0,15.0,76.0,6.0,29.88,1.9,21 | 69.8,15 | 59.0,76,6 | 3.73,29.88 | 1012,1.9 | 0.07
2019-11-03,21.0,15.0,76.0,7.0,29.94,3.1,21 | 69.8,15 | 59.0,76,7 | 4.35,29.94 | 1014,3.1 | 0.12
2019-11-04,22.0,15.0,73.0,7.0,29.94,2.3,22 | 71.6,15 | 59.0,73,7 | 4.35,29.94 | 1014,2.3 | 0.09
2019-11-05,23.0,15.0,71.0,5.0,29.91,1.1,23 | 73.4,15 | 59.0,71,5 | 3.11,29.91 | 1013,1.1 | 0.04
2019-11-06,22.0,15.0,72.0,6.0,29.88,3.1,22 | 71.6,15 | 59.0,72,6 | 3.73,29.88 | 1012,3.1 | 0.12
2019-11-07,21.0,16.0,76.0,5.0,29.88,3.2,21 | 69.8,16 | 60.8,76,5 | 3.11,29.88 | 1012,3.2 | 0.13
2019-11-08,22.0,16.0,75.0,6.0,29.91,2.5,22 | 71.6,16 | 60.8,75,6 | 3.73,29.91 | 1013,2.5 | 0.1
2019-11-09,22.0,16.0,74.0,6.0,29.88,2.5,22 | 71.6,16 | 60.8,74,6 | 3.73,29.88 | 1012,2.5 | 0.1
2019-11-10,21.0,16.0,79.0,5.0,29.85,3.5,21 | 69.8,16 | 60.8,79,5 | 3.11,29.85 | 1011,3.5 | 0.14
2019-11-11,22.0,16.0,77.0,6.0,29.8,5.7,22 | 71.6,16 | 60.8,77,6 | 3.73,29.8 | 1009,5.7 | 0.22
2019-11-12,21.0,15.0,77.0,6.0,29.8,1.4,21 | 69.8,15 | 59.0,77,6 | 3.73,29.8 | 1009,1.4 | 0.06
2019-11-13,20.0,16.0,85.0,4.0,29.85,10.9,20 | 68.0,16 | 60.8,85,4 | 2.49,29.85 | 1011,10.9 | 0.43
2019-11-14,21.0,16.0,82.0,4.0,29.88,9.0,21 | 69.8,16 | 60.8,82,4 | 2.49,29.88 | 1012,9.0 | 0.35
2019-11-15,22.0,16.0,77.0,4.0,29.88,2.3,22 | 71.6,16 | 60.8,77,4 | 2.49,29.88 | 1012,2.3 | 0.09
2019-11-16,22.0,16.0,77.0,5.0,29.83,1.3,22 | 71.6,16 | 60.8,77,5 | 3.11,29.83 | 1010,1.3 | 0.05
2019-11-17,22.0,15.0,75.0,6.0,29.83,3.1,22 | 71.6,15 | 59.0,75,6 | 3.73,29.83 | 1010,3.1 | 0.12
2019-11-18,21.0,16.0,80.0,5.0,29.85,5.7,21 | 69.8,16 | 60.8,80,5 | 3.11,29.85 | 1011,5.7 | 0.22
2019-11-19,21.0,16.0,83.0,4.0,29.88,3.3,21 | 69.8,16 | 60.8,83,4 | 2.49,29.88 | 1012,3.3 | 0.13
2019-11-20,19.0,16.0,89.0,5.0,29.85,4.8,19 | 66.2,16 | 60.8,89,5 | 3.11,29.85 | 1011,4.8 | 0.19
2019-11-21,20.0,17.0,89.0,5.0,29.85,19.1,20 | 68.0,17 | 62.6,89,5 | 3.11,29.85 | 1011,19.1 | 0.75
2019-11-22,20.0,18.0,90.0,4.0,29.85,25.2,20 | 68.0,18 | 64.4,90,4 | 2.49,29.85 | 1011,25.2 | 0.99
2019-11-23,18.0,17.0,92.0,4.0,29.88,12.2,18 | 64.4,17 | 62.6,92,4 | 2.49,29.88 | 1012,12.2 | 0.48
2019-11-24,19.0,17.0,91.0,3.0,29.94,14.6,19 | 66.2,17 | 62.6,91,3 | 1.86,29.94 | 1014,14.6 | 0.57
2019-11-25,18.0,16.0,92.0,3.0,29.97,15.0,18 | 64.4,16 | 60.8,92,3 | 1.86,29.97 | 1015,15.0 | 0.59
2019-11-26,20.0,17.0,90.0,3.0,29.94,7.9,20 | 68.0,17 | 62.6,90,3 | 1.86,29.94 | 1014,7.9 | 0.31
2019-11-27,21.0,16.0,81.0,5.0,29.88,10.1,21 | 69.8,16 | 60.8,81,5 | 3.11,29.88 | 1012,10.1 | 0.4
2019-11-28,21.0,16.0,81.0,5.0,29.91,7.9,21 | 69.8,16 | 60.8,81,5 | 3.11,29.91 | 1013,7.9 | 0.31
2019-11-29,20.0,17.0,86.0,4.0,29.91,12.8,20 | 68.0,17 | 62.6,86,4 | 2.49,29.91 | 1013,12.8 | 0.5
2019-11-30,20.0,16.0,85.0,5.0,29.91,9.3,20 | 68.0,16 | 60.8,85,5 | 3.11,29.91 | 1013,9.3 | 0.37
2019-12-01,18.0,16.0,90.0,5.0,29.91,31.7,18 | 64.4,16 | 60.8,90,5 | 3.11,29.91 | 1013,31.7 | 1.25
2019-12-02,20.0,17.0,87.0,4.0,29.88,12.5,20 | 68.0,17 | 62.6,87,4 | 2.49,29.88 | 1012,12.5 | 0.49
2019-12-03,19.0,17.0,90.0,4.0,29.88,25.0,19 | 66.2,17 | 62.6,90,4 | 2.49,29.88 | 1012,25.0 | 0.98
2019-12-04,18.0,17.0,91.0,4.0,29.91,13.4,18 | 64.4,17 | 62.6,91,4 | 2.49,29.91 | 1013,13.4 | 0.53
2019-12-05,18.0,17.0,96.0,3.0,29.91,49.7,18 | 64.4,17 | 62.6,96,3 | 1.86,29.91 | 1013,49.7 | 1.96
2019-12-06,19.0,18.0,95.0,3.0,29.88,86.4,19 | 66.2,18 | 64.4,95,3 | 1.86,29.88 | 1012,86.4 | 3.4
2019-12-07,20.0,17.0,92.0,5.0,29.85,24.9,20 | 68.0,17 | 62.6,92,5 | 3.11,29.85 | 1011,24.9 | 0.98
2019-12-08,20.0,17.0,87.0,4.0,29.88,8.2,20 | 68.0,17 | 62.6,87,4 | 2.49,29.88 | 1012,8.2 | 0.32
2019-12-09,20.0,17.0,88.0,4.0,29.88,10.0,20 | 68.0,17 | 62.6,88,4 | 2.49,29.88 | 1012,10.0 | 0.39
2019-12-10,18.0,17.0,91.0,4.0,29.91,9.2,18 | 64.4,17 | 62.6,91,4 | 2.49,29.91 | 1013,9.2 | 0.36
2019-12-11,20.0,17.0,86.0,4.0,29.88,13.8,20 | 68.0,17 | 62.6,86,4 | 2.49,29.88 | 1012,13.8 | 0.54
2019-12-12,20.0,17.0,87.0,4.0,29.91,9.7,20 | 68.0,17 | 62.6,87,4 | 2.49,29.91 | 1013,9.7 | 0.38
2019-12-13,20.0,16.0,85.0,4.0,29.91,11.4,20 | 68.0,16 | 60.8,85,4 | 2.49,29.91 | 1013,11.4 | 0.45
2019-12-14,20.0,17.0,84.0,5.0,29.94,6.2,20 | 68.0,17 | 62.6,84,5 | 3.11,29.94 | 1014,6.2 | 0.24
2019-12-15,20.0,16.0,83.0,5.0,29.91,5.1,20 | 68.0,16 | 60.8,83,5 | 3.11,29.91 | 1013,5.1 | 0.2
2019-12-16,20.0,16.0,83.0,5.0,29.91,9.6,20 | 68.0,16 | 60.8,83,5 | 3.11,29.91 | 1013,9.6 | 0.38
2019-12-17,20.0,16.0,83.0,5.0,29.88,7.6,20 | 68.0,16 | 60.8,83,5 | 3.11,29.88 | 1012,7.6 | 0.3
2019-12-18,21.0,16.0,79.0,5.0,29.91,1.5,21 | 69.8,16 | 60.8,79,5 | 3.11,29.91 | 1013,1.5 | 0.06
2019-12-19,22.0,14.0,70.0,6.0,29.91,0.5,22 | 71.6,14 | 57.2,70,6 | 3.73,29.91 | 1013,0.5 | 0.02
2019-12-20,21.0,13.0,67.0,5.0,29.94,0.5,21 | 69.8,13 | 55.4,67,5 | 3.11,29.94 | 1014,0.5 | 0.02
2019-12-21,21.0,15.0,78.0,4.0,29.91,2.4,21 | 69.8,15 | 59.0,78,4 | 2.49,29.91 | 1013,2.4 | 0.09
2019-12-22,20.0,16.0,84.0,5.0,29.94,12.4,20 | 68.0,16 | 60.8,84,5 | 3.11,29.94 | 1014,12.4 | 0.49
2019-12-23,20.0,16.0,86.0,5.0,29.94,12.2,20 | 68.0,16 | 60.8,86,5 | 3.11,29.94 | 1014,12.2 | 0.48
2019-12-24,20.0,17.0,84.0,4.0,29.91,7.2,20 | 68.0,17 | 62.6,84,4 | 2.49,29.91 | 1013,7.2 | 0.28
2019-12-25,20.0,18.0,88.0,4.0,29.91,19.5,20 | 68.0,18 | 64.4,88,4 | 2.49,29.91 | 1013,19.5 | 0.77
2019-12-26,19.0,17.0,91.0,5.0,29.91,20.9,19 | 66.2,17 | 62.6,91,5 | 3.11,29.91 | 1013,20.9 | 0.82
2019-12-27,20.0,17.0,85.0,5.0,29.88,3.4,20 | 68.0,17 | 62.6,85,5 | 3.11,29.88 | 1012,3.4 | 0.13
2019-12-28,21.0,16.0,79.0,6.0,29.88,3.3,21 | 69.8,16 | 60.8,79,6 | 3.73,29.88 | 1012,3.3 | 0.13
2019-12-29,21.0,16.0,77.0,6.0,29.88,2.0,21 | 69.8,16 | 60.8,77,6 | 3.73,29.88 | 1012,2.0 | 0.08
2019-12-30,22.0,16.0,77.0,6.0,29.88,2.0,22 | 71.6,16 | 60.8,77,6 | 3.73,29.88 | 1012,2.0 | 0.08
2019-12-31,21.0,15.0,73.0,7.0,29.91,0.9,21 | 69.8,15 | 59.0,73,7 | 4.35,29.91 | 1013,0.9 | 0.04
2020-01-01,22.0,14.0,71.0,5.0,29.91,1.4,22 | 71.6,14 | 57.2,71,5 | 3.11,29.91 | 1013,1.4 | 0.06
2020-01-02,22.0,12.0,59.0,6.0,29.88,0.0,22 | 71.6,12 | 53.6,59,6 | 3.73,29.88 | 1012,0.0 | 0.0
2020-01-03,21.0,14.0,71.0,8.0,29.91,8.5,21 | 69.8,14 | 57.2,71,8 | 4.97,29.91 | 1013,8.5 | 0.33
2020-01-04,21.0,14.0,76.0,6.0,29.91,0.7,21 | 69.8,14 | 57.2,76,6 | 3.73,29.91 | 1013,0.7 | 0.03
2020-01-05,22.0,13.0,68.0,6.0,29.88,0.0,22 | 71.6,13 | 55.4,68,6 | 3.73,29.88 | 1012,0.0 | 0.0
2020-01-06,22.0,16.0,76.0,4.0,29.88,2.6,22 | 71.6,16 | 60.8,76,4 | 2.49,29.88 | 1012,2.6 | 0.1
2020-01-07,21.0,16.0,81.0,5.0,29.88,1.5,21 | 69.8,16 | 60.8,81,5 | 3.11,29.88 | 1012,1.5 | 0.06
2020-01-08,21.0,15.0,77.0,6.0,29.91,6.8,21 | 69.8,15 | 59.0,77,6 | 3.73,29.91 | 1013,6.8 | 0.27
2020-01-09,21.0,15.0,76.0,6.0,29.88,1.2,21 | 69.8,15 | 59.0,76,6 | 3.73,29.88 | 1012,1.2 | 0.05
2020-01-10,21.0,15.0,79.0,6.0,29.88,1.5,21 | 69.8,15 | 59.0,79,6 | 3.73,29.88 | 1012,1.5 | 0.06
2020-01-11,21.0,16.0,79.0,5.0,29.91,3.5,21 | 69.8,16 | 60.8,79,5 | 3.11,29.91 | 1013,3.5 | 0.14
2020-01-12,21.0,14.0,75.0,7.0,29.94,2.6,21 | 69.8,14 | 57.2,75,7 | 4.35,29.94 | 1014,2.6 | 0.1
2020-01-13,20.0,13.0,72.0,6.0,29.94,2.3,20 | 68.0,13 | 55.4,72,6 | 3.73,29.94 | 1014,2.3 | 0.09
2020-01-14,22.0,14.0,69.0,5.0,29.88,0.0,22 | 71.6,14 | 57.2,69,5 | 3.11,29.88 | 1012,0.0 | 0.0
2020-01-15,23.0,13.0,64.0,7.0,29.88,0.0,23 | 73.4,13 | 55.4,64,7 | 4.35,29.88 | 1012,0.0 | 0.0
2020-01-16,22.0,15.0,74.0,5.0,29.91,7.6,22 | 71.6,15 | 59.0,74,5 | 3.11,29.91 | 1013,7.6 | 0.3
2020-01-17,21.0,16.0,80.0,5.0,29.91,16.6,21 | 69.8,16 | 60.8,80,5 | 3.11,29.91 | 1013,16.6 | 0.65
2020-01-18,24.0,15.0,71.0,6.0,29.91,3.0,24 | 75.2,15 | 59.0,71,6 | 3.73,29.91 | 1013,3.0 | 0.12
2020-01-19,23.0,15.0,71.0,6.0,29.91,1.1,23 | 73.4,15 | 59.0,71,6 | 3.73,29.91 | 1013,1.1 | 0.04
2020-01-20,23.0,14.0,65.0,7.0,29.91,0.0,23 | 73.4,14 | 57.2,65,7 | 4.35,29.91 | 1013,0.0 | 0.0
2020-01-21,23.0,13.0,62.0,6.0,29.91,0.0,23 | 73.4,13 | 55.4,62,6 | 3.73,29.91 | 1013,0.0 | 0.0
2020-01-22,23.0,13.0,62.0,6.0,29.88,0.0,23 | 73.4,13 | 55.4,62,6 | 3.73,29.88 | 1012,0.0 | 0.0
2020-01-23,22.0,13.0,61.0,6.0,29.91,0.0,22 | 71.6,13 | 55.4,61,6 | 3.73,29.91 | 1013,0.0 | 0.0
2020-01-24,22.0,14.0,66.0,5.0,29.91,0.3,22 | 71.6,14 | 57.2,66,5 | 3.11,29.91 | 1013,0.3 | 0.01
2020-01-25,22.0,15.0,72.0,5.0,29.94,2.5,22 | 71.6,15 | 59.0,72,5 | 3.11,29.94 | 1014,2.5 | 0.1
2020-01-26,21.0,16.0,82.0,5.0,29.94,12.4,21 | 69.8,16 | 60.8,82,5 | 3.11,29.94 | 1014,12.4 | 0.49
2020-01-27,20.0,17.0,86.0,5.0,29.91,21.2,20 | 68.0,17 | 62.6,86,5 | 3.11,29.91 | 1013,21.2 | 0.83
2020-01-28,16.0,16.0,98.0,4.0,29.97,33.6,16 | 60.8,16 | 60.8,98,4 | 2.49,29.97 | 1015,33.6 | 1.32
2020-01-29,16.0,16.0,97.0,4.0,30.0,30.2,16 | 60.8,16 | 60.8,97,4 | 2.49,30.0 | 1016,30.2 | 1.19
2020-01-30,19.0,16.0,89.0,4.0,30.0,31.1,19 | 66.2,16 | 60.8,89,4 | 2.49,30.0 | 1016,31.1 | 1.22
2020-01-31,18.0,16.0,90.0,5.0,29.97,18.1,18 | 64.4,16 | 60.8,90,5 | 3.11,29.97 | 1015,18.1 | 0.71
2020-02-01,19.0,17.0,91.0,3.0,29.94,15.3,19 | 66.2,17 | 62.6,91,3 | 1.86,29.94 | 1014,15.3 | 0.6
2020-02-02,21.0,16.0,83.0,5.0,29.94,0.6,21 | 69.8,16 | 60.8,83,5 | 3.11,29.94 | 1014,0.6 | 0.02
2020-02-03,20.0,17.0,88.0,4.0,29.94,18.1,20 | 68.0,17 | 62.6,88,4 | 2.49,29.94 | 1014,18.1 | 0.71
2020-02-04,20.0,16.0,88.0,5.0,29.94,18.3,20 | 68.0,16 | 60.8,88,5 | 3.11,29.94 | 1014,18.3 | 0.72
2020-02-05,20.0,16.0,83.0,5.0,29.91,10.4,20 | 68.0,16 | 60.8,83,5 | 3.11,29.91 | 1013,10.4 | 0.41
2020-02-06,20.0,16.0,85.0,5.0,29.94,15.0,20 | 68.0,16 | 60.8,85,5 | 3.11,29.94 | 1014,15.0 | 0.59
2020-02-07,21.0,15.0,76.0,5.0,29.94,1.2,21 | 69.8,15 | 59.0,76,5 | 3.11,29.94 | 1014,1.2 | 0.05
2020-02-08,23.0,13.0,63.0,7.0,29.94,0.0,23 | 73.4,13 | 55.4,63,7 | 4.35,29.94 | 1014,0.0 | 0.0
2020-02-09,23.0,11.0,52.0,9.0,29.94,0.0,23 | 73.4,11 | 51.8,52,9 | 5.59,29.94 | 1014,0.0 | 0.0
2020-02-10,23.0,11.0,54.0,7.0,29.91,0.0,23 | 73.4,11 | 51.8,54,7 | 4.35,29.91 | 1013,0.0 | 0.0
2020-02-11,23.0,13.0,61.0,6.0,29.91,0.0,23 | 73.4,13 | 55.4,61,6 | 3.73,29.91 | 1013,0.0 | 0.0
2020-02-12,23.0,14.0,63.0,6.0,29.88,0.2,23 | 73.4,14 | 57.2,63,6 | 3.73,29.88 | 1012,0.2 | 0.01
2020-02-13,22.0,15.0,74.0,5.0,29.88,2.7,22 | 71.6,15 | 59.0,74,5 | 3.11,29.88 | 1012,2.7 | 0.11
2020-02-14,23.0,15.0,70.0,6.0,29.88,0.7,23 | 73.4,15 | 59.0,70,6 | 3.73,29.88 | 1012,0.7 | 0.03
2020-02-15,22.0,12.0,62.0,7.0,29.88,0.0,22 | 71.6,12 | 53.6,62,7 | 4.35,29.88 | 1012,0.0 | 0.0
2020-02-16,21.0,15.0,76.0,6.0,29.91,2.4,21 | 69.8,15 | 59.0,76,6 | 3.73,29.91 | 1013,2.4 | 0.09
2020-02-17,22.0,17.0,78.0,4.0,29.88,9.0,22 | 71.6,17 | 62.6,78,4 | 2.49,29.88 | 1012,9.0 | 0.35
2020-02-18,24.0,14.0,68.0,6.0,29.88,2.2,24 | 75.2,14 | 57.2,68,6 | 3.73,29.88 | 1012,2.2 | 0.09
2020-02-19,23.0,13.0,60.0,7.0,29.88,0.0,23 | 73.4,13 | 55.4,60,7 | 4.35,29.88 | 1012,0.0 | 0.0
2020-02-20,24.0,12.0,56.0,7.0,29.85,0.0,24 | 75.2,12 | 53.6,56,7 | 4.35,29.85 | 1011,0.0 | 0.0
2020-02-21,24.0,14.0,62.0,6.0,29.85,0.0,24 | 75.2,14 | 57.2,62,6 | 3.73,29.85 | 1011,0.0 | 0.0
2020-02-22,23.0,14.0,64.0,6.0,29.85,1.1,23 | 73.4,14 | 57.2,64,6 | 3.73,29.85 | 1011,1.1 | 0.04
2020-02-23,24.0,14.0,61.0,7.0,29.85,0.4,24 | 75.2,14 | 57.2,61,7 | 4.35,29.85 | 1011,0.4 | 0.02
2020-02-24,25.0,13.0,56.0,6.0,29.85,0.0,25 | 77.0,13 | 55.4,56,6 | 3.73,29.85 | 1011,0.0 | 0.0
2020-02-25,23.0,15.0,67.0,6.0,29.88,0.7,23 | 73.4,15 | 59.0,67,6 | 3.73,29.88 | 1012,0.7 | 0.03
2020-02-26,22.0,16.0,80.0,5.0,29.88,1.4,22 | 71.6,16 | 60.8,80,5 | 3.11,29.88 | 1012,1.4 | 0.06
2020-02-27,22.0,16.0,76.0,5.0,29.88,3.7,22 | 71.6,16 | 60.8,76,5 | 3.11,29.88 | 1012,3.7 | 0.15
2020-02-28,23.0,15.0,69.0,6.0,29.88,0.0,23 | 73.4,15 | 59.0,69,6 | 3.73,29.88 | 1012,0.0 | 0.0
2020-02-29,22.0,17.0,83.0,5.0,29.91,7.6,22 | 71.6,17 | 62.6,83,5 | 3.11,29.91 | 1013,7.6 | 0.3
2020-03-01,22.0,16.0,78.0,6.0,29.88,3.8,22 | 71.6,16 | 60.8,78,6 | 3.73,29.88 | 1012,3.8 | 0.15
2020-03-02,21.0,17.0,86.0,5.0,29.91,15.3,21 | 69.8,17 | 62.6,86,5 | 3.11,29.91 | 1013,15.3 | 0.6
2020-03-03,22.0,16.0,81.0,6.0,29.94,9.2,22 | 71.6,16 | 60.8,81,6 | 3.73,29.94 | 1014,9.2 | 0.36
2020-03-04,23.0,15.0,75.0,6.0,29.94,5.5,23 | 73.4,15 | 59.0,75,6 | 3.73,29.94 | 1014,5.5 | 0.22
2020-03-05,19.0,16.0,89.0,5.0,30.0,26.8,19 | 66.2,16 | 60.8,89,5 | 3.11,30.0 | 1016,26.8 | 1.06
2020-03-06,22.0,16.0,74.0,5.0,29.91,6.2,22 | 71.6,16 | 60.8,74,5 | 3.11,29.91 | 1013,6.2 | 0.24
2020-03-07,24.0,15.0,69.0,7.0,29.88,1.0,24 | 75.2,15 | 59.0,69,7 | 4.35,29.88 | 1012,1.0 | 0.04
2020-03-08,24.0,16.0,73.0,6.0,29.85,2.4,24 | 75.2,16 | 60.8,73,6 | 3.73,29.85 | 1011,2.4 | 0.09
2020-03-09,21.0,18.0,86.0,6.0,29.85,23.8,21 | 69.8,18 | 64.4,86,6 | 3.73,29.85 | 1011,23.8 | 0.94
2020-03-10,22.0,17.0,83.0,5.0,29.85,6.8,22 | 71.6,17 | 62.6,83,5 | 3.11,29.85 | 1011,6.8 | 0.27
2020-03-11,23.0,16.0,75.0,6.0,29.85,3.1,23 | 73.4,16 | 60.8,75,6 | 3.73,29.85 | 1011,3.1 | 0.12
2020-03-12,22.0,16.0,79.0,6.0,29.85,3.8,22 | 71.6,16 | 60.8,79,6 | 3.73,29.85 | 1011,3.8 | 0.15
2020-03-13,23.0,16.0,75.0,6.0,29.85,2.7,23 | 73.4,16 | 60.8,75,6 | 3.73,29.85 | 1011,2.7 | 0.11
2020-03-14,22.0,15.0,75.0,6.0,29.91,0.0,22 | 71.6,15 | 59.0,75,6 | 3.73,29.91 | 1013,0.0 | 0.0
2020-03-15,23.0,17.0,78.0,5.0,29.88,1.4,23 | 73.4,17 | 62.6,78,5 | 3.11,29.88 | 1012,1.4 | 0.06
2020-03-16,23.0,17.0,78.0,5.0,29.85,2.9,23 | 73.4,17 | 62.6,78,5 | 3.11,29.85 | 1011,2.9 | 0.11
2020-03-17,21.0,17.0,85.0,5.0,29.85,30.2,21 | 69.8,17 | 62.6,85,5 | 3.11,29.85 | 1011,30.2 | 1.19
2020-03-18,22.0,16.0,76.0,5.0,29.88,5.3,22 | 71.6,16 | 60.8,76,5 | 3.11,29.88 | 1012,5.3 | 0.21
2020-03-19,20.0,16.0,84.0,4.0,29.94,19.3,20 | 68.0,16 | 60.8,84,4 | 2.49,29.94 | 1014,19.3 | 0.76
2020-03-20,20.0,16.0,85.0,5.0,29.91,15.5,20 | 68.0,16 | 60.8,85,5 | 3.11,29.91 | 1013,15.5 | 0.61
2020-03-21,22.0,16.0,78.0,6.0,29.88,2.5,22 | 71.6,16 | 60.8,78,6 | 3.73,29.88 | 1012,2.5 | 0.1
2020-03-22,23.0,14.0,68.0,6.0,29.91,2.0,23 | 73.4,14 | 57.2,68,6 | 3.73,29.91 | 1013,2.0 | 0.08
2020-03-23,21.0,16.0,78.0,5.0,29.91,12.9,21 | 69.8,16 | 60.8,78,5 | 3.11,29.91 | 1013,12.9 | 0.51
2020-03-24,21.0,16.0,80.0,5.0,29.88,2.7,21 | 69.8,16 | 60.8,80,5 | 3.11,29.88 | 1012,2.7 | 0.11
2020-03-25,20.0,17.0,88.0,5.0,29.85,19.6,20 | 68.0,17 | 62.6,88,5 | 3.11,29.85 | 1011,19.6 | 0.77
2020-03-26,20.0,17.0,88.0,5.0,29.85,12.7,20 | 68.0,17 | 62.6,88,5 | 3.11,29.85 | 1011,12.7 | 0.5
2020-03-27,19.0,17.0,93.0,4.0,29.91,10.2,19 | 66.2,17 | 62.6,93,4 | 2.49,29.91 | 1013,10.2 | 0.4
2020-03-28,18.0,16.0,93.0,5.0,29.97,15.5,18 | 64.4,16 | 60.8,93,5 | 3.11,29.97 | 1015,15.5 | 0.61
2020-03-29,20.0,15.0,81.0,6.0,29.94,8.1,20 | 68.0,15 | 59.0,81,6 | 3.73,29.94 | 1014,8.1 | 0.32
2020-03-30,21.0,17.0,86.0,6.0,29.91,9.0,21 | 69.8,17 | 62.6,86,6 | 3.73,29.91 | 1013,9.0 | 0.35
2020-03-31,22.0,15.0,76.0,6.0,29.91,0.2,22 | 71.6,15 | 59.0,76,6 | 3.73,29.91 | 1013,0.2 | 0.01
2020-04-01,23.0,15.0,68.0,6.0,29.91,0.0,23 | 73.4,15 | 59.0,68,6 | 3.73,29.91 | 1013,0.0 | 0.0
2020-04-02,23.0,15.0,73.0,7.0,29.88,0.2,23 | 73.4,15 | 59.0,73,7 | 4.35,29.88 | 1012,0.2 | 0.01
2020-04-03,23.0,15.0,71.0,6.0,29.85,0.9,23 | 73.4,15 | 59.0,71,6 | 3.73,29.85 | 1011,0.9 | 0.04
2020-04-04,23.0,14.0,70.0,7.0,29.88,0.0,23 | 73.4,14 | 57.2,70,7 | 4.35,29.88 | 1012,0.0 | 0.0
2020-04-05,22.0,15.0,72.0,6.0,29.91,0.2,22 | 71.6,15 | 59.0,72,6 | 3.73,29.91 | 1013,0.2 | 0.01
2020-04-06,22.0,15.0,74.0,7.0,29.91,0.5,22 | 71.6,15 | 59.0,74,7 | 4.35,29.91 | 1013,0.5 | 0.02
2020-04-07,22.0,16.0,80.0,5.0,29.91,5.6,22 | 71.6,16 | 60.8,80,5 | 3.11,29.91 | 1013,5.6 | 0.22
2020-04-08,21.0,16.0,84.0,7.0,29.91,5.5,21 | 69.8,16 | 60.8,84,7 | 4.35,29.91 | 1013,5.5 | 0.22
2020-04-09,23.0,15.0,70.0,7.0,29.91,1.6,23 | 73.4,15 | 59.0,70,7 | 4.35,29.91 | 1013,1.6 | 0.06
2020-04-10,22.0,14.0,71.0,8.0,29.91,5.5,22 | 71.6,14 | 57.2,71,8 | 4.97,29.91 | 1013,5.5 | 0.22
2020-04-11,22.0,15.0,73.0,7.0,29.88,4.6,22 | 71.6,15 | 59.0,73,7 | 4.35,29.88 | 1012,4.6 | 0.18
2020-04-12,22.0,16.0,77.0,6.0,29.88,2.5,22 | 71.6,16 | 60.8,77,6 | 3.73,29.88 | 1012,2.5 | 0.1
2020-04-13,21.0,17.0,85.0,5.0,29.91,7.5,21 | 69.8,17 | 62.6,85,5 | 3.11,29.91 | 1013,7.5 | 0.3
2020-04-14,20.0,18.0,91.0,4.0,29.91,28.2,20 | 68.0,18 | 64.4,91,4 | 2.49,29.91 | 1013,28.2 | 1.11
2020-04-15,20.0,18.0,90.0,4.0,29.91,22.1,20 | 68.0,18 | 64.4,90,4 | 2.49,29.91 | 1013,22.1 | 0.87
2020-04-16,22.0,17.0,85.0,5.0,29.88,14.7,22 | 71.6,17 | 62.6,85,5 | 3.11,29.88 | 1012,14.7 | 0.58
2020-04-17,20.0,18.0,91.0,5.0,29.85,14.8,20 | 68.0,18 | 64.4,91,5 | 3.11,29.85 | 1011,14.8 | 0.58
2020-04-18,19.0,17.0,93.0,5.0,29.88,22.9,19 | 66.2,17 | 62.6,93,5 | 3.11,29.88 | 1012,22.9 | 0.9
2020-04-19,18.0,17.0,97.0,3.0,29.94,108.2,18 | 64.4,17 | 62.6,97,3 | 1.86,29.94 | 1014,108.2 | 4.26
2020-04-20,18.0,16.0,90.0,4.0,29.97,1.1,18 | 64.4,16 | 60.8,90,4 | 2.49,29.97 | 1015,1.1 | 0.04
2020-04-21,20.0,16.0,87.0,4.0,29.94,2.8,20 | 68.0,16 | 60.8,87,4 | 2.49,29.94 | 1014,2.8 | 0.11
2020-04-22,19.0,17.0,92.0,5.0,29.94,8.0,19 | 66.2,17 | 62.6,92,5 | 3.11,29.94 | 1014,8.0 | 0.31
2020-04-23,17.0,16.0,92.0,5.0,29.94,18.4,17 | 62.6,16 | 60.8,92,5 | 3.11,29.94 | 1014,18.4 | 0.72
2020-04-24,19.0,16.0,90.0,5.0,29.94,5.5,19 | 66.2,16 | 60.8,90,5 | 3.11,29.94 | 1014,5.5 | 0.22
2020-04-25,18.0,15.0,88.0,6.0,29.94,3.9,18 | 64.4,15 | 59.0,88,6 | 3.73,29.94 | 1014,3.9 | 0.15
2020-04-26,19.0,16.0,90.0,5.0,29.94,18.4,19 | 66.2,16 | 60.8,90,5 | 3.11,29.94 | 1014,18.4 | 0.72
2020-04-27,19.0,17.0,91.0,5.0,29.97,10.9,19 | 66.2,17 | 62.6,91,5 | 3.11,29.97 | 1015,10.9 | 0.43
2020-04-28,21.0,16.0,82.0,7.0,29.94,16.0,21 | 69.8,16 | 60.8,82,7 | 4.35,29.94 | 1014,16.0 | 0.63
2020-04-29,20.0,17.0,90.0,4.0,29.97,18.2,20 | 68.0,17 | 62.6,90,4 | 2.49,29.97 | 1015,18.2 | 0.72
2020-04-30,19.0,17.0,92.0,4.0,30.0,24.0,19 | 66.2,17 | 62.6,92,4 | 2.49,30.0 | 1016,24.0 | 0.94
2020-05-01,19.0,17.0,92.0,4.0,30.0,10.9,19 | 66.2,17 | 62.6,92,4 | 2.49,30.0 | 1016,10.9 | 0.43
2020-05-02,21.0,17.0,86.0,4.0,29.94,10.8,21 | 69.8,17 | 62.6,86,4 | 2.49,29.94 | 1014,10.8 | 0.43
2020-05-03,19.0,17.0,95.0,5.0,29.97,18.4,19 | 66.2,17 | 62.6,95,5 | 3.11,29.97 | 1015,18.4 | 0.72
2020-05-04,20.0,17.0,89.0,4.0,29.97,13.0,20 | 68.0,17 | 62.6,89,4 | 2.49,29.97 | 1015,13.0 | 0.51
2020-05-05,19.0,17.0,94.0,4.0,29.97,21.7,19 | 66.2,17 | 62.6,94,4 | 2.49,29.97 | 1015,21.7 | 0.85
2020-05-06,20.0,17.0,89.0,5.0,29.94,14.4,20 | 68.0,17 | 62.6,89,5 | 3.11,29.94 | 1014,14.4 | 0.57
2020-05-07,21.0,17.0,86.0,6.0,29.91,17.0,21 | 69.8,17 | 62.6,86,6 | 3.73,29.91 | 1013,17.0 | 0.67
2020-05-08,20.0,16.0,85.0,5.0,29.94,17.1,20 | 68.0,16 | 60.8,85,5 | 3.11,29.94 | 1014,17.1 | 0.67
2020-05-09,20.0,17.0,90.0,5.0,29.94,16.6,20 | 68.0,17 | 62.6,90,5 | 3.11,29.94 | 1014,16.6 | 0.65
2020-05-10,19.0,17.0,93.0,4.0,29.94,20.4,19 | 66.2,17 | 62.6,93,4 | 2.49,29.94 | 1014,20.4 | 0.8
2020-05-11,19.0,17.0,92.0,6.0,29.97,19.0,19 | 66.2,17 | 62.6,92,6 | 3.73,29.97 | 1015,19.0 | 0.75
2020-05-12,20.0,17.0,91.0,5.0,29.97,7.8,20 | 68.0,17 | 62.6,91,5 | 3.11,29.97 | 1015,7.8 | 0.31
2020-05-13,20.0,17.0,89.0,5.0,29.97,7.7,20 | 68.0,17 | 62.6,89,5 | 3.11,29.97 | 1015,7.7 | 0.3
2020-05-14,21.0,16.0,81.0,5.0,29.97,0.4,21 | 69.8,16 | 60.8,81,5 | 3.11,29.97 | 1015,0.4 | 0.02
2020-05-15,21.0,15.0,79.0,7.0,29.94,1.3,21 | 69.8,15 | 59.0,79,7 | 4.35,29.94 | 1014,1.3 | 0.05
2020-05-16,19.0,16.0,90.0,5.0,29.94,13.1,19 | 66.2,16 | 60.8,90,5 | 3.11,29.94 | 1014,13.1 | 0.52
2020-05-17,19.0,17.0,95.0,4.0,29.97,36.0,19 | 66.2,17 | 62.6,95,4 | 2.49,29.97 | 1015,36.0 | 1.42
2020-05-18,21.0,15.0,80.0,5.0,30.0,6.9,21 | 69.8,15 | 59.0,80,5 | 3.11,30.0 | 1016,6.9 | 0.27
2020-05-19,21.0,15.0,77.0,6.0,30.0,3.3,21 | 69.8,15 | 59.0,77,6 | 3.73,30.0 | 1016,3.3 | 0.13
2020-05-20,21.0,15.0,81.0,7.0,29.97,1.9,21 | 69.8,15 | 59.0,81,7 | 4.35,29.97 | 1015,1.9 | 0.07
2020-05-21,20.0,16.0,85.0,7.0,30.0,3.7,20 | 68.0,16 | 60.8,85,7 | 4.35,30.0 | 1016,3.7 | 0.15
2020-05-22,19.0,16.0,87.0,6.0,30.0,15.0,19 | 66.2,16 | 60.8,87,6 | 3.73,30.0 | 1016,15.0 | 0.59
2020-05-23,19.0,16.0,91.0,5.0,30.03,14.6,19 | 66.2,16 | 60.8,91,5 | 3.11,30.03 | 1017,14.6 | 0.57
2020-05-24,19.0,17.0,93.0,6.0,30.0,35.5,19 | 66.2,17 | 62.6,93,6 | 3.73,30.0 | 1016,35.5 | 1.4
2020-05-25,20.0,16.0,87.0,6.0,29.97,6.0,20 | 68.0,16 | 60.8,87,6 | 3.73,29.97 | 1015,6.0 | 0.24
2020-05-26,21.0,15.0,83.0,6.0,29.97,4.7,21 | 69.8,15 | 59.0,83,6 | 3.73,29.97 | 1015,4.7 | 0.19
2020-05-27,21.0,15.0,81.0,5.0,29.97,4.0,21 | 69.8,15 | 59.0,81,5 | 3.11,29.97 | 1015,4.0 | 0.16
2020-05-28,21.0,16.0,81.0,6.0,29.97,6.7,21 | 69.8,16 | 60.8,81,6 | 3.73,29.97 | 1015,6.7 | 0.26
2020-05-29,21.0,16.0,79.0,6.0,29.97,9.1,21 | 69.8,16 | 60.8,79,6 | 3.73,29.97 | 1015,9.1 | 0.36
2020-05-30,22.0,14.0,71.0,7.0,29.94,4.1,22 | 71.6,14 | 57.2,71,7 | 4.35,29.94 | 1014,4.1 | 0.16
2020-05-31,22.0,12.0,61.0,7.0,30.0,0.6,22 | 71.6,12 | 53.6,61,7 | 4.35,30.0 | 1016,0.6 | 0.02
2020-06-01,21.0,15.0,76.0,6.0,30.0,7.9,21 | 69.8,15 | 59.0,76,6 | 3.73,30.0 | 1016,7.9 | 0.31
2020-06-02,20.0,16.0,86.0,5.0,30.0,5.4,20 | 68.0,16 | 60.8,86,5 | 3.11,30.0 | 1016,5.4 | 0.21
2020-06-03,20.0,16.0,85.0,6.0,29.97,10.2,20 | 68.0,16 | 60.8,85,6 | 3.73,29.97 | 1015,10.2 | 0.4
2020-06-04,20.0,15.0,82.0,6.0,29.97,15.1,20 | 68.0,15 | 59.0,82,6 | 3.73,29.97 | 1015,15.1 | 0.59
2020-06-05,20.0,16.0,86.0,5.0,30.0,14.0,20 | 68.0,16 | 60.8,86,5 | 3.11,30.0 | 1016,14.0 | 0.55
2020-06-06,20.0,15.0,82.0,5.0,30.0,6.5,20 | 68.0,15 | 59.0,82,5 | 3.11,30.0 | 1016,6.5 | 0.26
2020-06-07,21.0,15.0,81.0,5.0,29.97,3.5,21 | 69.8,15 | 59.0,81,5 | 3.11,29.97 | 1015,3.5 | 0.14
2020-06-08,19.0,16.0,88.0,6.0,29.94,13.8,19 | 66.2,16 | 60.8,88,6 | 3.73,29.94 | 1014,13.8 | 0.54
2020-06-09,19.0,16.0,92.0,6.0,29.97,23.4,19 | 66.2,16 | 60.8,92,6 | 3.73,29.97 | 1015,23.4 | 0.92
2020-06-10,18.0,16.0,91.0,5.0,29.97,14.4,18 | 64.4,16 | 60.8,91,5 | 3.11,29.97 | 1015,14.4 | 0.57
2020-06-11,20.0,15.0,83.0,6.0,29.97,3.2,20 | 68.0,15 | 59.0,83,6 | 3.73,29.97 | 1015,3.2 | 0.13
2020-06-12,19.0,15.0,88.0,4.0,29.97,7.1,19 | 66.2,15 | 59.0,88,4 | 2.49,29.97 | 1015,7.1 | 0.28
2020-06-13,19.0,15.0,85.0,5.0,29.97,4.2,19 | 66.2,15 | 59.0,85,5 | 3.11,29.97 | 1015,4.2 | 0.17
2020-06-14,18.0,16.0,93.0,4.0,30.0,19.9,18 | 64.4,16 | 60.8,93,4 | 2.49,30.0 | 1016,19.9 | 0.78
2020-06-15,18.0,16.0,91.0,5.0,30.0,15.7,18 | 64.4,16 | 60.8,91,5 | 3.11,30.0 | 1016,15.7 | 0.62
2020-06-16,19.0,16.0,91.0,5.0,30.0,15.2,19 | 66.2,16 | 60.8,91,5 | 3.11,30.0 | 1016,15.2 | 0.6
2020-06-17,19.0,16.0,89.0,5.0,29.97,13.3,19 | 66.2,16 | 60.8,89,5 | 3.11,29.97 | 1015,13.3 | 0.52
2020-06-18,20.0,16.0,87.0,5.0,30.0,11.4,20 | 68.0,16 | 60.8,87,5 | 3.11,30.0 | 1016,11.4 | 0.45
2020-06-19,19.0,15.0,85.0,5.0,30.0,6.9,19 | 66.2,15 | 59.0,85,5 | 3.11,30.0 | 1016,6.9 | 0.27
2020-06-20,19.0,16.0,86.0,5.0,30.0,2.4,19 | 66.2,16 | 60.8,86,5 | 3.11,30.0 | 1016,2.4 | 0.09
2020-06-21,19.0,16.0,87.0,5.0,29.97,4.0,19 | 66.2,16 | 60.8,87,5 | 3.11,29.97 | 1015,4.0 | 0.16
2020-06-22,20.0,16.0,87.0,4.0,29.97,9.8,20 | 68.0,16 | 60.8,87,4 | 2.49,29.97 | 1015,9.8 | 0.39
2020-06-23,20.0,16.0,87.0,4.0,29.97,14.8,20 | 68.0,16 | 60.8,87,4 | 2.49,29.97 | 1015,14.8 | 0.58
2020-06-24,20.0,16.0,84.0,6.0,29.97,5.9,20 | 68.0,16 | 60.8,84,6 | 3.73,29.97 | 1015,5.9 | 0.23
2020-06-25,20.0,15.0,79.0,6.0,29.94,6.9,20 | 68.0,15 | 59.0,79,6 | 3.73,29.94 | 1014,6.9 | 0.27
2020-06-26,20.0,15.0,81.0,5.0,29.94,11.1,20 | 68.0,15 | 59.0,81,5 | 3.11,29.94 | 1014,11.1 | 0.44
2020-06-27,21.0,15.0,78.0,6.0,29.94,6.1,21 | 69.8,15 | 59.0,78,6 | 3.73,29.94 | 1014,6.1 | 0.24
2020-06-28,20.0,15.0,79.0,6.0,29.94,6.9,20 | 68.0,15 | 59.0,79,6 | 3.73,29.94 | 1014,6.9 | 0.27
2020-06-29,20.0,14.0,76.0,6.0,29.94,4.5,20 | 68.0,14 | 57.2,76,6 | 3.73,29.94 | 1014,4.5 | 0.18
2020-06-30,21.0,12.0,61.0,7.0,29.94,1.5,21 | 69.8,12 | 53.6,61,7 | 4.35,29.94 | 1014,1.5 | 0.06
2020-07-01,20.0,12.0,67.0,6.0,29.94,1.4,20 | 68.0,12 | 53.6,67,6 | 3.73,29.94 | 1014,1.4 | 0.06
2020-07-02,19.0,14.0,78.0,5.0,29.91,5.4,19 | 66.2,14 | 57.2,78,5 | 3.11,29.91 | 1013,5.4 | 0.21
2020-07-03,19.0,15.0,83.0,5.0,29.94,6.7,19 | 66.2,15 | 59.0,83,5 | 3.11,29.94 | 1014,6.7 | 0.26
2020-07-04,21.0,14.0,78.0,6.0,29.94,3.8,21 | 69.8,14 | 57.2,78,6 | 3.73,29.94 | 1014,3.8 | 0.15
2020-07-05,20.0,15.0,83.0,5.0,29.91,9.5,20 | 68.0,15 | 59.0,83,5 | 3.11,29.91 | 1013,9.5 | 0.37
2020-07-06,19.0,14.0,83.0,9.0,29.91,5.3,19 | 66.2,14 | 57.2,83,9 | 5.59,29.91 | 1013,5.3 | 0.21
2020-07-07,19.0,14.0,79.0,5.0,29.91,6.2,19 | 66.2,14 | 57.2,79,5 | 3.11,29.91 | 1013,6.2 | 0.24
2020-07-08,20.0,14.0,78.0,6.0,29.94,8.2,20 | 68.0,14 | 57.2,78,6 | 3.73,29.94 | 1014,8.2 | 0.32
2020-07-09,21.0,13.0,69.0,7.0,29.94,0.9,21 | 69.8,13 | 55.4,69,7 | 4.35,29.94 | 1014,0.9 | 0.04
2020-07-10,21.0,14.0,75.0,7.0,29.94,1.2,21 | 69.8,14 | 57.2,75,7 | 4.35,29.94 | 1014,1.2 | 0.05
2020-07-11,20.0,12.0,70.0,6.0,29.97,7.2,20 | 68.0,12 | 53.6,70,6 | 3.73,29.97 | 1015,7.2 | 0.28
2020-07-12,20.0,14.0,78.0,6.0,29.91,7.3,20 | 68.0,14 | 57.2,78,6 | 3.73,29.91 | 1013,7.3 | 0.29
2020-07-13,19.0,15.0,87.0,4.0,29.91,16.7,19 | 66.2,15 | 59.0,87,4 | 2.49,29.91 | 1013,16.7 | 0.66
2020-07-14,19.0,13.0,76.0,8.0,29.91,2.1,19 | 66.2,13 | 55.4,76,8 | 4.97,29.91 | 1013,2.1 | 0.08
2020-07-15,19.0,14.0,74.0,6.0,29.94,6.4,19 | 66.2,14 | 57.2,74,6 | 3.73,29.94 | 1014,6.4 | 0.25
2020-07-16,19.0,13.0,74.0,11.0,29.97,1.0,19 | 66.2,13 | 55.4,74,11 | 6.84,29.97 | 1015,1.0 | 0.04
2020-07-17,19.0,12.0,73.0,7.0,29.97,0.2,19 | 66.2,12 | 53.6,73,7 | 4.35,29.97 | 1015,0.2 | 0.01
2020-07-18,20.0,12.0,71.0,4.0,29.94,0.0,20 | 68.0,12 | 53.6,71,4 | 2.49,29.94 | 1014,0.0 | 0.0
2020-07-19,19.0,10.0,64.0,6.0,29.94,0.2,19 | 66.2,10 | 50.0,64,6 | 3.73,29.94 | 1014,0.2 | 0.01
2020-07-20,19.0,12.0,72.0,6.0,29.94,2.1,19 | 66.2,12 | 53.6,72,6 | 3.73,29.94 | 1014,2.1 | 0.08
2020-07-21,19.0,14.0,82.0,6.0,29.94,7.9,19 | 66.2,14 | 57.2,82,6 | 3.73,29.94 | 1014,7.9 | 0.31
2020-07-22,19.0,15.0,83.0,6.0,29.91,7.4,19 | 66.2,15 | 59.0,83,6 | 3.73,29.91 | 1013,7.4 | 0.29
2020-07-23,20.0,14.0,79.0,5.0,29.88,3.2,20 | 68.0,14 | 57.2,79,5 | 3.11,29.88 | 1012,3.2 | 0.13
2020-07-24,20.0,15.0,82.0,4.0,29.91,8.6,20 | 68.0,15 | 59.0,82,4 | 2.49,29.91 | 1013,8.6 | 0.34
2020-07-25,20.0,14.0,78.0,6.0,29.91,3.5,20 | 68.0,14 | 57.2,78,6 | 3.73,29.91 | 1013,3.5 | 0.14
2020-07-26,21.0,13.0,72.0,6.0,29.91,0.7,21 | 69.8,13 | 55.4,72,6 | 3.73,29.91 | 1013,0.7 | 0.03
2020-07-27,21.0,13.0,71.0,6.0,29.91,3.3,21 | 69.8,13 | 55.4,71,6 | 3.73,29.91 | 1013,3.3 | 0.13
2020-07-28,20.0,13.0,76.0,6.0,29.91,7.7,20 | 68.0,13 | 55.4,76,6 | 3.73,29.91 | 1013,7.7 | 0.3
2020-07-29,21.0,13.0,71.0,5.0,29.91,2.8,21 | 69.8,13 | 55.4,71,5 | 3.11,29.91 | 1013,2.8 | 0.11
2020-07-30,21.0,12.0,67.0,8.0,29.97,0.7,21 | 69.8,12 | 53.6,67,8 | 4.97,29.97 | 1015,0.7 | 0.03
2020-07-31,22.0,13.0,69.0,6.0,29.97,2.4,22 | 71.6,13 | 55.4,69,6 | 3.73,29.97 | 1015,2.4 | 0.09
2020-08-01,22.0,13.0,68.0,6.0,29.97,0.1,22 | 71.6,13 | 55.4,68,6 | 3.73,29.97 | 1015,0.1 | 0.0
2020-08-02,22.0,11.0,59.0,7.0,29.97,0.0,22 | 71.6,11 | 51.8,59,7 | 4.35,29.97 | 1015,0.0 | 0.0
2020-08-03,21.0,10.0,56.0,7.0,30.0,0.0,21 | 69.8,10 | 50.0,56,7 | 4.35,30.0 | 1016,0.0 | 0.0
2020-08-04,21.0,11.0,62.0,7.0,30.0,0.3,21 | 69.8,11 | 51.8,62,7 | 4.35,30.0 | 1016,0.3 | 0.01
2020-08-05,22.0,12.0,62.0,5.0,29.97,0.3,22 | 71.6,12 | 53.6,62,5 | 3.11,29.97 | 1015,0.3 | 0.01
2020-08-06,21.0,13.0,71.0,6.0,29.97,1.7,21 | 69.8,13 | 55.4,71,6 | 3.73,29.97 | 1015,1.7 | 0.07
2020-08-07,21.0,14.0,76.0,6.0,29.97,4.4,21 | 69.8,14 | 57.2,76,6 | 3.73,29.97 | 1015,4.4 | 0.17
2020-08-08,21.0,14.0,78.0,6.0,29.97,6.2,21 | 69.8,14 | 57.2,78,6 | 3.73,29.97 | 1015,6.2 | 0.24
2020-08-09,20.0,13.0,74.0,6.0,29.94,2.3,20 | 68.0,13 | 55.4,74,6 | 3.73,29.94 | 1014,2.3 | 0.09
2020-08-10,22.0,12.0,64.0,6.0,29.91,0.1,22 | 71.6,12 | 53.6,64,6 | 3.73,29.91 | 1013,0.1 | 0.0
2020-08-11,22.0,13.0,64.0,6.0,29.94,0.1,22 | 71.6,13 | 55.4,64,6 | 3.73,29.94 | 1014,0.1 | 0.0
2020-08-12,22.0,13.0,69.0,6.0,29.91,5.5,22 | 71.6,13 | 55.4,69,6 | 3.73,29.91 | 1013,5.5 | 0.22
2020-08-13,21.0,15.0,79.0,5.0,29.91,9.3,21 | 69.8,15 | 59.0,79,5 | 3.11,29.91 | 1013,9.3 | 0.37
2020-08-14,21.0,16.0,82.0,4.0,29.88,12.8,21 | 69.8,16 | 60.8,82,4 | 2.49,29.88 | 1012,12.8 | 0.5
2020-08-15,21.0,16.0,82.0,4.0,29.85,9.9,21 | 69.8,16 | 60.8,82,4 | 2.49,29.85 | 1011,9.9 | 0.39
2020-08-16,21.0,15.0,77.0,5.0,29.85,4.7,21 | 69.8,15 | 59.0,77,5 | 3.11,29.85 | 1011,4.7 | 0.19
2020-08-17,21.0,12.0,66.0,6.0,29.88,0.0,21 | 69.8,12 | 53.6,66,6 | 3.73,29.88 | 1012,0.0 | 0.0
2020-08-18,21.0,13.0,71.0,5.0,29.88,3.2,21 | 69.8,13 | 55.4,71,5 | 3.11,29.88 | 1012,3.2 | 0.13
2020-08-19,20.0,14.0,78.0,6.0,29.85,9.7,20 | 68.0,14 | 57.2,78,6 | 3.73,29.85 | 1011,9.7 | 0.38
2020-08-20,20.0,14.0,75.0,7.0,29.85,11.5,20 | 68.0,14 | 57.2,75,7 | 4.35,29.85 | 1011,11.5 | 0.45
2020-08-21,21.0,14.0,74.0,7.0,29.88,6.6,21 | 69.8,14 | 57.2,74,7 | 4.35,29.88 | 1012,6.6 | 0.26
2020-08-22,19.0,14.0,77.0,8.0,29.91,6.9,19 | 66.2,14 | 57.2,77,8 | 4.97,29.91 | 1013,6.9 | 0.27
2020-08-23,21.0,13.0,74.0,8.0,29.88,8.7,21 | 69.8,13 | 55.4,74,8 | 4.97,29.88 | 1012,8.7 | 0.34
2020-08-24,20.0,14.0,74.0,5.0,29.88,3.1,20 | 68.0,14 | 57.2,74,5 | 3.11,29.88 | 1012,3.1 | 0.12
2020-08-25,20.0,14.0,79.0,6.0,29.91,20.0,20 | 68.0,14 | 57.2,79,6 | 3.73,29.91 | 1013,20.0 | 0.79
2020-08-26,20.0,14.0,74.0,5.0,29.94,5.7,20 | 68.0,14 | 57.2,74,5 | 3.11,29.94 | 1014,5.7 | 0.22
2020-08-27,22.0,12.0,66.0,6.0,29.91,1.4,22 | 71.6,12 | 53.6,66,6 | 3.73,29.91 | 1013,1.4 | 0.06
2020-08-28,21.0,13.0,72.0,6.0,29.88,3.2,21 | 69.8,13 | 55.4,72,6 | 3.73,29.88 | 1012,3.2 | 0.13
2020-08-29,20.0,14.0,75.0,6.0,29.85,7.3,20 | 68.0,14 | 57.2,75,6 | 3.73,29.85 | 1011,7.3 | 0.29
2020-08-30,21.0,15.0,76.0,4.0,29.88,15.3,21 | 69.8,15 | 59.0,76,4 | 2.49,29.88 | 1012,15.3 | 0.6
2020-08-31,21.0,14.0,74.0,4.0,29.88,3.9,21 | 69.8,14 | 57.2,74,4 | 2.49,29.88 | 1012,3.9 | 0.15
2020-09-01,22.0,13.0,68.0,5.0,29.88,0.8,22 | 71.6,13 | 55.4,68,5 | 3.11,29.88 | 1012,0.8 | 0.03
2020-09-02,23.0,11.0,60.0,6.0,29.91,0.0,23 | 73.4,11 | 51.8,60,6 | 3.73,29.91 | 1013,0.0 | 0.0
2020-09-03,22.0,10.0,58.0,6.0,29.91,0.1,22 | 71.6,10 | 50.0,58,6 | 3.73,29.91 | 1013,0.1 | 0.0
2020-09-04,21.0,15.0,79.0,5.0,29.94,14.7,21 | 69.8,15 | 59.0,79,5 | 3.11,29.94 | 1014,14.7 | 0.58
2020-09-05,22.0,13.0,68.0,6.0,29.88,1.7,22 | 71.6,13 | 55.4,68,6 | 3.73,29.88 | 1012,1.7 | 0.07
2020-09-06,21.0,14.0,75.0,6.0,29.83,5.4,21 | 69.8,14 | 57.2,75,6 | 3.73,29.83 | 1010,5.4 | 0.21
2020-09-07,19.0,15.0,88.0,4.0,29.88,19.9,19 | 66.2,15 | 59.0,88,4 | 2.49,29.88 | 1012,19.9 | 0.78
2020-09-08,18.0,15.0,90.0,5.0,29.94,39.1,18 | 64.4,15 | 59.0,90,5 | 3.11,29.94 | 1014,39.1 | 1.54
2020-09-09,19.0,14.0,79.0,6.0,29.94,8.0,19 | 66.2,14 | 57.2,79,6 | 3.73,29.94 | 1014,8.0 | 0.31
2020-09-10,22.0,14.0,69.0,6.0,29.88,1.5,22 | 71.6,14 | 57.2,69,6 | 3.73,29.88 | 1012,1.5 | 0.06
2020-09-11,21.0,13.0,72.0,6.0,29.88,1.0,21 | 69.8,13 | 55.4,72,6 | 3.73,29.88 | 1012,1.0 | 0.04
2020-09-12,21.0,12.0,64.0,8.0,29.91,1.0,21 | 69.8,12 | 53.6,64,8 | 4.97,29.91 | 1013,1.0 | 0.04
2020-09-13,21.0,14.0,73.0,7.0,29.94,7.6,21 | 69.8,14 | 57.2,73,7 | 4.35,29.94 | 1014,7.6 | 0.3
2020-09-14,23.0,12.0,63.0,7.0,29.94,0.3,23 | 73.4,12 | 53.6,63,7 | 4.35,29.94 | 1014,0.3 | 0.01
2020-09-15,23.0,12.0,59.0,6.0,29.91,0.0,23 | 73.4,12 | 53.6,59,6 | 3.73,29.91 | 1013,0.0 | 0.0
2020-09-16,23.0,12.0,57.0,5.0,29.88,0.0,23 | 73.4,12 | 53.6,57,5 | 3.11,29.88 | 1012,0.0 | 0.0
2020-09-17,24.0,11.0,52.0,5.0,29.88,0.0,24 | 75.2,11 | 51.8,52,5 | 3.11,29.88 | 1012,0.0 | 0.0
2020-09-18,24.0,11.0,52.0,7.0,29.88,0.0,24 | 75.2,11 | 51.8,52,7 | 4.35,29.88 | 1012,0.0 | 0.0
2020-09-19,24.0,10.0,54.0,8.0,29.88,0.9,24 | 75.2,10 | 50.0,54,8 | 4.97,29.88 | 1012,0.9 | 0.04
2020-09-20,22.0,13.0,66.0,6.0,29.85,3.5,22 | 71.6,13 | 55.4,66,6 | 3.73,29.85 | 1011,3.5 | 0.14
2020-09-21,21.0,14.0,77.0,6.0,29.88,9.3,21 | 69.8,14 | 57.2,77,6 | 3.73,29.88 | 1012,9.3 | 0.37
2020-09-22,21.0,15.0,78.0,5.0,29.91,10.9,21 | 69.8,15 | 59.0,78,5 | 3.11,29.91 | 1013,10.9 | 0.43
2020-09-23,22.0,13.0,67.0,7.0,29.91,0.5,22 | 71.6,13 | 55.4,67,7 | 4.35,29.91 | 1013,0.5 | 0.02
2020-09-24,22.0,13.0,67.0,6.0,29.88,0.0,22 | 71.6,13 | 55.4,67,6 | 3.73,29.88 | 1012,0.0 | 0.0
2020-09-25,20.0,14.0,77.0,5.0,29.91,12.1,20 | 68.0,14 | 57.2,77,5 | 3.11,29.91 | 1013,12.1 | 0.48
2020-09-26,20.0,16.0,86.0,3.0,29.88,28.2,20 | 68.0,16 | 60.8,86,3 | 1.86,29.88 | 1012,28.2 | 1.11
2020-09-27,22.0,15.0,76.0,5.0,29.85,10.9,22 | 71.6,15 | 59.0,76,5 | 3.11,29.85 | 1011,10.9 | 0.43
2020-09-28,23.0,14.0,68.0,5.0,29.85,0.1,23 | 73.4,14 | 57.2,68,5 | 3.11,29.85 | 1011,0.1 | 0.0
2020-09-29,24.0,13.0,63.0,5.0,29.88,1.2,24 | 75.2,13 | 55.4,63,5 | 3.11,29.88 | 1012,1.2 | 0.05
2020-09-30,23.0,14.0,73.0,6.0,29.85,7.7,23 | 73.4,14 | 57.2,73,6 | 3.73,29.85 | 1011,7.7 | 0.3
2020-10-01,22.0,14.0,74.0,5.0,29.85,3.4,22 | 71.6,14 | 57.2,74,5 | 3.11,29.85 | 1011,3.4 | 0.13
2020-10-02,21.0,14.0,74.0,5.0,29.88,2.7,21 | 69.8,14 | 57.2,74,5 | 3.11,29.88 | 1012,2.7 | 0.11
2020-10-03,23.0,13.0,61.0,7.0,29.88,0.0,23 | 73.4,13 | 55.4,61,7 | 4.35,29.88 | 1012,0.0 | 0.0
2020-10-04,23.0,13.0,61.0,5.0,29.91,0.4,23 | 73.4,13 | 55.4,61,5 | 3.11,29.91 | 1013,0.4 | 0.02
2020-10-05,23.0,12.0,60.0,6.0,29.91,0.5,23 | 73.4,12 | 53.6,60,6 | 3.73,29.91 | 1013,0.5 | 0.02
2020-10-06,23.0,13.0,65.0,6.0,29.91,1.2,23 | 73.4,13 | 55.4,65,6 | 3.73,29.91 | 1013,1.2 | 0.05
2020-10-07,23.0,13.0,69.0,7.0,29.88,7.4,23 | 73.4,13 | 55.4,69,7 | 4.35,29.88 | 1012,7.4 | 0.29
2020-10-08,24.0,12.0,56.0,6.0,29.88,0.0,24 | 75.2,12 | 53.6,56,6 | 3.73,29.88 | 1012,0.0 | 0.0
2020-10-09,22.0,13.0,65.0,6.0,29.88,5.0,22 | 71.6,13 | 55.4,65,6 | 3.73,29.88 | 1012,5.0 | 0.2
2020-10-10,22.0,15.0,74.0,5.0,29.91,6.0,22 | 71.6,15 | 59.0,74,5 | 3.11,29.91 | 1013,6.0 | 0.24
2020-10-11,21.0,16.0,80.0,4.0,29.88,14.5,21 | 69.8,16 | 60.8,80,4 | 2.49,29.88 | 1012,14.5 | 0.57
2020-10-12,23.0,14.0,70.0,5.0,29.85,2.3,23 | 73.4,14 | 57.2,70,5 | 3.11,29.85 | 1011,2.3 | 0.09
2020-10-13,22.0,15.0,71.0,4.0,29.88,5.4,22 | 71.6,15 | 59.0,71,4 | 2.49,29.88 | 1012,5.4 | 0.21
2020-10-14,21.0,15.0,77.0,5.0,29.91,8.1,21 | 69.8,15 | 59.0,77,5 | 3.11,29.91 | 1013,8.1 | 0.32
2020-10-15,24.0,13.0,64.0,5.0,29.91,0.5,24 | 75.2,13 | 55.4,64,5 | 3.11,29.91 | 1013,0.5 | 0.02
2020-10-16,23.0,12.0,62.0,6.0,29.88,0.0,23 | 73.4,12 | 53.6,62,6 | 3.73,29.88 | 1012,0.0 | 0.0
2020-10-17,23.0,13.0,67.0,6.0,29.88,3.2,23 | 73.4,13 | 55.4,67,6 | 3.73,29.88 | 1012,3.2 | 0.13
2020-10-18,22.0,13.0,69.0,5.0,29.85,7.1,22 | 71.6,13 | 55.4,69,5 | 3.11,29.85 | 1011,7.1 | 0.28
2020-10-19,19.0,16.0,88.0,6.0,29.88,27.6,19 | 66.2,16 | 60.8,88,6 | 3.73,29.88 | 1012,27.6 | 1.09
2020-10-20,20.0,15.0,78.0,5.0,29.85,10.0,20 | 68.0,15 | 59.0,78,5 | 3.11,29.85 | 1011,10.0 | 0.39
2020-10-21,21.0,16.0,82.0,4.0,29.88,15.9,21 | 69.8,16 | 60.8,82,4 | 2.49,29.88 | 1012,15.9 | 0.63
2020-10-22,22.0,15.0,77.0,6.0,29.88,5.7,22 | 71.6,15 | 59.0,77,6 | 3.73,29.88 | 1012,5.7 | 0.22
2020-10-23,23.0,14.0,68.0,6.0,29.88,1.6,23 | 73.4,14 | 57.2,68,6 | 3.73,29.88 | 1012,1.6 | 0.06
2020-10-24,21.0,15.0,77.0,6.0,29.88,4.8,21 | 69.8,15 | 59.0,77,6 | 3.73,29.88 | 1012,4.8 | 0.19
2020-10-25,22.0,15.0,74.0,6.0,29.85,12.7,22 | 71.6,15 | 59.0,74,6 | 3.73,29.85 | 1011,12.7 | 0.5
2020-10-26,19.0,15.0,80.0,5.0,29.85,2.3,19 | 66.2,15 | 59.0,80,5 | 3.11,29.85 | 1011,2.3 | 0.09
2020-10-27,19.0,15.0,83.0,5.0,29.85,6.2,19 | 66.2,15 | 59.0,83,5 | 3.11,29.85 | 1011,6.2 | 0.24
2020-10-28,20.0,15.0,82.0,5.0,29.85,9.9,20 | 68.0,15 | 59.0,82,5 | 3.11,29.85 | 1011,9.9 | 0.39
2020-10-29,21.0,14.0,74.0,7.0,29.85,1.9,21 | 69.8,14 | 57.2,74,7 | 4.35,29.85 | 1011,1.9 | 0.07
2020-10-30,22.0,12.0,62.0,6.0,29.91,0.4,22 | 71.6,12 | 53.6,62,6 | 3.73,29.91 | 1013,0.4 | 0.02
2020-10-31,20.0,14.0,81.0,7.0,29.88,3.8,20 | 68.0,14 | 57.2,81,7 | 4.35,29.88 | 1012,3.8 | 0.15
2020-11-01,22.0,13.0,69.0,7.0,29.88,0.6,22 | 71.6,13 | 55.4,69,7 | 4.35,29.88 | 1012,0.6 | 0.02
2020-11-02,22.0,13.0,62.0,8.0,29.88,0.0,22 | 71.6,13 | 55.4,62,8 | 4.97,29.88 | 1012,0.0 | 0.0
2020-11-03,23.0,13.0,63.0,7.0,29.91,0.1,23 | 73.4,13 | 55.4,63,7 | 4.35,29.91 | 1013,0.1 | 0.0
2020-11-04,21.0,14.0,75.0,6.0,29.88,3.9,21 | 69.8,14 | 57.2,75,6 | 3.73,29.88 | 1012,3.9 | 0.15
2020-11-05,22.0,15.0,75.0,6.0,29.85,1.5,22 | 71.6,15 | 59.0,75,6 | 3.73,29.85 | 1011,1.5 | 0.06
2020-11-06,20.0,16.0,79.0,5.0,29.85,6.9,20 | 68.0,16 | 60.8,79,5 | 3.11,29.85 | 1011,6.9 | 0.27
2020-11-07,21.0,15.0,80.0,5.0,29.91,8.5,21 | 69.8,15 | 59.0,80,5 | 3.11,29.91 | 1013,8.5 | 0.33
2020-11-08,22.0,15.0,75.0,6.0,29.91,4.9,22 | 71.6,15 | 59.0,75,6 | 3.73,29.91 | 1013,4.9 | 0.19
2020-11-09,21.0,15.0,80.0,5.0,29.91,3.5,21 | 69.8,15 | 59.0,80,5 | 3.11,29.91 | 1013,3.5 | 0.14
2020-11-10,21.0,15.0,80.0,6.0,29.88,6.3,21 | 69.8,15 | 59.0,80,6 | 3.73,29.88 | 1012,6.3 | 0.25
2020-11-11,20.0,15.0,82.0,5.0,29.88,9.9,20 | 68.0,15 | 59.0,82,5 | 3.11,29.88 | 1012,9.9 | 0.39
2020-11-12,20.0,15.0,81.0,5.0,29.91,8.7,20 | 68.0,15 | 59.0,81,5 | 3.11,29.91 | 1013,8.7 | 0.34
2020-11-13,21.0,15.0,75.0,6.0,29.88,1.0,21 | 69.8,15 | 59.0,75,6 | 3.73,29.88 | 1012,1.0 | 0.04
2020-11-14,20.0,16.0,84.0,5.0,29.88,16.3,20 | 68.0,16 | 60.8,84,5 | 3.11,29.88 | 1012,16.3 | 0.64
2020-11-15,21.0,16.0,81.0,5.0,29.85,13.2,21 | 69.8,16 | 60.8,81,5 | 3.11,29.85 | 1011,13.2 | 0.52
2020-11-16,20.0,16.0,87.0,4.0,29.88,21.4,20 | 68.0,16 | 60.8,87,4 | 2.49,29.88 | 1012,21.4 | 0.84
2020-11-17,21.0,16.0,83.0,4.0,29.88,11.3,21 | 69.8,16 | 60.8,83,4 | 2.49,29.88 | 1012,11.3 | 0.44
2020-11-18,22.0,13.0,69.0,6.0,29.85,1.7,22 | 71.6,13 | 55.4,69,6 | 3.73,29.85 | 1011,1.7 | 0.07
2020-11-19,20.0,15.0,79.0,6.0,29.88,6.6,20 | 68.0,15 | 59.0,79,6 | 3.73,29.88 | 1012,6.6 | 0.26
2020-11-20,20.0,16.0,84.0,5.0,29.85,8.6,20 | 68.0,16 | 60.8,84,5 | 3.11,29.85 | 1011,8.6 | 0.34
2020-11-21,22.0,16.0,79.0,5.0,29.85,2.0,22 | 71.6,16 | 60.8,79,5 | 3.11,29.85 | 1011,2.0 | 0.08
2020-11-22,22.0,15.0,74.0,5.0,29.88,2.6,22 | 71.6,15 | 59.0,74,5 | 3.11,29.88 | 1012,2.6 | 0.1
2020-11-23,22.0,15.0,74.0,5.0,29.88,3.7,22 | 71.6,15 | 59.0,74,5 | 3.11,29.88 | 1012,3.7 | 0.15
2020-11-24,23.0,15.0,72.0,6.0,29.88,0.6,23 | 73.4,15 | 59.0,72,6 | 3.73,29.88 | 1012,0.6 | 0.02
2020-11-25,21.0,17.0,84.0,4.0,29.88,13.2,21 | 69.8,17 | 62.6,84,4 | 2.49,29.88 | 1012,13.2 | 0.52
2020-11-26,20.0,17.0,89.0,3.0,29.88,16.1,20 | 68.0,17 | 62.6,89,3 | 1.86,29.88 | 1012,16.1 | 0.63
2020-11-27,21.0,17.0,86.0,4.0,29.85,14.1,21 | 69.8,17 | 62.6,86,4 | 2.49,29.85 | 1011,14.1 | 0.56
2020-11-28,21.0,17.0,84.0,5.0,29.85,11.5,21 | 69.8,17 | 62.6,84,5 | 3.11,29.85 | 1011,11.5 | 0.45
2020-11-29,20.0,17.0,88.0,5.0,29.88,25.4,20 | 68.0,17 | 62.6,88,5 | 3.11,29.88 | 1012,25.4 | 1.0
2020-11-30,20.0,16.0,86.0,5.0,29.91,7.2,20 | 68.0,16 | 60.8,86,5 | 3.11,29.91 | 1013,7.2 | 0.28
2020-12-01,22.0,14.0,75.0,6.0,29.88,1.0,22 | 71.6,14 | 57.2,75,6 | 3.73,29.88 | 1012,1.0 | 0.04
2020-12-02,22.0,14.0,71.0,5.0,29.88,0.6,22 | 71.6,14 | 57.2,71,5 | 3.11,29.88 | 1012,0.6 | 0.02
2020-12-03,22.0,14.0,69.0,5.0,29.88,0.3,22 | 71.6,14 | 57.2,69,5 | 3.11,29.88 | 1012,0.3 | 0.01
2020-12-04,21.0,12.0,64.0,5.0,29.91,0.4,21 | 69.8,12 | 53.6,64,5 | 3.11,29.91 | 1013,0.4 | 0.02
2020-12-05,20.0,16.0,81.0,5.0,29.91,12.5,20 | 68.0,16 | 60.8,81,5 | 3.11,29.91 | 1013,12.5 | 0.49
2020-12-06,21.0,15.0,78.0,5.0,29.91,2.3,21 | 69.8,15 | 59.0,78,5 | 3.11,29.91 | 1013,2.3 | 0.09
2020-12-07,21.0,15.0,79.0,5.0,29.94,1.8,21 | 69.8,15 | 59.0,79,5 | 3.11,29.94 | 1014,1.8 | 0.07
2020-12-08,20.0,14.0,78.0,6.0,29.94,12.4,20 | 68.0,14 | 57.2,78,6 | 3.73,29.94 | 1014,12.4 | 0.49
2020-12-09,21.0,14.0,72.0,6.0,29.88,2.5,21 | 69.8,14 | 57.2,72,6 | 3.73,29.88 | 1012,2.5 | 0.1
2020-12-10,22.0,14.0,68.0,5.0,29.88,0.7,22 | 71.6,14 | 57.2,68,5 | 3.11,29.88 | 1012,0.7 | 0.03
2020-12-11,21.0,14.0,71.0,5.0,29.91,0.7,21 | 69.8,14 | 57.2,71,5 | 3.11,29.91 | 1013,0.7 | 0.03
2020-12-12,22.0,14.0,68.0,6.0,29.91,0.3,22 | 71.6,14 | 57.2,68,6 | 3.73,29.91 | 1013,0.3 | 0.01
2020-12-13,22.0,13.0,66.0,6.0,29.88,0.1,22 | 71.6,13 | 55.4,66,6 | 3.73,29.88 | 1012,0.1 | 0.0
2020-12-14,23.0,11.0,59.0,6.0,29.88,0.0,23 | 73.4,11 | 51.8,59,6 | 3.73,29.88 | 1012,0.0 | 0.0
2020-12-15,22.0,14.0,70.0,6.0,29.88,2.6,22 | 71.6,14 | 57.2,70,6 | 3.73,29.88 | 1012,2.6 | 0.1
2020-12-16,22.0,12.0,63.0,6.0,29.88,0.0,22 | 71.6,12 | 53.6,63,6 | 3.73,29.88 | 1012,0.0 | 0.0
2020-12-17,22.0,12.0,59.0,5.0,29.88,0.0,22 | 71.6,12 | 53.6,59,5 | 3.11,29.88 | 1012,0.0 | 0.0
2020-12-18,22.0,13.0,63.0,5.0,29.85,1.7,22 | 71.6,13 | 55.4,63,5 | 3.11,29.85 | 1011,1.7 | 0.07
2020-12-19,21.0,14.0,72.0,6.0,29.88,1.5,21 | 69.8,14 | 57.2,72,6 | 3.73,29.88 | 1012,1.5 | 0.06
2020-12-20,22.0,13.0,68.0,6.0,29.88,1.5,22 | 71.6,13 | 55.4,68,6 | 3.73,29.88 | 1012,1.5 | 0.06
2020-12-21,22.0,13.0,67.0,6.0,29.91,0.4,22 | 71.6,13 | 55.4,67,6 | 3.73,29.91 | 1013,0.4 | 0.02
2020-12-22,22.0,13.0,63.0,6.0,29.88,0.4,22 | 71.6,13 | 55.4,63,6 | 3.73,29.88 | 1012,0.4 | 0.02
2020-12-23,23.0,12.0,57.0,7.0,29.85,0.0,23 | 73.4,12 | 53.6,57,7 | 4.35,29.85 | 1011,0.0 | 0.0
2020-12-24,22.0,14.0,66.0,5.0,29.85,0.7,22 | 71.6,14 | 57.2,66,5 | 3.11,29.85 | 1011,0.7 | 0.03
2020-12-25,23.0,14.0,69.0,5.0,29.83,3.9,23 | 73.4,14 | 57.2,69,5 | 3.11,29.83 | 1010,3.9 | 0.15
2020-12-26,23.0,14.0,65.0,6.0,29.83,1.3,23 | 73.4,14 | 57.2,65,6 | 3.73,29.83 | 1010,1.3 | 0.05
2020-12-27,23.0,12.0,58.0,7.0,29.83,0.0,23 | 73.4,12 | 53.6,58,7 | 4.35,29.83 | 1010,0.0 | 0.0
2020-12-28,24.0,10.0,52.0,7.0,29.85,0.0,24 | 75.2,10 | 50.0,52,7 | 4.35,29.85 | 1011,0.0 | 0.0
2020-12-29,24.0,11.0,56.0,6.0,29.85,0.0,24 | 75.2,11 | 51.8,56,6 | 3.73,29.85 | 1011,0.0 | 0.0
2020-12-30,24.0,12.0,58.0,6.0,29.85,0.0,24 | 75.2,12 | 53.6,58,6 | 3.73,29.85 | 1011,0.0 | 0.0
2020-12-31,22.0,14.0,68.0,5.0,29.85,1.3,22 | 71.6,14 | 57.2,68,5 | 3.11,29.85 | 1011,1.3 | 0.05
