time,temperature,dew_point,humidity,wind_speed,pressure,precipitation,temperature_raw,dew_point_raw,humidity_raw,wind_speed_raw,pressure_raw,precipitation_raw
2010-01-01,32.0,16.0,43.0,5.0,29.8,1.6,32 | 89.6,16 | 60.8,43,5 | 3.11,29.8 | 1009,1.6 | 0.06
2010-01-02,31.0,15.0,41.0,11.0,29.83,0.6,31 | 87.8,15 | 59.0,41,11 | 6.84,29.83 | 1010,0.6 | 0.02
2010-01-03,31.0,11.0,33.0,12.0,29.85,0.0,31 | 87.8,11 | 51.8,33,12 | 7.46,29.85 | 1011,0.0 | 0.0
2010-01-04,30.0,7.0,27.0,11.0,29.85,0.0,30 | 86.0,7 | 44.6,27,11 | 6.84,29.85 | 1011,0.0 | 0.0
2010-01-05,30.0,9.0,31.0,8.0,29.83,0.0,30 | 86.0,9 | 48.2,31,8 | 4.97,29.83 | 1010,0.0 | 0.0
2010-01-06,31.0,13.0,37.0,7.0,29.8,0.0,31 | 87.8,13 | 55.4,37,7 | 4.35,29.8 | 1009,0.0 | 0.0
2010-01-07,31.0,13.0,37.0,10.0,29.77,0.0,31 | 87.8,13 | 55.4,37,10 | 6.21,29.77 | 1008,0.0 | 0.0
2010-01-08,30.0,11.0,35.0,10.0,29.83,0.0,30 | 86.0,11 | 51.8,35,10 | 6.21,29.83 | 1010,0.0 | 0.0
2010-01-09,30.0,8.0,29.0,12.0,29.83,0.0,30 | 86.0,8 | 46.4,29,12 | 7.46,29.83 | 1010,0.0 | 0.0
2010-01-10,30.0,6.0,26.0,13.0,29.83,0.0,30 | 86.0,6 | 42.8,26,13 | 8.08,29.83 | 1010,0.0 | 0.0
2010-01-11,29.0,-3.0,15.0,13.0,29.85,0.0,29 | 84.2,-3 | 26.6,15,13 | 8.08,29.85 | 1011,0.0 | 0.0
2010-01-12,28.0,3.0,23.0,14.0,29.88,0.0,28 | 82.4,3 | 37.4,23,14 | 8.7,29.88 | 1012,0.0 | 0.0
2010-01-13,29.0,7.0,29.0,11.0,29.88,0.0,29 | 84.2,7 | 44.6,29,11 | 6.84,29.88 | 1012,0.0 | 0.0
2010-01-14,30.0,12.0,37.0,9.0,29.88,0.0,30 | 86.0,12 | 53.6,37,9 | 5.59,29.88 | 1012,0.0 | 0.0
2010-01-15,31.0,14.0,42.0,9.0,29.88,0.0,31 | 87.8,14 | 57.2,42,9 | 5.59,29.88 | 1012,0.0 | 0.0
2010-01-16,30.0,15.0,44.0,10.0,29.94,0.0,30 | 86.0,15 | 59.0,44,10 | 6.21,29.94 | 1014,0.0 | 0.0
2010-01-17,31.0,11.0,35.0,10.0,29.94,0.0,31 | 87.8,11 | 51.8,35,10 | 6.21,29.94 | 1014,0.0 | 0.0
2010-01-18,31.0,11.0,34.0,10.0,29.91,0.0,31 | 87.8,11 | 51.8,34,10 | 6.21,29.91 | 1013,0.0 | 0.0
2010-01-19,31.0,14.0,41.0,8.0,29.85,0.0,31 | 87.8,14 | 57.2,41,8 | 4.97,29.85 | 1011,0.0 | 0.0
2010-01-20,31.0,16.0,42.0,11.0,29.85,0.0,31 | 87.8,16 | 60.8,42,11 | 6.84,29.85 | 1011,0.0 | 0.0
2010-01-21,32.0,15.0,40.0,11.0,29.85,0.0,32 | 89.6,15 | 59.0,40,11 | 6.84,29.85 | 1011,0.0 | 0.0
2010-01-22,31.0,16.0,44.0,11.0,29.85,0.0,31 | 87.8,16 | 60.8,44,11 | 6.84,29.85 | 1011,0.0 | 0.0
2010-01-23,31.0,14.0,45.0,10.0,29.85,0.1,31 | 87.8,14 | 57.2,45,10 | 6.21,29.85 | 1011,0.1 | 0.0
2010-01-24,31.0,11.0,35.0,11.0,29.83,0.0,31 | 87.8,11 | 51.8,35,11 | 6.84,29.83 | 1010,0.0 | 0.0
2010-01-25,30.0,10.0,34.0,11.0,29.83,0.0,30 | 86.0,10 | 50.0,34,11 | 6.84,29.83 | 1010,0.0 | 0.0
2010-01-26,30.0,10.0,33.0,11.0,29.83,0.0,30 | 86.0,10 | 50.0,33,11 | 6.84,29.83 | 1010,0.0 | 0.0
2010-01-27,30.0,10.0,34.0,10.0,29.83,0.0,30 | 86.0,10 | 50.0,34,10 | 6.21,29.83 | 1010,0.0 | 0.0
2010-01-28,31.0,10.0,34.0,10.0,29.83,0.0,31 | 87.8,10 | 50.0,34,10 | 6.21,29.83 | 1010,0.0 | 0.0
2010-01-29,31.0,9.0,31.0,12.0,29.83,0.0,31 | 87.8,9 | 48.2,31,12 | 7.46,29.83 | 1010,0.0 | 0.0
2010-01-30,31.0,11.0,34.0,11.0,29.85,0.0,31 | 87.8,11 | 51.8,34,11 | 6.84,29.85 | 1011,0.0 | 0.0
2010-01-31,32.0,12.0,36.0,11.0,29.88,0.0,32 | 89.6,12 | 53.6,36,11 | 6.84,29.88 | 1012,0.0 | 0.0
2010-02-01,30.0,9.0,31.0,8.0,29.85,0.0,30 | 86.0,9 | 48.2,31,8 | 4.97,29.85 | 1011,0.0 | 0.0
2010-02-02,31.0,11.0,35.0,8.0,29.8,0.0,31 | 87.8,11 | 51.8,35,8 | 4.97,29.8 | 1009,0.0 | 0.0
2010-02-03,30.0,12.0,39.0,7.0,29.8,0.0,30 | 86.0,12 | 53.6,39,7 | 4.35,29.8 | 1009,0.0 | 0.0
2010-02-04,31.0,13.0,39.0,9.0,29.8,0.0,31 | 87.8,13 | 55.4,39,9 | 5.59,29.8 | 1009,0.0 | 0.0
2010-02-05,31.0,13.0,39.0,8.0,29.8,0.0,31 | 87.8,13 | 55.4,39,8 | 4.97,29.8 | 1009,0.0 | 0.0
2010-02-06,32.0,13.0,35.0,12.0,29.8,0.0,32 | 89.6,13 | 55.4,35,12 | 7.46,29.8 | 1009,0.0 | 0.0
2010-02-07,32.0,14.0,40.0,10.0,29.83,0.0,32 | 89.6,14 | 57.2,40,10 | 6.21,29.83 | 1010,0.0 | 0.0
2010-02-08,32.0,13.0,37.0,9.0,29.83,0.0,32 | 89.6,13 | 55.4,37,9 | 5.59,29.83 | 1010,0.0 | 0.0
2010-02-09,31.0,13.0,38.0,10.0,29.83,0.0,31 | 87.8,13 | 55.4,38,10 | 6.21,29.83 | 1010,0.0 | 0.0
2010-02-10,32.0,14.0,38.0,10.0,29.83,0.0,32 | 89.6,14 | 57.2,38,10 | 6.21,29.83 | 1010,0.0 | 0.0
2010-02-11,32.0,15.0,41.0,11.0,29.83,0.4,32 | 89.6,15 | 59.0,41,11 | 6.84,29.83 | 1010,0.4 | 0.02
2010-02-12,32.0,16.0,41.0,12.0,29.85,0.2,32 | 89.6,16 | 60.8,41,12 | 7.46,29.85 | 1011,0.2 | 0.01
2010-02-13,33.0,15.0,37.0,11.0,29.83,0.0,33 | 91.4,15 | 59.0,37,11 | 6.84,29.83 | 1010,0.0 | 0.0
2010-02-14,32.0,14.0,38.0,10.0,29.83,0.0,32 | 89.6,14 | 57.2,38,10 | 6.21,29.83 | 1010,0.0 | 0.0
2010-02-15,32.0,13.0,36.0,9.0,29.77,0.0,32 | 89.6,13 | 55.4,36,9 | 5.59,29.77 | 1008,0.0 | 0.0
2010-02-16,31.0,13.0,38.0,10.0,29.83,0.0,31 | 87.8,13 | 55.4,38,10 | 6.21,29.83 | 1010,0.0 | 0.0
2010-02-17,32.0,11.0,34.0,10.0,29.85,0.0,32 | 89.6,11 | 51.8,34,10 | 6.21,29.85 | 1011,0.0 | 0.0
2010-02-18,32.0,15.0,41.0,10.0,29.85,0.7,32 | 89.6,15 | 59.0,41,10 | 6.21,29.85 | 1011,0.7 | 0.03
2010-02-19,32.0,16.0,42.0,12.0,29.85,0.0,32 | 89.6,16 | 60.8,42,12 | 7.46,29.85 | 1011,0.0 | 0.0
2010-02-20,32.0,14.0,39.0,10.0,29.83,0.0,32 | 89.6,14 | 57.2,39,10 | 6.21,29.83 | 1010,0.0 | 0.0
2010-02-21,33.0,15.0,39.0,12.0,29.83,0.0,33 | 91.4,15 | 59.0,39,12 | 7.46,29.83 | 1010,0.0 | 0.0
2010-02-22,33.0,13.0,36.0,12.0,29.83,0.0,33 | 91.4,13 | 55.4,36,12 | 7.46,29.83 | 1010,0.0 | 0.0
2010-02-23,32.0,13.0,36.0,10.0,29.83,0.0,32 | 89.6,13 | 55.4,36,10 | 6.21,29.83 | 1010,0.0 | 0.0
2010-02-24,32.0,12.0,35.0,9.0,29.8,0.0,32 | 89.6,12 | 53.6,35,9 | 5.59,29.8 | 1009,0.0 | 0.0
2010-02-25,33.0,14.0,37.0,7.0,29.77,0.0,33 | 91.4,14 | 57.2,37,7 | 4.35,29.77 | 1008,0.0 | 0.0
2010-02-26,33.0,13.0,33.0,12.0,29.8,0.0,33 | 91.4,13 | 55.4,33,12 | 7.46,29.8 | 1009,0.0 | 0.0
2010-02-27,30.0,18.0,49.0,12.0,29.83,0.5,30 | 86.0,18 | 64.4,49,12 | 7.46,29.83 | 1010,0.5 | 0.02
2010-02-28,28.0,19.0,62.0,7.0,29.88,1.0,28 | 82.4,19 | 66.2,62,7 | 4.35,29.88 | 1012,1.0 | 0.04
2010-03-01,26.0,20.0,69.0,7.0,29.88,6.3,26 | 78.8,20 | 68.0,69,7 | 4.35,29.88 | 1012,6.3 | 0.25
2010-03-02,31.0,16.0,48.0,6.0,29.88,0.0,31 | 87.8,16 | 60.8,48,6 | 3.73,29.88 | 1012,0.0 | 0.0
2010-03-03,26.0,21.0,74.0,10.0,29.88,33.4,26 | 78.8,21 | 69.8,74,10 | 6.21,29.88 | 1012,33.4 | 1.31
2010-03-04,30.0,20.0,62.0,4.0,29.88,0.2,30 | 86.0,20 | 68.0,62,4 | 2.49,29.88 | 1012,0.2 | 0.01
2010-03-05,32.0,18.0,50.0,5.0,29.85,0.0,32 | 89.6,18 | 64.4,50,5 | 3.11,29.85 | 1011,0.0 | 0.0
2010-03-06,31.0,19.0,52.0,10.0,29.85,2.1,31 | 87.8,19 | 66.2,52,10 | 6.21,29.85 | 1011,2.1 | 0.08
2010-03-07,31.0,20.0,58.0,11.0,29.85,10.6,31 | 87.8,20 | 68.0,58,11 | 6.84,29.85 | 1011,10.6 | 0.42
2010-03-08,32.0,18.0,48.0,12.0,29.88,0.6,32 | 89.6,18 | 64.4,48,12 | 7.46,29.88 | 1012,0.6 | 0.02
2010-03-09,31.0,18.0,49.0,12.0,29.88,1.2,31 | 87.8,18 | 64.4,49,12 | 7.46,29.88 | 1012,1.2 | 0.05
2010-03-10,32.0,14.0,38.0,10.0,29.88,0.0,32 | 89.6,14 | 57.2,38,10 | 6.21,29.88 | 1012,0.0 | 0.0
2010-03-11,32.0,11.0,31.0,8.0,29.88,0.0,32 | 89.6,11 | 51.8,31,8 | 4.97,29.88 | 1012,0.0 | 0.0
2010-03-12,32.0,12.0,35.0,10.0,29.88,0.0,32 | 89.6,12 | 53.6,35,10 | 6.21,29.88 | 1012,0.0 | 0.0
2010-03-13,32.0,14.0,39.0,10.0,29.85,0.0,32 | 89.6,14 | 57.2,39,10 | 6.21,29.85 | 1011,0.0 | 0.0
2010-03-14,33.0,14.0,36.0,13.0,29.8,0.0,33 | 91.4,14 | 57.2,36,13 | 8.08,29.8 | 1009,0.0 | 0.0
2010-03-15,33.0,15.0,38.0,15.0,29.83,0.1,33 | 91.4,15 | 59.0,38,15 | 9.32,29.83 | 1010,0.1 | 0.0
2010-03-16,33.0,17.0,44.0,14.0,29.83,2.0,33 | 91.4,17 | 62.6,44,14 | 8.7,29.83 | 1010,2.0 | 0.08
2010-03-17,33.0,16.0,40.0,11.0,29.83,0.0,33 | 91.4,16 | 60.8,40,11 | 6.84,29.83 | 1010,0.0 | 0.0
2010-03-18,30.0,20.0,56.0,12.0,29.85,16.7,30 | 86.0,20 | 68.0,56,12 | 7.46,29.85 | 1011,16.7 | 0.66
2010-03-19,30.0,22.0,68.0,9.0,29.88,18.5,30 | 86.0,22 | 71.6,68,9 | 5.59,29.88 | 1012,18.5 | 0.73
2010-03-20,29.0,22.0,71.0,9.0,29.88,19.8,29 | 84.2,22 | 71.6,71,9 | 5.59,29.88 | 1012,19.8 | 0.78
2010-03-21,29.0,21.0,68.0,8.0,29.85,10.6,29 | 84.2,21 | 69.8,68,8 | 4.97,29.85 | 1011,10.6 | 0.42
2010-03-22,31.0,20.0,57.0,6.0,29.8,1.9,31 | 87.8,20 | 68.0,57,6 | 3.73,29.8 | 1009,1.9 | 0.07
2010-03-23,30.0,19.0,54.0,8.0,29.77,0.2,30 | 86.0,19 | 66.2,54,8 | 4.97,29.77 | 1008,0.2 | 0.01
2010-03-24,31.0,19.0,52.0,8.0,29.74,0.4,31 | 87.8,19 | 66.2,52,8 | 4.97,29.74 | 1007,0.4 | 0.02
2010-03-25,31.0,20.0,57.0,9.0,29.8,8.5,31 | 87.8,20 | 68.0,57,9 | 5.59,29.8 | 1009,8.5 | 0.33
2010-03-26,31.0,21.0,63.0,10.0,29.83,9.8,31 | 87.8,21 | 69.8,63,10 | 6.21,29.83 | 1010,9.8 | 0.39
2010-03-27,32.0,20.0,58.0,9.0,29.8,0.9,32 | 89.6,20 | 68.0,58,9 | 5.59,29.8 | 1009,0.9 | 0.04
2010-03-28,32.0,20.0,56.0,11.0,29.8,0.8,32 | 89.6,20 | 68.0,56,11 | 6.84,29.8 | 1009,0.8 | 0.03
2010-03-29,31.0,21.0,62.0,13.0,29.85,8.1,31 | 87.8,21 | 69.8,62,13 | 8.08,29.85 | 1011,8.1 | 0.32
2010-03-30,29.0,22.0,70.0,9.0,29.88,8.1,29 | 84.2,22 | 71.6,70,9 | 5.59,29.88 | 1012,8.1 | 0.32
2010-03-31,29.0,22.0,70.0,6.0,29.88,19.9,29 | 84.2,22 | 71.6,70,6 | 3.73,29.88 | 1012,19.9 | 0.78
2010-04-01,28.0,22.0,75.0,9.0,29.85,12.7,28 | 82.4,22 | 71.6,75,9 | 5.59,29.85 | 1011,12.7 | 0.5
2010-04-02,29.0,22.0,74.0,7.0,29.85,14.2,29 | 84.2,22 | 71.6,74,7 | 4.35,29.85 | 1011,14.2 | 0.56
2010-04-03,30.0,21.0,64.0,8.0,29.83,1.2,30 | 86.0,21 | 69.8,64,8 | 4.97,29.83 | 1010,1.2 | 0.05
2010-04-04,30.0,21.0,64.0,9.0,29.85,6.0,30 | 86.0,21 | 69.8,64,9 | 5.59,29.85 | 1011,6.0 | 0.24
2010-04-05,30.0,21.0,62.0,10.0,29.85,3.9,30 | 86.0,21 | 69.8,62,10 | 6.21,29.85 | 1011,3.9 | 0.15
2010-04-06,31.0,19.0,57.0,9.0,29.83,0.3,31 | 87.8,19 | 66.2,57,9 | 5.59,29.83 | 1010,0.3 | 0.01
2010-04-07,31.0,20.0,56.0,8.0,29.8,0.3,31 | 87.8,20 | 68.0,56,8 | 4.97,29.8 | 1009,0.3 | 0.01
2010-04-08,32.0,18.0,49.0,10.0,29.83,0.2,32 | 89.6,18 | 64.4,49,10 | 6.21,29.83 | 1010,0.2 | 0.01
2010-04-09,32.0,19.0,52.0,8.0,29.85,2.0,32 | 89.6,19 | 66.2,52,8 | 4.97,29.85 | 1011,2.0 | 0.08
2010-04-10,32.0,19.0,54.0,11.0,29.83,0.0,32 | 89.6,19 | 66.2,54,11 | 6.84,29.83 | 1010,0.0 | 0.0
2010-04-11,30.0,21.0,64.0,12.0,29.8,16.1,30 | 86.0,21 | 69.8,64,12 | 7.46,29.8 | 1009,16.1 | 0.63
2010-04-12,28.0,23.0,77.0,8.0,29.83,29.7,28 | 82.4,23 | 73.4,77,8 | 4.97,29.83 | 1010,29.7 | 1.17
2010-04-13,28.0,23.0,81.0,7.0,29.85,43.0,28 | 82.4,23 | 73.4,81,7 | 4.35,29.85 | 1011,43.0 | 1.69
2010-04-14,28.0,23.0,79.0,9.0,29.85,9.3,28 | 82.4,23 | 73.4,79,9 | 5.59,29.85 | 1011,9.3 | 0.37
2010-04-15,29.0,23.0,76.0,5.0,29.88,27.4,29 | 84.2,23 | 73.4,76,5 | 3.11,29.88 | 1012,27.4 | 1.08
2010-04-16,27.0,23.0,84.0,6.0,29.88,38.4,27 | 80.6,23 | 73.4,84,6 | 3.73,29.88 | 1012,38.4 | 1.51
2010-04-17,29.0,22.0,75.0,5.0,29.88,10.4,29 | 84.2,22 | 71.6,75,5 | 3.11,29.88 | 1012,10.4 | 0.41
2010-04-18,29.0,22.0,73.0,8.0,29.88,7.3,29 | 84.2,22 | 71.6,73,8 | 4.97,29.88 | 1012,7.3 | 0.29
2010-04-19,30.0,22.0,68.0,8.0,29.88,2.8,30 | 86.0,22 | 71.6,68,8 | 4.97,29.88 | 1012,2.8 | 0.11
2010-04-20,30.0,21.0,66.0,11.0,29.85,2.7,30 | 86.0,21 | 69.8,66,11 | 6.84,29.85 | 1011,2.7 | 0.11
2010-04-21,31.0,21.0,63.0,12.0,29.83,1.0,31 | 87.8,21 | 69.8,63,12 | 7.46,29.83 | 1010,1.0 | 0.04
2010-04-22,31.0,21.0,63.0,12.0,29.83,2.7,31 | 87.8,21 | 69.8,63,12 | 7.46,29.83 | 1010,2.7 | 0.11
2010-04-23,29.0,22.0,71.0,11.0,29.85,17.1,29 | 84.2,22 | 71.6,71,11 | 6.84,29.85 | 1011,17.1 | 0.67
2010-04-24,28.0,22.0,77.0,7.0,29.88,22.0,28 | 82.4,22 | 71.6,77,7 | 4.35,29.88 | 1012,22.0 | 0.87
2010-04-25,28.0,23.0,79.0,9.0,29.85,28.0,28 | 82.4,23 | 73.4,79,9 | 5.59,29.85 | 1011,28.0 | 1.1
2010-04-26,29.0,22.0,74.0,8.0,29.85,7.2,29 | 84.2,22 | 71.6,74,8 | 4.97,29.85 | 1011,7.2 | 0.28
2010-04-27,29.0,23.0,78.0,7.0,29.88,25.7,29 | 84.2,23 | 73.4,78,7 | 4.35,29.88 | 1012,25.7 | 1.01
2010-04-28,26.0,23.0,88.0,6.0,29.88,23.8,26 | 78.8,23 | 73.4,88,6 | 3.73,29.88 | 1012,23.8 | 0.94
2010-04-29,28.0,23.0,81.0,5.0,29.85,13.3,28 | 82.4,23 | 73.4,81,5 | 3.11,29.85 | 1011,13.3 | 0.52
2010-04-30,29.0,23.0,76.0,4.0,29.83,14.6,29 | 84.2,23 | 73.4,76,4 | 2.49,29.83 | 1010,14.6 | 0.57
2010-05-01,29.0,23.0,75.0,8.0,29.83,5.4,29 | 84.2,23 | 73.4,75,8 | 4.97,29.83 | 1010,5.4 | 0.21
2010-05-02,29.0,22.0,75.0,7.0,29.85,8.5,29 | 84.2,22 | 71.6,75,7 | 4.35,29.85 | 1011,8.5 | 0.33
2010-05-03,28.0,22.0,75.0,10.0,29.83,6.6,28 | 82.4,22 | 71.6,75,10 | 6.21,29.83 | 1010,6.6 | 0.26
2010-05-04,29.0,22.0,72.0,8.0,29.83,3.3,29 | 84.2,22 | 71.6,72,8 | 4.97,29.83 | 1010,3.3 | 0.13
2010-05-05,28.0,22.0,74.0,13.0,29.83,1.8,28 | 82.4,22 | 71.6,74,13 | 8.08,29.83 | 1010,1.8 | 0.07
2010-05-06,30.0,21.0,67.0,10.0,29.8,0.0,30 | 86.0,21 | 69.8,67,10 | 6.21,29.8 | 1009,0.0 | 0.0
2010-05-07,30.0,21.0,67.0,14.0,29.83,6.5,30 | 86.0,21 | 69.8,67,14 | 8.7,29.83 | 1010,6.5 | 0.26
2010-05-08,30.0,20.0,63.0,12.0,29.83,1.8,30 | 86.0,20 | 68.0,63,12 | 7.46,29.83 | 1010,1.8 | 0.07
2010-05-09,31.0,20.0,63.0,15.0,29.83,1.0,31 | 87.8,20 | 68.0,63,15 | 9.32,29.83 | 1010,1.0 | 0.04
2010-05-10,28.0,21.0,68.0,14.0,29.85,2.7,28 | 82.4,21 | 69.8,68,14 | 8.7,29.85 | 1011,2.7 | 0.11
2010-05-11,31.0,20.0,60.0,13.0,29.85,0.0,31 | 87.8,20 | 68.0,60,13 | 8.08,29.85 | 1011,0.0 | 0.0
2010-05-12,30.0,20.0,61.0,14.0,29.88,0.5,30 | 86.0,20 | 68.0,61,14 | 8.7,29.88 | 1012,0.5 | 0.02
2010-05-13,30.0,21.0,65.0,14.0,29.88,1.9,30 | 86.0,21 | 69.8,65,14 | 8.7,29.88 | 1012,1.9 | 0.07
2010-05-14,29.0,21.0,68.0,14.0,29.88,9.1,29 | 84.2,21 | 69.8,68,14 | 8.7,29.88 | 1012,9.1 | 0.36
2010-05-15,30.0,19.0,60.0,15.0,29.88,0.2,30 | 86.0,19 | 66.2,60,15 | 9.32,29.88 | 1012,0.2 | 0.01
2010-05-16,30.0,18.0,55.0,14.0,29.85,0.0,30 | 86.0,18 | 64.4,55,14 | 8.7,29.85 | 1011,0.0 | 0.0
2010-05-17,31.0,20.0,59.0,14.0,29.85,2.2,31 | 87.8,20 | 68.0,59,14 | 8.7,29.85 | 1011,2.2 | 0.09
2010-05-18,30.0,21.0,64.0,15.0,29.83,2.9,30 | 86.0,21 | 69.8,64,15 | 9.32,29.83 | 1010,2.9 | 0.11
2010-05-19,30.0,19.0,59.0,15.0,29.85,0.0,30 | 86.0,19 | 66.2,59,15 | 9.32,29.85 | 1011,0.0 | 0.0
2010-05-20,31.0,18.0,54.0,15.0,29.85,0.0,31 | 87.8,18 | 64.4,54,15 | 9.32,29.85 | 1011,0.0 | 0.0
2010-05-21,31.0,18.0,52.0,15.0,29.83,0.0,31 | 87.8,18 | 64.4,52,15 | 9.32,29.83 | 1010,0.0 | 0.0
2010-05-22,31.0,18.0,51.0,17.0,29.83,0.0,31 | 87.8,18 | 64.4,51,17 | 10.56,29.83 | 1010,0.0 | 0.0
2010-05-23,31.0,19.0,55.0,16.0,29.83,0.1,31 | 87.8,19 | 66.2,55,16 | 9.94,29.83 | 1010,0.1 | 0.0
2010-05-24,30.0,21.0,67.0,17.0,29.85,21.8,30 | 86.0,21 | 69.8,67,17 | 10.56,29.85 | 1011,21.8 | 0.86
2010-05-25,29.0,21.0,66.0,13.0,29.88,0.1,29 | 84.2,21 | 69.8,66,13 | 8.08,29.88 | 1012,0.1 | 0.0
2010-05-26,31.0,19.0,56.0,14.0,29.85,0.0,31 | 87.8,19 | 66.2,56,14 | 8.7,29.85 | 1011,0.0 | 0.0
2010-05-27,31.0,18.0,52.0,14.0,29.85,0.1,31 | 87.8,18 | 64.4,52,14 | 8.7,29.85 | 1011,0.1 | 0.0
2010-05-28,32.0,20.0,54.0,14.0,29.85,2.2,32 | 89.6,20 | 68.0,54,14 | 8.7,29.85 | 1011,2.2 | 0.09
2010-05-29,30.0,22.0,67.0,15.0,29.88,14.0,30 | 86.0,22 | 71.6,67,15 | 9.32,29.88 | 1012,14.0 | 0.55
2010-05-30,30.0,20.0,61.0,16.0,29.88,0.6,30 | 86.0,20 | 68.0,61,16 | 9.94,29.88 | 1012,0.6 | 0.02
2010-05-31,30.0,18.0,54.0,15.0,29.88,0.0,30 | 86.0,18 | 64.4,54,15 | 9.32,29.88 | 1012,0.0 | 0.0
2010-07-01,30.0,17.0,50.0,20.0,29.88,0.0,30 | 86.0,17 | 62.6,50,20 | 12.43,29.88 | 1012,0.0 | 0.0
2010-07-02,29.0,18.0,56.0,23.0,29.88,0.0,29 | 84.2,18 | 64.4,56,23 | 14.29,29.88 | 1012,0.0 | 0.0
2010-07-03,30.0,16.0,49.0,24.0,29.91,0.0,30 | 86.0,16 | 60.8,49,24 | 14.91,29.91 | 1013,0.0 | 0.0
2010-07-04,29.0,15.0,49.0,22.0,29.91,0.0,29 | 84.2,15 | 59.0,49,22 | 13.67,29.91 | 1013,0.0 | 0.0
2010-07-05,29.0,15.0,45.0,21.0,29.91,0.0,29 | 84.2,15 | 59.0,45,21 | 13.05,29.91 | 1013,0.0 | 0.0
2010-07-06,27.0,17.0,57.0,19.0,29.94,0.0,27 | 80.6,17 | 62.6,57,19 | 11.81,29.94 | 1014,0.0 | 0.0
2010-07-07,27.0,17.0,59.0,19.0,29.94,0.2,27 | 80.6,17 | 62.6,59,19 | 11.81,29.94 | 1014,0.2 | 0.01
2010-07-08,28.0,16.0,56.0,20.0,29.97,0.0,28 | 82.4,16 | 60.8,56,20 | 12.43,29.97 | 1015,0.0 | 0.0
2010-07-09,28.0,16.0,52.0,19.0,29.94,0.0,28 | 82.4,16 | 60.8,52,19 | 11.81,29.94 | 1014,0.0 | 0.0
2010-07-10,29.0,16.0,52.0,18.0,29.88,0.0,29 | 84.2,16 | 60.8,52,18 | 11.18,29.88 | 1012,0.0 | 0.0
2010-07-11,30.0,16.0,49.0,19.0,29.88,0.0,30 | 86.0,16 | 60.8,49,19 | 11.81,29.88 | 1012,0.0 | 0.0
2010-07-12,29.0,17.0,56.0,17.0,29.91,0.0,29 | 84.2,17 | 62.6,56,17 | 10.56,29.91 | 1013,0.0 | 0.0
2010-07-13,29.0,16.0,50.0,18.0,29.91,0.0,29 | 84.2,16 | 60.8,50,18 | 11.18,29.91 | 1013,0.0 | 0.0
2010-07-14,27.0,15.0,53.0,19.0,29.88,0.0,27 | 80.6,15 | 59.0,53,19 | 11.81,29.88 | 1012,0.0 | 0.0
2010-07-15,29.0,16.0,54.0,20.0,29.91,0.0,29 | 84.2,16 | 60.8,54,20 | 12.43,29.91 | 1013,0.0 | 0.0
2010-07-16,30.0,17.0,53.0,17.0,29.91,0.0,30 | 86.0,17 | 62.6,53,17 | 10.56,29.91 | 1013,0.0 | 0.0
2010-07-17,30.0,17.0,52.0,20.0,29.91,0.0,30 | 86.0,17 | 62.6,52,20 | 12.43,29.91 | 1013,0.0 | 0.0
2010-07-18,29.0,18.0,56.0,22.0,29.97,0.0,29 | 84.2,18 | 64.4,56,22 | 13.67,29.97 | 1015,0.0 | 0.0
2010-07-19,28.0,17.0,56.0,19.0,30.0,0.4,28 | 82.4,17 | 62.6,56,19 | 11.81,30.0 | 1016,0.4 | 0.02
2010-07-20,29.0,16.0,52.0,21.0,29.94,0.0,29 | 84.2,16 | 60.8,52,21 | 13.05,29.94 | 1014,0.0 | 0.0
2010-07-21,28.0,15.0,49.0,20.0,29.91,0.0,28 | 82.4,15 | 59.0,49,20 | 12.43,29.91 | 1013,0.0 | 0.0
2010-07-22,28.0,15.0,49.0,19.0,29.94,0.0,28 | 82.4,15 | 59.0,49,19 | 11.81,29.94 | 1014,0.0 | 0.0
2010-07-23,29.0,15.0,46.0,19.0,29.94,0.0,29 | 84.2,15 | 59.0,46,19 | 11.81,29.94 | 1014,0.0 | 0.0
2010-07-24,29.0,15.0,45.0,22.0,29.94,0.0,29 | 84.2,15 | 59.0,45,22 | 13.67,29.94 | 1014,0.0 | 0.0
2010-07-25,26.0,16.0,55.0,19.0,29.94,0.3,26 | 78.8,16 | 60.8,55,19 | 11.81,29.94 | 1014,0.3 | 0.01
2010-07-26,27.0,16.0,56.0,18.0,29.94,0.0,27 | 80.6,16 | 60.8,56,18 | 11.18,29.94 | 1014,0.0 | 0.0
2010-07-27,29.0,15.0,48.0,18.0,29.97,0.0,29 | 84.2,15 | 59.0,48,18 | 11.18,29.97 | 1015,0.0 | 0.0
2010-07-28,30.0,15.0,45.0,20.0,29.94,0.0,30 | 86.0,15 | 59.0,45,20 | 12.43,29.94 | 1014,0.0 | 0.0
2010-07-29,28.0,16.0,55.0,19.0,29.88,0.0,28 | 82.4,16 | 60.8,55,19 | 11.81,29.88 | 1012,0.0 | 0.0
2010-07-30,29.0,15.0,50.0,18.0,29.91,0.0,29 | 84.2,15 | 59.0,50,18 | 11.18,29.91 | 1013,0.0 | 0.0
2010-07-31,29.0,15.0,49.0,17.0,29.91,0.0,29 | 84.2,15 | 59.0,49,17 | 10.56,29.91 | 1013,0.0 | 0.0
2010-08-01,29.0,14.0,45.0,17.0,29.94,0.0,29 | 84.2,14 | 57.2,45,17 | 10.56,29.94 | 1014,0.0 | 0.0
2010-08-02,28.0,17.0,56.0,17.0,29.97,2.4,28 | 82.4,17 | 62.6,56,17 | 10.56,29.97 | 1015,2.4 | 0.09
2010-08-03,29.0,16.0,51.0,16.0,29.97,0.0,29 | 84.2,16 | 60.8,51,16 | 9.94,29.97 | 1015,0.0 | 0.0
2010-08-04,27.0,17.0,58.0,16.0,29.94,0.1,27 | 80.6,17 | 62.6,58,16 | 9.94,29.94 | 1014,0.1 | 0.0
2010-08-05,28.0,17.0,58.0,14.0,29.94,0.1,28 | 82.4,17 | 62.6,58,14 | 8.7,29.94 | 1014,0.1 | 0.0
2010-08-06,28.0,18.0,61.0,15.0,29.97,1.0,28 | 82.4,18 | 64.4,61,15 | 9.32,29.97 | 1015,1.0 | 0.04
2010-08-07,27.0,17.0,59.0,15.0,29.97,0.0,27 | 80.6,17 | 62.6,59,15 | 9.32,29.97 | 1015,0.0 | 0.0
2010-08-08,28.0,15.0,50.0,15.0,29.94,0.0,28 | 82.4,15 | 59.0,50,15 | 9.32,29.94 | 1014,0.0 | 0.0
2010-08-09,28.0,17.0,57.0,15.0,29.94,0.6,28 | 82.4,17 | 62.6,57,15 | 9.32,29.94 | 1014,0.6 | 0.02
2010-08-10,29.0,16.0,51.0,16.0,29.94,0.3,29 | 84.2,16 | 60.8,51,16 | 9.94,29.94 | 1014,0.3 | 0.01
2010-08-11,29.0,14.0,45.0,15.0,29.94,0.0,29 | 84.2,14 | 57.2,45,15 | 9.32,29.94 | 1014,0.0 | 0.0
2010-08-12,27.0,17.0,59.0,18.0,29.97,0.0,27 | 80.6,17 | 62.6,59,18 | 11.18,29.97 | 1015,0.0 | 0.0
2010-08-13,27.0,17.0,63.0,15.0,30.0,0.1,27 | 80.6,17 | 62.6,63,15 | 9.32,30.0 | 1016,0.1 | 0.0
2010-08-14,26.0,17.0,63.0,14.0,29.97,0.2,26 | 78.8,17 | 62.6,63,14 | 8.7,29.97 | 1015,0.2 | 0.01
2010-08-15,26.0,17.0,61.0,15.0,29.97,0.0,26 | 78.8,17 | 62.6,61,15 | 9.32,29.97 | 1015,0.0 | 0.0
2010-08-16,27.0,16.0,58.0,16.0,29.97,0.0,27 | 80.6,16 | 60.8,58,16 | 9.94,29.97 | 1015,0.0 | 0.0
2010-08-17,27.0,16.0,56.0,17.0,29.94,0.0,27 | 80.6,16 | 60.8,56,17 | 10.56,29.94 | 1014,0.0 | 0.0
2010-08-18,27.0,15.0,51.0,17.0,29.91,0.0,27 | 80.6,15 | 59.0,51,17 | 10.56,29.91 | 1013,0.0 | 0.0
2010-08-19,29.0,16.0,52.0,17.0,29.88,0.0,29 | 84.2,16 | 60.8,52,17 | 10.56,29.88 | 1012,0.0 | 0.0
2010-08-20,29.0,18.0,58.0,16.0,29.91,0.0,29 | 84.2,18 | 64.4,58,16 | 9.94,29.91 | 1013,0.0 | 0.0
2010-08-21,29.0,15.0,50.0,15.0,29.88,0.0,29 | 84.2,15 | 59.0,50,15 | 9.32,29.88 | 1012,0.0 | 0.0
2010-08-22,27.0,16.0,51.0,17.0,29.88,0.0,27 | 80.6,16 | 60.8,51,17 | 10.56,29.88 | 1012,0.0 | 0.0
2010-08-23,28.0,16.0,54.0,15.0,29.88,0.0,28 | 82.4,16 | 60.8,54,15 | 9.32,29.88 | 1012,0.0 | 0.0
2010-08-24,30.0,16.0,50.0,15.0,29.88,0.0,30 | 86.0,16 | 60.8,50,15 | 9.32,29.88 | 1012,0.0 | 0.0
2010-08-25,30.0,15.0,47.0,17.0,29.88,0.0,30 | 86.0,15 | 59.0,47,17 | 10.56,29.88 | 1012,0.0 | 0.0
2010-08-26,29.0,16.0,50.0,16.0,29.88,0.0,29 | 84.2,16 | 60.8,50,16 | 9.94,29.88 | 1012,0.0 | 0.0
2010-08-27,29.0,17.0,51.0,17.0,29.88,0.0,29 | 84.2,17 | 62.6,51,17 | 10.56,29.88 | 1012,0.0 | 0.0
2010-08-28,27.0,17.0,56.0,14.0,29.88,0.2,27 | 80.6,17 | 62.6,56,14 | 8.7,29.88 | 1012,0.2 | 0.01
2010-08-29,28.0,16.0,53.0,16.0,29.91,0.0,28 | 82.4,16 | 60.8,53,16 | 9.94,29.91 | 1013,0.0 | 0.0
2010-08-30,29.0,16.0,50.0,17.0,29.91,0.0,29 | 84.2,16 | 60.8,50,17 | 10.56,29.91 | 1013,0.0 | 0.0
2010-08-31,30.0,14.0,45.0,16.0,29.88,0.0,30 | 86.0,14 | 57.2,45,16 | 9.94,29.88 | 1012,0.0 | 0.0
2010-09-01,30.0,14.0,45.0,16.0,29.91,0.0,30 | 86.0,14 | 57.2,45,16 | 9.94,29.91 | 1013,0.0 | 0.0
2010-09-02,30.0,17.0,54.0,15.0,29.91,0.6,30 | 86.0,17 | 62.6,54,15 | 9.32,29.91 | 1013,0.6 | 0.02
2010-09-03,30.0,17.0,55.0,13.0,29.91,0.2,30 | 86.0,17 | 62.6,55,13 | 8.08,29.91 | 1013,0.2 | 0.01
2010-09-04,30.0,17.0,51.0,14.0,29.85,0.0,30 | 86.0,17 | 62.6,51,14 | 8.7,29.85 | 1011,0.0 | 0.0
2010-09-05,30.0,17.0,52.0,15.0,29.88,0.0,30 | 86.0,17 | 62.6,52,15 | 9.32,29.88 | 1012,0.0 | 0.0
2010-09-06,30.0,16.0,51.0,16.0,29.91,0.0,30 | 86.0,16 | 60.8,51,16 | 9.94,29.91 | 1013,0.0 | 0.0
2010-09-07,29.0,15.0,50.0,13.0,29.91,0.0,29 | 84.2,15 | 59.0,50,13 | 8.08,29.91 | 1013,0.0 | 0.0
2010-09-08,30.0,15.0,48.0,14.0,29.88,0.0,30 | 86.0,15 | 59.0,48,14 | 8.7,29.88 | 1012,0.0 | 0.0
2010-09-09,31.0,15.0,45.0,15.0,29.88,0.0,31 | 87.8,15 | 59.0,45,15 | 9.32,29.88 | 1012,0.0 | 0.0
2010-09-10,30.0,17.0,54.0,16.0,29.85,0.0,30 | 86.0,17 | 62.6,54,16 | 9.94,29.85 | 1011,0.0 | 0.0
2010-09-11,30.0,17.0,53.0,16.0,29.85,0.1,30 | 86.0,17 | 62.6,53,16 | 9.94,29.85 | 1011,0.1 | 0.0
2010-09-12,30.0,16.0,51.0,16.0,29.91,0.0,30 | 86.0,16 | 60.8,51,16 | 9.94,29.91 | 1013,0.0 | 0.0
2010-09-13,29.0,15.0,48.0,15.0,29.91,0.0,29 | 84.2,15 | 59.0,48,15 | 9.32,29.91 | 1013,0.0 | 0.0
2010-09-14,29.0,16.0,51.0,16.0,29.91,0.0,29 | 84.2,16 | 60.8,51,16 | 9.94,29.91 | 1013,0.0 | 0.0
2010-09-15,30.0,14.0,45.0,15.0,29.88,0.0,30 | 86.0,14 | 57.2,45,15 | 9.32,29.88 | 1012,0.0 | 0.0
2010-09-16,30.0,16.0,49.0,16.0,29.88,0.0,30 | 86.0,16 | 60.8,49,16 | 9.94,29.88 | 1012,0.0 | 0.0
2010-09-17,30.0,17.0,51.0,14.0,29.91,0.0,30 | 86.0,17 | 62.6,51,14 | 8.7,29.91 | 1013,0.0 | 0.0
2010-09-18,30.0,17.0,52.0,16.0,29.91,0.0,30 | 86.0,17 | 62.6,52,16 | 9.94,29.91 | 1013,0.0 | 0.0
2010-09-19,28.0,16.0,53.0,15.0,29.85,0.0,28 | 82.4,16 | 60.8,53,15 | 9.32,29.85 | 1011,0.0 | 0.0
2010-09-20,30.0,15.0,50.0,13.0,29.85,0.0,30 | 86.0,15 | 59.0,50,13 | 8.08,29.85 | 1011,0.0 | 0.0
2010-09-21,30.0,16.0,51.0,14.0,29.85,0.0,30 | 86.0,16 | 60.8,51,14 | 8.7,29.85 | 1011,0.0 | 0.0
2010-09-22,30.0,16.0,52.0,14.0,29.88,0.0,30 | 86.0,16 | 60.8,52,14 | 8.7,29.88 | 1012,0.0 | 0.0
2010-09-23,28.0,16.0,54.0,13.0,29.91,0.0,28 | 82.4,16 | 60.8,54,13 | 8.08,29.91 | 1013,0.0 | 0.0
2010-09-24,29.0,15.0,49.0,15.0,29.88,0.0,29 | 84.2,15 | 59.0,49,15 | 9.32,29.88 | 1012,0.0 | 0.0
2010-09-25,30.0,16.0,50.0,14.0,29.91,0.0,30 | 86.0,16 | 60.8,50,14 | 8.7,29.91 | 1013,0.0 | 0.0
2010-09-26,30.0,17.0,52.0,12.0,29.88,1.3,30 | 86.0,17 | 62.6,52,12 | 7.46,29.88 | 1012,1.3 | 0.05
2010-09-27,31.0,17.0,50.0,14.0,29.88,0.0,31 | 87.8,17 | 62.6,50,14 | 8.7,29.88 | 1012,0.0 | 0.0
2010-09-28,29.0,17.0,52.0,15.0,29.88,0.0,29 | 84.2,17 | 62.6,52,15 | 9.32,29.88 | 1012,0.0 | 0.0
2010-09-29,29.0,16.0,52.0,15.0,29.88,0.0,29 | 84.2,16 | 60.8,52,15 | 9.32,29.88 | 1012,0.0 | 0.0
2010-09-30,29.0,15.0,49.0,14.0,29.88,0.0,29 | 84.2,15 | 59.0,49,14 | 8.7,29.88 | 1012,0.0 | 0.0
2010-10-01,30.0,15.0,47.0,14.0,29.85,0.0,30 | 86.0,15 | 59.0,47,14 | 8.7,29.85 | 1011,0.0 | 0.0
2010-10-02,30.0,15.0,47.0,13.0,29.83,0.0,30 | 86.0,15 | 59.0,47,13 | 8.08,29.83 | 1010,0.0 | 0.0
2010-10-03,30.0,16.0,50.0,13.0,29.85,0.0,30 | 86.0,16 | 60.8,50,13 | 8.08,29.85 | 1011,0.0 | 0.0
2010-10-04,31.0,17.0,51.0,13.0,29.85,0.5,31 | 87.8,17 | 62.6,51,13 | 8.08,29.85 | 1011,0.5 | 0.02
2010-10-05,31.0,16.0,47.0,13.0,29.85,0.0,31 | 87.8,16 | 60.8,47,13 | 8.08,29.85 | 1011,0.0 | 0.0
2010-10-06,31.0,15.0,46.0,14.0,29.88,0.0,31 | 87.8,15 | 59.0,46,14 | 8.7,29.88 | 1012,0.0 | 0.0
2010-10-07,31.0,14.0,44.0,14.0,29.88,0.0,31 | 87.8,14 | 57.2,44,14 | 8.7,29.88 | 1012,0.0 | 0.0
2010-10-08,31.0,15.0,44.0,14.0,29.88,0.0,31 | 87.8,15 | 59.0,44,14 | 8.7,29.88 | 1012,0.0 | 0.0
2010-10-09,31.0,16.0,49.0,13.0,29.85,0.0,31 | 87.8,16 | 60.8,49,13 | 8.08,29.85 | 1011,0.0 | 0.0
2010-10-10,32.0,16.0,48.0,11.0,29.83,0.1,32 | 89.6,16 | 60.8,48,11 | 6.84,29.83 | 1010,0.1 | 0.0
2010-10-11,31.0,16.0,45.0,11.0,29.83,0.2,31 | 87.8,16 | 60.8,45,11 | 6.84,29.83 | 1010,0.2 | 0.01
2010-10-12,31.0,16.0,47.0,12.0,29.83,0.0,31 | 87.8,16 | 60.8,47,12 | 7.46,29.83 | 1010,0.0 | 0.0
2010-10-13,30.0,18.0,55.0,12.0,29.88,1.9,30 | 86.0,18 | 64.4,55,12 | 7.46,29.88 | 1012,1.9 | 0.07
2010-10-14,30.0,18.0,59.0,10.0,29.85,6.4,30 | 86.0,18 | 64.4,59,10 | 6.21,29.85 | 1011,6.4 | 0.25
2010-10-15,30.0,18.0,54.0,10.0,29.85,1.1,30 | 86.0,18 | 64.4,54,10 | 6.21,29.85 | 1011,1.1 | 0.04
2010-10-16,30.0,18.0,55.0,9.0,29.85,2.2,30 | 86.0,18 | 64.4,55,9 | 5.59,29.85 | 1011,2.2 | 0.09
2010-10-17,30.0,18.0,54.0,11.0,29.85,1.5,30 | 86.0,18 | 64.4,54,11 | 6.84,29.85 | 1011,1.5 | 0.06
2010-10-18,30.0,18.0,56.0,11.0,29.85,2.1,30 | 86.0,18 | 64.4,56,11 | 6.84,29.85 | 1011,2.1 | 0.08
2010-10-19,30.0,17.0,52.0,10.0,29.83,0.3,30 | 86.0,17 | 62.6,52,10 | 6.21,29.83 | 1010,0.3 | 0.01
2010-10-20,30.0,16.0,49.0,10.0,29.83,0.1,30 | 86.0,16 | 60.8,49,10 | 6.21,29.83 | 1010,0.1 | 0.0
2010-10-21,30.0,19.0,60.0,9.0,29.85,20.5,30 | 86.0,19 | 66.2,60,9 | 5.59,29.85 | 1011,20.5 | 0.81
2010-10-22,29.0,20.0,68.0,10.0,29.83,8.4,29 | 84.2,20 | 68.0,68,10 | 6.21,29.83 | 1010,8.4 | 0.33
2010-10-23,28.0,21.0,70.0,9.0,29.83,7.9,28 | 82.4,21 | 69.8,70,9 | 5.59,29.83 | 1010,7.9 | 0.31
2010-10-24,28.0,21.0,71.0,10.0,29.85,6.2,28 | 82.4,21 | 69.8,71,10 | 6.21,29.85 | 1011,6.2 | 0.24
2010-10-25,29.0,20.0,65.0,8.0,29.83,2.2,29 | 84.2,20 | 68.0,65,8 | 4.97,29.83 | 1010,2.2 | 0.09
2010-10-26,30.0,19.0,60.0,8.0,29.83,1.6,30 | 86.0,19 | 66.2,60,8 | 4.97,29.83 | 1010,1.6 | 0.06
2010-10-27,29.0,20.0,63.0,10.0,29.85,8.5,29 | 84.2,20 | 68.0,63,10 | 6.21,29.85 | 1011,8.5 | 0.33
2010-10-28,29.0,20.0,66.0,7.0,29.85,17.6,29 | 84.2,20 | 68.0,66,7 | 4.35,29.85 | 1011,17.6 | 0.69
2010-10-29,28.0,21.0,68.0,6.0,29.85,6.4,28 | 82.4,21 | 69.8,68,6 | 3.73,29.85 | 1011,6.4 | 0.25
2010-10-30,29.0,20.0,64.0,6.0,29.88,0.6,29 | 84.2,20 | 68.0,64,6 | 3.73,29.88 | 1012,0.6 | 0.02
2010-10-31,30.0,20.0,62.0,7.0,29.91,0.6,30 | 86.0,20 | 68.0,62,7 | 4.35,29.91 | 1013,0.6 | 0.02
2010-11-01,30.0,18.0,57.0,6.0,29.85,0.2,30 | 86.0,18 | 64.4,57,6 | 3.73,29.85 | 1011,0.2 | 0.01
2010-11-02,30.0,18.0,53.0,6.0,29.8,1.6,30 | 86.0,18 | 64.4,53,6 | 3.73,29.8 | 1009,1.6 | 0.06
2010-11-03,30.0,17.0,51.0,7.0,29.83,0.0,30 | 86.0,17 | 62.6,51,7 | 4.35,29.83 | 1010,0.0 | 0.0
2010-11-04,30.0,17.0,52.0,8.0,29.85,0.2,30 | 86.0,17 | 62.6,52,8 | 4.97,29.85 | 1011,0.2 | 0.01
2010-11-05,29.0,18.0,57.0,9.0,29.88,7.1,29 | 84.2,18 | 64.4,57,9 | 5.59,29.88 | 1012,7.1 | 0.28
2010-11-06,29.0,18.0,55.0,7.0,29.85,4.0,29 | 84.2,18 | 64.4,55,7 | 4.35,29.85 | 1011,4.0 | 0.16
2010-11-07,30.0,17.0,51.0,7.0,29.83,0.2,30 | 86.0,17 | 62.6,51,7 | 4.35,29.83 | 1010,0.2 | 0.01
2010-11-08,31.0,18.0,52.0,7.0,29.8,0.2,31 | 87.8,18 | 64.4,52,7 | 4.35,29.8 | 1009,0.2 | 0.01
2010-11-09,30.0,19.0,57.0,8.0,29.83,5.0,30 | 86.0,19 | 66.2,57,8 | 4.97,29.83 | 1010,5.0 | 0.2
2010-11-10,31.0,19.0,56.0,8.0,29.88,2.3,31 | 87.8,19 | 66.2,56,8 | 4.97,29.88 | 1012,2.3 | 0.09
2010-11-11,30.0,18.0,54.0,8.0,29.85,0.7,30 | 86.0,18 | 64.4,54,8 | 4.97,29.85 | 1011,0.7 | 0.03
2010-11-12,29.0,18.0,57.0,8.0,29.83,1.5,29 | 84.2,18 | 64.4,57,8 | 4.97,29.83 | 1010,1.5 | 0.06
2010-11-13,30.0,18.0,53.0,8.0,29.77,0.6,30 | 86.0,18 | 64.4,53,8 | 4.97,29.77 | 1008,0.6 | 0.02
2010-11-14,30.0,17.0,49.0,9.0,29.83,0.2,30 | 86.0,17 | 62.6,49,9 | 5.59,29.83 | 1010,0.2 | 0.01
2010-11-15,29.0,17.0,51.0,10.0,29.91,0.2,29 | 84.2,17 | 62.6,51,10 | 6.21,29.91 | 1013,0.2 | 0.01
2010-11-16,30.0,15.0,48.0,7.0,29.85,0.0,30 | 86.0,15 | 59.0,48,7 | 4.35,29.85 | 1011,0.0 | 0.0
2010-11-17,30.0,16.0,49.0,7.0,29.8,1.2,30 | 86.0,16 | 60.8,49,7 | 4.35,29.8 | 1009,1.2 | 0.05
2010-11-18,30.0,16.0,51.0,8.0,29.83,0.0,30 | 86.0,16 | 60.8,51,8 | 4.97,29.83 | 1010,0.0 | 0.0
2010-11-19,30.0,15.0,47.0,8.0,29.85,0.2,30 | 86.0,15 | 59.0,47,8 | 4.97,29.85 | 1011,0.2 | 0.01
2010-11-20,30.0,18.0,52.0,8.0,29.83,2.8,30 | 86.0,18 | 64.4,52,8 | 4.97,29.83 | 1010,2.8 | 0.11
2010-11-21,30.0,19.0,59.0,9.0,29.77,6.4,30 | 86.0,19 | 66.2,59,9 | 5.59,29.77 | 1008,6.4 | 0.25
2010-11-22,30.0,19.0,58.0,8.0,29.74,0.9,30 | 86.0,19 | 66.2,58,8 | 4.97,29.74 | 1007,0.9 | 0.04
2010-11-23,29.0,19.0,58.0,8.0,29.77,7.8,29 | 84.2,19 | 66.2,58,8 | 4.97,29.77 | 1008,7.8 | 0.31
2010-11-24,30.0,19.0,58.0,7.0,29.83,6.5,30 | 86.0,19 | 66.2,58,7 | 4.35,29.83 | 1010,6.5 | 0.26
2010-11-25,29.0,19.0,60.0,8.0,29.85,5.2,29 | 84.2,19 | 66.2,60,8 | 4.97,29.85 | 1011,5.2 | 0.2
2010-11-26,29.0,18.0,57.0,10.0,29.85,3.9,29 | 84.2,18 | 64.4,57,10 | 6.21,29.85 | 1011,3.9 | 0.15
2010-11-27,29.0,18.0,59.0,8.0,29.83,8.2,29 | 84.2,18 | 64.4,59,8 | 4.97,29.83 | 1010,8.2 | 0.32
2010-11-28,28.0,15.0,52.0,8.0,29.83,0.0,28 | 82.4,15 | 59.0,52,8 | 4.97,29.83 | 1010,0.0 | 0.0
2010-11-29,29.0,12.0,39.0,7.0,29.83,0.0,29 | 84.2,12 | 53.6,39,7 | 4.35,29.83 | 1010,0.0 | 0.0
2010-11-30,29.0,12.0,39.0,7.0,29.8,0.0,29 | 84.2,12 | 53.6,39,7 | 4.35,29.8 | 1009,0.0 | 0.0
2010-12-01,29.0,7.0,29.0,6.0,29.8,0.0,29 | 84.2,7 | 44.6,29,6 | 3.73,29.8 | 1009,0.0 | 0.0
2010-12-02,29.0,5.0,25.0,7.0,29.8,0.0,29 | 84.2,5 | 41.0,25,7 | 4.35,29.8 | 1009,0.0 | 0.0
2010-12-03,29.0,6.0,26.0,7.0,29.83,0.0,29 | 84.2,6 | 42.8,26,7 | 4.35,29.83 | 1010,0.0 | 0.0
2010-12-04,29.0,5.0,24.0,6.0,29.8,0.0,29 | 84.2,5 | 41.0,24,6 | 3.73,29.8 | 1009,0.0 | 0.0
2010-12-05,30.0,9.0,31.0,5.0,29.77,0.0,30 | 86.0,9 | 48.2,31,5 | 3.11,29.77 | 1008,0.0 | 0.0
2010-12-06,30.0,12.0,37.0,6.0,29.74,0.0,30 | 86.0,12 | 53.6,37,6 | 3.73,29.74 | 1007,0.0 | 0.0
2010-12-07,30.0,13.0,41.0,7.0,29.74,0.0,30 | 86.0,13 | 55.4,41,7 | 4.35,29.74 | 1007,0.0 | 0.0
2010-12-08,30.0,14.0,43.0,8.0,29.8,0.0,30 | 86.0,14 | 57.2,43,8 | 4.97,29.8 | 1009,0.0 | 0.0
2010-12-09,30.0,15.0,46.0,7.0,29.8,0.0,30 | 86.0,15 | 59.0,46,7 | 4.35,29.8 | 1009,0.0 | 0.0
2010-12-10,30.0,16.0,47.0,8.0,29.83,0.0,30 | 86.0,16 | 60.8,47,8 | 4.97,29.83 | 1010,0.0 | 0.0
2010-12-11,30.0,16.0,50.0,9.0,29.8,0.0,30 | 86.0,16 | 60.8,50,9 | 5.59,29.8 | 1009,0.0 | 0.0
2010-12-12,29.0,15.0,48.0,9.0,29.77,0.0,29 | 84.2,15 | 59.0,48,9 | 5.59,29.77 | 1008,0.0 | 0.0
2010-12-13,30.0,12.0,39.0,8.0,29.8,0.0,30 | 86.0,12 | 53.6,39,8 | 4.97,29.8 | 1009,0.0 | 0.0
2010-12-14,29.0,12.0,42.0,9.0,29.83,0.0,29 | 84.2,12 | 53.6,42,9 | 5.59,29.83 | 1010,0.0 | 0.0
2010-12-15,29.0,12.0,39.0,9.0,29.83,0.0,29 | 84.2,12 | 53.6,39,9 | 5.59,29.83 | 1010,0.0 | 0.0
2010-12-16,29.0,10.0,35.0,9.0,29.83,0.0,29 | 84.2,10 | 50.0,35,9 | 5.59,29.83 | 1010,0.0 | 0.0
2010-12-17,29.0,7.0,30.0,9.0,29.83,0.0,29 | 84.2,7 | 44.6,30,9 | 5.59,29.83 | 1010,0.0 | 0.0
2010-12-18,28.0,6.0,28.0,8.0,29.83,0.0,28 | 82.4,6 | 42.8,28,8 | 4.97,29.83 | 1010,0.0 | 0.0
2010-12-19,29.0,7.0,30.0,8.0,29.8,0.0,29 | 84.2,7 | 44.6,30,8 | 4.97,29.8 | 1009,0.0 | 0.0
2010-12-20,29.0,9.0,32.0,10.0,29.8,0.0,29 | 84.2,9 | 48.2,32,10 | 6.21,29.8 | 1009,0.0 | 0.0
2010-12-21,29.0,12.0,37.0,10.0,29.83,0.0,29 | 84.2,12 | 53.6,37,10 | 6.21,29.83 | 1010,0.0 | 0.0
2010-12-22,30.0,13.0,39.0,9.0,29.8,0.0,30 | 86.0,13 | 55.4,39,9 | 5.59,29.8 | 1009,0.0 | 0.0
2010-12-23,30.0,11.0,37.0,7.0,29.77,0.0,30 | 86.0,11 | 51.8,37,7 | 4.35,29.77 | 1008,0.0 | 0.0
2010-12-24,30.0,12.0,38.0,7.0,29.8,0.0,30 | 86.0,12 | 53.6,38,7 | 4.35,29.8 | 1009,0.0 | 0.0
2010-12-25,30.0,15.0,46.0,8.0,29.8,0.0,30 | 86.0,15 | 59.0,46,8 | 4.97,29.8 | 1009,0.0 | 0.0
2010-12-26,30.0,16.0,49.0,10.0,29.8,0.0,30 | 86.0,16 | 60.8,49,10 | 6.21,29.8 | 1009,0.0 | 0.0
2010-12-27,30.0,16.0,49.0,10.0,29.8,0.6,30 | 86.0,16 | 60.8,49,10 | 6.21,29.8 | 1009,0.6 | 0.02
2010-12-28,30.0,13.0,41.0,10.0,29.8,0.0,30 | 86.0,13 | 55.4,41,10 | 6.21,29.8 | 1009,0.0 | 0.0
2010-12-29,29.0,12.0,38.0,9.0,29.8,0.0,29 | 84.2,12 | 53.6,38,9 | 5.59,29.8 | 1009,0.0 | 0.0
2010-12-30,29.0,12.0,41.0,10.0,29.83,0.0,29 | 84.2,12 | 53.6,41,10 | 6.21,29.83 | 1010,0.0 | 0.0
2010-12-31,29.0,12.0,38.0,9.0,29.83,0.0,29 | 84.2,12 | 53.6,38,9 | 5.59,29.83 | 1010,0.0 | 0.0
2011-01-01,29.0,10.0,36.0,9.0,29.8,0.0,29 | 84.2,10 | 50.0,36,9 | 5.59,29.8 | 1009,0.0 | 0.0
2011-01-02,30.0,12.0,38.0,10.0,29.8,0.0,30 | 86.0,12 | 53.6,38,10 | 6.21,29.8 | 1009,0.0 | 0.0
2011-01-03,29.0,12.0,38.0,9.0,29.8,0.0,29 | 84.2,12 | 53.6,38,9 | 5.59,29.8 | 1009,0.0 | 0.0
2011-01-04,29.0,11.0,38.0,8.0,29.8,0.0,29 | 84.2,11 | 51.8,38,8 | 4.97,29.8 | 1009,0.0 | 0.0
2011-01-05,29.0,7.0,30.0,8.0,29.77,0.0,29 | 84.2,7 | 44.6,30,8 | 4.97,29.77 | 1008,0.0 | 0.0
2011-01-06,29.0,6.0,29.0,9.0,29.77,0.0,29 | 84.2,6 | 42.8,29,9 | 5.59,29.77 | 1008,0.0 | 0.0
2011-01-07,29.0,8.0,31.0,11.0,29.8,0.0,29 | 84.2,8 | 46.4,31,11 | 6.84,29.8 | 1009,0.0 | 0.0
2011-01-08,29.0,8.0,32.0,9.0,29.8,0.0,29 | 84.2,8 | 46.4,32,9 | 5.59,29.8 | 1009,0.0 | 0.0
2011-01-09,29.0,9.0,35.0,8.0,29.8,0.0,29 | 84.2,9 | 48.2,35,8 | 4.97,29.8 | 1009,0.0 | 0.0
2011-01-10,30.0,10.0,35.0,9.0,29.8,0.0,30 | 86.0,10 | 50.0,35,9 | 5.59,29.8 | 1009,0.0 | 0.0
2011-01-11,30.0,11.0,36.0,10.0,29.8,0.0,30 | 86.0,11 | 51.8,36,10 | 6.21,29.8 | 1009,0.0 | 0.0
2011-01-12,30.0,11.0,37.0,10.0,29.8,0.0,30 | 86.0,11 | 51.8,37,10 | 6.21,29.8 | 1009,0.0 | 0.0
2011-01-13,30.0,11.0,36.0,10.0,29.77,0.0,30 | 86.0,11 | 51.8,36,10 | 6.21,29.77 | 1008,0.0 | 0.0
2011-01-14,29.0,10.0,36.0,10.0,29.8,0.0,29 | 84.2,10 | 50.0,36,10 | 6.21,29.8 | 1009,0.0 | 0.0
2011-01-15,29.0,10.0,36.0,8.0,29.83,0.0,29 | 84.2,10 | 50.0,36,8 | 4.97,29.83 | 1010,0.0 | 0.0
2011-01-16,30.0,11.0,37.0,8.0,29.83,0.0,30 | 86.0,11 | 51.8,37,8 | 4.97,29.83 | 1010,0.0 | 0.0
2011-01-17,29.0,10.0,34.0,9.0,29.77,0.0,29 | 84.2,10 | 50.0,34,9 | 5.59,29.77 | 1008,0.0 | 0.0
2011-01-18,29.0,10.0,36.0,9.0,29.74,0.0,29 | 84.2,10 | 50.0,36,9 | 5.59,29.74 | 1007,0.0 | 0.0
2011-01-19,29.0,11.0,39.0,9.0,29.77,0.0,29 | 84.2,11 | 51.8,39,9 | 5.59,29.77 | 1008,0.0 | 0.0
2011-01-20,30.0,12.0,39.0,8.0,29.74,0.0,30 | 86.0,12 | 53.6,39,8 | 4.97,29.74 | 1007,0.0 | 0.0
2011-01-21,30.0,12.0,39.0,11.0,29.77,0.0,30 | 86.0,12 | 53.6,39,11 | 6.84,29.77 | 1008,0.0 | 0.0
2011-01-22,30.0,15.0,44.0,11.0,29.8,0.3,30 | 86.0,15 | 59.0,44,11 | 6.84,29.8 | 1009,0.3 | 0.01
2011-01-23,31.0,16.0,47.0,14.0,29.8,1.0,31 | 87.8,16 | 60.8,47,14 | 8.7,29.8 | 1009,1.0 | 0.04
2011-01-24,30.0,10.0,36.0,15.0,29.83,0.0,30 | 86.0,10 | 50.0,36,15 | 9.32,29.83 | 1010,0.0 | 0.0
2011-01-25,30.0,6.0,28.0,15.0,29.8,0.0,30 | 86.0,6 | 42.8,28,15 | 9.32,29.8 | 1009,0.0 | 0.0
2011-01-26,29.0,8.0,32.0,14.0,29.83,0.0,29 | 84.2,8 | 46.4,32,14 | 8.7,29.83 | 1010,0.0 | 0.0
2011-01-27,30.0,10.0,35.0,13.0,29.83,0.0,30 | 86.0,10 | 50.0,35,13 | 8.08,29.83 | 1010,0.0 | 0.0
2011-01-28,31.0,10.0,34.0,11.0,29.85,0.0,31 | 87.8,10 | 50.0,34,11 | 6.84,29.85 | 1011,0.0 | 0.0
2011-01-29,31.0,12.0,37.0,8.0,29.83,0.0,31 | 87.8,12 | 53.6,37,8 | 4.97,29.83 | 1010,0.0 | 0.0
2011-01-30,32.0,11.0,34.0,7.0,29.8,0.0,32 | 89.6,11 | 51.8,34,7 | 4.35,29.8 | 1009,0.0 | 0.0
2011-01-31,31.0,13.0,41.0,8.0,29.8,0.0,31 | 87.8,13 | 55.4,41,8 | 4.97,29.8 | 1009,0.0 | 0.0
2011-02-01,31.0,15.0,46.0,9.0,29.83,0.0,31 | 87.8,15 | 59.0,46,9 | 5.59,29.83 | 1010,0.0 | 0.0
2011-02-02,30.0,14.0,45.0,8.0,29.83,0.0,30 | 86.0,14 | 57.2,45,8 | 4.97,29.83 | 1010,0.0 | 0.0
2011-02-03,30.0,11.0,38.0,9.0,29.83,0.0,30 | 86.0,11 | 51.8,38,9 | 5.59,29.83 | 1010,0.0 | 0.0
2011-02-04,30.0,7.0,30.0,12.0,29.85,0.0,30 | 86.0,7 | 44.6,30,12 | 7.46,29.85 | 1011,0.0 | 0.0
2011-02-05,30.0,5.0,25.0,12.0,29.83,0.0,30 | 86.0,5 | 41.0,25,12 | 7.46,29.83 | 1010,0.0 | 0.0
2011-02-06,29.0,3.0,23.0,10.0,29.83,0.0,29 | 84.2,3 | 37.4,23,10 | 6.21,29.83 | 1010,0.0 | 0.0
2011-02-07,30.0,3.0,22.0,11.0,29.8,0.0,30 | 86.0,3 | 37.4,22,11 | 6.84,29.8 | 1009,0.0 | 0.0
2011-02-08,30.0,4.0,24.0,10.0,29.77,0.0,30 | 86.0,4 | 39.2,24,10 | 6.21,29.77 | 1008,0.0 | 0.0
2011-02-09,29.0,2.0,22.0,7.0,29.74,0.0,29 | 84.2,2 | 35.6,22,7 | 4.35,29.74 | 1007,0.0 | 0.0
2011-02-10,30.0,2.0,22.0,8.0,29.71,0.0,30 | 86.0,2 | 35.6,22,8 | 4.97,29.71 | 1006,0.0 | 0.0
2011-02-11,30.0,3.0,23.0,8.0,29.74,0.0,30 | 86.0,3 | 37.4,23,8 | 4.97,29.74 | 1007,0.0 | 0.0
2011-02-12,30.0,8.0,31.0,8.0,29.74,0.0,30 | 86.0,8 | 46.4,31,8 | 4.97,29.74 | 1007,0.0 | 0.0
2011-02-13,31.0,10.0,31.0,9.0,29.71,0.0,31 | 87.8,10 | 50.0,31,9 | 5.59,29.71 | 1006,0.0 | 0.0
2011-02-14,31.0,12.0,37.0,8.0,29.74,0.0,31 | 87.8,12 | 53.6,37,8 | 4.97,29.74 | 1007,0.0 | 0.0
2011-02-15,32.0,14.0,40.0,10.0,29.74,0.0,32 | 89.6,14 | 57.2,40,10 | 6.21,29.74 | 1007,0.0 | 0.0
2011-02-16,32.0,15.0,40.0,11.0,29.77,0.1,32 | 89.6,15 | 59.0,40,11 | 6.84,29.77 | 1008,0.1 | 0.0
2011-02-17,32.0,14.0,41.0,11.0,29.77,0.0,32 | 89.6,14 | 57.2,41,11 | 6.84,29.77 | 1008,0.0 | 0.0
2011-02-18,32.0,11.0,33.0,12.0,29.77,0.0,32 | 89.6,11 | 51.8,33,12 | 7.46,29.77 | 1008,0.0 | 0.0
2011-02-19,32.0,6.0,25.0,12.0,29.8,0.0,32 | 89.6,6 | 42.8,25,12 | 7.46,29.8 | 1009,0.0 | 0.0
2011-02-20,31.0,8.0,30.0,12.0,29.83,0.0,31 | 87.8,8 | 46.4,30,12 | 7.46,29.83 | 1010,0.0 | 0.0
2011-02-21,31.0,12.0,37.0,10.0,29.8,0.0,31 | 87.8,12 | 53.6,37,10 | 6.21,29.8 | 1009,0.0 | 0.0
2011-02-22,31.0,14.0,42.0,10.0,29.8,0.4,31 | 87.8,14 | 57.2,42,10 | 6.21,29.8 | 1009,0.4 | 0.02
2011-02-23,31.0,16.0,47.0,10.0,29.85,0.8,31 | 87.8,16 | 60.8,47,10 | 6.21,29.85 | 1011,0.8 | 0.03
2011-02-24,32.0,13.0,40.0,10.0,29.83,0.4,32 | 89.6,13 | 55.4,40,10 | 6.21,29.83 | 1010,0.4 | 0.02
2011-02-25,30.0,10.0,35.0,7.0,29.77,0.0,30 | 86.0,10 | 50.0,35,7 | 4.35,29.77 | 1008,0.0 | 0.0
2011-02-26,30.0,10.0,36.0,8.0,29.77,0.0,30 | 86.0,10 | 50.0,36,8 | 4.97,29.77 | 1008,0.0 | 0.0
2011-02-27,32.0,12.0,36.0,14.0,29.8,0.0,32 | 89.6,12 | 53.6,36,14 | 8.7,29.8 | 1009,0.0 | 0.0
2011-02-28,31.0,12.0,40.0,10.0,29.8,0.0,31 | 87.8,12 | 53.6,40,10 | 6.21,29.8 | 1009,0.0 | 0.0
2011-03-01,30.0,12.0,42.0,8.0,29.77,0.0,30 | 86.0,12 | 53.6,42,8 | 4.97,29.77 | 1008,0.0 | 0.0
2011-03-02,31.0,12.0,40.0,8.0,29.77,0.0,31 | 87.8,12 | 53.6,40,8 | 4.97,29.77 | 1008,0.0 | 0.0
2011-03-03,31.0,15.0,43.0,12.0,29.83,2.0,31 | 87.8,15 | 59.0,43,12 | 7.46,29.83 | 1010,2.0 | 0.08
2011-03-04,32.0,13.0,37.0,12.0,29.8,0.0,32 | 89.6,13 | 55.4,37,12 | 7.46,29.8 | 1009,0.0 | 0.0
2011-03-05,32.0,14.0,39.0,13.0,29.8,0.6,32 | 89.6,14 | 57.2,39,13 | 8.08,29.8 | 1009,0.6 | 0.02
2011-03-06,32.0,14.0,38.0,13.0,29.8,0.1,32 | 89.6,14 | 57.2,38,13 | 8.08,29.8 | 1009,0.1 | 0.0
2011-03-07,31.0,13.0,43.0,11.0,29.83,0.0,31 | 87.8,13 | 55.4,43,11 | 6.84,29.83 | 1010,0.0 | 0.0
2011-03-08,32.0,11.0,33.0,12.0,29.83,0.0,32 | 89.6,11 | 51.8,33,12 | 7.46,29.83 | 1010,0.0 | 0.0
2011-03-09,33.0,13.0,36.0,13.0,29.8,0.0,33 | 91.4,13 | 55.4,36,13 | 8.08,29.8 | 1009,0.0 | 0.0
2011-03-10,32.0,12.0,36.0,11.0,29.8,0.6,32 | 89.6,12 | 53.6,36,11 | 6.84,29.8 | 1009,0.6 | 0.02
2011-03-11,32.0,13.0,37.0,8.0,29.8,0.0,32 | 89.6,13 | 55.4,37,8 | 4.97,29.8 | 1009,0.0 | 0.0
2011-03-12,32.0,15.0,43.0,9.0,29.77,0.0,32 | 89.6,15 | 59.0,43,9 | 5.59,29.77 | 1008,0.0 | 0.0
2011-03-13,31.0,16.0,47.0,11.0,29.77,0.7,31 | 87.8,16 | 60.8,47,11 | 6.84,29.77 | 1008,0.7 | 0.03
2011-03-14,31.0,16.0,46.0,9.0,29.77,0.0,31 | 87.8,16 | 60.8,46,9 | 5.59,29.77 | 1008,0.0 | 0.0
2011-03-15,31.0,15.0,45.0,10.0,29.77,0.0,31 | 87.8,15 | 59.0,45,10 | 6.21,29.77 | 1008,0.0 | 0.0
2011-03-16,31.0,14.0,39.0,10.0,29.74,0.0,31 | 87.8,14 | 57.2,39,10 | 6.21,29.74 | 1007,0.0 | 0.0
2011-03-17,31.0,12.0,40.0,9.0,29.77,0.0,31 | 87.8,12 | 53.6,40,9 | 5.59,29.77 | 1008,0.0 | 0.0
2011-03-18,31.0,13.0,40.0,8.0,29.74,0.0,31 | 87.8,13 | 55.4,40,8 | 4.97,29.74 | 1007,0.0 | 0.0
2011-03-19,31.0,13.0,42.0,8.0,29.74,0.0,31 | 87.8,13 | 55.4,42,8 | 4.97,29.74 | 1007,0.0 | 0.0
2011-03-20,30.0,12.0,39.0,8.0,29.74,0.0,30 | 86.0,12 | 53.6,39,8 | 4.97,29.74 | 1007,0.0 | 0.0
2011-03-21,31.0,10.0,35.0,8.0,29.77,0.0,31 | 87.8,10 | 50.0,35,8 | 4.97,29.77 | 1008,0.0 | 0.0
2011-03-22,31.0,12.0,40.0,8.0,29.8,0.0,31 | 87.8,12 | 53.6,40,8 | 4.97,29.8 | 1009,0.0 | 0.0
2011-03-23,31.0,13.0,40.0,8.0,29.8,0.0,31 | 87.8,13 | 55.4,40,8 | 4.97,29.8 | 1009,0.0 | 0.0
2011-03-24,31.0,16.0,47.0,8.0,29.8,0.3,31 | 87.8,16 | 60.8,47,8 | 4.97,29.8 | 1009,0.3 | 0.01
2011-03-25,31.0,15.0,44.0,9.0,29.8,1.5,31 | 87.8,15 | 59.0,44,9 | 5.59,29.8 | 1009,1.5 | 0.06
2011-03-26,31.0,14.0,42.0,9.0,29.83,0.0,31 | 87.8,14 | 57.2,42,9 | 5.59,29.83 | 1010,0.0 | 0.0
2011-03-27,31.0,14.0,43.0,8.0,29.83,0.0,31 | 87.8,14 | 57.2,43,8 | 4.97,29.83 | 1010,0.0 | 0.0
2011-03-28,31.0,15.0,46.0,8.0,29.83,0.0,31 | 87.8,15 | 59.0,46,8 | 4.97,29.83 | 1010,0.0 | 0.0
2011-03-29,32.0,15.0,44.0,9.0,29.83,0.0,32 | 89.6,15 | 59.0,44,9 | 5.59,29.83 | 1010,0.0 | 0.0
2011-03-30,31.0,15.0,43.0,8.0,29.8,0.0,31 | 87.8,15 | 59.0,43,8 | 4.97,29.8 | 1009,0.0 | 0.0
2011-03-31,31.0,13.0,41.0,9.0,29.8,0.0,31 | 87.8,13 | 55.4,41,9 | 5.59,29.8 | 1009,0.0 | 0.0
2011-04-01,31.0,14.0,40.0,11.0,29.83,0.5,31 | 87.8,14 | 57.2,40,11 | 6.84,29.83 | 1010,0.5 | 0.02
2011-04-02,31.0,18.0,50.0,11.0,29.83,1.6,31 | 87.8,18 | 64.4,50,11 | 6.84,29.83 | 1010,1.6 | 0.06
2011-04-03,32.0,17.0,49.0,10.0,29.8,0.0,32 | 89.6,17 | 62.6,49,10 | 6.21,29.8 | 1009,0.0 | 0.0
2011-04-04,32.0,17.0,48.0,11.0,29.8,1.9,32 | 89.6,17 | 62.6,48,11 | 6.84,29.8 | 1009,1.9 | 0.07
2011-04-05,32.0,16.0,43.0,8.0,29.8,0.0,32 | 89.6,16 | 60.8,43,8 | 4.97,29.8 | 1009,0.0 | 0.0
2011-04-06,32.0,17.0,45.0,10.0,29.77,0.0,32 | 89.6,17 | 62.6,45,10 | 6.21,29.77 | 1008,0.0 | 0.0
2011-04-07,32.0,17.0,48.0,11.0,29.77,1.8,32 | 89.6,17 | 62.6,48,11 | 6.84,29.77 | 1008,1.8 | 0.07
2011-04-08,32.0,17.0,47.0,11.0,29.83,0.0,32 | 89.6,17 | 62.6,47,11 | 6.84,29.83 | 1010,0.0 | 0.0
2011-04-09,33.0,15.0,41.0,10.0,29.85,0.0,33 | 91.4,15 | 59.0,41,10 | 6.21,29.85 | 1011,0.0 | 0.0
2011-04-10,32.0,15.0,43.0,9.0,29.83,0.2,32 | 89.6,15 | 59.0,43,9 | 5.59,29.83 | 1010,0.2 | 0.01
2011-04-11,32.0,15.0,41.0,11.0,29.8,0.0,32 | 89.6,15 | 59.0,41,11 | 6.84,29.8 | 1009,0.0 | 0.0
2011-04-12,32.0,15.0,43.0,10.0,29.8,0.0,32 | 89.6,15 | 59.0,43,10 | 6.21,29.8 | 1009,0.0 | 0.0
2011-04-13,32.0,17.0,47.0,9.0,29.8,1.4,32 | 89.6,17 | 62.6,47,9 | 5.59,29.8 | 1009,1.4 | 0.06
2011-04-14,31.0,19.0,57.0,10.0,29.8,12.6,31 | 87.8,19 | 66.2,57,10 | 6.21,29.8 | 1009,12.6 | 0.5
2011-04-15,31.0,20.0,60.0,9.0,29.77,11.7,31 | 87.8,20 | 68.0,60,9 | 5.59,29.77 | 1008,11.7 | 0.46
2011-04-16,31.0,19.0,55.0,10.0,29.8,0.9,31 | 87.8,19 | 66.2,55,10 | 6.21,29.8 | 1009,0.9 | 0.04
2011-04-17,30.0,20.0,60.0,9.0,29.85,4.5,30 | 86.0,20 | 68.0,60,9 | 5.59,29.85 | 1011,4.5 | 0.18
2011-04-18,31.0,19.0,54.0,7.0,29.83,3.5,31 | 87.8,19 | 66.2,54,7 | 4.35,29.83 | 1010,3.5 | 0.14
2011-04-19,31.0,20.0,59.0,9.0,29.8,8.6,31 | 87.8,20 | 68.0,59,9 | 5.59,29.8 | 1009,8.6 | 0.34
2011-04-20,31.0,20.0,58.0,8.0,29.8,5.4,31 | 87.8,20 | 68.0,58,8 | 4.97,29.8 | 1009,5.4 | 0.21
2011-04-21,30.0,20.0,58.0,8.0,29.8,2.0,30 | 86.0,20 | 68.0,58,8 | 4.97,29.8 | 1009,2.0 | 0.08
2011-04-22,32.0,19.0,52.0,9.0,29.77,0.8,32 | 89.6,19 | 66.2,52,9 | 5.59,29.77 | 1008,0.8 | 0.03
2011-04-23,32.0,19.0,55.0,10.0,29.77,0.2,32 | 89.6,19 | 66.2,55,10 | 6.21,29.77 | 1008,0.2 | 0.01
2011-04-24,31.0,21.0,61.0,12.0,29.77,4.0,31 | 87.8,21 | 69.8,61,12 | 7.46,29.77 | 1008,4.0 | 0.16
2011-04-25,30.0,21.0,67.0,11.0,29.8,25.8,30 | 86.0,21 | 69.8,67,11 | 6.84,29.8 | 1009,25.8 | 1.02
2011-04-26,29.0,22.0,72.0,10.0,29.8,12.0,29 | 84.2,22 | 71.6,72,10 | 6.21,29.8 | 1009,12.0 | 0.47
2011-04-27,27.0,22.0,82.0,10.0,29.83,39.1,27 | 80.6,22 | 71.6,82,10 | 6.21,29.83 | 1010,39.1 | 1.54
2011-04-28,28.0,22.0,76.0,9.0,29.83,7.8,28 | 82.4,22 | 71.6,76,9 | 5.59,29.83 | 1010,7.8 | 0.31
2011-04-29,30.0,21.0,68.0,11.0,29.8,5.6,30 | 86.0,21 | 69.8,68,11 | 6.84,29.8 | 1009,5.6 | 0.22
2011-04-30,30.0,20.0,63.0,11.0,29.8,1.1,30 | 86.0,20 | 68.0,63,11 | 6.84,29.8 | 1009,1.1 | 0.04
2011-05-01,31.0,20.0,59.0,13.0,29.83,0.4,31 | 87.8,20 | 68.0,59,13 | 8.08,29.83 | 1010,0.4 | 0.02
2011-05-02,30.0,21.0,63.0,12.0,29.85,3.4,30 | 86.0,21 | 69.8,63,12 | 7.46,29.85 | 1011,3.4 | 0.13
2011-05-03,29.0,21.0,69.0,11.0,29.85,6.8,29 | 84.2,21 | 69.8,69,11 | 6.84,29.85 | 1011,6.8 | 0.27
2011-05-04,30.0,21.0,67.0,10.0,29.85,1.7,30 | 86.0,21 | 69.8,67,10 | 6.21,29.85 | 1011,1.7 | 0.07
2011-05-05,30.0,21.0,65.0,11.0,29.85,3.9,30 | 86.0,21 | 69.8,65,11 | 6.84,29.85 | 1011,3.9 | 0.15
2011-05-06,30.0,21.0,66.0,12.0,29.88,2.2,30 | 86.0,21 | 69.8,66,12 | 7.46,29.88 | 1012,2.2 | 0.09
2011-05-07,30.0,21.0,64.0,12.0,29.88,1.6,30 | 86.0,21 | 69.8,64,12 | 7.46,29.88 | 1012,1.6 | 0.06
2011-05-08,31.0,21.0,65.0,12.0,29.83,1.9,31 | 87.8,21 | 69.8,65,12 | 7.46,29.83 | 1010,1.9 | 0.07
2011-05-09,30.0,22.0,68.0,15.0,29.83,13.8,30 | 86.0,22 | 71.6,68,15 | 9.32,29.83 | 1010,13.8 | 0.54
2011-05-10,30.0,21.0,67.0,18.0,29.83,12.3,30 | 86.0,21 | 69.8,67,18 | 11.18,29.83 | 1010,12.3 | 0.48
2011-05-11,30.0,20.0,61.0,18.0,29.83,8.8,30 | 86.0,20 | 68.0,61,18 | 11.18,29.83 | 1010,8.8 | 0.35
2011-05-12,30.0,20.0,59.0,17.0,29.85,0.4,30 | 86.0,20 | 68.0,59,17 | 10.56,29.85 | 1011,0.4 | 0.02
2011-05-13,30.0,20.0,59.0,19.0,29.85,0.0,30 | 86.0,20 | 68.0,59,19 | 11.81,29.85 | 1011,0.0 | 0.0
2011-05-14,30.0,20.0,59.0,20.0,29.83,1.3,30 | 86.0,20 | 68.0,59,20 | 12.43,29.83 | 1010,1.3 | 0.05
2011-05-15,30.0,20.0,59.0,19.0,29.83,0.3,30 | 86.0,20 | 68.0,59,19 | 11.81,29.83 | 1010,0.3 | 0.01
2011-05-16,30.0,18.0,54.0,18.0,29.83,0.1,30 | 86.0,18 | 64.4,54,18 | 11.18,29.83 | 1010,0.1 | 0.0
2011-05-17,30.0,20.0,57.0,18.0,29.85,0.4,30 | 86.0,20 | 68.0,57,18 | 11.18,29.85 | 1011,0.4 | 0.02
2011-05-18,30.0,20.0,62.0,22.0,29.85,4.4,30 | 86.0,20 | 68.0,62,22 | 13.67,29.85 | 1011,4.4 | 0.17
2011-05-19,28.0,21.0,69.0,17.0,29.85,49.8,28 | 82.4,21 | 69.8,69,17 | 10.56,29.85 | 1011,49.8 | 1.96
2011-05-20,28.0,20.0,65.0,16.0,29.88,10.7,28 | 82.4,20 | 68.0,65,16 | 9.94,29.88 | 1012,10.7 | 0.42
2011-05-21,29.0,20.0,61.0,16.0,29.85,15.0,29 | 84.2,20 | 68.0,61,16 | 9.94,29.85 | 1011,15.0 | 0.59
2011-05-22,29.0,19.0,60.0,19.0,29.85,0.2,29 | 84.2,19 | 66.2,60,19 | 11.81,29.85 | 1011,0.2 | 0.01
2011-05-23,29.0,19.0,60.0,19.0,29.88,1.8,29 | 84.2,19 | 66.2,60,19 | 11.81,29.88 | 1012,1.8 | 0.07
2011-05-24,29.0,19.0,60.0,17.0,29.91,1.7,29 | 84.2,19 | 66.2,60,17 | 10.56,29.91 | 1013,1.7 | 0.07
2011-05-25,30.0,20.0,59.0,16.0,29.88,1.1,30 | 86.0,20 | 68.0,59,16 | 9.94,29.88 | 1012,1.1 | 0.04
2011-05-26,30.0,20.0,60.0,17.0,29.88,0.9,30 | 86.0,20 | 68.0,60,17 | 10.56,29.88 | 1012,0.9 | 0.04
2011-05-27,30.0,19.0,57.0,18.0,29.88,0.0,30 | 86.0,19 | 66.2,57,18 | 11.18,29.88 | 1012,0.0 | 0.0
2011-05-28,30.0,20.0,59.0,21.0,29.88,1.1,30 | 86.0,20 | 68.0,59,21 | 13.05,29.88 | 1012,1.1 | 0.04
2011-05-29,30.0,19.0,57.0,19.0,29.91,1.0,30 | 86.0,19 | 66.2,57,19 | 11.81,29.91 | 1013,1.0 | 0.04
2011-05-30,30.0,19.0,54.0,20.0,29.91,0.0,30 | 86.0,19 | 66.2,54,20 | 12.43,29.91 | 1013,0.0 | 0.0
2011-05-31,30.0,19.0,54.0,22.0,29.91,0.0,30 | 86.0,19 | 66.2,54,22 | 13.67,29.91 | 1013,0.0 | 0.0
2011-06-01,30.0,19.0,56.0,24.0,29.91,0.0,30 | 86.0,19 | 66.2,56,24 | 14.91,29.91 | 1013,0.0 | 0.0
2011-06-02,29.0,18.0,54.0,22.0,29.91,0.0,29 | 84.2,18 | 64.4,54,22 | 13.67,29.91 | 1013,0.0 | 0.0
2011-06-03,29.0,18.0,54.0,23.0,29.91,0.2,29 | 84.2,18 | 64.4,54,23 | 14.29,29.91 | 1013,0.2 | 0.01
2011-06-04,29.0,19.0,57.0,23.0,29.88,3.5,29 | 84.2,19 | 66.2,57,23 | 14.29,29.88 | 1012,3.5 | 0.14
2011-06-05,30.0,18.0,52.0,23.0,29.85,0.0,30 | 86.0,18 | 64.4,52,23 | 14.29,29.85 | 1011,0.0 | 0.0
2011-06-06,29.0,18.0,53.0,25.0,29.88,0.0,29 | 84.2,18 | 64.4,53,25 | 15.53,29.88 | 1012,0.0 | 0.0
2011-06-07,29.0,18.0,55.0,22.0,29.91,0.1,29 | 84.2,18 | 64.4,55,22 | 13.67,29.91 | 1013,0.1 | 0.0
2011-06-08,30.0,18.0,51.0,24.0,29.88,0.0,30 | 86.0,18 | 64.4,51,24 | 14.91,29.88 | 1012,0.0 | 0.0
2011-06-09,30.0,19.0,53.0,25.0,29.85,0.0,30 | 86.0,19 | 66.2,53,25 | 15.53,29.85 | 1011,0.0 | 0.0
2011-06-10,30.0,18.0,52.0,25.0,29.85,0.0,30 | 86.0,18 | 64.4,52,25 | 15.53,29.85 | 1011,0.0 | 0.0
2011-06-11,30.0,18.0,51.0,24.0,29.85,0.0,30 | 86.0,18 | 64.4,51,24 | 14.91,29.85 | 1011,0.0 | 0.0
2011-06-12,31.0,18.0,50.0,28.0,29.88,0.0,31 | 87.8,18 | 64.4,50,28 | 17.4,29.88 | 1012,0.0 | 0.0
2011-06-13,30.0,18.0,50.0,26.0,29.91,0.1,30 | 86.0,18 | 64.4,50,26 | 16.16,29.91 | 1013,0.1 | 0.0
2011-06-14,30.0,18.0,53.0,24.0,29.91,0.0,30 | 86.0,18 | 64.4,53,24 | 14.91,29.91 | 1013,0.0 | 0.0
2011-06-15,30.0,18.0,50.0,24.0,29.91,0.0,30 | 86.0,18 | 64.4,50,24 | 14.91,29.91 | 1013,0.0 | 0.0
2011-06-16,30.0,19.0,55.0,24.0,29.91,0.4,30 | 86.0,19 | 66.2,55,24 | 14.91,29.91 | 1013,0.4 | 0.02
2011-06-17,30.0,18.0,52.0,23.0,29.88,0.0,30 | 86.0,18 | 64.4,52,23 | 14.29,29.88 | 1012,0.0 | 0.0
2011-06-18,29.0,18.0,52.0,23.0,29.91,0.0,29 | 84.2,18 | 64.4,52,23 | 14.29,29.91 | 1013,0.0 | 0.0
2011-06-19,29.0,17.0,51.0,24.0,29.85,0.0,29 | 84.2,17 | 62.6,51,24 | 14.91,29.85 | 1011,0.0 | 0.0
2011-06-20,29.0,18.0,54.0,25.0,29.88,0.7,29 | 84.2,18 | 64.4,54,25 | 15.53,29.88 | 1012,0.7 | 0.03
2011-06-21,29.0,19.0,57.0,23.0,29.91,2.2,29 | 84.2,19 | 66.2,57,23 | 14.29,29.91 | 1013,2.2 | 0.09
2011-06-22,30.0,17.0,51.0,22.0,29.88,0.3,30 | 86.0,17 | 62.6,51,22 | 13.67,29.88 | 1012,0.3 | 0.01
2011-06-23,30.0,18.0,51.0,26.0,29.85,0.0,30 | 86.0,18 | 64.4,51,26 | 16.16,29.85 | 1011,0.0 | 0.0
2011-06-24,29.0,18.0,52.0,24.0,29.88,0.0,29 | 84.2,18 | 64.4,52,24 | 14.91,29.88 | 1012,0.0 | 0.0
2011-06-25,30.0,18.0,53.0,24.0,29.88,0.0,30 | 86.0,18 | 64.4,53,24 | 14.91,29.88 | 1012,0.0 | 0.0
2011-06-26,30.0,18.0,54.0,25.0,29.88,0.0,30 | 86.0,18 | 64.4,54,25 | 15.53,29.88 | 1012,0.0 | 0.0
2011-06-27,29.0,17.0,52.0,22.0,29.94,0.0,29 | 84.2,17 | 62.6,52,22 | 13.67,29.94 | 1014,0.0 | 0.0
2011-06-28,29.0,16.0,47.0,24.0,29.88,0.0,29 | 84.2,16 | 60.8,47,24 | 14.91,29.88 | 1012,0.0 | 0.0
2011-06-29,29.0,17.0,51.0,25.0,29.88,0.0,29 | 84.2,17 | 62.6,51,25 | 15.53,29.88 | 1012,0.0 | 0.0
2011-06-30,30.0,17.0,51.0,25.0,29.88,0.0,30 | 86.0,17 | 62.6,51,25 | 15.53,29.88 | 1012,0.0 | 0.0
2011-07-01,30.0,18.0,52.0,27.0,29.85,0.0,30 | 86.0,18 | 64.4,52,27 | 16.78,29.85 | 1011,0.0 | 0.0
2011-07-02,30.0,18.0,52.0,26.0,29.85,0.0,30 | 86.0,18 | 64.4,52,26 | 16.16,29.85 | 1011,0.0 | 0.0
2011-07-03,30.0,17.0,50.0,24.0,29.88,0.0,30 | 86.0,17 | 62.6,50,24 | 14.91,29.88 | 1012,0.0 | 0.0
2011-07-04,28.0,18.0,55.0,26.0,29.91,0.1,28 | 82.4,18 | 64.4,55,26 | 16.16,29.91 | 1013,0.1 | 0.0
2011-07-05,29.0,17.0,50.0,25.0,29.94,0.0,29 | 84.2,17 | 62.6,50,25 | 15.53,29.94 | 1014,0.0 | 0.0
2011-07-06,29.0,17.0,51.0,26.0,29.91,0.0,29 | 84.2,17 | 62.6,51,26 | 16.16,29.91 | 1013,0.0 | 0.0
2011-07-07,29.0,17.0,52.0,29.0,29.88,0.0,29 | 84.2,17 | 62.6,52,29 | 18.02,29.88 | 1012,0.0 | 0.0
2011-07-08,29.0,16.0,48.0,29.0,29.94,0.0,29 | 84.2,16 | 60.8,48,29 | 18.02,29.94 | 1014,0.0 | 0.0
2011-07-09,29.0,17.0,52.0,27.0,29.94,0.2,29 | 84.2,17 | 62.6,52,27 | 16.78,29.94 | 1014,0.2 | 0.01
2011-07-10,27.0,17.0,55.0,25.0,29.97,0.5,27 | 80.6,17 | 62.6,55,25 | 15.53,29.97 | 1015,0.5 | 0.02
2011-07-11,27.0,16.0,54.0,23.0,29.94,0.0,27 | 80.6,16 | 60.8,54,23 | 14.29,29.94 | 1014,0.0 | 0.0
2011-07-12,29.0,16.0,50.0,25.0,29.88,0.0,29 | 84.2,16 | 60.8,50,25 | 15.53,29.88 | 1012,0.0 | 0.0
2011-07-13,28.0,18.0,57.0,26.0,29.91,0.1,28 | 82.4,18 | 64.4,57,26 | 16.16,29.91 | 1013,0.1 | 0.0
2011-07-14,28.0,18.0,58.0,24.0,29.94,0.1,28 | 82.4,18 | 64.4,58,24 | 14.91,29.94 | 1014,0.1 | 0.0
2011-07-15,29.0,18.0,56.0,21.0,29.94,0.3,29 | 84.2,18 | 64.4,56,21 | 13.05,29.94 | 1014,0.3 | 0.01
2011-07-16,29.0,17.0,54.0,27.0,29.91,0.0,29 | 84.2,17 | 62.6,54,27 | 16.78,29.91 | 1013,0.0 | 0.0
2011-07-17,28.0,18.0,55.0,28.0,29.88,0.0,28 | 82.4,18 | 64.4,55,28 | 17.4,29.88 | 1012,0.0 | 0.0
2011-07-18,28.0,17.0,53.0,28.0,29.91,0.0,28 | 82.4,17 | 62.6,53,28 | 17.4,29.91 | 1013,0.0 | 0.0
2011-07-19,28.0,17.0,54.0,29.0,29.94,0.0,28 | 82.4,17 | 62.6,54,29 | 18.02,29.94 | 1014,0.0 | 0.0
2011-07-20,29.0,17.0,51.0,25.0,29.94,0.0,29 | 84.2,17 | 62.6,51,25 | 15.53,29.94 | 1014,0.0 | 0.0
2011-07-21,29.0,15.0,46.0,27.0,29.91,0.0,29 | 84.2,15 | 59.0,46,27 | 16.78,29.91 | 1013,0.0 | 0.0
2011-07-22,29.0,17.0,52.0,26.0,29.91,0.0,29 | 84.2,17 | 62.6,52,26 | 16.16,29.91 | 1013,0.0 | 0.0
2011-07-23,28.0,18.0,56.0,27.0,29.94,0.0,28 | 82.4,18 | 64.4,56,27 | 16.78,29.94 | 1014,0.0 | 0.0
2011-07-24,29.0,17.0,51.0,26.0,29.88,0.0,29 | 84.2,17 | 62.6,51,26 | 16.16,29.88 | 1012,0.0 | 0.0
2011-07-25,29.0,17.0,50.0,25.0,29.85,0.0,29 | 84.2,17 | 62.6,50,25 | 15.53,29.85 | 1011,0.0 | 0.0
2011-07-26,30.0,18.0,51.0,23.0,29.85,0.0,30 | 86.0,18 | 64.4,51,23 | 14.29,29.85 | 1011,0.0 | 0.0
2011-07-27,30.0,18.0,53.0,25.0,29.85,0.0,30 | 86.0,18 | 64.4,53,25 | 15.53,29.85 | 1011,0.0 | 0.0
2011-07-28,30.0,17.0,50.0,26.0,29.83,0.0,30 | 86.0,17 | 62.6,50,26 | 16.16,29.83 | 1010,0.0 | 0.0
2011-07-29,29.0,16.0,47.0,27.0,29.83,0.0,29 | 84.2,16 | 60.8,47,27 | 16.78,29.83 | 1010,0.0 | 0.0
2011-07-30,29.0,17.0,52.0,24.0,29.88,0.0,29 | 84.2,17 | 62.6,52,24 | 14.91,29.88 | 1012,0.0 | 0.0
2011-07-31,29.0,17.0,53.0,24.0,29.88,0.0,29 | 84.2,17 | 62.6,53,24 | 14.91,29.88 | 1012,0.0 | 0.0
2011-08-01,29.0,17.0,52.0,26.0,29.88,0.2,29 | 84.2,17 | 62.6,52,26 | 16.16,29.88 | 1012,0.2 | 0.01
2011-08-02,29.0,16.0,50.0,25.0,29.91,0.0,29 | 84.2,16 | 60.8,50,25 | 15.53,29.91 | 1013,0.0 | 0.0
2011-08-03,28.0,17.0,56.0,23.0,29.94,0.1,28 | 82.4,17 | 62.6,56,23 | 14.29,29.94 | 1014,0.1 | 0.0
2011-08-04,29.0,17.0,53.0,25.0,29.94,0.0,29 | 84.2,17 | 62.6,53,25 | 15.53,29.94 | 1014,0.0 | 0.0
2011-08-05,29.0,16.0,48.0,28.0,29.94,0.0,29 | 84.2,16 | 60.8,48,28 | 17.4,29.94 | 1014,0.0 | 0.0
2011-08-06,29.0,15.0,46.0,27.0,29.91,0.0,29 | 84.2,15 | 59.0,46,27 | 16.78,29.91 | 1013,0.0 | 0.0
2011-08-07,29.0,15.0,47.0,27.0,29.91,0.0,29 | 84.2,15 | 59.0,47,27 | 16.78,29.91 | 1013,0.0 | 0.0
2011-08-08,28.0,15.0,48.0,26.0,29.91,0.0,28 | 82.4,15 | 59.0,48,26 | 16.16,29.91 | 1013,0.0 | 0.0
2011-08-09,30.0,16.0,47.0,29.0,29.88,0.0,30 | 86.0,16 | 60.8,47,29 | 18.02,29.88 | 1012,0.0 | 0.0
2011-08-10,29.0,16.0,50.0,27.0,29.85,0.0,29 | 84.2,16 | 60.8,50,27 | 16.78,29.85 | 1011,0.0 | 0.0
2011-08-11,28.0,16.0,51.0,26.0,29.88,0.0,28 | 82.4,16 | 60.8,51,26 | 16.16,29.88 | 1012,0.0 | 0.0
2011-08-12,29.0,16.0,48.0,26.0,29.85,0.0,29 | 84.2,16 | 60.8,48,26 | 16.16,29.85 | 1011,0.0 | 0.0
2011-08-13,29.0,14.0,44.0,25.0,29.83,0.0,29 | 84.2,14 | 57.2,44,25 | 15.53,29.83 | 1010,0.0 | 0.0
2011-08-14,29.0,16.0,47.0,26.0,29.85,0.0,29 | 84.2,16 | 60.8,47,26 | 16.16,29.85 | 1011,0.0 | 0.0
2011-08-15,30.0,17.0,48.0,26.0,29.88,0.1,30 | 86.0,17 | 62.6,48,26 | 16.16,29.88 | 1012,0.1 | 0.0
2011-08-16,29.0,15.0,45.0,25.0,29.88,0.0,29 | 84.2,15 | 59.0,45,25 | 15.53,29.88 | 1012,0.0 | 0.0
2011-08-17,30.0,16.0,47.0,25.0,29.88,0.0,30 | 86.0,16 | 60.8,47,25 | 15.53,29.88 | 1012,0.0 | 0.0
2011-08-18,29.0,15.0,48.0,25.0,29.91,0.0,29 | 84.2,15 | 59.0,48,25 | 15.53,29.91 | 1013,0.0 | 0.0
2011-08-19,29.0,16.0,47.0,24.0,29.88,0.0,29 | 84.2,16 | 60.8,47,24 | 14.91,29.88 | 1012,0.0 | 0.0
2011-08-20,29.0,16.0,50.0,26.0,29.91,0.0,29 | 84.2,16 | 60.8,50,26 | 16.16,29.91 | 1013,0.0 | 0.0
2011-08-21,29.0,15.0,47.0,22.0,29.91,0.0,29 | 84.2,15 | 59.0,47,22 | 13.67,29.91 | 1013,0.0 | 0.0
2011-08-22,29.0,16.0,48.0,26.0,29.91,0.0,29 | 84.2,16 | 60.8,48,26 | 16.16,29.91 | 1013,0.0 | 0.0
2011-08-23,29.0,16.0,51.0,26.0,29.94,0.0,29 | 84.2,16 | 60.8,51,26 | 16.16,29.94 | 1014,0.0 | 0.0
2011-08-24,30.0,16.0,46.0,26.0,29.91,0.0,30 | 86.0,16 | 60.8,46,26 | 16.16,29.91 | 1013,0.0 | 0.0
2011-08-25,30.0,16.0,48.0,25.0,29.85,0.0,30 | 86.0,16 | 60.8,48,25 | 15.53,29.85 | 1011,0.0 | 0.0
2011-08-26,30.0,15.0,46.0,27.0,29.88,0.0,30 | 86.0,15 | 59.0,46,27 | 16.78,29.88 | 1012,0.0 | 0.0
2011-08-27,30.0,15.0,44.0,25.0,29.91,0.0,30 | 86.0,15 | 59.0,44,25 | 15.53,29.91 | 1013,0.0 | 0.0
2011-08-28,30.0,16.0,47.0,27.0,29.91,0.0,30 | 86.0,16 | 60.8,47,27 | 16.78,29.91 | 1013,0.0 | 0.0
2011-08-29,30.0,17.0,50.0,27.0,29.91,0.0,30 | 86.0,17 | 62.6,50,27 | 16.78,29.91 | 1013,0.0 | 0.0
2011-08-30,29.0,16.0,48.0,24.0,29.94,0.0,29 | 84.2,16 | 60.8,48,24 | 14.91,29.94 | 1014,0.0 | 0.0
2011-08-31,30.0,17.0,51.0,23.0,29.91,0.1,30 | 86.0,17 | 62.6,51,23 | 14.29,29.91 | 1013,0.1 | 0.0
2011-09-01,30.0,17.0,49.0,26.0,29.88,0.0,30 | 86.0,17 | 62.6,49,26 | 16.16,29.88 | 1012,0.0 | 0.0
2011-09-02,29.0,16.0,49.0,28.0,29.88,0.0,29 | 84.2,16 | 60.8,49,28 | 17.4,29.88 | 1012,0.0 | 0.0
2011-09-03,30.0,15.0,46.0,26.0,29.85,0.0,30 | 86.0,15 | 59.0,46,26 | 16.16,29.85 | 1011,0.0 | 0.0
2011-09-04,30.0,15.0,42.0,25.0,29.85,0.0,30 | 86.0,15 | 59.0,42,25 | 15.53,29.85 | 1011,0.0 | 0.0
2011-09-05,30.0,16.0,46.0,26.0,29.88,0.2,30 | 86.0,16 | 60.8,46,26 | 16.16,29.88 | 1012,0.2 | 0.01
2011-09-06,30.0,16.0,45.0,26.0,29.91,0.0,30 | 86.0,16 | 60.8,45,26 | 16.16,29.91 | 1013,0.0 | 0.0
2011-09-07,30.0,16.0,47.0,27.0,29.91,0.0,30 | 86.0,16 | 60.8,47,27 | 16.78,29.91 | 1013,0.0 | 0.0
2011-09-08,30.0,15.0,44.0,24.0,29.91,0.0,30 | 86.0,15 | 59.0,44,24 | 14.91,29.91 | 1013,0.0 | 0.0
2011-09-09,30.0,17.0,49.0,25.0,29.88,0.0,30 | 86.0,17 | 62.6,49,25 | 15.53,29.88 | 1012,0.0 | 0.0
2011-09-10,30.0,17.0,50.0,25.0,29.94,0.2,30 | 86.0,17 | 62.6,50,25 | 15.53,29.94 | 1014,0.2 | 0.01
2011-09-11,30.0,17.0,52.0,25.0,29.94,2.5,30 | 86.0,17 | 62.6,52,25 | 15.53,29.94 | 1014,2.5 | 0.1
2011-09-12,30.0,16.0,49.0,26.0,29.91,0.7,30 | 86.0,16 | 60.8,49,26 | 16.16,29.91 | 1013,0.7 | 0.03
2011-09-13,30.0,15.0,45.0,24.0,29.88,0.0,30 | 86.0,15 | 59.0,45,24 | 14.91,29.88 | 1012,0.0 | 0.0
2011-09-14,30.0,17.0,47.0,23.0,29.88,0.0,30 | 86.0,17 | 62.6,47,23 | 14.29,29.88 | 1012,0.0 | 0.0
2011-09-15,30.0,18.0,50.0,22.0,29.88,0.0,30 | 86.0,18 | 64.4,50,22 | 13.67,29.88 | 1012,0.0 | 0.0
2011-09-16,30.0,17.0,49.0,25.0,29.85,0.0,30 | 86.0,17 | 62.6,49,25 | 15.53,29.85 | 1011,0.0 | 0.0
2011-09-17,30.0,16.0,47.0,24.0,29.88,0.0,30 | 86.0,16 | 60.8,47,24 | 14.91,29.88 | 1012,0.0 | 0.0
2011-09-18,30.0,17.0,48.0,25.0,29.88,0.0,30 | 86.0,17 | 62.6,48,25 | 15.53,29.88 | 1012,0.0 | 0.0
2011-09-19,30.0,16.0,46.0,23.0,29.91,0.0,30 | 86.0,16 | 60.8,46,23 | 14.29,29.91 | 1013,0.0 | 0.0
2011-09-20,31.0,16.0,45.0,22.0,29.91,0.0,31 | 87.8,16 | 60.8,45,22 | 13.67,29.91 | 1013,0.0 | 0.0
2011-09-21,31.0,16.0,43.0,20.0,29.88,0.0,31 | 87.8,16 | 60.8,43,20 | 12.43,29.88 | 1012,0.0 | 0.0
2011-09-22,31.0,15.0,43.0,22.0,29.88,0.0,31 | 87.8,15 | 59.0,43,22 | 13.67,29.88 | 1012,0.0 | 0.0
2011-09-23,30.0,18.0,50.0,21.0,29.88,0.0,30 | 86.0,18 | 64.4,50,21 | 13.05,29.88 | 1012,0.0 | 0.0
2011-09-24,31.0,18.0,51.0,23.0,29.88,0.9,31 | 87.8,18 | 64.4,51,23 | 14.29,29.88 | 1012,0.9 | 0.04
2011-09-25,30.0,17.0,48.0,26.0,29.94,0.0,30 | 86.0,17 | 62.6,48,26 | 16.16,29.94 | 1014,0.0 | 0.0
2011-09-26,30.0,15.0,46.0,22.0,29.94,0.0,30 | 86.0,15 | 59.0,46,22 | 13.67,29.94 | 1014,0.0 | 0.0
2011-09-27,30.0,14.0,42.0,19.0,29.91,0.0,30 | 86.0,14 | 57.2,42,19 | 11.81,29.91 | 1013,0.0 | 0.0
2011-09-28,31.0,14.0,40.0,19.0,29.88,0.0,31 | 87.8,14 | 57.2,40,19 | 11.81,29.88 | 1012,0.0 | 0.0
2011-09-29,31.0,15.0,42.0,20.0,29.85,0.0,31 | 87.8,15 | 59.0,42,20 | 12.43,29.85 | 1011,0.0 | 0.0
2011-09-30,31.0,16.0,44.0,19.0,29.85,0.0,31 | 87.8,16 | 60.8,44,19 | 11.81,29.85 | 1011,0.0 | 0.0
2011-10-01,31.0,18.0,50.0,21.0,29.85,0.0,31 | 87.8,18 | 64.4,50,21 | 13.05,29.85 | 1011,0.0 | 0.0
2011-10-02,31.0,19.0,52.0,21.0,29.85,10.8,31 | 87.8,19 | 66.2,52,21 | 13.05,29.85 | 1011,10.8 | 0.43
2011-10-03,31.0,18.0,51.0,21.0,29.88,2.4,31 | 87.8,18 | 64.4,51,21 | 13.05,29.88 | 1012,2.4 | 0.09
2011-10-04,31.0,17.0,47.0,18.0,29.85,0.0,31 | 87.8,17 | 62.6,47,18 | 11.18,29.85 | 1011,0.0 | 0.0
2011-10-05,32.0,18.0,46.0,19.0,29.83,0.8,32 | 89.6,18 | 64.4,46,19 | 11.81,29.83 | 1010,0.8 | 0.03
2011-10-06,31.0,18.0,46.0,20.0,29.85,0.0,31 | 87.8,18 | 64.4,46,20 | 12.43,29.85 | 1011,0.0 | 0.0
2011-10-07,30.0,17.0,49.0,25.0,29.88,2.3,30 | 86.0,17 | 62.6,49,25 | 15.53,29.88 | 1012,2.3 | 0.09
2011-10-08,29.0,17.0,50.0,20.0,29.91,0.4,29 | 84.2,17 | 62.6,50,20 | 12.43,29.91 | 1013,0.4 | 0.02
2011-10-09,30.0,18.0,51.0,20.0,29.88,8.7,30 | 86.0,18 | 64.4,51,20 | 12.43,29.88 | 1012,8.7 | 0.34
2011-10-10,30.0,19.0,52.0,21.0,29.88,4.9,30 | 86.0,19 | 66.2,52,21 | 13.05,29.88 | 1012,4.9 | 0.19
2011-10-11,30.0,19.0,57.0,20.0,29.85,16.6,30 | 86.0,19 | 66.2,57,20 | 12.43,29.85 | 1011,16.6 | 0.65
2011-10-12,29.0,20.0,62.0,16.0,29.83,31.5,29 | 84.2,20 | 68.0,62,16 | 9.94,29.83 | 1010,31.5 | 1.24
2011-10-13,29.0,20.0,64.0,16.0,29.83,27.8,29 | 84.2,20 | 68.0,64,16 | 9.94,29.83 | 1010,27.8 | 1.09
2011-10-14,26.0,20.0,72.0,14.0,29.85,16.2,26 | 78.8,20 | 68.0,72,14 | 8.7,29.85 | 1011,16.2 | 0.64
2011-10-15,28.0,20.0,66.0,10.0,29.85,23.3,28 | 82.4,20 | 68.0,66,10 | 6.21,29.85 | 1011,23.3 | 0.92
2011-10-16,28.0,21.0,67.0,9.0,29.83,30.0,28 | 82.4,21 | 69.8,67,9 | 5.59,29.83 | 1010,30.0 | 1.18
2011-10-17,28.0,21.0,67.0,9.0,29.83,4.3,28 | 82.4,21 | 69.8,67,9 | 5.59,29.83 | 1010,4.3 | 0.17
2011-10-18,28.0,21.0,66.0,13.0,29.83,34.2,28 | 82.4,21 | 69.8,66,13 | 8.08,29.83 | 1010,34.2 | 1.35
2011-10-19,28.0,20.0,65.0,11.0,29.83,10.4,28 | 82.4,20 | 68.0,65,11 | 6.84,29.83 | 1010,10.4 | 0.41
2011-10-20,29.0,20.0,61.0,12.0,29.83,2.4,29 | 84.2,20 | 68.0,61,12 | 7.46,29.83 | 1010,2.4 | 0.09
2011-10-21,30.0,20.0,59.0,11.0,29.8,5.5,30 | 86.0,20 | 68.0,59,11 | 6.84,29.8 | 1009,5.5 | 0.22
2011-10-22,30.0,20.0,58.0,14.0,29.8,0.7,30 | 86.0,20 | 68.0,58,14 | 8.7,29.8 | 1009,0.7 | 0.03
2011-10-23,29.0,20.0,61.0,13.0,29.83,8.0,29 | 84.2,20 | 68.0,61,13 | 8.08,29.83 | 1010,8.0 | 0.31
2011-10-24,28.0,21.0,69.0,13.0,29.8,74.3,28 | 82.4,21 | 69.8,69,13 | 8.08,29.8 | 1009,74.3 | 2.93
2011-10-25,29.0,20.0,63.0,12.0,29.8,4.8,29 | 84.2,20 | 68.0,63,12 | 7.46,29.8 | 1009,4.8 | 0.19
2011-10-26,30.0,18.0,53.0,10.0,29.77,0.4,30 | 86.0,18 | 64.4,53,10 | 6.21,29.77 | 1008,0.4 | 0.02
2011-10-27,30.0,20.0,59.0,15.0,29.8,21.3,30 | 86.0,20 | 68.0,59,15 | 9.32,29.8 | 1009,21.3 | 0.84
2011-10-28,29.0,20.0,60.0,13.0,29.8,15.7,29 | 84.2,20 | 68.0,60,13 | 8.08,29.8 | 1009,15.7 | 0.62
2011-10-29,28.0,21.0,66.0,16.0,29.83,11.6,28 | 82.4,21 | 69.8,66,16 | 9.94,29.83 | 1010,11.6 | 0.46
2011-10-30,29.0,19.0,59.0,13.0,29.8,1.9,29 | 84.2,19 | 66.2,59,13 | 8.08,29.8 | 1009,1.9 | 0.07
2011-10-31,30.0,19.0,55.0,15.0,29.8,0.4,30 | 86.0,19 | 66.2,55,15 | 9.32,29.8 | 1009,0.4 | 0.02
2011-11-01,30.0,20.0,58.0,16.0,29.8,1.2,30 | 86.0,20 | 68.0,58,16 | 9.94,29.8 | 1009,1.2 | 0.05
2011-11-02,30.0,21.0,61.0,17.0,29.8,4.7,30 | 86.0,21 | 69.8,61,17 | 10.56,29.8 | 1009,4.7 | 0.19
2011-11-03,30.0,21.0,63.0,18.0,29.8,13.5,30 | 86.0,21 | 69.8,63,18 | 11.18,29.8 | 1009,13.5 | 0.53
2011-11-04,30.0,21.0,62.0,12.0,29.8,12.5,30 | 86.0,21 | 69.8,62,12 | 7.46,29.8 | 1009,12.5 | 0.49
2011-11-05,30.0,21.0,62.0,13.0,29.83,24.1,30 | 86.0,21 | 69.8,62,13 | 8.08,29.83 | 1010,24.1 | 0.95
2011-11-06,29.0,21.0,66.0,10.0,29.85,23.3,29 | 84.2,21 | 69.8,66,10 | 6.21,29.85 | 1011,23.3 | 0.92
2011-11-07,30.0,21.0,59.0,10.0,29.83,5.3,30 | 86.0,21 | 69.8,59,10 | 6.21,29.83 | 1010,5.3 | 0.21
2011-11-08,29.0,21.0,63.0,14.0,29.83,21.3,29 | 84.2,21 | 69.8,63,14 | 8.7,29.83 | 1010,21.3 | 0.84
2011-11-09,28.0,21.0,72.0,17.0,29.83,83.6,28 | 82.4,21 | 69.8,72,17 | 10.56,29.83 | 1010,83.6 | 3.29
2011-11-10,25.0,22.0,83.0,10.0,29.83,156.1,25 | 77.0,22 | 71.6,83,10 | 6.21,29.83 | 1010,156.1 | 6.15
2011-11-11,28.0,21.0,71.0,8.0,29.85,11.5,28 | 82.4,21 | 69.8,71,8 | 4.97,29.85 | 1011,11.5 | 0.45
2011-11-12,29.0,21.0,63.0,9.0,29.83,11.3,29 | 84.2,21 | 69.8,63,9 | 5.59,29.83 | 1010,11.3 | 0.44
2011-11-13,29.0,19.0,57.0,11.0,29.83,0.6,29 | 84.2,19 | 66.2,57,11 | 6.84,29.83 | 1010,0.6 | 0.02
2011-11-14,29.0,20.0,59.0,14.0,29.83,2.9,29 | 84.2,20 | 68.0,59,14 | 8.7,29.83 | 1010,2.9 | 0.11
2011-11-15,29.0,19.0,58.0,16.0,29.85,0.0,29 | 84.2,19 | 66.2,58,16 | 9.94,29.85 | 1011,0.0 | 0.0
2011-11-16,29.0,19.0,60.0,13.0,29.85,4.6,29 | 84.2,19 | 66.2,60,13 | 8.08,29.85 | 1011,4.6 | 0.18
2011-11-17,28.0,21.0,66.0,12.0,29.85,25.2,28 | 82.4,21 | 69.8,66,12 | 7.46,29.85 | 1011,25.2 | 0.99
2011-11-18,29.0,21.0,63.0,13.0,29.8,3.0,29 | 84.2,21 | 69.8,63,13 | 8.08,29.8 | 1009,3.0 | 0.12
2011-11-19,29.0,18.0,56.0,13.0,29.8,0.3,29 | 84.2,18 | 64.4,56,13 | 8.08,29.8 | 1009,0.3 | 0.01
2011-11-20,29.0,16.0,46.0,10.0,29.83,0.0,29 | 84.2,16 | 60.8,46,10 | 6.21,29.83 | 1010,0.0 | 0.0
2011-11-21,30.0,18.0,50.0,8.0,29.83,0.0,30 | 86.0,18 | 64.4,50,8 | 4.97,29.83 | 1010,0.0 | 0.0
2011-11-22,30.0,20.0,57.0,12.0,29.83,2.8,30 | 86.0,20 | 68.0,57,12 | 7.46,29.83 | 1010,2.8 | 0.11
2011-11-23,29.0,21.0,62.0,14.0,29.83,16.1,29 | 84.2,21 | 69.8,62,14 | 8.7,29.83 | 1010,16.1 | 0.63
2011-11-24,29.0,21.0,64.0,15.0,29.8,3.4,29 | 84.2,21 | 69.8,64,15 | 9.32,29.8 | 1009,3.4 | 0.13
2011-11-25,29.0,20.0,63.0,14.0,29.83,13.3,29 | 84.2,20 | 68.0,63,14 | 8.7,29.83 | 1010,13.3 | 0.52
2011-11-26,29.0,18.0,55.0,11.0,29.8,0.0,29 | 84.2,18 | 64.4,55,11 | 6.84,29.8 | 1009,0.0 | 0.0
2011-11-27,30.0,20.0,58.0,11.0,29.83,3.1,30 | 86.0,20 | 68.0,58,11 | 6.84,29.83 | 1010,3.1 | 0.12
2011-11-28,30.0,20.0,59.0,13.0,29.83,10.1,30 | 86.0,20 | 68.0,59,13 | 8.08,29.83 | 1010,10.1 | 0.4
2011-11-29,28.0,20.0,64.0,9.0,29.83,4.9,28 | 82.4,20 | 68.0,64,9 | 5.59,29.83 | 1010,4.9 | 0.19
2011-11-30,29.0,21.0,64.0,13.0,29.83,29.0,29 | 84.2,21 | 69.8,64,13 | 8.08,29.83 | 1010,29.0 | 1.14
2011-12-01,28.0,21.0,68.0,11.0,29.85,12.2,28 | 82.4,21 | 69.8,68,11 | 6.84,29.85 | 1011,12.2 | 0.48
2011-12-02,28.0,21.0,66.0,11.0,29.85,20.1,28 | 82.4,21 | 69.8,66,11 | 6.84,29.85 | 1011,20.1 | 0.79
2011-12-03,29.0,19.0,55.0,11.0,29.8,0.4,29 | 84.2,19 | 66.2,55,11 | 6.84,29.8 | 1009,0.4 | 0.02
2011-12-04,29.0,17.0,49.0,11.0,29.8,0.0,29 | 84.2,17 | 62.6,49,11 | 6.84,29.8 | 1009,0.0 | 0.0
2011-12-05,30.0,16.0,46.0,11.0,29.8,0.0,30 | 86.0,16 | 60.8,46,11 | 6.84,29.8 | 1009,0.0 | 0.0
2011-12-06,30.0,17.0,48.0,12.0,29.83,0.1,30 | 86.0,17 | 62.6,48,12 | 7.46,29.83 | 1010,0.1 | 0.0
2011-12-07,31.0,17.0,47.0,13.0,29.8,0.0,31 | 87.8,17 | 62.6,47,13 | 8.08,29.8 | 1009,0.0 | 0.0
2011-12-08,30.0,15.0,43.0,15.0,29.8,0.0,30 | 86.0,15 | 59.0,43,15 | 9.32,29.8 | 1009,0.0 | 0.0
2011-12-09,30.0,13.0,38.0,17.0,29.8,0.0,30 | 86.0,13 | 55.4,38,17 | 10.56,29.8 | 1009,0.0 | 0.0
2011-12-10,30.0,11.0,35.0,16.0,29.83,0.0,30 | 86.0,11 | 51.8,35,16 | 9.94,29.83 | 1010,0.0 | 0.0
2011-12-11,30.0,13.0,38.0,13.0,29.83,0.0,30 | 86.0,13 | 55.4,38,13 | 8.08,29.83 | 1010,0.0 | 0.0
2011-12-12,30.0,15.0,42.0,14.0,29.83,0.0,30 | 86.0,15 | 59.0,42,14 | 8.7,29.83 | 1010,0.0 | 0.0
2011-12-13,30.0,13.0,38.0,12.0,29.83,0.0,30 | 86.0,13 | 55.4,38,12 | 7.46,29.83 | 1010,0.0 | 0.0
2011-12-14,31.0,16.0,42.0,10.0,29.83,0.0,31 | 87.8,16 | 60.8,42,10 | 6.21,29.83 | 1010,0.0 | 0.0
2011-12-15,31.0,17.0,45.0,12.0,29.83,0.6,31 | 87.8,17 | 62.6,45,12 | 7.46,29.83 | 1010,0.6 | 0.02
2011-12-16,31.0,17.0,45.0,13.0,29.83,0.0,31 | 87.8,17 | 62.6,45,13 | 8.08,29.83 | 1010,0.0 | 0.0
2011-12-17,31.0,17.0,46.0,12.0,29.8,0.0,31 | 87.8,17 | 62.6,46,12 | 7.46,29.8 | 1009,0.0 | 0.0
2011-12-18,31.0,17.0,45.0,14.0,29.83,0.0,31 | 87.8,17 | 62.6,45,14 | 8.7,29.83 | 1010,0.0 | 0.0
2011-12-19,31.0,14.0,38.0,15.0,29.83,0.0,31 | 87.8,14 | 57.2,38,15 | 9.32,29.83 | 1010,0.0 | 0.0
2011-12-20,31.0,11.0,32.0,16.0,29.85,0.0,31 | 87.8,11 | 51.8,32,16 | 9.94,29.85 | 1011,0.0 | 0.0
2011-12-21,31.0,10.0,30.0,17.0,29.85,0.0,31 | 87.8,10 | 50.0,30,17 | 10.56,29.85 | 1011,0.0 | 0.0
2011-12-22,31.0,11.0,32.0,17.0,29.85,0.0,31 | 87.8,11 | 51.8,32,17 | 10.56,29.85 | 1011,0.0 | 0.0
2011-12-23,30.0,12.0,34.0,13.0,29.85,0.0,30 | 86.0,12 | 53.6,34,13 | 8.08,29.85 | 1011,0.0 | 0.0
2011-12-24,30.0,13.0,37.0,9.0,29.85,0.0,30 | 86.0,13 | 55.4,37,9 | 5.59,29.85 | 1011,0.0 | 0.0
2011-12-25,31.0,14.0,36.0,7.0,29.85,0.0,31 | 87.8,14 | 57.2,36,7 | 4.35,29.85 | 1011,0.0 | 0.0
2011-12-26,31.0,13.0,37.0,11.0,29.85,0.0,31 | 87.8,13 | 55.4,37,11 | 6.84,29.85 | 1011,0.0 | 0.0
2011-12-27,31.0,3.0,19.0,18.0,29.85,0.0,31 | 87.8,3 | 37.4,19,18 | 11.18,29.85 | 1011,0.0 | 0.0
2011-12-28,31.0,5.0,21.0,18.0,29.85,0.0,31 | 87.8,5 | 41.0,21,18 | 11.18,29.85 | 1011,0.0 | 0.0
2011-12-29,30.0,5.0,22.0,18.0,29.88,0.0,30 | 86.0,5 | 41.0,22,18 | 11.18,29.88 | 1012,0.0 | 0.0
2011-12-30,30.0,9.0,28.0,19.0,29.88,0.0,30 | 86.0,9 | 48.2,28,19 | 11.81,29.88 | 1012,0.0 | 0.0
2011-12-31,30.0,9.0,28.0,19.0,29.91,0.0,30 | 86.0,9 | 48.2,28,19 | 11.81,29.91 | 1013,0.0 | 0.0
2012-01-01,30.0,8.0,27.0,16.0,29.88,0.0,30 | 86.0,8 | 46.4,27,16 | 9.94,29.88 | 1012,0.0 | 0.0
2012-01-02,30.0,9.0,29.0,15.0,29.88,0.0,30 | 86.0,9 | 48.2,29,15 | 9.32,29.88 | 1012,0.0 | 0.0
2012-01-03,30.0,8.0,28.0,11.0,29.85,0.0,30 | 86.0,8 | 46.4,28,11 | 6.84,29.85 | 1011,0.0 | 0.0
2012-01-04,31.0,9.0,28.0,14.0,29.83,0.0,31 | 87.8,9 | 48.2,28,14 | 8.7,29.83 | 1010,0.0 | 0.0
2012-01-05,30.0,10.0,29.0,13.0,29.85,0.0,30 | 86.0,10 | 50.0,29,13 | 8.08,29.85 | 1011,0.0 | 0.0
2012-01-06,31.0,10.0,30.0,16.0,29.85,0.0,31 | 87.8,10 | 50.0,30,16 | 9.94,29.85 | 1011,0.0 | 0.0
2012-01-07,31.0,10.0,31.0,12.0,29.83,0.0,31 | 87.8,10 | 50.0,31,12 | 7.46,29.83 | 1010,0.0 | 0.0
2012-01-08,32.0,13.0,36.0,19.0,29.85,0.0,32 | 89.6,13 | 55.4,36,19 | 11.81,29.85 | 1011,0.0 | 0.0
2012-01-09,31.0,11.0,34.0,14.0,29.85,0.0,31 | 87.8,11 | 51.8,34,14 | 8.7,29.85 | 1011,0.0 | 0.0
2012-01-10,32.0,13.0,36.0,20.0,29.85,0.0,32 | 89.6,13 | 55.4,36,20 | 12.43,29.85 | 1011,0.0 | 0.0
2012-01-11,31.0,9.0,28.0,21.0,29.88,0.0,31 | 87.8,9 | 48.2,28,21 | 13.05,29.88 | 1012,0.0 | 0.0
2012-01-12,31.0,7.0,26.0,19.0,29.88,0.0,31 | 87.8,7 | 44.6,26,19 | 11.81,29.88 | 1012,0.0 | 0.0
2012-01-13,30.0,7.0,25.0,13.0,29.88,0.0,30 | 86.0,7 | 44.6,25,13 | 8.08,29.88 | 1012,0.0 | 0.0
2012-01-14,31.0,8.0,26.0,11.0,29.85,0.0,31 | 87.8,8 | 46.4,26,11 | 6.84,29.85 | 1011,0.0 | 0.0
2012-01-15,32.0,6.0,23.0,16.0,29.8,0.0,32 | 89.6,6 | 42.8,23,16 | 9.94,29.8 | 1009,0.0 | 0.0
2012-01-16,31.0,5.0,22.0,19.0,29.77,0.0,31 | 87.8,5 | 41.0,22,19 | 11.81,29.77 | 1008,0.0 | 0.0
2012-01-17,30.0,7.0,24.0,18.0,29.8,0.0,30 | 86.0,7 | 44.6,24,18 | 11.18,29.8 | 1009,0.0 | 0.0
2012-01-18,31.0,8.0,26.0,19.0,29.8,0.0,31 | 87.8,8 | 46.4,26,19 | 11.81,29.8 | 1009,0.0 | 0.0
2012-01-19,31.0,7.0,25.0,16.0,29.83,0.0,31 | 87.8,7 | 44.6,25,16 | 9.94,29.83 | 1010,0.0 | 0.0
2012-01-20,31.0,7.0,24.0,16.0,29.8,0.0,31 | 87.8,7 | 44.6,24,16 | 9.94,29.8 | 1009,0.0 | 0.0
2012-01-21,31.0,8.0,27.0,15.0,29.8,0.0,31 | 87.8,8 | 46.4,27,15 | 9.32,29.8 | 1009,0.0 | 0.0
2012-01-22,32.0,9.0,26.0,17.0,29.8,0.0,32 | 89.6,9 | 48.2,26,17 | 10.56,29.8 | 1009,0.0 | 0.0
2012-01-23,31.0,11.0,31.0,16.0,29.83,0.0,31 | 87.8,11 | 51.8,31,16 | 9.94,29.83 | 1010,0.0 | 0.0
2012-01-24,32.0,12.0,32.0,17.0,29.83,0.0,32 | 89.6,12 | 53.6,32,17 | 10.56,29.83 | 1010,0.0 | 0.0
2012-01-25,32.0,12.0,34.0,19.0,29.83,0.0,32 | 89.6,12 | 53.6,34,19 | 11.81,29.83 | 1010,0.0 | 0.0
2012-01-26,31.0,11.0,32.0,17.0,29.83,0.0,31 | 87.8,11 | 51.8,32,17 | 10.56,29.83 | 1010,0.0 | 0.0
2012-01-27,31.0,8.0,26.0,16.0,29.85,0.0,31 | 87.8,8 | 46.4,26,16 | 9.94,29.85 | 1011,0.0 | 0.0
2012-01-28,31.0,9.0,27.0,17.0,29.83,0.0,31 | 87.8,9 | 48.2,27,17 | 10.56,29.83 | 1010,0.0 | 0.0
2012-01-29,31.0,9.0,28.0,20.0,29.8,0.0,31 | 87.8,9 | 48.2,28,20 | 12.43,29.8 | 1009,0.0 | 0.0
2012-01-30,31.0,8.0,28.0,21.0,29.8,0.0,31 | 87.8,8 | 46.4,28,21 | 13.05,29.8 | 1009,0.0 | 0.0
2012-01-31,30.0,8.0,28.0,21.0,29.85,0.0,30 | 86.0,8 | 46.4,28,21 | 13.05,29.85 | 1011,0.0 | 0.0
2012-02-01,31.0,8.0,27.0,15.0,29.85,0.0,31 | 87.8,8 | 46.4,27,15 | 9.32,29.85 | 1011,0.0 | 0.0
2012-02-02,31.0,6.0,24.0,9.0,29.85,0.0,31 | 87.8,6 | 42.8,24,9 | 5.59,29.85 | 1011,0.0 | 0.0
2012-02-03,31.0,7.0,25.0,11.0,29.85,0.0,31 | 87.8,7 | 44.6,25,11 | 6.84,29.85 | 1011,0.0 | 0.0
2012-02-04,31.0,11.0,31.0,17.0,29.85,0.3,31 | 87.8,11 | 51.8,31,17 | 10.56,29.85 | 1011,0.3 | 0.01
2012-02-05,31.0,10.0,30.0,20.0,29.83,0.0,31 | 87.8,10 | 50.0,30,20 | 12.43,29.83 | 1010,0.0 | 0.0
2012-02-06,31.0,10.0,30.0,19.0,29.83,0.0,31 | 87.8,10 | 50.0,30,19 | 11.81,29.83 | 1010,0.0 | 0.0
2012-02-07,31.0,8.0,27.0,22.0,29.83,0.0,31 | 87.8,8 | 46.4,27,22 | 13.67,29.83 | 1010,0.0 | 0.0
2012-02-08,31.0,11.0,32.0,22.0,29.83,0.0,31 | 87.8,11 | 51.8,32,22 | 13.67,29.83 | 1010,0.0 | 0.0
2012-02-09,31.0,11.0,31.0,19.0,29.8,0.0,31 | 87.8,11 | 51.8,31,19 | 11.81,29.8 | 1009,0.0 | 0.0
2012-02-10,31.0,10.0,30.0,16.0,29.8,0.0,31 | 87.8,10 | 50.0,30,16 | 9.94,29.8 | 1009,0.0 | 0.0
2012-02-11,32.0,11.0,31.0,16.0,29.8,0.0,32 | 89.6,11 | 51.8,31,16 | 9.94,29.8 | 1009,0.0 | 0.0
2012-02-12,32.0,9.0,27.0,17.0,29.8,0.0,32 | 89.6,9 | 48.2,27,17 | 10.56,29.8 | 1009,0.0 | 0.0
2012-02-13,32.0,7.0,24.0,21.0,29.8,0.0,32 | 89.6,7 | 44.6,24,21 | 13.05,29.8 | 1009,0.0 | 0.0
2012-02-14,32.0,5.0,23.0,24.0,29.8,0.0,32 | 89.6,5 | 41.0,23,24 | 14.91,29.8 | 1009,0.0 | 0.0
2012-02-15,31.0,6.0,23.0,22.0,29.85,0.0,31 | 87.8,6 | 42.8,23,22 | 13.67,29.85 | 1011,0.0 | 0.0
2012-02-16,31.0,13.0,35.0,15.0,29.8,0.0,31 | 87.8,13 | 55.4,35,15 | 9.32,29.8 | 1009,0.0 | 0.0
2012-02-17,32.0,17.0,43.0,17.0,29.77,1.2,32 | 89.6,17 | 62.6,43,17 | 10.56,29.77 | 1008,1.2 | 0.05
2012-02-18,33.0,15.0,40.0,14.0,29.77,0.6,33 | 91.4,15 | 59.0,40,14 | 8.7,29.77 | 1008,0.6 | 0.02
2012-02-19,32.0,14.0,38.0,16.0,29.8,0.0,32 | 89.6,14 | 57.2,38,16 | 9.94,29.8 | 1009,0.0 | 0.0
2012-02-20,32.0,12.0,33.0,16.0,29.83,0.0,32 | 89.6,12 | 53.6,33,16 | 9.94,29.83 | 1010,0.0 | 0.0
2012-02-21,32.0,11.0,29.0,18.0,29.8,0.0,32 | 89.6,11 | 51.8,29,18 | 11.18,29.8 | 1009,0.0 | 0.0
2012-02-22,32.0,11.0,31.0,21.0,29.77,0.0,32 | 89.6,11 | 51.8,31,21 | 13.05,29.77 | 1008,0.0 | 0.0
2012-02-23,32.0,8.0,26.0,24.0,29.77,0.0,32 | 89.6,8 | 46.4,26,24 | 14.91,29.77 | 1008,0.0 | 0.0
2012-02-24,32.0,9.0,29.0,23.0,29.77,0.0,32 | 89.6,9 | 48.2,29,23 | 14.29,29.77 | 1008,0.0 | 0.0
2012-02-25,32.0,9.0,27.0,13.0,29.74,0.0,32 | 89.6,9 | 48.2,27,13 | 8.08,29.74 | 1007,0.0 | 0.0
2012-02-26,32.0,11.0,30.0,12.0,29.68,0.0,32 | 89.6,11 | 51.8,30,12 | 7.46,29.68 | 1005,0.0 | 0.0
2012-02-27,33.0,13.0,33.0,16.0,29.71,0.0,33 | 91.4,13 | 55.4,33,16 | 9.94,29.71 | 1006,0.0 | 0.0
2012-02-28,32.0,10.0,28.0,20.0,29.77,0.0,32 | 89.6,10 | 50.0,28,20 | 12.43,29.77 | 1008,0.0 | 0.0
2012-02-29,33.0,8.0,27.0,20.0,29.71,0.0,33 | 91.4,8 | 46.4,27,20 | 12.43,29.71 | 1006,0.0 | 0.0
2012-03-01,33.0,6.0,20.0,16.0,29.71,0.0,33 | 91.4,6 | 42.8,20,16 | 9.94,29.71 | 1006,0.0 | 0.0
2012-03-02,32.0,11.0,30.0,16.0,29.77,0.0,32 | 89.6,11 | 51.8,30,16 | 9.94,29.77 | 1008,0.0 | 0.0
2012-03-03,32.0,14.0,37.0,13.0,29.77,0.0,32 | 89.6,14 | 57.2,37,13 | 8.08,29.77 | 1008,0.0 | 0.0
2012-03-04,33.0,13.0,33.0,13.0,29.74,0.0,33 | 91.4,13 | 55.4,33,13 | 8.08,29.74 | 1007,0.0 | 0.0
2012-03-05,33.0,13.0,34.0,18.0,29.77,0.0,33 | 91.4,13 | 55.4,34,18 | 11.18,29.77 | 1008,0.0 | 0.0
2012-03-06,34.0,11.0,29.0,20.0,29.77,0.0,34 | 93.2,11 | 51.8,29,20 | 12.43,29.77 | 1008,0.0 | 0.0
2012-03-07,33.0,6.0,23.0,22.0,29.8,0.0,33 | 91.4,6 | 42.8,23,22 | 13.67,29.8 | 1009,0.0 | 0.0
2012-03-08,32.0,8.0,27.0,19.0,29.83,0.0,32 | 89.6,8 | 46.4,27,19 | 11.81,29.83 | 1010,0.0 | 0.0
2012-03-09,31.0,10.0,30.0,16.0,29.83,0.0,31 | 87.8,10 | 50.0,30,16 | 9.94,29.83 | 1010,0.0 | 0.0
2012-03-10,31.0,7.0,27.0,10.0,29.8,0.0,31 | 87.8,7 | 44.6,27,10 | 6.21,29.8 | 1009,0.0 | 0.0
2012-03-11,31.0,7.0,28.0,12.0,29.8,0.0,31 | 87.8,7 | 44.6,28,12 | 7.46,29.8 | 1009,0.0 | 0.0
2012-03-12,32.0,4.0,21.0,15.0,29.83,0.0,32 | 89.6,4 | 39.2,21,15 | 9.32,29.83 | 1010,0.0 | 0.0
2012-03-13,32.0,8.0,27.0,16.0,29.85,0.0,32 | 89.6,8 | 46.4,27,16 | 9.94,29.85 | 1011,0.0 | 0.0
2012-03-14,31.0,5.0,22.0,16.0,29.85,0.0,31 | 87.8,5 | 41.0,22,16 | 9.94,29.85 | 1011,0.0 | 0.0
2012-03-15,31.0,8.0,27.0,14.0,29.85,0.0,31 | 87.8,8 | 46.4,27,14 | 8.7,29.85 | 1011,0.0 | 0.0
2012-03-16,32.0,12.0,36.0,14.0,29.83,0.0,32 | 89.6,12 | 53.6,36,14 | 8.7,29.83 | 1010,0.0 | 0.0
2012-03-17,33.0,14.0,37.0,14.0,29.8,0.0,33 | 91.4,14 | 57.2,37,14 | 8.7,29.8 | 1009,0.0 | 0.0
2012-03-18,33.0,16.0,40.0,16.0,29.8,0.0,33 | 91.4,16 | 60.8,40,16 | 9.94,29.8 | 1009,0.0 | 0.0
2012-03-19,33.0,13.0,34.0,19.0,29.83,0.0,33 | 91.4,13 | 55.4,34,19 | 11.81,29.83 | 1010,0.0 | 0.0
2012-03-20,33.0,12.0,31.0,19.0,29.85,0.0,33 | 91.4,12 | 53.6,31,19 | 11.81,29.85 | 1011,0.0 | 0.0
2012-03-21,32.0,11.0,32.0,17.0,29.83,0.0,32 | 89.6,11 | 51.8,32,17 | 10.56,29.83 | 1010,0.0 | 0.0
2012-03-22,32.0,12.0,35.0,13.0,29.8,0.0,32 | 89.6,12 | 53.6,35,13 | 8.08,29.8 | 1009,0.0 | 0.0
2012-03-23,33.0,13.0,37.0,17.0,29.8,0.0,33 | 91.4,13 | 55.4,37,17 | 10.56,29.8 | 1009,0.0 | 0.0
2012-03-24,33.0,11.0,32.0,17.0,29.8,0.0,33 | 91.4,11 | 51.8,32,17 | 10.56,29.8 | 1009,0.0 | 0.0
2012-03-25,33.0,9.0,28.0,18.0,29.83,0.0,33 | 91.4,9 | 48.2,28,18 | 11.18,29.83 | 1010,0.0 | 0.0
2012-03-26,31.0,11.0,35.0,13.0,29.83,0.0,31 | 87.8,11 | 51.8,35,13 | 8.08,29.83 | 1010,0.0 | 0.0
2012-03-27,32.0,14.0,39.0,13.0,29.83,0.0,32 | 89.6,14 | 57.2,39,13 | 8.08,29.83 | 1010,0.0 | 0.0
2012-03-28,32.0,15.0,40.0,14.0,29.83,0.0,32 | 89.6,15 | 59.0,40,14 | 8.7,29.83 | 1010,0.0 | 0.0
2012-03-29,33.0,16.0,40.0,16.0,29.85,0.0,33 | 91.4,16 | 60.8,40,16 | 9.94,29.85 | 1011,0.0 | 0.0
2012-03-30,32.0,16.0,41.0,14.0,29.85,0.0,32 | 89.6,16 | 60.8,41,14 | 8.7,29.85 | 1011,0.0 | 0.0
2012-03-31,33.0,15.0,40.0,14.0,29.83,0.0,33 | 91.4,15 | 59.0,40,14 | 8.7,29.83 | 1010,0.0 | 0.0
2012-04-01,32.0,18.0,48.0,17.0,29.85,3.7,32 | 89.6,18 | 64.4,48,17 | 10.56,29.85 | 1011,3.7 | 0.15
2012-04-02,32.0,17.0,45.0,13.0,29.83,3.4,32 | 89.6,17 | 62.6,45,13 | 8.08,29.83 | 1010,3.4 | 0.13
2012-04-03,33.0,15.0,36.0,16.0,29.83,0.0,33 | 91.4,15 | 59.0,36,16 | 9.94,29.83 | 1010,0.0 | 0.0
2012-04-04,33.0,13.0,34.0,17.0,29.83,0.0,33 | 91.4,13 | 55.4,34,17 | 10.56,29.83 | 1010,0.0 | 0.0
2012-04-05,33.0,13.0,37.0,17.0,29.8,0.0,33 | 91.4,13 | 55.4,37,17 | 10.56,29.8 | 1009,0.0 | 0.0
2012-04-06,32.0,16.0,42.0,14.0,29.8,2.1,32 | 89.6,16 | 60.8,42,14 | 8.7,29.8 | 1009,2.1 | 0.08
2012-04-07,32.0,17.0,44.0,16.0,29.8,0.8,32 | 89.6,17 | 62.6,44,16 | 9.94,29.8 | 1009,0.8 | 0.03
2012-04-08,31.0,17.0,45.0,18.0,29.77,4.3,31 | 87.8,17 | 62.6,45,18 | 11.18,29.77 | 1008,4.3 | 0.17
2012-04-09,31.0,17.0,47.0,17.0,29.8,0.1,31 | 87.8,17 | 62.6,47,17 | 10.56,29.8 | 1009,0.1 | 0.0
2012-04-10,31.0,16.0,43.0,13.0,29.8,0.0,31 | 87.8,16 | 60.8,43,13 | 8.08,29.8 | 1009,0.0 | 0.0
2012-04-11,32.0,16.0,39.0,15.0,29.8,0.0,32 | 89.6,16 | 60.8,39,15 | 9.32,29.8 | 1009,0.0 | 0.0
2012-04-12,31.0,17.0,45.0,17.0,29.8,0.0,31 | 87.8,17 | 62.6,45,17 | 10.56,29.8 | 1009,0.0 | 0.0
2012-04-13,31.0,19.0,51.0,14.0,29.8,12.3,31 | 87.8,19 | 66.2,51,14 | 8.7,29.8 | 1009,12.3 | 0.48
2012-04-14,32.0,19.0,49.0,14.0,29.77,1.0,32 | 89.6,19 | 66.2,49,14 | 8.7,29.77 | 1008,1.0 | 0.04
2012-04-15,30.0,21.0,58.0,16.0,29.8,33.3,30 | 86.0,21 | 69.8,58,16 | 9.94,29.8 | 1009,33.3 | 1.31
2012-04-16,31.0,20.0,55.0,11.0,29.8,4.0,31 | 87.8,20 | 68.0,55,11 | 6.84,29.8 | 1009,4.0 | 0.16
2012-04-17,32.0,20.0,52.0,13.0,29.77,1.6,32 | 89.6,20 | 68.0,52,13 | 8.08,29.77 | 1008,1.6 | 0.06
2012-04-18,31.0,21.0,56.0,13.0,29.77,4.7,31 | 87.8,21 | 69.8,56,13 | 8.08,29.77 | 1008,4.7 | 0.19
2012-04-19,31.0,21.0,59.0,14.0,29.77,4.2,31 | 87.8,21 | 69.8,59,14 | 8.7,29.77 | 1008,4.2 | 0.17
2012-04-20,30.0,21.0,61.0,16.0,29.8,32.8,30 | 86.0,21 | 69.8,61,16 | 9.94,29.8 | 1009,32.8 | 1.29
2012-04-21,26.0,22.0,81.0,12.0,29.85,157.4,26 | 78.8,22 | 71.6,81,12 | 7.46,29.85 | 1011,157.4 | 6.2
2012-04-22,29.0,21.0,66.0,8.0,29.83,1.1,29 | 84.2,21 | 69.8,66,8 | 4.97,29.83 | 1010,1.1 | 0.04
2012-04-23,30.0,20.0,59.0,12.0,29.8,13.6,30 | 86.0,20 | 68.0,59,12 | 7.46,29.8 | 1009,13.6 | 0.54
2012-04-24,30.0,21.0,63.0,15.0,29.83,23.8,30 | 86.0,21 | 69.8,63,15 | 9.32,29.83 | 1010,23.8 | 0.94
2012-04-25,31.0,20.0,58.0,15.0,29.85,7.7,31 | 87.8,20 | 68.0,58,15 | 9.32,29.85 | 1011,7.7 | 0.3
2012-04-26,31.0,20.0,55.0,19.0,29.83,0.0,31 | 87.8,20 | 68.0,55,19 | 11.81,29.83 | 1010,0.0 | 0.0
2012-04-27,30.0,21.0,65.0,20.0,29.85,26.6,30 | 86.0,21 | 69.8,65,20 | 12.43,29.85 | 1011,26.6 | 1.05
2012-04-28,29.0,22.0,68.0,10.0,29.83,37.9,29 | 84.2,22 | 71.6,68,10 | 6.21,29.83 | 1010,37.9 | 1.49
2012-04-29,30.0,21.0,64.0,9.0,29.83,13.1,30 | 86.0,21 | 69.8,64,9 | 5.59,29.83 | 1010,13.1 | 0.52
2012-04-30,30.0,22.0,63.0,11.0,29.8,8.0,30 | 86.0,22 | 71.6,63,11 | 6.84,29.8 | 1009,8.0 | 0.31
2012-05-01,30.0,21.0,61.0,14.0,29.8,5.9,30 | 86.0,21 | 69.8,61,14 | 8.7,29.8 | 1009,5.9 | 0.23
2012-05-02,30.0,21.0,60.0,14.0,29.83,2.3,30 | 86.0,21 | 69.8,60,14 | 8.7,29.83 | 1010,2.3 | 0.09
2012-05-03,30.0,22.0,64.0,16.0,29.8,22.7,30 | 86.0,22 | 71.6,64,16 | 9.94,29.8 | 1009,22.7 | 0.89
2012-05-04,29.0,22.0,68.0,16.0,29.8,44.4,29 | 84.2,22 | 71.6,68,16 | 9.94,29.8 | 1009,44.4 | 1.75
2012-05-05,29.0,22.0,70.0,18.0,29.83,61.7,29 | 84.2,22 | 71.6,70,18 | 11.18,29.83 | 1010,61.7 | 2.43
2012-05-06,29.0,21.0,67.0,17.0,29.83,3.2,29 | 84.2,21 | 69.8,67,17 | 10.56,29.83 | 1010,3.2 | 0.13
2012-05-07,29.0,20.0,62.0,18.0,29.83,7.5,29 | 84.2,20 | 68.0,62,18 | 11.18,29.83 | 1010,7.5 | 0.3
2012-05-08,29.0,20.0,64.0,21.0,29.83,4.5,29 | 84.2,20 | 68.0,64,21 | 13.05,29.83 | 1010,4.5 | 0.18
2012-05-09,29.0,20.0,63.0,18.0,29.83,9.0,29 | 84.2,20 | 68.0,63,18 | 11.18,29.83 | 1010,9.0 | 0.35
2012-05-10,29.0,20.0,61.0,15.0,29.88,0.4,29 | 84.2,20 | 68.0,61,15 | 9.32,29.88 | 1012,0.4 | 0.02
2012-05-11,29.0,21.0,64.0,15.0,29.85,27.9,29 | 84.2,21 | 69.8,64,15 | 9.32,29.85 | 1011,27.9 | 1.1
2012-05-12,26.0,22.0,76.0,11.0,29.83,47.7,26 | 78.8,22 | 71.6,76,11 | 6.84,29.83 | 1010,47.7 | 1.88
2012-05-13,26.0,22.0,81.0,15.0,29.83,70.8,26 | 78.8,22 | 71.6,81,15 | 9.32,29.83 | 1010,70.8 | 2.79
2012-05-14,28.0,22.0,73.0,14.0,29.83,14.7,28 | 82.4,22 | 71.6,73,14 | 8.7,29.83 | 1010,14.7 | 0.58
2012-05-15,29.0,22.0,70.0,13.0,29.85,27.2,29 | 84.2,22 | 71.6,70,13 | 8.08,29.85 | 1011,27.2 | 1.07
2012-05-16,30.0,22.0,67.0,18.0,29.85,2.4,30 | 86.0,22 | 71.6,67,18 | 11.18,29.85 | 1011,2.4 | 0.09
2012-05-17,27.0,20.0,69.0,19.0,29.85,0.3,27 | 80.6,20 | 68.0,69,19 | 11.81,29.85 | 1011,0.3 | 0.01
2012-05-18,29.0,20.0,64.0,17.0,29.83,0.0,29 | 84.2,20 | 68.0,64,17 | 10.56,29.83 | 1010,0.0 | 0.0
2012-05-19,29.0,19.0,59.0,15.0,29.85,0.0,29 | 84.2,19 | 66.2,59,15 | 9.32,29.85 | 1011,0.0 | 0.0
2012-05-20,30.0,19.0,56.0,12.0,29.85,0.0,30 | 86.0,19 | 66.2,56,12 | 7.46,29.85 | 1011,0.0 | 0.0
2012-05-21,31.0,20.0,54.0,13.0,29.83,0.9,31 | 87.8,20 | 68.0,54,13 | 8.08,29.83 | 1010,0.9 | 0.04
2012-05-22,28.0,21.0,66.0,16.0,29.85,44.2,28 | 82.4,21 | 69.8,66,16 | 9.94,29.85 | 1011,44.2 | 1.74
2012-05-23,30.0,21.0,64.0,18.0,29.88,5.8,30 | 86.0,21 | 69.8,64,18 | 11.18,29.88 | 1012,5.8 | 0.23
2012-05-24,30.0,21.0,63.0,17.0,29.88,3.1,30 | 86.0,21 | 69.8,63,17 | 10.56,29.88 | 1012,3.1 | 0.12
2012-05-25,29.0,21.0,64.0,17.0,29.88,0.3,29 | 84.2,21 | 69.8,64,17 | 10.56,29.88 | 1012,0.3 | 0.01
2012-05-26,30.0,20.0,60.0,18.0,29.91,0.5,30 | 86.0,20 | 68.0,60,18 | 11.18,29.91 | 1013,0.5 | 0.02
2012-05-27,29.0,20.0,64.0,22.0,29.91,0.2,29 | 84.2,20 | 68.0,64,22 | 13.67,29.91 | 1013,0.2 | 0.01
2012-05-28,29.0,20.0,61.0,22.0,29.91,0.0,29 | 84.2,20 | 68.0,61,22 | 13.67,29.91 | 1013,0.0 | 0.0
2012-05-29,29.0,19.0,59.0,22.0,29.94,0.0,29 | 84.2,19 | 66.2,59,22 | 13.67,29.94 | 1014,0.0 | 0.0
2012-05-30,30.0,19.0,56.0,20.0,29.94,0.0,30 | 86.0,19 | 66.2,56,20 | 12.43,29.94 | 1014,0.0 | 0.0
2012-05-31,30.0,19.0,57.0,22.0,29.94,0.3,30 | 86.0,19 | 66.2,57,22 | 13.67,29.94 | 1014,0.3 | 0.01
2012-06-01,29.0,19.0,57.0,26.0,29.91,0.0,29 | 84.2,19 | 66.2,57,26 | 16.16,29.91 | 1013,0.0 | 0.0
2012-06-02,29.0,17.0,54.0,25.0,29.91,0.0,29 | 84.2,17 | 62.6,54,25 | 15.53,29.91 | 1013,0.0 | 0.0
2012-06-03,29.0,18.0,56.0,22.0,29.91,0.1,29 | 84.2,18 | 64.4,56,22 | 13.67,29.91 | 1013,0.1 | 0.0
2012-06-04,28.0,18.0,58.0,24.0,29.94,5.3,28 | 82.4,18 | 64.4,58,24 | 14.91,29.94 | 1014,5.3 | 0.21
2012-06-05,28.0,18.0,55.0,21.0,29.94,0.2,28 | 82.4,18 | 64.4,55,21 | 13.05,29.94 | 1014,0.2 | 0.01
2012-06-06,28.0,17.0,54.0,23.0,29.91,0.0,28 | 82.4,17 | 62.6,54,23 | 14.29,29.91 | 1013,0.0 | 0.0
2012-06-07,29.0,18.0,53.0,23.0,29.88,0.0,29 | 84.2,18 | 64.4,53,23 | 14.29,29.88 | 1012,0.0 | 0.0
2012-06-08,29.0,18.0,55.0,24.0,29.88,0.0,29 | 84.2,18 | 64.4,55,24 | 14.91,29.88 | 1012,0.0 | 0.0
2012-06-09,31.0,18.0,51.0,19.0,29.88,0.0,31 | 87.8,18 | 64.4,51,19 | 11.81,29.88 | 1012,0.0 | 0.0
2012-06-10,30.0,18.0,54.0,24.0,29.91,0.0,30 | 86.0,18 | 64.4,54,24 | 14.91,29.91 | 1013,0.0 | 0.0
2012-06-11,30.0,19.0,56.0,21.0,29.91,0.0,30 | 86.0,19 | 66.2,56,21 | 13.05,29.91 | 1013,0.0 | 0.0
2012-06-12,29.0,18.0,53.0,26.0,29.91,0.2,29 | 84.2,18 | 64.4,53,26 | 16.16,29.91 | 1013,0.2 | 0.01
2012-06-13,29.0,18.0,55.0,24.0,29.88,0.0,29 | 84.2,18 | 64.4,55,24 | 14.91,29.88 | 1012,0.0 | 0.0
2012-06-14,29.0,18.0,58.0,25.0,29.88,0.8,29 | 84.2,18 | 64.4,58,25 | 15.53,29.88 | 1012,0.8 | 0.03
2012-06-15,28.0,18.0,59.0,24.0,29.91,1.2,28 | 82.4,18 | 64.4,59,24 | 14.91,29.91 | 1013,1.2 | 0.05
2012-06-16,29.0,17.0,54.0,25.0,29.91,0.2,29 | 84.2,17 | 62.6,54,25 | 15.53,29.91 | 1013,0.2 | 0.01
2012-06-17,28.0,17.0,54.0,24.0,29.91,0.0,28 | 82.4,17 | 62.6,54,24 | 14.91,29.91 | 1013,0.0 | 0.0
2012-06-18,29.0,18.0,55.0,26.0,29.94,0.3,29 | 84.2,18 | 64.4,55,26 | 16.16,29.94 | 1014,0.3 | 0.01
2012-06-19,29.0,17.0,55.0,26.0,29.97,0.5,29 | 84.2,17 | 62.6,55,26 | 16.16,29.97 | 1015,0.5 | 0.02
2012-06-20,28.0,17.0,54.0,26.0,29.94,0.0,28 | 82.4,17 | 62.6,54,26 | 16.16,29.94 | 1014,0.0 | 0.0
2012-06-21,29.0,17.0,54.0,23.0,29.91,0.0,29 | 84.2,17 | 62.6,54,23 | 14.29,29.91 | 1013,0.0 | 0.0
2012-06-22,29.0,19.0,57.0,24.0,29.91,0.3,29 | 84.2,19 | 66.2,57,24 | 14.91,29.91 | 1013,0.3 | 0.01
2012-06-23,30.0,19.0,57.0,24.0,29.91,0.8,30 | 86.0,19 | 66.2,57,24 | 14.91,29.91 | 1013,0.8 | 0.03
2012-06-24,28.0,18.0,56.0,26.0,29.91,0.0,28 | 82.4,18 | 64.4,56,26 | 16.16,29.91 | 1013,0.0 | 0.0
2012-06-25,30.0,17.0,52.0,23.0,29.88,0.0,30 | 86.0,17 | 62.6,52,23 | 14.29,29.88 | 1012,0.0 | 0.0
2012-06-26,28.0,17.0,54.0,27.0,29.94,0.0,28 | 82.4,17 | 62.6,54,27 | 16.78,29.94 | 1014,0.0 | 0.0
2012-06-27,28.0,17.0,53.0,27.0,29.94,0.0,28 | 82.4,17 | 62.6,53,27 | 16.78,29.94 | 1014,0.0 | 0.0
2012-06-28,28.0,17.0,53.0,26.0,29.94,0.0,28 | 82.4,17 | 62.6,53,26 | 16.16,29.94 | 1014,0.0 | 0.0
2012-06-29,28.0,17.0,55.0,24.0,29.91,0.8,28 | 82.4,17 | 62.6,55,24 | 14.91,29.91 | 1013,0.8 | 0.03
2012-06-30,28.0,16.0,53.0,27.0,29.91,0.0,28 | 82.4,16 | 60.8,53,27 | 16.78,29.91 | 1013,0.0 | 0.0
2012-07-01,28.0,16.0,51.0,27.0,29.88,0.0,28 | 82.4,16 | 60.8,51,27 | 16.78,29.88 | 1012,0.0 | 0.0
2012-07-02,29.0,17.0,52.0,26.0,29.88,0.0,29 | 84.2,17 | 62.6,52,26 | 16.16,29.88 | 1012,0.0 | 0.0
2012-07-03,29.0,17.0,53.0,27.0,29.88,0.0,29 | 84.2,17 | 62.6,53,27 | 16.78,29.88 | 1012,0.0 | 0.0
2012-07-04,28.0,17.0,53.0,29.0,29.85,0.0,28 | 82.4,17 | 62.6,53,29 | 18.02,29.85 | 1011,0.0 | 0.0
2012-07-05,28.0,17.0,53.0,31.0,29.88,0.0,28 | 82.4,17 | 62.6,53,31 | 19.26,29.88 | 1012,0.0 | 0.0
2012-07-06,29.0,16.0,51.0,28.0,29.88,0.0,29 | 84.2,16 | 60.8,51,28 | 17.4,29.88 | 1012,0.0 | 0.0
2012-07-07,29.0,16.0,49.0,29.0,29.88,0.0,29 | 84.2,16 | 60.8,49,29 | 18.02,29.88 | 1012,0.0 | 0.0
2012-07-08,29.0,16.0,49.0,28.0,29.85,0.0,29 | 84.2,16 | 60.8,49,28 | 17.4,29.85 | 1011,0.0 | 0.0
2012-07-09,28.0,17.0,54.0,29.0,29.88,0.0,28 | 82.4,17 | 62.6,54,29 | 18.02,29.88 | 1012,0.0 | 0.0
2012-07-10,28.0,16.0,52.0,26.0,29.91,0.0,28 | 82.4,16 | 60.8,52,26 | 16.16,29.91 | 1013,0.0 | 0.0
2012-07-11,28.0,16.0,51.0,27.0,29.91,0.0,28 | 82.4,16 | 60.8,51,27 | 16.78,29.91 | 1013,0.0 | 0.0
2012-07-12,28.0,16.0,52.0,28.0,29.91,0.0,28 | 82.4,16 | 60.8,52,28 | 17.4,29.91 | 1013,0.0 | 0.0
2012-07-13,28.0,16.0,49.0,26.0,29.91,0.0,28 | 82.4,16 | 60.8,49,26 | 16.16,29.91 | 1013,0.0 | 0.0
2012-07-14,29.0,18.0,53.0,26.0,29.91,2.1,29 | 84.2,18 | 64.4,53,26 | 16.16,29.91 | 1013,2.1 | 0.08
2012-07-15,28.0,17.0,55.0,25.0,29.91,0.8,28 | 82.4,17 | 62.6,55,25 | 15.53,29.91 | 1013,0.8 | 0.03
2012-07-16,28.0,17.0,53.0,26.0,29.88,0.0,28 | 82.4,17 | 62.6,53,26 | 16.16,29.88 | 1012,0.0 | 0.0
2012-07-17,28.0,17.0,53.0,28.0,29.91,0.0,28 | 82.4,17 | 62.6,53,28 | 17.4,29.91 | 1013,0.0 | 0.0
2012-07-18,27.0,14.0,46.0,26.0,29.97,0.0,27 | 80.6,14 | 57.2,46,26 | 16.16,29.97 | 1015,0.0 | 0.0
2012-07-19,27.0,16.0,54.0,23.0,29.97,0.2,27 | 80.6,16 | 60.8,54,23 | 14.29,29.97 | 1015,0.2 | 0.01
2012-07-20,27.0,16.0,54.0,24.0,29.97,0.0,27 | 80.6,16 | 60.8,54,24 | 14.91,29.97 | 1015,0.0 | 0.0
2012-07-21,29.0,16.0,50.0,26.0,29.94,0.0,29 | 84.2,16 | 60.8,50,26 | 16.16,29.94 | 1014,0.0 | 0.0
2012-07-22,29.0,16.0,50.0,27.0,29.94,0.0,29 | 84.2,16 | 60.8,50,27 | 16.78,29.94 | 1014,0.0 | 0.0
2012-07-23,29.0,14.0,45.0,26.0,29.91,0.0,29 | 84.2,14 | 57.2,45,26 | 16.16,29.91 | 1013,0.0 | 0.0
2012-07-24,29.0,16.0,51.0,28.0,29.88,0.0,29 | 84.2,16 | 60.8,51,28 | 17.4,29.88 | 1012,0.0 | 0.0
2012-07-25,28.0,16.0,50.0,29.0,29.91,0.0,28 | 82.4,16 | 60.8,50,29 | 18.02,29.91 | 1013,0.0 | 0.0
2012-07-26,29.0,15.0,46.0,28.0,29.94,0.0,29 | 84.2,15 | 59.0,46,28 | 17.4,29.94 | 1014,0.0 | 0.0
2012-07-27,29.0,14.0,44.0,28.0,29.88,0.0,29 | 84.2,14 | 57.2,44,28 | 17.4,29.88 | 1012,0.0 | 0.0
2012-07-28,29.0,15.0,46.0,28.0,29.88,0.0,29 | 84.2,15 | 59.0,46,28 | 17.4,29.88 | 1012,0.0 | 0.0
2012-07-29,26.0,16.0,57.0,28.0,29.94,0.0,26 | 78.8,16 | 60.8,57,28 | 17.4,29.94 | 1014,0.0 | 0.0
2012-07-30,29.0,15.0,47.0,29.0,29.91,0.0,29 | 84.2,15 | 59.0,47,29 | 18.02,29.91 | 1013,0.0 | 0.0
2012-07-31,29.0,16.0,49.0,27.0,29.91,0.0,29 | 84.2,16 | 60.8,49,27 | 16.78,29.91 | 1013,0.0 | 0.0
2012-08-01,28.0,17.0,54.0,24.0,29.91,0.3,28 | 82.4,17 | 62.6,54,24 | 14.91,29.91 | 1013,0.3 | 0.01
2012-08-02,28.0,18.0,57.0,25.0,29.94,0.0,28 | 82.4,18 | 64.4,57,25 | 15.53,29.94 | 1014,0.0 | 0.0
2012-08-03,30.0,18.0,55.0,27.0,29.94,9.4,30 | 86.0,18 | 64.4,55,27 | 16.78,29.94 | 1014,9.4 | 0.37
2012-08-04,29.0,17.0,54.0,25.0,29.94,0.1,29 | 84.2,17 | 62.6,54,25 | 15.53,29.94 | 1014,0.1 | 0.0
2012-08-05,29.0,16.0,50.0,25.0,29.91,0.0,29 | 84.2,16 | 60.8,50,25 | 15.53,29.91 | 1013,0.0 | 0.0
2012-08-06,29.0,17.0,52.0,24.0,29.88,0.0,29 | 84.2,17 | 62.6,52,24 | 14.91,29.88 | 1012,0.0 | 0.0
2012-08-07,29.0,18.0,54.0,22.0,29.88,0.0,29 | 84.2,18 | 64.4,54,22 | 13.67,29.88 | 1012,0.0 | 0.0
2012-08-08,29.0,16.0,50.0,24.0,29.94,0.0,29 | 84.2,16 | 60.8,50,24 | 14.91,29.94 | 1014,0.0 | 0.0
2012-08-09,29.0,17.0,52.0,25.0,29.94,0.0,29 | 84.2,17 | 62.6,52,25 | 15.53,29.94 | 1014,0.0 | 0.0
2012-08-10,29.0,16.0,50.0,25.0,29.94,0.0,29 | 84.2,16 | 60.8,50,25 | 15.53,29.94 | 1014,0.0 | 0.0
2012-08-11,30.0,17.0,50.0,25.0,29.91,0.0,30 | 86.0,17 | 62.6,50,25 | 15.53,29.91 | 1013,0.0 | 0.0
2012-08-12,28.0,15.0,50.0,27.0,29.91,0.0,28 | 82.4,15 | 59.0,50,27 | 16.78,29.91 | 1013,0.0 | 0.0
2012-08-13,29.0,14.0,43.0,26.0,29.88,0.0,29 | 84.2,14 | 57.2,43,26 | 16.16,29.88 | 1012,0.0 | 0.0
2012-08-14,29.0,15.0,47.0,29.0,29.91,0.0,29 | 84.2,15 | 59.0,47,29 | 18.02,29.91 | 1013,0.0 | 0.0
2012-08-15,29.0,15.0,45.0,29.0,29.91,0.0,29 | 84.2,15 | 59.0,45,29 | 18.02,29.91 | 1013,0.0 | 0.0
2012-08-16,29.0,15.0,46.0,28.0,29.91,0.0,29 | 84.2,15 | 59.0,46,28 | 17.4,29.91 | 1013,0.0 | 0.0
2012-08-17,29.0,16.0,48.0,28.0,29.91,0.0,29 | 84.2,16 | 60.8,48,28 | 17.4,29.91 | 1013,0.0 | 0.0
2012-08-18,29.0,15.0,45.0,25.0,29.91,0.0,29 | 84.2,15 | 59.0,45,25 | 15.53,29.91 | 1013,0.0 | 0.0
2012-08-19,30.0,15.0,43.0,22.0,29.91,0.0,30 | 86.0,15 | 59.0,43,22 | 13.67,29.91 | 1013,0.0 | 0.0
2012-08-20,29.0,18.0,54.0,28.0,29.91,0.2,29 | 84.2,18 | 64.4,54,28 | 17.4,29.91 | 1013,0.2 | 0.01
2012-08-21,29.0,15.0,47.0,27.0,29.91,0.0,29 | 84.2,15 | 59.0,47,27 | 16.78,29.91 | 1013,0.0 | 0.0
2012-08-22,29.0,15.0,46.0,27.0,29.91,0.0,29 | 84.2,15 | 59.0,46,27 | 16.78,29.91 | 1013,0.0 | 0.0
2012-08-23,29.0,13.0,41.0,27.0,29.88,0.0,29 | 84.2,13 | 55.4,41,27 | 16.78,29.88 | 1012,0.0 | 0.0
2012-08-24,29.0,16.0,47.0,28.0,29.88,0.3,29 | 84.2,16 | 60.8,47,28 | 17.4,29.88 | 1012,0.3 | 0.01
2012-08-25,29.0,16.0,49.0,27.0,29.91,0.0,29 | 84.2,16 | 60.8,49,27 | 16.78,29.91 | 1013,0.0 | 0.0
2012-08-26,30.0,17.0,49.0,25.0,29.91,0.0,30 | 86.0,17 | 62.6,49,25 | 15.53,29.91 | 1013,0.0 | 0.0
2012-08-27,30.0,16.0,48.0,26.0,29.91,0.0,30 | 86.0,16 | 60.8,48,26 | 16.16,29.91 | 1013,0.0 | 0.0
2012-08-28,30.0,16.0,47.0,27.0,29.91,0.0,30 | 86.0,16 | 60.8,47,27 | 16.78,29.91 | 1013,0.0 | 0.0
2012-08-29,29.0,17.0,50.0,24.0,29.91,0.0,29 | 84.2,17 | 62.6,50,24 | 14.91,29.91 | 1013,0.0 | 0.0
2012-08-30,29.0,17.0,52.0,23.0,29.91,0.0,29 | 84.2,17 | 62.6,52,23 | 14.29,29.91 | 1013,0.0 | 0.0
2012-08-31,29.0,17.0,51.0,23.0,29.91,0.0,29 | 84.2,17 | 62.6,51,23 | 14.29,29.91 | 1013,0.0 | 0.0
2012-09-01,30.0,17.0,51.0,27.0,29.88,0.0,30 | 86.0,17 | 62.6,51,27 | 16.78,29.88 | 1012,0.0 | 0.0
2012-09-02,29.0,16.0,48.0,27.0,29.91,0.0,29 | 84.2,16 | 60.8,48,27 | 16.78,29.91 | 1013,0.0 | 0.0
2012-09-03,29.0,15.0,45.0,27.0,29.91,0.0,29 | 84.2,15 | 59.0,45,27 | 16.78,29.91 | 1013,0.0 | 0.0
2012-09-04,30.0,14.0,42.0,27.0,29.91,0.0,30 | 86.0,14 | 57.2,42,27 | 16.78,29.91 | 1013,0.0 | 0.0
2012-09-05,30.0,15.0,43.0,26.0,29.88,0.0,30 | 86.0,15 | 59.0,43,26 | 16.16,29.88 | 1012,0.0 | 0.0
2012-09-06,30.0,17.0,50.0,28.0,29.91,0.0,30 | 86.0,17 | 62.6,50,28 | 17.4,29.91 | 1013,0.0 | 0.0
2012-09-07,29.0,16.0,49.0,27.0,29.94,0.0,29 | 84.2,16 | 60.8,49,27 | 16.78,29.94 | 1014,0.0 | 0.0
2012-09-08,30.0,15.0,46.0,26.0,29.91,0.0,30 | 86.0,15 | 59.0,46,26 | 16.16,29.91 | 1013,0.0 | 0.0
2012-09-09,30.0,15.0,46.0,27.0,29.91,0.0,30 | 86.0,15 | 59.0,46,27 | 16.78,29.91 | 1013,0.0 | 0.0
2012-09-10,30.0,15.0,45.0,25.0,29.91,0.0,30 | 86.0,15 | 59.0,45,25 | 15.53,29.91 | 1013,0.0 | 0.0
2012-09-11,31.0,18.0,51.0,23.0,29.88,0.1,31 | 87.8,18 | 64.4,51,23 | 14.29,29.88 | 1012,0.1 | 0.0
2012-09-12,30.0,18.0,51.0,24.0,29.91,0.1,30 | 86.0,18 | 64.4,51,24 | 14.91,29.91 | 1013,0.1 | 0.0
2012-09-13,30.0,17.0,51.0,24.0,29.91,0.1,30 | 86.0,17 | 62.6,51,24 | 14.91,29.91 | 1013,0.1 | 0.0
2012-09-14,30.0,16.0,47.0,23.0,29.91,0.0,30 | 86.0,16 | 60.8,47,23 | 14.29,29.91 | 1013,0.0 | 0.0
2012-09-15,30.0,15.0,45.0,25.0,29.91,0.0,30 | 86.0,15 | 59.0,45,25 | 15.53,29.91 | 1013,0.0 | 0.0
2012-09-16,30.0,17.0,49.0,22.0,29.91,0.1,30 | 86.0,17 | 62.6,49,22 | 13.67,29.91 | 1013,0.1 | 0.0
2012-09-17,30.0,17.0,50.0,24.0,29.94,0.0,30 | 86.0,17 | 62.6,50,24 | 14.91,29.94 | 1014,0.0 | 0.0
2012-09-18,30.0,16.0,46.0,23.0,29.91,0.0,30 | 86.0,16 | 60.8,46,23 | 14.29,29.91 | 1013,0.0 | 0.0
2012-09-19,29.0,17.0,53.0,25.0,29.91,0.0,29 | 84.2,17 | 62.6,53,25 | 15.53,29.91 | 1013,0.0 | 0.0
2012-09-20,29.0,15.0,48.0,21.0,29.88,0.0,29 | 84.2,15 | 59.0,48,21 | 13.05,29.88 | 1012,0.0 | 0.0
2012-09-21,30.0,14.0,44.0,24.0,29.88,0.0,30 | 86.0,14 | 57.2,44,24 | 14.91,29.88 | 1012,0.0 | 0.0
2012-09-22,29.0,14.0,44.0,25.0,29.91,0.0,29 | 84.2,14 | 57.2,44,25 | 15.53,29.91 | 1013,0.0 | 0.0
2012-09-23,30.0,13.0,41.0,21.0,29.88,0.0,30 | 86.0,13 | 55.4,41,21 | 13.05,29.88 | 1012,0.0 | 0.0
2012-09-24,30.0,14.0,41.0,20.0,29.85,0.0,30 | 86.0,14 | 57.2,41,20 | 12.43,29.85 | 1011,0.0 | 0.0
2012-09-25,31.0,14.0,40.0,19.0,29.83,0.0,31 | 87.8,14 | 57.2,40,19 | 11.81,29.83 | 1010,0.0 | 0.0
2012-09-26,31.0,16.0,45.0,23.0,29.88,0.0,31 | 87.8,16 | 60.8,45,23 | 14.29,29.88 | 1012,0.0 | 0.0
2012-09-27,30.0,18.0,53.0,23.0,29.91,4.2,30 | 86.0,18 | 64.4,53,23 | 14.29,29.91 | 1013,4.2 | 0.17
2012-09-28,27.0,19.0,61.0,13.0,29.94,13.9,27 | 80.6,19 | 66.2,61,13 | 8.08,29.94 | 1014,13.9 | 0.55
2012-09-29,31.0,17.0,49.0,16.0,29.91,0.0,31 | 87.8,17 | 62.6,49,16 | 9.94,29.91 | 1013,0.0 | 0.0
2012-09-30,31.0,17.0,48.0,20.0,29.88,0.0,31 | 87.8,17 | 62.6,48,20 | 12.43,29.88 | 1012,0.0 | 0.0
2012-10-01,31.0,17.0,46.0,20.0,29.88,0.0,31 | 87.8,17 | 62.6,46,20 | 12.43,29.88 | 1012,0.0 | 0.0
2012-10-02,30.0,18.0,50.0,23.0,29.91,0.9,30 | 86.0,18 | 64.4,50,23 | 14.29,29.91 | 1013,0.9 | 0.04
2012-10-03,30.0,18.0,51.0,23.0,29.91,0.4,30 | 86.0,18 | 64.4,51,23 | 14.29,29.91 | 1013,0.4 | 0.02
2012-10-04,30.0,16.0,48.0,22.0,29.88,0.0,30 | 86.0,16 | 60.8,48,22 | 13.67,29.88 | 1012,0.0 | 0.0
2012-10-05,30.0,16.0,47.0,21.0,29.85,0.0,30 | 86.0,16 | 60.8,47,21 | 13.05,29.85 | 1011,0.0 | 0.0
2012-10-06,30.0,17.0,46.0,20.0,29.88,0.0,30 | 86.0,17 | 62.6,46,20 | 12.43,29.88 | 1012,0.0 | 0.0
2012-10-07,31.0,17.0,47.0,19.0,29.88,0.4,31 | 87.8,17 | 62.6,47,19 | 11.81,29.88 | 1012,0.4 | 0.02
2012-10-08,31.0,18.0,49.0,18.0,29.85,4.9,31 | 87.8,18 | 64.4,49,18 | 11.18,29.85 | 1011,4.9 | 0.19
2012-10-09,31.0,18.0,48.0,17.0,29.83,0.2,31 | 87.8,18 | 64.4,48,17 | 10.56,29.83 | 1010,0.2 | 0.01
2012-10-10,31.0,19.0,49.0,14.0,29.83,7.7,31 | 87.8,19 | 66.2,49,14 | 8.7,29.83 | 1010,7.7 | 0.3
2012-10-11,31.0,20.0,54.0,17.0,29.83,11.9,31 | 87.8,20 | 68.0,54,17 | 10.56,29.83 | 1010,11.9 | 0.47
2012-10-12,30.0,20.0,56.0,17.0,29.85,4.3,30 | 86.0,20 | 68.0,56,17 | 10.56,29.85 | 1011,4.3 | 0.17
2012-10-13,30.0,20.0,57.0,15.0,29.85,15.8,30 | 86.0,20 | 68.0,57,15 | 9.32,29.85 | 1011,15.8 | 0.62
2012-10-14,29.0,20.0,63.0,19.0,29.85,7.1,29 | 84.2,20 | 68.0,63,19 | 11.81,29.85 | 1011,7.1 | 0.28
2012-10-15,29.0,18.0,57.0,15.0,29.88,0.0,29 | 84.2,18 | 64.4,57,15 | 9.32,29.88 | 1012,0.0 | 0.0
2012-10-16,29.0,19.0,56.0,16.0,29.91,7.5,29 | 84.2,19 | 66.2,56,16 | 9.94,29.91 | 1013,7.5 | 0.3
2012-10-17,29.0,19.0,61.0,12.0,29.88,20.8,29 | 84.2,19 | 66.2,61,12 | 7.46,29.88 | 1012,20.8 | 0.82
2012-10-18,30.0,20.0,58.0,14.0,29.83,2.9,30 | 86.0,20 | 68.0,58,14 | 8.7,29.83 | 1010,2.9 | 0.11
2012-10-19,30.0,19.0,54.0,14.0,29.83,0.0,30 | 86.0,19 | 66.2,54,14 | 8.7,29.83 | 1010,0.0 | 0.0
2012-10-20,31.0,18.0,51.0,18.0,29.83,0.1,31 | 87.8,18 | 64.4,51,18 | 11.18,29.83 | 1010,0.1 | 0.0
2012-10-21,29.0,20.0,61.0,17.0,29.85,24.3,29 | 84.2,20 | 68.0,61,17 | 10.56,29.85 | 1011,24.3 | 0.96
2012-10-22,27.0,21.0,71.0,9.0,29.85,45.5,27 | 80.6,21 | 69.8,71,9 | 5.59,29.85 | 1011,45.5 | 1.79
2012-10-23,29.0,21.0,65.0,7.0,29.83,9.2,29 | 84.2,21 | 69.8,65,7 | 4.35,29.83 | 1010,9.2 | 0.36
2012-10-24,30.0,20.0,60.0,9.0,29.83,5.1,30 | 86.0,20 | 68.0,60,9 | 5.59,29.83 | 1010,5.1 | 0.2
2012-10-25,31.0,20.0,57.0,12.0,29.83,0.4,31 | 87.8,20 | 68.0,57,12 | 7.46,29.83 | 1010,0.4 | 0.02
2012-10-26,31.0,20.0,56.0,18.0,29.8,0.2,31 | 87.8,20 | 68.0,56,18 | 11.18,29.8 | 1009,0.2 | 0.01
2012-10-27,29.0,17.0,53.0,18.0,29.83,0.7,29 | 84.2,17 | 62.6,53,18 | 11.18,29.83 | 1010,0.7 | 0.03
2012-10-28,29.0,18.0,56.0,6.0,29.85,10.2,29 | 84.2,18 | 64.4,56,6 | 3.73,29.85 | 1011,10.2 | 0.4
2012-10-29,30.0,20.0,57.0,8.0,29.83,3.4,30 | 86.0,20 | 68.0,57,8 | 4.97,29.83 | 1010,3.4 | 0.13
2012-10-30,29.0,21.0,62.0,16.0,29.8,31.6,29 | 84.2,21 | 69.8,62,16 | 9.94,29.8 | 1009,31.6 | 1.24
2012-10-31,29.0,21.0,63.0,11.0,29.8,11.3,29 | 84.2,21 | 69.8,63,11 | 6.84,29.8 | 1009,11.3 | 0.44
2012-11-01,30.0,19.0,56.0,12.0,29.83,1.1,30 | 86.0,19 | 66.2,56,12 | 7.46,29.83 | 1010,1.1 | 0.04
2012-11-02,31.0,18.0,51.0,12.0,29.83,0.2,31 | 87.8,18 | 64.4,51,12 | 7.46,29.83 | 1010,0.2 | 0.01
2012-11-03,30.0,19.0,53.0,13.0,29.85,1.5,30 | 86.0,19 | 66.2,53,13 | 8.08,29.85 | 1011,1.5 | 0.06
2012-11-04,30.0,19.0,54.0,14.0,29.85,3.5,30 | 86.0,19 | 66.2,54,14 | 8.7,29.85 | 1011,3.5 | 0.14
2012-11-05,29.0,20.0,59.0,15.0,29.85,21.7,29 | 84.2,20 | 68.0,59,15 | 9.32,29.85 | 1011,21.7 | 0.85
2012-11-06,30.0,20.0,59.0,11.0,29.85,7.7,30 | 86.0,20 | 68.0,59,11 | 6.84,29.85 | 1011,7.7 | 0.3
2012-11-07,30.0,19.0,55.0,9.0,29.85,2.1,30 | 86.0,19 | 66.2,55,9 | 5.59,29.85 | 1011,2.1 | 0.08
2012-11-08,30.0,19.0,53.0,10.0,29.8,1.3,30 | 86.0,19 | 66.2,53,10 | 6.21,29.8 | 1009,1.3 | 0.05
2012-11-09,30.0,18.0,49.0,11.0,29.83,0.0,30 | 86.0,18 | 64.4,49,11 | 6.84,29.83 | 1010,0.0 | 0.0
2012-11-10,30.0,17.0,46.0,10.0,29.83,0.0,30 | 86.0,17 | 62.6,46,10 | 6.21,29.83 | 1010,0.0 | 0.0
2012-11-11,30.0,19.0,54.0,12.0,29.88,12.7,30 | 86.0,19 | 66.2,54,12 | 7.46,29.88 | 1012,12.7 | 0.5
2012-11-12,30.0,20.0,59.0,14.0,29.85,15.0,30 | 86.0,20 | 68.0,59,14 | 8.7,29.85 | 1011,15.0 | 0.59
2012-11-13,29.0,21.0,63.0,10.0,29.85,7.9,29 | 84.2,21 | 69.8,63,10 | 6.21,29.85 | 1011,7.9 | 0.31
2012-11-14,29.0,21.0,64.0,9.0,29.85,16.3,29 | 84.2,21 | 69.8,64,9 | 5.59,29.85 | 1011,16.3 | 0.64
2012-11-15,30.0,21.0,62.0,8.0,29.83,14.1,30 | 86.0,21 | 69.8,62,8 | 4.97,29.83 | 1010,14.1 | 0.56
2012-11-16,29.0,21.0,64.0,11.0,29.85,26.7,29 | 84.2,21 | 69.8,64,11 | 6.84,29.85 | 1011,26.7 | 1.05
2012-11-17,30.0,20.0,60.0,11.0,29.85,0.3,30 | 86.0,20 | 68.0,60,11 | 6.84,29.85 | 1011,0.3 | 0.01
2012-11-18,30.0,17.0,48.0,12.0,29.85,0.0,30 | 86.0,17 | 62.6,48,12 | 7.46,29.85 | 1011,0.0 | 0.0
2012-11-19,31.0,17.0,46.0,9.0,29.83,0.0,31 | 87.8,17 | 62.6,46,9 | 5.59,29.83 | 1010,0.0 | 0.0
2012-11-20,31.0,18.0,48.0,9.0,29.83,0.0,31 | 87.8,18 | 64.4,48,9 | 5.59,29.83 | 1010,0.0 | 0.0
2012-11-21,30.0,19.0,51.0,11.0,29.83,0.0,30 | 86.0,19 | 66.2,51,11 | 6.84,29.83 | 1010,0.0 | 0.0
2012-11-22,31.0,17.0,44.0,12.0,29.83,0.0,31 | 87.8,17 | 62.6,44,12 | 7.46,29.83 | 1010,0.0 | 0.0
2012-11-23,31.0,17.0,46.0,13.0,29.83,0.0,31 | 87.8,17 | 62.6,46,13 | 8.08,29.83 | 1010,0.0 | 0.0
2012-11-24,31.0,16.0,42.0,10.0,29.83,0.0,31 | 87.8,16 | 60.8,42,10 | 6.21,29.83 | 1010,0.0 | 0.0
2012-11-25,31.0,18.0,47.0,9.0,29.83,0.4,31 | 87.8,18 | 64.4,47,9 | 5.59,29.83 | 1010,0.4 | 0.02
2012-11-26,31.0,19.0,49.0,11.0,29.83,0.1,31 | 87.8,19 | 66.2,49,11 | 6.84,29.83 | 1010,0.1 | 0.0
2012-11-27,31.0,18.0,47.0,12.0,29.83,0.4,31 | 87.8,18 | 64.4,47,12 | 7.46,29.83 | 1010,0.4 | 0.02
2012-11-28,30.0,19.0,53.0,12.0,29.85,7.2,30 | 86.0,19 | 66.2,53,12 | 7.46,29.85 | 1011,7.2 | 0.28
2012-11-29,30.0,20.0,55.0,12.0,29.83,3.2,30 | 86.0,20 | 68.0,55,12 | 7.46,29.83 | 1010,3.2 | 0.13
2012-11-30,30.0,19.0,52.0,12.0,29.85,1.6,30 | 86.0,19 | 66.2,52,12 | 7.46,29.85 | 1011,1.6 | 0.06
2012-12-01,30.0,18.0,50.0,15.0,29.85,2.2,30 | 86.0,18 | 64.4,50,15 | 9.32,29.85 | 1011,2.2 | 0.09
2012-12-02,30.0,18.0,53.0,18.0,29.85,5.5,30 | 86.0,18 | 64.4,53,18 | 11.18,29.85 | 1011,5.5 | 0.22
2012-12-03,29.0,19.0,59.0,11.0,29.85,0.7,29 | 84.2,19 | 66.2,59,11 | 6.84,29.85 | 1011,0.7 | 0.03
2012-12-04,30.0,19.0,55.0,12.0,29.8,3.0,30 | 86.0,19 | 66.2,55,12 | 7.46,29.8 | 1009,3.0 | 0.12
2012-12-05,30.0,19.0,54.0,12.0,29.8,1.7,30 | 86.0,19 | 66.2,54,12 | 7.46,29.8 | 1009,1.7 | 0.07
2012-12-06,30.0,20.0,57.0,12.0,29.83,6.9,30 | 86.0,20 | 68.0,57,12 | 7.46,29.83 | 1010,6.9 | 0.27
2012-12-07,31.0,19.0,52.0,9.0,29.85,0.8,31 | 87.8,19 | 66.2,52,9 | 5.59,29.85 | 1011,0.8 | 0.03
2012-12-08,29.0,19.0,56.0,12.0,29.85,4.4,29 | 84.2,19 | 66.2,56,12 | 7.46,29.85 | 1011,4.4 | 0.17
2012-12-09,30.0,18.0,49.0,11.0,29.83,0.0,30 | 86.0,18 | 64.4,49,11 | 6.84,29.83 | 1010,0.0 | 0.0
2012-12-10,32.0,14.0,36.0,10.0,29.8,0.0,32 | 89.6,14 | 57.2,36,10 | 6.21,29.8 | 1009,0.0 | 0.0
2012-12-11,30.0,17.0,48.0,11.0,29.8,1.8,30 | 86.0,17 | 62.6,48,11 | 6.84,29.8 | 1009,1.8 | 0.07
2012-12-12,30.0,19.0,53.0,16.0,29.83,3.2,30 | 86.0,19 | 66.2,53,16 | 9.94,29.83 | 1010,3.2 | 0.13
2012-12-13,31.0,18.0,51.0,18.0,29.8,0.8,31 | 87.8,18 | 64.4,51,18 | 11.18,29.8 | 1009,0.8 | 0.03
2012-12-14,31.0,18.0,47.0,16.0,29.8,0.0,31 | 87.8,18 | 64.4,47,16 | 9.94,29.8 | 1009,0.0 | 0.0
2012-12-15,31.0,18.0,50.0,16.0,29.83,1.2,31 | 87.8,18 | 64.4,50,16 | 9.94,29.83 | 1010,1.2 | 0.05
2012-12-16,31.0,17.0,45.0,13.0,29.83,0.2,31 | 87.8,17 | 62.6,45,13 | 8.08,29.83 | 1010,0.2 | 0.01
2012-12-17,32.0,17.0,44.0,17.0,29.8,5.8,32 | 89.6,17 | 62.6,44,17 | 10.56,29.8 | 1009,5.8 | 0.23
2012-12-18,31.0,16.0,47.0,23.0,29.83,10.1,31 | 87.8,16 | 60.8,47,23 | 14.29,29.83 | 1010,10.1 | 0.4
2012-12-19,30.0,12.0,37.0,18.0,29.83,0.0,30 | 86.0,12 | 53.6,37,18 | 11.18,29.83 | 1010,0.0 | 0.0
2012-12-20,31.0,16.0,44.0,14.0,29.8,0.0,31 | 87.8,16 | 60.8,44,14 | 8.7,29.8 | 1009,0.0 | 0.0
2012-12-21,32.0,13.0,34.0,11.0,29.77,0.0,32 | 89.6,13 | 55.4,34,11 | 6.84,29.77 | 1008,0.0 | 0.0
2012-12-22,31.0,14.0,37.0,9.0,29.8,0.0,31 | 87.8,14 | 57.2,37,9 | 5.59,29.8 | 1009,0.0 | 0.0
2012-12-23,30.0,18.0,51.0,10.0,29.83,1.4,30 | 86.0,18 | 64.4,51,10 | 6.21,29.83 | 1010,1.4 | 0.06
2012-12-24,30.0,18.0,50.0,11.0,29.83,1.0,30 | 86.0,18 | 64.4,50,11 | 6.84,29.83 | 1010,1.0 | 0.04
2012-12-25,32.0,15.0,40.0,9.0,29.8,0.8,32 | 89.6,15 | 59.0,40,9 | 5.59,29.8 | 1009,0.8 | 0.03
2012-12-26,31.0,14.0,37.0,9.0,29.8,0.0,31 | 87.8,14 | 57.2,37,9 | 5.59,29.8 | 1009,0.0 | 0.0
2012-12-27,31.0,17.0,43.0,11.0,29.8,3.4,31 | 87.8,17 | 62.6,43,11 | 6.84,29.8 | 1009,3.4 | 0.13
2012-12-28,31.0,13.0,34.0,12.0,29.8,0.0,31 | 87.8,13 | 55.4,34,12 | 7.46,29.8 | 1009,0.0 | 0.0
2012-12-29,31.0,11.0,31.0,14.0,29.8,0.0,31 | 87.8,11 | 51.8,31,14 | 8.7,29.8 | 1009,0.0 | 0.0
2012-12-30,31.0,13.0,35.0,14.0,29.83,0.0,31 | 87.8,13 | 55.4,35,14 | 8.7,29.83 | 1010,0.0 | 0.0
2012-12-31,31.0,13.0,36.0,12.0,29.8,0.0,31 | 87.8,13 | 55.4,36,12 | 7.46,29.8 | 1009,0.0 | 0.0
2013-01-01,31.0,11.0,32.0,16.0,29.8,0.0,31 | 87.8,11 | 51.8,32,16 | 9.94,29.8 | 1009,0.0 | 0.0
2013-01-02,31.0,5.0,22.0,22.0,29.83,0.0,31 | 87.8,5 | 41.0,22,22 | 13.67,29.83 | 1010,0.0 | 0.0
2013-01-03,31.0,7.0,24.0,19.0,29.85,0.0,31 | 87.8,7 | 44.6,24,19 | 11.81,29.85 | 1011,0.0 | 0.0
2013-01-04,32.0,13.0,33.0,15.0,29.85,0.0,32 | 89.6,13 | 55.4,33,15 | 9.32,29.85 | 1011,0.0 | 0.0
2013-01-05,32.0,15.0,36.0,10.0,29.8,0.0,32 | 89.6,15 | 59.0,36,10 | 6.21,29.8 | 1009,0.0 | 0.0
2013-01-06,33.0,18.0,42.0,11.0,29.83,0.4,33 | 91.4,18 | 64.4,42,11 | 6.84,29.83 | 1010,0.4 | 0.02
2013-01-07,33.0,17.0,42.0,11.0,29.83,0.9,33 | 91.4,17 | 62.6,42,11 | 6.84,29.83 | 1010,0.9 | 0.04
2013-01-08,32.0,18.0,45.0,13.0,29.85,0.4,32 | 89.6,18 | 64.4,45,13 | 8.08,29.85 | 1011,0.4 | 0.02
2013-01-09,31.0,18.0,49.0,15.0,29.85,2.0,31 | 87.8,18 | 64.4,49,15 | 9.32,29.85 | 1011,2.0 | 0.08
2013-01-10,32.0,18.0,45.0,14.0,29.85,0.6,32 | 89.6,18 | 64.4,45,14 | 8.7,29.85 | 1011,0.6 | 0.02
2013-01-11,32.0,16.0,41.0,10.0,29.83,0.0,32 | 89.6,16 | 60.8,41,10 | 6.21,29.83 | 1010,0.0 | 0.0
2013-01-12,32.0,14.0,35.0,17.0,29.83,0.0,32 | 89.6,14 | 57.2,35,17 | 10.56,29.83 | 1010,0.0 | 0.0
2013-01-13,32.0,11.0,30.0,19.0,29.85,0.0,32 | 89.6,11 | 51.8,30,19 | 11.81,29.85 | 1011,0.0 | 0.0
2013-01-14,32.0,15.0,39.0,18.0,29.83,1.5,32 | 89.6,15 | 59.0,39,18 | 11.18,29.83 | 1010,1.5 | 0.06
2013-01-15,32.0,16.0,41.0,16.0,29.83,0.0,32 | 89.6,16 | 60.8,41,16 | 9.94,29.83 | 1010,0.0 | 0.0
2013-01-16,32.0,16.0,41.0,20.0,29.83,0.3,32 | 89.6,16 | 60.8,41,20 | 12.43,29.83 | 1010,0.3 | 0.01
2013-01-17,31.0,12.0,32.0,19.0,29.85,0.0,31 | 87.8,12 | 53.6,32,19 | 11.81,29.85 | 1011,0.0 | 0.0
2013-01-18,31.0,11.0,31.0,18.0,29.85,0.0,31 | 87.8,11 | 51.8,31,18 | 11.18,29.85 | 1011,0.0 | 0.0
2013-01-19,31.0,10.0,29.0,19.0,29.88,0.0,31 | 87.8,10 | 50.0,29,19 | 11.81,29.88 | 1012,0.0 | 0.0
2013-01-20,31.0,9.0,28.0,17.0,29.88,0.0,31 | 87.8,9 | 48.2,28,17 | 10.56,29.88 | 1012,0.0 | 0.0
2013-01-21,32.0,10.0,27.0,15.0,29.88,0.0,32 | 89.6,10 | 50.0,27,15 | 9.32,29.88 | 1012,0.0 | 0.0
2013-01-22,32.0,10.0,28.0,14.0,29.88,0.0,32 | 89.6,10 | 50.0,28,14 | 8.7,29.88 | 1012,0.0 | 0.0
2013-01-23,33.0,12.0,31.0,17.0,29.85,0.0,33 | 91.4,12 | 53.6,31,17 | 10.56,29.85 | 1011,0.0 | 0.0
2013-01-24,31.0,11.0,30.0,18.0,29.85,0.0,31 | 87.8,11 | 51.8,30,18 | 11.18,29.85 | 1011,0.0 | 0.0
2013-01-25,31.0,12.0,31.0,17.0,29.85,0.0,31 | 87.8,12 | 53.6,31,17 | 10.56,29.85 | 1011,0.0 | 0.0
2013-01-26,31.0,11.0,31.0,18.0,29.85,0.0,31 | 87.8,11 | 51.8,31,18 | 11.18,29.85 | 1011,0.0 | 0.0
2013-01-27,31.0,11.0,30.0,18.0,29.85,0.0,31 | 87.8,11 | 51.8,30,18 | 11.18,29.85 | 1011,0.0 | 0.0
2013-01-28,31.0,12.0,34.0,13.0,29.85,0.0,31 | 87.8,12 | 53.6,34,13 | 8.08,29.85 | 1011,0.0 | 0.0
2013-01-29,32.0,12.0,31.0,11.0,29.8,0.0,32 | 89.6,12 | 53.6,31,11 | 6.84,29.8 | 1009,0.0 | 0.0
2013-01-30,32.0,13.0,35.0,13.0,29.77,0.0,32 | 89.6,13 | 55.4,35,13 | 8.08,29.77 | 1008,0.0 | 0.0
2013-01-31,32.0,13.0,34.0,15.0,29.77,0.0,32 | 89.6,13 | 55.4,34,15 | 9.32,29.77 | 1008,0.0 | 0.0
2013-02-01,33.0,12.0,31.0,18.0,29.8,0.0,33 | 91.4,12 | 53.6,31,18 | 11.18,29.8 | 1009,0.0 | 0.0
2013-02-02,33.0,14.0,36.0,13.0,29.83,0.0,33 | 91.4,14 | 57.2,36,13 | 8.08,29.83 | 1010,0.0 | 0.0
2013-02-03,34.0,13.0,31.0,19.0,29.83,0.0,34 | 93.2,13 | 55.4,31,19 | 11.81,29.83 | 1010,0.0 | 0.0
2013-02-04,33.0,14.0,34.0,20.0,29.85,0.0,33 | 91.4,14 | 57.2,34,20 | 12.43,29.85 | 1011,0.0 | 0.0
2013-02-05,33.0,14.0,32.0,20.0,29.85,0.0,33 | 91.4,14 | 57.2,32,20 | 12.43,29.85 | 1011,0.0 | 0.0
2013-02-06,32.0,10.0,28.0,20.0,29.88,0.0,32 | 89.6,10 | 50.0,28,20 | 12.43,29.88 | 1012,0.0 | 0.0
2013-02-07,31.0,10.0,29.0,18.0,29.85,0.0,31 | 87.8,10 | 50.0,29,18 | 11.18,29.85 | 1011,0.0 | 0.0
2013-02-08,31.0,10.0,29.0,18.0,29.83,0.0,31 | 87.8,10 | 50.0,29,18 | 11.18,29.83 | 1010,0.0 | 0.0
2013-02-09,32.0,8.0,24.0,14.0,29.8,0.0,32 | 89.6,8 | 46.4,24,14 | 8.7,29.8 | 1009,0.0 | 0.0
2013-02-10,31.0,11.0,31.0,11.0,29.8,0.0,31 | 87.8,11 | 51.8,31,11 | 6.84,29.8 | 1009,0.0 | 0.0
2013-02-11,32.0,13.0,35.0,13.0,29.77,0.0,32 | 89.6,13 | 55.4,35,13 | 8.08,29.77 | 1008,0.0 | 0.0
2013-02-12,32.0,13.0,33.0,13.0,29.74,0.0,32 | 89.6,13 | 55.4,33,13 | 8.08,29.74 | 1007,0.0 | 0.0
2013-02-13,32.0,13.0,32.0,13.0,29.74,0.0,32 | 89.6,13 | 55.4,32,13 | 8.08,29.74 | 1007,0.0 | 0.0
2013-02-14,32.0,12.0,31.0,14.0,29.77,0.0,32 | 89.6,12 | 53.6,31,14 | 8.7,29.77 | 1008,0.0 | 0.0
2013-02-15,33.0,11.0,29.0,18.0,29.77,0.0,33 | 91.4,11 | 51.8,29,18 | 11.18,29.77 | 1008,0.0 | 0.0
2013-02-16,33.0,10.0,26.0,17.0,29.77,0.0,33 | 91.4,10 | 50.0,26,17 | 10.56,29.77 | 1008,0.0 | 0.0
2013-02-17,33.0,10.0,27.0,18.0,29.77,0.0,33 | 91.4,10 | 50.0,27,18 | 11.18,29.77 | 1008,0.0 | 0.0
2013-02-18,32.0,10.0,29.0,15.0,29.74,0.0,32 | 89.6,10 | 50.0,29,15 | 9.32,29.74 | 1007,0.0 | 0.0
2013-02-19,33.0,11.0,30.0,13.0,29.74,0.0,33 | 91.4,11 | 51.8,30,13 | 8.08,29.74 | 1007,0.0 | 0.0
2013-02-20,33.0,13.0,33.0,14.0,29.8,0.0,33 | 91.4,13 | 55.4,33,14 | 8.7,29.8 | 1009,0.0 | 0.0
2013-02-21,33.0,13.0,34.0,15.0,29.8,0.0,33 | 91.4,13 | 55.4,34,15 | 9.32,29.8 | 1009,0.0 | 0.0
2013-02-22,32.0,11.0,33.0,17.0,29.83,0.0,32 | 89.6,11 | 51.8,33,17 | 10.56,29.83 | 1010,0.0 | 0.0
2013-02-23,33.0,10.0,28.0,18.0,29.83,0.0,33 | 91.4,10 | 50.0,28,18 | 11.18,29.83 | 1010,0.0 | 0.0
2013-02-24,34.0,13.0,32.0,19.0,29.83,0.0,34 | 93.2,13 | 55.4,32,19 | 11.81,29.83 | 1010,0.0 | 0.0
2013-02-25,34.0,13.0,32.0,19.0,29.83,0.0,34 | 93.2,13 | 55.4,32,19 | 11.81,29.83 | 1010,0.0 | 0.0
2013-02-26,33.0,10.0,29.0,20.0,29.88,0.0,33 | 91.4,10 | 50.0,29,20 | 12.43,29.88 | 1012,0.0 | 0.0
2013-02-27,32.0,9.0,28.0,15.0,29.88,0.0,32 | 89.6,9 | 48.2,28,15 | 9.32,29.88 | 1012,0.0 | 0.0
2013-02-28,31.0,12.0,33.0,11.0,29.85,0.0,31 | 87.8,12 | 53.6,33,11 | 6.84,29.85 | 1011,0.0 | 0.0
2013-03-01,32.0,14.0,35.0,12.0,29.83,0.0,32 | 89.6,14 | 57.2,35,12 | 7.46,29.83 | 1010,0.0 | 0.0
2013-03-02,32.0,15.0,40.0,13.0,29.83,0.0,32 | 89.6,15 | 59.0,40,13 | 8.08,29.83 | 1010,0.0 | 0.0
2013-03-03,32.0,16.0,40.0,13.0,29.85,0.0,32 | 89.6,16 | 60.8,40,13 | 8.08,29.85 | 1011,0.0 | 0.0
2013-03-04,32.0,13.0,35.0,12.0,29.83,0.0,32 | 89.6,13 | 55.4,35,12 | 7.46,29.83 | 1010,0.0 | 0.0
2013-03-05,32.0,13.0,35.0,11.0,29.83,0.0,32 | 89.6,13 | 55.4,35,11 | 6.84,29.83 | 1010,0.0 | 0.0
2013-03-06,32.0,14.0,37.0,12.0,29.8,0.0,32 | 89.6,14 | 57.2,37,12 | 7.46,29.8 | 1009,0.0 | 0.0
2013-03-07,33.0,15.0,38.0,13.0,29.77,0.0,33 | 91.4,15 | 59.0,38,13 | 8.08,29.77 | 1008,0.0 | 0.0
2013-03-08,33.0,14.0,38.0,17.0,29.83,0.0,33 | 91.4,14 | 57.2,38,17 | 10.56,29.83 | 1010,0.0 | 0.0
2013-03-09,33.0,11.0,32.0,16.0,29.83,0.0,33 | 91.4,11 | 51.8,32,16 | 9.94,29.83 | 1010,0.0 | 0.0
2013-03-10,32.0,14.0,37.0,12.0,29.8,0.0,32 | 89.6,14 | 57.2,37,12 | 7.46,29.8 | 1009,0.0 | 0.0
2013-03-11,33.0,16.0,40.0,15.0,29.8,0.0,33 | 91.4,16 | 60.8,40,15 | 9.32,29.8 | 1009,0.0 | 0.0
2013-03-12,34.0,16.0,37.0,17.0,29.8,0.1,34 | 93.2,16 | 60.8,37,17 | 10.56,29.8 | 1009,0.1 | 0.0
2013-03-13,33.0,17.0,40.0,19.0,29.8,0.1,33 | 91.4,17 | 62.6,40,19 | 11.81,29.8 | 1009,0.1 | 0.0
2013-03-14,34.0,14.0,33.0,20.0,29.8,0.8,34 | 93.2,14 | 57.2,33,20 | 12.43,29.8 | 1009,0.8 | 0.03
2013-03-15,33.0,17.0,43.0,17.0,29.83,2.6,33 | 91.4,17 | 62.6,43,17 | 10.56,29.83 | 1010,2.6 | 0.1
2013-03-16,33.0,17.0,41.0,18.0,29.83,1.0,33 | 91.4,17 | 62.6,41,18 | 11.18,29.83 | 1010,1.0 | 0.04
2013-03-17,32.0,18.0,44.0,16.0,29.8,1.9,32 | 89.6,18 | 64.4,44,16 | 9.94,29.8 | 1009,1.9 | 0.07
2013-03-18,33.0,18.0,44.0,13.0,29.77,2.2,33 | 91.4,18 | 64.4,44,13 | 8.08,29.77 | 1008,2.2 | 0.09
2013-03-19,32.0,19.0,49.0,15.0,29.74,22.0,32 | 89.6,19 | 66.2,49,15 | 9.32,29.74 | 1007,22.0 | 0.87
2013-03-20,32.0,20.0,51.0,15.0,29.77,19.2,32 | 89.6,20 | 68.0,51,15 | 9.32,29.77 | 1008,19.2 | 0.76
2013-03-21,30.0,20.0,55.0,13.0,29.83,26.0,30 | 86.0,20 | 68.0,55,13 | 8.08,29.83 | 1010,26.0 | 1.02
2013-03-22,32.0,18.0,46.0,13.0,29.77,3.0,32 | 89.6,18 | 64.4,46,13 | 8.08,29.77 | 1008,3.0 | 0.12
2013-03-23,32.0,17.0,42.0,13.0,29.77,0.0,32 | 89.6,17 | 62.6,42,13 | 8.08,29.77 | 1008,0.0 | 0.0
2013-03-24,32.0,19.0,46.0,13.0,29.77,5.5,32 | 89.6,19 | 66.2,46,13 | 8.08,29.77 | 1008,5.5 | 0.22
2013-03-25,31.0,19.0,51.0,15.0,29.83,13.4,31 | 87.8,19 | 66.2,51,15 | 9.32,29.83 | 1010,13.4 | 0.53
2013-03-26,31.0,20.0,56.0,9.0,29.83,14.3,31 | 87.8,20 | 68.0,56,9 | 5.59,29.83 | 1010,14.3 | 0.56
2013-03-27,32.0,19.0,50.0,8.0,29.8,3.1,32 | 89.6,19 | 66.2,50,8 | 4.97,29.8 | 1009,3.1 | 0.12
2013-03-28,27.0,21.0,69.0,16.0,29.85,27.9,27 | 80.6,21 | 69.8,69,16 | 9.94,29.85 | 1011,27.9 | 1.1
2013-03-29,30.0,20.0,59.0,6.0,29.88,0.5,30 | 86.0,20 | 68.0,59,6 | 3.73,29.88 | 1012,0.5 | 0.02
2013-03-30,32.0,19.0,50.0,11.0,29.83,2.4,32 | 89.6,19 | 66.2,50,11 | 6.84,29.83 | 1010,2.4 | 0.09
2013-03-31,31.0,20.0,56.0,15.0,29.83,37.7,31 | 87.8,20 | 68.0,56,15 | 9.32,29.83 | 1010,37.7 | 1.48
2013-04-01,30.0,21.0,65.0,12.0,29.88,18.8,30 | 86.0,21 | 69.8,65,12 | 7.46,29.88 | 1012,18.8 | 0.74
2013-04-02,31.0,20.0,56.0,14.0,29.85,0.1,31 | 87.8,20 | 68.0,56,14 | 8.7,29.85 | 1011,0.1 | 0.0
2013-04-03,32.0,21.0,56.0,14.0,29.83,9.3,32 | 89.6,21 | 69.8,56,14 | 8.7,29.83 | 1010,9.3 | 0.37
2013-04-04,31.0,21.0,58.0,9.0,29.83,13.5,31 | 87.8,21 | 69.8,58,9 | 5.59,29.83 | 1010,13.5 | 0.53
2013-04-05,33.0,21.0,53.0,8.0,29.8,14.6,33 | 91.4,21 | 69.8,53,8 | 4.97,29.8 | 1009,14.6 | 0.57
2013-04-06,31.0,22.0,61.0,14.0,29.8,17.5,31 | 87.8,22 | 71.6,61,14 | 8.7,29.8 | 1009,17.5 | 0.69
2013-04-07,31.0,22.0,60.0,15.0,29.77,4.6,31 | 87.8,22 | 71.6,60,15 | 9.32,29.77 | 1008,4.6 | 0.18
2013-04-08,32.0,22.0,59.0,16.0,29.77,7.1,32 | 89.6,22 | 71.6,59,16 | 9.94,29.77 | 1008,7.1 | 0.28
2013-04-09,32.0,22.0,57.0,14.0,29.8,7.2,32 | 89.6,22 | 71.6,57,14 | 8.7,29.8 | 1009,7.2 | 0.28
2013-04-10,32.0,22.0,58.0,15.0,29.77,9.3,32 | 89.6,22 | 71.6,58,15 | 9.32,29.77 | 1008,9.3 | 0.37
2013-04-11,31.0,22.0,59.0,14.0,29.77,11.0,31 | 87.8,22 | 71.6,59,14 | 8.7,29.77 | 1008,11.0 | 0.43
2013-04-12,29.0,22.0,68.0,11.0,29.83,49.3,29 | 84.2,22 | 71.6,68,11 | 6.84,29.83 | 1010,49.3 | 1.94
2013-04-13,31.0,21.0,59.0,10.0,29.85,2.9,31 | 87.8,21 | 69.8,59,10 | 6.21,29.85 | 1011,2.9 | 0.11
2013-04-14,31.0,21.0,58.0,11.0,29.85,6.7,31 | 87.8,21 | 69.8,58,11 | 6.84,29.85 | 1011,6.7 | 0.26
2013-04-15,32.0,20.0,52.0,8.0,29.83,0.0,32 | 89.6,20 | 68.0,52,8 | 4.97,29.83 | 1010,0.0 | 0.0
2013-04-16,31.0,21.0,56.0,14.0,29.8,7.7,31 | 87.8,21 | 69.8,56,14 | 8.7,29.8 | 1009,7.7 | 0.3
2013-04-17,31.0,21.0,60.0,14.0,29.8,13.2,31 | 87.8,21 | 69.8,60,14 | 8.7,29.8 | 1009,13.2 | 0.52
2013-04-18,30.0,22.0,63.0,16.0,29.8,18.9,30 | 86.0,22 | 71.6,63,16 | 9.94,29.8 | 1009,18.9 | 0.74
2013-04-19,31.0,21.0,59.0,13.0,29.8,2.4,31 | 87.8,21 | 69.8,59,13 | 8.08,29.8 | 1009,2.4 | 0.09
2013-04-20,31.0,22.0,59.0,14.0,29.8,4.8,31 | 87.8,22 | 71.6,59,14 | 8.7,29.8 | 1009,4.8 | 0.19
2013-04-21,31.0,21.0,59.0,16.0,29.8,8.4,31 | 87.8,21 | 69.8,59,16 | 9.94,29.8 | 1009,8.4 | 0.33
2013-04-22,32.0,21.0,57.0,18.0,29.77,2.9,32 | 89.6,21 | 69.8,57,18 | 11.18,29.77 | 1008,2.9 | 0.11
2013-04-23,31.0,21.0,57.0,16.0,29.8,1.6,31 | 87.8,21 | 69.8,57,16 | 9.94,29.8 | 1009,1.6 | 0.06
2013-04-24,30.0,21.0,62.0,13.0,29.85,20.2,30 | 86.0,21 | 69.8,62,13 | 8.08,29.85 | 1011,20.2 | 0.8
2013-04-25,30.0,21.0,64.0,16.0,29.85,35.4,30 | 86.0,21 | 69.8,64,16 | 9.94,29.85 | 1011,35.4 | 1.39
2013-04-26,29.0,22.0,67.0,16.0,29.85,51.3,29 | 84.2,22 | 71.6,67,16 | 9.94,29.85 | 1011,51.3 | 2.02
2013-04-27,29.0,22.0,66.0,15.0,29.85,16.1,29 | 84.2,22 | 71.6,66,15 | 9.32,29.85 | 1011,16.1 | 0.63
2013-04-28,29.0,21.0,67.0,17.0,29.85,20.3,29 | 84.2,21 | 69.8,67,17 | 10.56,29.85 | 1011,20.3 | 0.8
2013-04-29,29.0,21.0,64.0,11.0,29.85,7.4,29 | 84.2,21 | 69.8,64,11 | 6.84,29.85 | 1011,7.4 | 0.29
2013-04-30,31.0,21.0,60.0,13.0,29.83,2.8,31 | 87.8,21 | 69.8,60,13 | 8.08,29.83 | 1010,2.8 | 0.11
2013-06-01,30.0,17.0,52.0,24.0,29.91,0.0,30 | 86.0,17 | 62.6,52,24 | 14.91,29.91 | 1013,0.0 | 0.0
2013-06-02,29.0,16.0,50.0,22.0,29.91,0.0,29 | 84.2,16 | 60.8,50,22 | 13.67,29.91 | 1013,0.0 | 0.0
2013-06-03,29.0,15.0,47.0,24.0,29.88,0.0,29 | 84.2,15 | 59.0,47,24 | 14.91,29.88 | 1012,0.0 | 0.0
2013-06-04,28.0,18.0,56.0,25.0,29.88,0.2,28 | 82.4,18 | 64.4,56,25 | 15.53,29.88 | 1012,0.2 | 0.01
2013-06-05,28.0,18.0,55.0,25.0,29.91,0.2,28 | 82.4,18 | 64.4,55,25 | 15.53,29.91 | 1013,0.2 | 0.01
2013-06-06,28.0,17.0,56.0,26.0,29.94,0.0,28 | 82.4,17 | 62.6,56,26 | 16.16,29.94 | 1014,0.0 | 0.0
2013-06-07,28.0,16.0,52.0,25.0,29.94,0.2,28 | 82.4,16 | 60.8,52,25 | 15.53,29.94 | 1014,0.2 | 0.01
2013-06-08,28.0,17.0,53.0,28.0,29.91,0.0,28 | 82.4,17 | 62.6,53,28 | 17.4,29.91 | 1013,0.0 | 0.0
2013-06-09,28.0,18.0,57.0,25.0,29.91,0.3,28 | 82.4,18 | 64.4,57,25 | 15.53,29.91 | 1013,0.3 | 0.01
2013-06-10,29.0,16.0,48.0,23.0,29.91,0.0,29 | 84.2,16 | 60.8,48,23 | 14.29,29.91 | 1013,0.0 | 0.0
2013-06-11,29.0,18.0,56.0,25.0,29.94,0.5,29 | 84.2,18 | 64.4,56,25 | 15.53,29.94 | 1014,0.5 | 0.02
2013-06-12,28.0,18.0,57.0,25.0,29.91,0.2,28 | 82.4,18 | 64.4,57,25 | 15.53,29.91 | 1013,0.2 | 0.01
2013-06-13,28.0,17.0,55.0,25.0,29.91,0.0,28 | 82.4,17 | 62.6,55,25 | 15.53,29.91 | 1013,0.0 | 0.0
2013-06-14,28.0,18.0,58.0,24.0,29.91,0.0,28 | 82.4,18 | 64.4,58,24 | 14.91,29.91 | 1013,0.0 | 0.0
2013-06-15,29.0,18.0,53.0,25.0,29.88,0.0,29 | 84.2,18 | 64.4,53,25 | 15.53,29.88 | 1012,0.0 | 0.0
2013-06-16,29.0,17.0,52.0,27.0,29.88,0.0,29 | 84.2,17 | 62.6,52,27 | 16.78,29.88 | 1012,0.0 | 0.0
2013-06-17,28.0,17.0,51.0,31.0,29.91,0.0,28 | 82.4,17 | 62.6,51,31 | 19.26,29.91 | 1013,0.0 | 0.0
2013-06-18,28.0,16.0,51.0,29.0,29.91,0.0,28 | 82.4,16 | 60.8,51,29 | 18.02,29.91 | 1013,0.0 | 0.0
2013-06-19,28.0,17.0,53.0,24.0,29.91,0.1,28 | 82.4,17 | 62.6,53,24 | 14.91,29.91 | 1013,0.1 | 0.0
2013-06-20,28.0,18.0,58.0,25.0,29.94,0.3,28 | 82.4,18 | 64.4,58,25 | 15.53,29.94 | 1014,0.3 | 0.01
2013-06-21,28.0,16.0,52.0,27.0,29.97,0.0,28 | 82.4,16 | 60.8,52,27 | 16.78,29.97 | 1015,0.0 | 0.0
2013-06-22,29.0,17.0,54.0,24.0,29.97,0.4,29 | 84.2,17 | 62.6,54,24 | 14.91,29.97 | 1015,0.4 | 0.02
2013-06-23,29.0,17.0,53.0,24.0,29.94,0.0,29 | 84.2,17 | 62.6,53,24 | 14.91,29.94 | 1014,0.0 | 0.0
2013-06-24,29.0,18.0,54.0,25.0,29.94,0.4,29 | 84.2,18 | 64.4,54,25 | 15.53,29.94 | 1014,0.4 | 0.02
2013-06-25,28.0,17.0,54.0,25.0,29.94,0.0,28 | 82.4,17 | 62.6,54,25 | 15.53,29.94 | 1014,0.0 | 0.0
2013-06-26,29.0,16.0,52.0,25.0,29.91,0.0,29 | 84.2,16 | 60.8,52,25 | 15.53,29.91 | 1013,0.0 | 0.0
2013-06-27,28.0,17.0,54.0,22.0,29.91,0.1,28 | 82.4,17 | 62.6,54,22 | 13.67,29.91 | 1013,0.1 | 0.0
2013-06-28,29.0,17.0,53.0,23.0,29.88,0.0,29 | 84.2,17 | 62.6,53,23 | 14.29,29.88 | 1012,0.0 | 0.0
2013-06-29,29.0,16.0,50.0,26.0,29.88,0.0,29 | 84.2,16 | 60.8,50,26 | 16.16,29.88 | 1012,0.0 | 0.0
2013-06-30,29.0,16.0,51.0,25.0,29.94,0.0,29 | 84.2,16 | 60.8,51,25 | 15.53,29.94 | 1014,0.0 | 0.0
2013-07-01,29.0,16.0,49.0,24.0,29.94,0.0,29 | 84.2,16 | 60.8,49,24 | 14.91,29.94 | 1014,0.0 | 0.0
2013-07-02,29.0,17.0,52.0,25.0,29.91,0.0,29 | 84.2,17 | 62.6,52,25 | 15.53,29.91 | 1013,0.0 | 0.0
2013-07-03,27.0,18.0,58.0,23.0,29.91,1.0,27 | 80.6,18 | 64.4,58,23 | 14.29,29.91 | 1013,1.0 | 0.04
2013-07-04,28.0,17.0,55.0,25.0,29.91,0.0,28 | 82.4,17 | 62.6,55,25 | 15.53,29.91 | 1013,0.0 | 0.0
2013-07-05,29.0,13.0,43.0,24.0,29.91,0.0,29 | 84.2,13 | 55.4,43,24 | 14.91,29.91 | 1013,0.0 | 0.0
2013-07-06,28.0,17.0,56.0,26.0,29.91,0.3,28 | 82.4,17 | 62.6,56,26 | 16.16,29.91 | 1013,0.3 | 0.01
2013-07-07,27.0,16.0,53.0,26.0,29.94,0.0,27 | 80.6,16 | 60.8,53,26 | 16.16,29.94 | 1014,0.0 | 0.0
2013-07-08,27.0,15.0,51.0,27.0,29.97,0.0,27 | 80.6,15 | 59.0,51,27 | 16.78,29.97 | 1015,0.0 | 0.0
2013-07-09,26.0,16.0,54.0,27.0,29.94,0.0,26 | 78.8,16 | 60.8,54,27 | 16.78,29.94 | 1014,0.0 | 0.0
2013-07-10,28.0,15.0,47.0,29.0,29.91,0.0,28 | 82.4,15 | 59.0,47,29 | 18.02,29.91 | 1013,0.0 | 0.0
2013-07-11,27.0,15.0,50.0,30.0,29.91,0.0,27 | 80.6,15 | 59.0,50,30 | 18.64,29.91 | 1013,0.0 | 0.0
2013-07-12,28.0,15.0,48.0,26.0,29.94,0.0,28 | 82.4,15 | 59.0,48,26 | 16.16,29.94 | 1014,0.0 | 0.0
2013-07-13,28.0,15.0,48.0,32.0,29.94,0.0,28 | 82.4,15 | 59.0,48,32 | 19.88,29.94 | 1014,0.0 | 0.0
2013-07-14,28.0,16.0,50.0,28.0,29.91,0.0,28 | 82.4,16 | 60.8,50,28 | 17.4,29.91 | 1013,0.0 | 0.0
2013-07-15,28.0,15.0,48.0,28.0,29.91,0.0,28 | 82.4,15 | 59.0,48,28 | 17.4,29.91 | 1013,0.0 | 0.0
2013-07-16,28.0,16.0,52.0,27.0,29.91,0.0,28 | 82.4,16 | 60.8,52,27 | 16.78,29.91 | 1013,0.0 | 0.0
2013-07-17,28.0,16.0,52.0,29.0,29.91,0.0,28 | 82.4,16 | 60.8,52,29 | 18.02,29.91 | 1013,0.0 | 0.0
2013-07-18,27.0,16.0,53.0,29.0,29.94,0.0,27 | 80.6,16 | 60.8,53,29 | 18.02,29.94 | 1014,0.0 | 0.0
2013-07-19,28.0,16.0,51.0,28.0,29.91,0.0,28 | 82.4,16 | 60.8,51,28 | 17.4,29.91 | 1013,0.0 | 0.0
2013-07-20,27.0,16.0,52.0,29.0,29.91,0.0,27 | 80.6,16 | 60.8,52,29 | 18.02,29.91 | 1013,0.0 | 0.0
2013-07-21,28.0,16.0,51.0,31.0,29.91,0.1,28 | 82.4,16 | 60.8,51,31 | 19.26,29.91 | 1013,0.1 | 0.0
2013-07-22,26.0,16.0,56.0,25.0,29.91,1.4,26 | 78.8,16 | 60.8,56,25 | 15.53,29.91 | 1013,1.4 | 0.06
2013-07-23,28.0,15.0,49.0,24.0,29.91,0.0,28 | 82.4,15 | 59.0,49,24 | 14.91,29.91 | 1013,0.0 | 0.0
2013-07-24,28.0,15.0,47.0,26.0,29.94,0.0,28 | 82.4,15 | 59.0,47,26 | 16.16,29.94 | 1014,0.0 | 0.0
2013-07-25,29.0,17.0,50.0,27.0,29.94,0.0,29 | 84.2,17 | 62.6,50,27 | 16.78,29.94 | 1014,0.0 | 0.0
2013-07-26,29.0,18.0,55.0,28.0,29.91,1.5,29 | 84.2,18 | 64.4,55,28 | 17.4,29.91 | 1013,1.5 | 0.06
2013-07-27,27.0,17.0,56.0,26.0,29.91,0.0,27 | 80.6,17 | 62.6,56,26 | 16.16,29.91 | 1013,0.0 | 0.0
2013-07-28,29.0,16.0,49.0,25.0,29.94,0.0,29 | 84.2,16 | 60.8,49,25 | 15.53,29.94 | 1014,0.0 | 0.0
2013-07-29,30.0,16.0,47.0,25.0,29.97,0.0,30 | 86.0,16 | 60.8,47,25 | 15.53,29.97 | 1015,0.0 | 0.0
2013-07-30,28.0,18.0,55.0,25.0,29.94,0.0,28 | 82.4,18 | 64.4,55,25 | 15.53,29.94 | 1014,0.0 | 0.0
2013-07-31,28.0,16.0,53.0,28.0,29.97,1.8,28 | 82.4,16 | 60.8,53,28 | 17.4,29.97 | 1015,1.8 | 0.07
2013-08-01,27.0,16.0,53.0,26.0,29.97,0.0,27 | 80.6,16 | 60.8,53,26 | 16.16,29.97 | 1015,0.0 | 0.0
2013-08-02,28.0,18.0,57.0,22.0,29.97,2.7,28 | 82.4,18 | 64.4,57,22 | 13.67,29.97 | 1015,2.7 | 0.11
2013-08-03,27.0,17.0,56.0,28.0,29.97,0.0,27 | 80.6,17 | 62.6,56,28 | 17.4,29.97 | 1015,0.0 | 0.0
2013-08-04,26.0,16.0,56.0,24.0,29.97,0.3,26 | 78.8,16 | 60.8,56,24 | 14.91,29.97 | 1015,0.3 | 0.01
2013-08-05,27.0,16.0,56.0,24.0,29.97,0.0,27 | 80.6,16 | 60.8,56,24 | 14.91,29.97 | 1015,0.0 | 0.0
2013-08-06,28.0,16.0,53.0,24.0,29.94,0.0,28 | 82.4,16 | 60.8,53,24 | 14.91,29.94 | 1014,0.0 | 0.0
2013-08-07,28.0,15.0,47.0,22.0,29.91,0.0,28 | 82.4,15 | 59.0,47,22 | 13.67,29.91 | 1013,0.0 | 0.0
2013-08-08,28.0,17.0,54.0,25.0,29.91,0.0,28 | 82.4,17 | 62.6,54,25 | 15.53,29.91 | 1013,0.0 | 0.0
2013-08-09,28.0,16.0,51.0,25.0,29.94,0.0,28 | 82.4,16 | 60.8,51,25 | 15.53,29.94 | 1014,0.0 | 0.0
2013-08-10,28.0,16.0,51.0,21.0,29.91,0.0,28 | 82.4,16 | 60.8,51,21 | 13.05,29.91 | 1013,0.0 | 0.0
2013-08-11,28.0,17.0,53.0,25.0,29.91,0.0,28 | 82.4,17 | 62.6,53,25 | 15.53,29.91 | 1013,0.0 | 0.0
2013-08-12,28.0,16.0,51.0,27.0,29.91,0.0,28 | 82.4,16 | 60.8,51,27 | 16.78,29.91 | 1013,0.0 | 0.0
2013-08-13,28.0,16.0,51.0,25.0,29.88,0.0,28 | 82.4,16 | 60.8,51,25 | 15.53,29.88 | 1012,0.0 | 0.0
2013-08-14,29.0,16.0,50.0,23.0,29.85,0.0,29 | 84.2,16 | 60.8,50,23 | 14.29,29.85 | 1011,0.0 | 0.0
2013-08-15,29.0,15.0,46.0,24.0,29.85,0.0,29 | 84.2,15 | 59.0,46,24 | 14.91,29.85 | 1011,0.0 | 0.0
2013-08-16,29.0,17.0,50.0,27.0,29.85,0.0,29 | 84.2,17 | 62.6,50,27 | 16.78,29.85 | 1011,0.0 | 0.0
2013-08-17,29.0,15.0,48.0,28.0,29.85,0.0,29 | 84.2,15 | 59.0,48,28 | 17.4,29.85 | 1011,0.0 | 0.0
2013-08-18,29.0,15.0,47.0,26.0,29.85,0.0,29 | 84.2,15 | 59.0,47,26 | 16.16,29.85 | 1011,0.0 | 0.0
2013-08-19,28.0,17.0,52.0,24.0,29.88,0.0,28 | 82.4,17 | 62.6,52,24 | 14.91,29.88 | 1012,0.0 | 0.0
2013-08-20,29.0,17.0,51.0,26.0,29.91,0.0,29 | 84.2,17 | 62.6,51,26 | 16.16,29.91 | 1013,0.0 | 0.0
2013-08-21,29.0,15.0,47.0,27.0,29.91,0.0,29 | 84.2,15 | 59.0,47,27 | 16.78,29.91 | 1013,0.0 | 0.0
2013-08-22,29.0,17.0,53.0,26.0,29.88,3.0,29 | 84.2,17 | 62.6,53,26 | 16.16,29.88 | 1012,3.0 | 0.12
2013-08-23,27.0,17.0,56.0,23.0,29.94,0.7,27 | 80.6,17 | 62.6,56,23 | 14.29,29.94 | 1014,0.7 | 0.03
2013-08-24,29.0,16.0,51.0,24.0,29.94,0.0,29 | 84.2,16 | 60.8,51,24 | 14.91,29.94 | 1014,0.0 | 0.0
2013-08-25,28.0,15.0,48.0,27.0,29.91,0.0,28 | 82.4,15 | 59.0,48,27 | 16.78,29.91 | 1013,0.0 | 0.0
2013-08-26,28.0,15.0,48.0,26.0,29.94,0.0,28 | 82.4,15 | 59.0,48,26 | 16.16,29.94 | 1014,0.0 | 0.0
2013-08-27,28.0,16.0,49.0,27.0,29.91,0.0,28 | 82.4,16 | 60.8,49,27 | 16.78,29.91 | 1013,0.0 | 0.0
2013-08-28,28.0,14.0,46.0,27.0,29.94,0.0,28 | 82.4,14 | 57.2,46,27 | 16.78,29.94 | 1014,0.0 | 0.0
2013-08-29,28.0,15.0,48.0,24.0,29.94,0.0,28 | 82.4,15 | 59.0,48,24 | 14.91,29.94 | 1014,0.0 | 0.0
2013-08-30,29.0,16.0,48.0,24.0,29.91,0.0,29 | 84.2,16 | 60.8,48,24 | 14.91,29.91 | 1013,0.0 | 0.0
2013-08-31,30.0,16.0,47.0,22.0,29.88,0.0,30 | 86.0,16 | 60.8,47,22 | 13.67,29.88 | 1012,0.0 | 0.0
2013-09-01,30.0,15.0,42.0,23.0,29.83,0.0,30 | 86.0,15 | 59.0,42,23 | 14.29,29.83 | 1010,0.0 | 0.0
2013-09-02,30.0,17.0,49.0,25.0,29.88,0.0,30 | 86.0,17 | 62.6,49,25 | 15.53,29.88 | 1012,0.0 | 0.0
2013-09-03,30.0,16.0,48.0,26.0,29.91,0.0,30 | 86.0,16 | 60.8,48,26 | 16.16,29.91 | 1013,0.0 | 0.0
2013-09-04,29.0,15.0,45.0,27.0,29.91,0.0,29 | 84.2,15 | 59.0,45,27 | 16.78,29.91 | 1013,0.0 | 0.0
2013-09-05,29.0,13.0,41.0,26.0,29.91,0.0,29 | 84.2,13 | 55.4,41,26 | 16.16,29.91 | 1013,0.0 | 0.0
2013-09-06,29.0,16.0,48.0,25.0,29.91,0.0,29 | 84.2,16 | 60.8,48,25 | 15.53,29.91 | 1013,0.0 | 0.0
2013-09-07,29.0,16.0,48.0,25.0,29.94,0.0,29 | 84.2,16 | 60.8,48,25 | 15.53,29.94 | 1014,0.0 | 0.0
2013-09-08,30.0,14.0,43.0,23.0,29.91,0.0,30 | 86.0,14 | 57.2,43,23 | 14.29,29.91 | 1013,0.0 | 0.0
2013-09-09,30.0,14.0,43.0,25.0,29.91,0.0,30 | 86.0,14 | 57.2,43,25 | 15.53,29.91 | 1013,0.0 | 0.0
2013-09-10,31.0,14.0,42.0,19.0,29.88,0.0,31 | 87.8,14 | 57.2,42,19 | 11.81,29.88 | 1012,0.0 | 0.0
2013-09-11,31.0,16.0,45.0,23.0,29.83,0.0,31 | 87.8,16 | 60.8,45,23 | 14.29,29.83 | 1010,0.0 | 0.0
2013-09-12,28.0,18.0,55.0,26.0,29.88,0.5,28 | 82.4,18 | 64.4,55,26 | 16.16,29.88 | 1012,0.5 | 0.02
2013-09-13,30.0,17.0,51.0,19.0,29.91,0.0,30 | 86.0,17 | 62.6,51,19 | 11.81,29.91 | 1013,0.0 | 0.0
2013-09-14,30.0,15.0,45.0,23.0,29.91,0.0,30 | 86.0,15 | 59.0,45,23 | 14.29,29.91 | 1013,0.0 | 0.0
2013-09-15,30.0,14.0,42.0,24.0,29.88,0.0,30 | 86.0,14 | 57.2,42,24 | 14.91,29.88 | 1012,0.0 | 0.0
2013-09-16,29.0,16.0,50.0,25.0,29.88,0.0,29 | 84.2,16 | 60.8,50,25 | 15.53,29.88 | 1012,0.0 | 0.0
2013-09-17,28.0,16.0,49.0,22.0,29.88,0.0,28 | 82.4,16 | 60.8,49,22 | 13.67,29.88 | 1012,0.0 | 0.0
2013-09-18,30.0,15.0,44.0,23.0,29.88,0.0,30 | 86.0,15 | 59.0,44,23 | 14.29,29.88 | 1012,0.0 | 0.0
2013-09-19,30.0,16.0,47.0,25.0,29.85,0.0,30 | 86.0,16 | 60.8,47,25 | 15.53,29.85 | 1011,0.0 | 0.0
2013-09-20,31.0,16.0,44.0,23.0,29.85,0.0,31 | 87.8,16 | 60.8,44,23 | 14.29,29.85 | 1011,0.0 | 0.0
2013-09-21,31.0,16.0,42.0,23.0,29.85,0.0,31 | 87.8,16 | 60.8,42,23 | 14.29,29.85 | 1011,0.0 | 0.0
2013-09-22,31.0,18.0,51.0,24.0,29.85,0.8,31 | 87.8,18 | 64.4,51,24 | 14.91,29.85 | 1011,0.8 | 0.03
2013-09-23,30.0,17.0,49.0,25.0,29.88,0.0,30 | 86.0,17 | 62.6,49,25 | 15.53,29.88 | 1012,0.0 | 0.0
2013-09-24,30.0,17.0,47.0,22.0,29.88,0.0,30 | 86.0,17 | 62.6,47,22 | 13.67,29.88 | 1012,0.0 | 0.0
2013-09-25,31.0,17.0,49.0,23.0,29.88,0.0,31 | 87.8,17 | 62.6,49,23 | 14.29,29.88 | 1012,0.0 | 0.0
2013-09-26,31.0,16.0,43.0,19.0,29.88,0.4,31 | 87.8,16 | 60.8,43,19 | 11.81,29.88 | 1012,0.4 | 0.02
2013-09-27,32.0,15.0,39.0,19.0,29.83,0.0,32 | 89.6,15 | 59.0,39,19 | 11.81,29.83 | 1010,0.0 | 0.0
2013-09-28,31.0,16.0,43.0,20.0,29.83,0.0,31 | 87.8,16 | 60.8,43,20 | 12.43,29.83 | 1010,0.0 | 0.0
2013-09-29,31.0,17.0,45.0,21.0,29.85,0.0,31 | 87.8,17 | 62.6,45,21 | 13.05,29.85 | 1011,0.0 | 0.0
2013-09-30,32.0,17.0,44.0,21.0,29.83,0.0,32 | 89.6,17 | 62.6,44,21 | 13.05,29.83 | 1010,0.0 | 0.0
2013-10-01,32.0,17.0,45.0,22.0,29.85,0.4,32 | 89.6,17 | 62.6,45,22 | 13.67,29.85 | 1011,0.4 | 0.02
2013-10-02,31.0,18.0,51.0,23.0,29.85,4.4,31 | 87.8,18 | 64.4,51,23 | 14.29,29.85 | 1011,4.4 | 0.17
2013-10-03,31.0,17.0,47.0,21.0,29.85,2.6,31 | 87.8,17 | 62.6,47,21 | 13.05,29.85 | 1011,2.6 | 0.1
2013-10-04,31.0,18.0,49.0,24.0,29.88,0.0,31 | 87.8,18 | 64.4,49,24 | 14.91,29.88 | 1012,0.0 | 0.0
2013-10-05,30.0,17.0,50.0,25.0,29.88,0.2,30 | 86.0,17 | 62.6,50,25 | 15.53,29.88 | 1012,0.2 | 0.01
2013-10-06,30.0,18.0,53.0,25.0,29.88,0.8,30 | 86.0,18 | 64.4,53,25 | 15.53,29.88 | 1012,0.8 | 0.03
2013-10-07,30.0,17.0,49.0,24.0,29.88,0.5,30 | 86.0,17 | 62.6,49,24 | 14.91,29.88 | 1012,0.5 | 0.02
2013-10-08,30.0,17.0,49.0,21.0,29.88,0.2,30 | 86.0,17 | 62.6,49,21 | 13.05,29.88 | 1012,0.2 | 0.01
2013-10-09,31.0,18.0,49.0,19.0,29.88,3.8,31 | 87.8,18 | 64.4,49,19 | 11.81,29.88 | 1012,3.8 | 0.15
2013-10-10,31.0,18.0,50.0,18.0,29.88,3.6,31 | 87.8,18 | 64.4,50,18 | 11.18,29.88 | 1012,3.6 | 0.14
2013-10-11,30.0,20.0,56.0,17.0,29.91,18.0,30 | 86.0,20 | 68.0,56,17 | 10.56,29.91 | 1013,18.0 | 0.71
2013-10-12,30.0,19.0,53.0,15.0,29.88,9.5,30 | 86.0,19 | 66.2,53,15 | 9.32,29.88 | 1012,9.5 | 0.37
2013-10-13,31.0,18.0,47.0,14.0,29.85,0.0,31 | 87.8,18 | 64.4,47,14 | 8.7,29.85 | 1011,0.0 | 0.0
2013-10-14,31.0,19.0,50.0,19.0,29.85,1.1,31 | 87.8,19 | 66.2,50,19 | 11.81,29.85 | 1011,1.1 | 0.04
2013-10-15,31.0,19.0,53.0,22.0,29.88,2.2,31 | 87.8,19 | 66.2,53,22 | 13.67,29.88 | 1012,2.2 | 0.09
2013-10-16,29.0,20.0,59.0,19.0,29.88,17.3,29 | 84.2,20 | 68.0,59,19 | 11.81,29.88 | 1012,17.3 | 0.68
2013-10-17,30.0,17.0,50.0,18.0,29.88,0.0,30 | 86.0,17 | 62.6,50,18 | 11.18,29.88 | 1012,0.0 | 0.0
2013-10-18,30.0,16.0,45.0,17.0,29.85,0.0,30 | 86.0,16 | 60.8,45,17 | 10.56,29.85 | 1011,0.0 | 0.0
2013-10-19,30.0,18.0,51.0,18.0,29.88,0.9,30 | 86.0,18 | 64.4,51,18 | 11.18,29.88 | 1012,0.9 | 0.04
2013-10-20,30.0,19.0,54.0,16.0,29.88,8.4,30 | 86.0,19 | 66.2,54,16 | 9.94,29.88 | 1012,8.4 | 0.33
2013-10-21,29.0,20.0,59.0,16.0,29.85,5.7,29 | 84.2,20 | 68.0,59,16 | 9.94,29.85 | 1011,5.7 | 0.22
2013-10-22,30.0,20.0,57.0,15.0,29.83,0.3,30 | 86.0,20 | 68.0,57,15 | 9.32,29.83 | 1010,0.3 | 0.01
2013-10-23,30.0,20.0,55.0,15.0,29.83,1.9,30 | 86.0,20 | 68.0,55,15 | 9.32,29.83 | 1010,1.9 | 0.07
2013-10-24,26.0,21.0,74.0,8.0,29.88,69.5,26 | 78.8,21 | 69.8,74,8 | 4.97,29.88 | 1012,69.5 | 2.74
2013-10-25,28.0,20.0,66.0,11.0,29.88,4.2,28 | 82.4,20 | 68.0,66,11 | 6.84,29.88 | 1012,4.2 | 0.17
2013-10-26,30.0,19.0,56.0,10.0,29.85,0.7,30 | 86.0,19 | 66.2,56,10 | 6.21,29.85 | 1011,0.7 | 0.03
2013-10-27,30.0,19.0,55.0,15.0,29.85,0.8,30 | 86.0,19 | 66.2,55,15 | 9.32,29.85 | 1011,0.8 | 0.03
2013-10-28,30.0,20.0,57.0,15.0,29.88,4.4,30 | 86.0,20 | 68.0,57,15 | 9.32,29.88 | 1012,4.4 | 0.17
2013-10-29,29.0,20.0,59.0,18.0,29.85,3.6,29 | 84.2,20 | 68.0,59,18 | 11.18,29.85 | 1011,3.6 | 0.14
2013-10-30,29.0,20.0,61.0,16.0,29.88,11.4,29 | 84.2,20 | 68.0,61,16 | 9.94,29.88 | 1012,11.4 | 0.45
2013-10-31,29.0,20.0,60.0,13.0,29.85,6.0,29 | 84.2,20 | 68.0,60,13 | 8.08,29.85 | 1011,6.0 | 0.24
2013-11-01,29.0,20.0,62.0,15.0,29.85,14.7,29 | 84.2,20 | 68.0,62,15 | 9.32,29.85 | 1011,14.7 | 0.58
2013-11-02,30.0,20.0,60.0,14.0,29.83,5.6,30 | 86.0,20 | 68.0,60,14 | 8.7,29.83 | 1010,5.6 | 0.22
2013-11-03,29.0,20.0,62.0,12.0,29.83,9.7,29 | 84.2,20 | 68.0,62,12 | 7.46,29.83 | 1010,9.7 | 0.38
2013-11-04,29.0,21.0,65.0,14.0,29.85,20.6,29 | 84.2,21 | 69.8,65,14 | 8.7,29.85 | 1011,20.6 | 0.81
2013-11-05,29.0,20.0,62.0,11.0,29.88,11.6,29 | 84.2,20 | 68.0,62,11 | 6.84,29.88 | 1012,11.6 | 0.46
2013-11-06,29.0,21.0,65.0,13.0,29.88,18.8,29 | 84.2,21 | 69.8,65,13 | 8.08,29.88 | 1012,18.8 | 0.74
2013-11-07,29.0,20.0,60.0,12.0,29.85,2.5,29 | 84.2,20 | 68.0,60,12 | 7.46,29.85 | 1011,2.5 | 0.1
2013-11-08,29.0,20.0,60.0,9.0,29.85,1.8,29 | 84.2,20 | 68.0,60,9 | 5.59,29.85 | 1011,1.8 | 0.07
2013-11-09,31.0,19.0,51.0,6.0,29.8,0.0,31 | 87.8,19 | 66.2,51,6 | 3.73,29.8 | 1009,0.0 | 0.0
2013-11-10,31.0,19.0,53.0,12.0,29.8,0.7,31 | 87.8,19 | 66.2,53,12 | 7.46,29.8 | 1009,0.7 | 0.03
2013-11-11,30.0,20.0,59.0,14.0,29.8,8.4,30 | 86.0,20 | 68.0,59,14 | 8.7,29.8 | 1009,8.4 | 0.33
2013-11-12,30.0,20.0,60.0,15.0,29.83,10.3,30 | 86.0,20 | 68.0,60,15 | 9.32,29.83 | 1010,10.3 | 0.41
2013-11-13,29.0,20.0,61.0,9.0,29.83,13.5,29 | 84.2,20 | 68.0,61,9 | 5.59,29.83 | 1010,13.5 | 0.53
2013-11-14,29.0,21.0,66.0,13.0,29.8,42.9,29 | 84.2,21 | 69.8,66,13 | 8.08,29.8 | 1009,42.9 | 1.69
2013-11-15,27.0,22.0,74.0,12.0,29.83,62.8,27 | 80.6,22 | 71.6,74,12 | 7.46,29.83 | 1010,62.8 | 2.47
2013-11-16,29.0,21.0,65.0,7.0,29.85,5.4,29 | 84.2,21 | 69.8,65,7 | 4.35,29.85 | 1011,5.4 | 0.21
2013-11-17,30.0,20.0,58.0,8.0,29.83,1.3,30 | 86.0,20 | 68.0,58,8 | 4.97,29.83 | 1010,1.3 | 0.05
2013-11-18,30.0,20.0,55.0,10.0,29.8,1.2,30 | 86.0,20 | 68.0,55,10 | 6.21,29.8 | 1009,1.2 | 0.05
2013-11-19,30.0,19.0,56.0,12.0,29.8,5.5,30 | 86.0,19 | 66.2,56,12 | 7.46,29.8 | 1009,5.5 | 0.22
2013-11-20,30.0,16.0,45.0,12.0,29.8,0.0,30 | 86.0,16 | 60.8,45,12 | 7.46,29.8 | 1009,0.0 | 0.0
2013-11-21,30.0,17.0,49.0,9.0,29.77,0.0,30 | 86.0,17 | 62.6,49,9 | 5.59,29.77 | 1008,0.0 | 0.0
2013-11-22,31.0,18.0,50.0,9.0,29.77,0.0,31 | 87.8,18 | 64.4,50,9 | 5.59,29.77 | 1008,0.0 | 0.0
2013-11-23,31.0,19.0,52.0,11.0,29.8,1.1,31 | 87.8,19 | 66.2,52,11 | 6.84,29.8 | 1009,1.1 | 0.04
2013-11-24,30.0,19.0,54.0,13.0,29.83,2.6,30 | 86.0,19 | 66.2,54,13 | 8.08,29.83 | 1010,2.6 | 0.1
2013-11-25,30.0,19.0,53.0,14.0,29.83,5.2,30 | 86.0,19 | 66.2,53,14 | 8.7,29.83 | 1010,5.2 | 0.2
2013-11-26,31.0,17.0,47.0,17.0,29.83,0.1,31 | 87.8,17 | 62.6,47,17 | 10.56,29.83 | 1010,0.1 | 0.0
2013-11-27,30.0,16.0,44.0,14.0,29.88,0.0,30 | 86.0,16 | 60.8,44,14 | 8.7,29.88 | 1012,0.0 | 0.0
2013-11-28,30.0,16.0,47.0,12.0,29.88,1.1,30 | 86.0,16 | 60.8,47,12 | 7.46,29.88 | 1012,1.1 | 0.04
2013-11-29,30.0,16.0,45.0,11.0,29.85,0.0,30 | 86.0,16 | 60.8,45,11 | 6.84,29.85 | 1011,0.0 | 0.0
2013-11-30,31.0,15.0,41.0,11.0,29.85,0.0,31 | 87.8,15 | 59.0,41,11 | 6.84,29.85 | 1011,0.0 | 0.0
2013-12-01,31.0,13.0,34.0,15.0,29.88,0.0,31 | 87.8,13 | 55.4,34,15 | 9.32,29.88 | 1012,0.0 | 0.0
2013-12-02,31.0,14.0,37.0,12.0,29.88,0.0,31 | 87.8,14 | 57.2,37,12 | 7.46,29.88 | 1012,0.0 | 0.0
2013-12-03,30.0,17.0,46.0,11.0,29.83,9.2,30 | 86.0,17 | 62.6,46,11 | 6.84,29.83 | 1010,9.2 | 0.36
2013-12-04,30.0,15.0,42.0,9.0,29.83,0.0,30 | 86.0,15 | 59.0,42,9 | 5.59,29.83 | 1010,0.0 | 0.0
2013-12-05,30.0,15.0,42.0,9.0,29.83,0.0,30 | 86.0,15 | 59.0,42,9 | 5.59,29.83 | 1010,0.0 | 0.0
2013-12-06,30.0,13.0,36.0,8.0,29.83,0.0,30 | 86.0,13 | 55.4,36,8 | 4.97,29.83 | 1010,0.0 | 0.0
2013-12-07,31.0,10.0,29.0,10.0,29.85,0.0,31 | 87.8,10 | 50.0,29,10 | 6.21,29.85 | 1011,0.0 | 0.0
2013-12-08,31.0,13.0,36.0,10.0,29.85,0.0,31 | 87.8,13 | 55.4,36,10 | 6.21,29.85 | 1011,0.0 | 0.0
2013-12-09,31.0,14.0,36.0,8.0,29.83,0.0,31 | 87.8,14 | 57.2,36,8 | 4.97,29.83 | 1010,0.0 | 0.0
2013-12-10,30.0,14.0,39.0,10.0,29.8,0.0,30 | 86.0,14 | 57.2,39,10 | 6.21,29.8 | 1009,0.0 | 0.0
2013-12-11,31.0,12.0,33.0,9.0,29.8,0.0,31 | 87.8,12 | 53.6,33,9 | 5.59,29.8 | 1009,0.0 | 0.0
2013-12-12,30.0,14.0,37.0,11.0,29.8,0.0,30 | 86.0,14 | 57.2,37,11 | 6.84,29.8 | 1009,0.0 | 0.0
2013-12-13,31.0,14.0,36.0,12.0,29.83,0.0,31 | 87.8,14 | 57.2,36,12 | 7.46,29.83 | 1010,0.0 | 0.0
2013-12-14,31.0,14.0,38.0,14.0,29.85,0.0,31 | 87.8,14 | 57.2,38,14 | 8.7,29.85 | 1011,0.0 | 0.0
2013-12-15,32.0,14.0,37.0,14.0,29.85,0.0,32 | 89.6,14 | 57.2,37,14 | 8.7,29.85 | 1011,0.0 | 0.0
2013-12-16,31.0,12.0,32.0,16.0,29.83,0.0,31 | 87.8,12 | 53.6,32,16 | 9.94,29.83 | 1010,0.0 | 0.0
2013-12-17,31.0,10.0,29.0,16.0,29.83,0.0,31 | 87.8,10 | 50.0,29,16 | 9.94,29.83 | 1010,0.0 | 0.0
2013-12-18,31.0,11.0,31.0,14.0,29.83,0.0,31 | 87.8,11 | 51.8,31,14 | 8.7,29.83 | 1010,0.0 | 0.0
2013-12-19,32.0,14.0,36.0,15.0,29.83,0.0,32 | 89.6,14 | 57.2,36,15 | 9.32,29.83 | 1010,0.0 | 0.0
2013-12-20,32.0,13.0,33.0,18.0,29.83,0.0,32 | 89.6,13 | 55.4,33,18 | 11.18,29.83 | 1010,0.0 | 0.0
2013-12-21,31.0,13.0,35.0,18.0,29.85,0.0,31 | 87.8,13 | 55.4,35,18 | 11.18,29.85 | 1011,0.0 | 0.0
2013-12-22,31.0,11.0,30.0,17.0,29.85,0.0,31 | 87.8,11 | 51.8,30,17 | 10.56,29.85 | 1011,0.0 | 0.0
2013-12-23,31.0,10.0,28.0,17.0,29.83,0.0,31 | 87.8,10 | 50.0,28,17 | 10.56,29.83 | 1010,0.0 | 0.0
2013-12-24,31.0,11.0,31.0,19.0,29.85,0.0,31 | 87.8,11 | 51.8,31,19 | 11.81,29.85 | 1011,0.0 | 0.0
2013-12-25,31.0,13.0,35.0,21.0,29.91,0.0,31 | 87.8,13 | 55.4,35,21 | 13.05,29.91 | 1013,0.0 | 0.0
2013-12-26,31.0,12.0,34.0,19.0,29.88,0.0,31 | 87.8,12 | 53.6,34,19 | 11.81,29.88 | 1012,0.0 | 0.0
2013-12-27,31.0,13.0,34.0,17.0,29.88,0.0,31 | 87.8,13 | 55.4,34,17 | 10.56,29.88 | 1012,0.0 | 0.0
2013-12-28,31.0,11.0,30.0,17.0,29.88,0.0,31 | 87.8,11 | 51.8,30,17 | 10.56,29.88 | 1012,0.0 | 0.0
2013-12-29,31.0,11.0,31.0,16.0,29.85,0.0,31 | 87.8,11 | 51.8,31,16 | 9.94,29.85 | 1011,0.0 | 0.0
2013-12-30,30.0,10.0,30.0,15.0,29.85,0.0,30 | 86.0,10 | 50.0,30,15 | 9.32,29.85 | 1011,0.0 | 0.0
2013-12-31,31.0,11.0,31.0,15.0,29.83,0.0,31 | 87.8,11 | 51.8,31,15 | 9.32,29.83 | 1010,0.0 | 0.0
2014-01-01,31.0,12.0,33.0,16.0,29.83,0.0,31 | 87.8,12 | 53.6,33,16 | 9.94,29.83 | 1010,0.0 | 0.0
2014-01-02,32.0,13.0,33.0,18.0,29.83,0.0,32 | 89.6,13 | 55.4,33,18 | 11.18,29.83 | 1010,0.0 | 0.0
2014-01-03,31.0,13.0,35.0,18.0,29.85,0.0,31 | 87.8,13 | 55.4,35,18 | 11.18,29.85 | 1011,0.0 | 0.0
2014-01-04,31.0,11.0,32.0,19.0,29.85,0.0,31 | 87.8,11 | 51.8,32,19 | 11.81,29.85 | 1011,0.0 | 0.0
2014-01-05,31.0,9.0,28.0,18.0,29.83,0.0,31 | 87.8,9 | 48.2,28,18 | 11.18,29.83 | 1010,0.0 | 0.0
2014-01-06,31.0,11.0,30.0,13.0,29.8,0.0,31 | 87.8,11 | 51.8,30,13 | 8.08,29.8 | 1009,0.0 | 0.0
2014-01-07,31.0,12.0,32.0,12.0,29.77,0.0,31 | 87.8,12 | 53.6,32,12 | 7.46,29.77 | 1008,0.0 | 0.0
2014-01-08,32.0,13.0,34.0,14.0,29.8,0.0,32 | 89.6,13 | 55.4,34,14 | 8.7,29.8 | 1009,0.0 | 0.0
2014-01-09,32.0,12.0,31.0,18.0,29.83,0.0,32 | 89.6,12 | 53.6,31,18 | 11.18,29.83 | 1010,0.0 | 0.0
2014-01-10,31.0,12.0,34.0,19.0,29.85,0.0,31 | 87.8,12 | 53.6,34,19 | 11.81,29.85 | 1011,0.0 | 0.0
2014-01-11,31.0,12.0,33.0,14.0,29.88,0.0,31 | 87.8,12 | 53.6,33,14 | 8.7,29.88 | 1012,0.0 | 0.0
2014-01-12,32.0,12.0,33.0,14.0,29.88,0.0,32 | 89.6,12 | 53.6,33,14 | 8.7,29.88 | 1012,0.0 | 0.0
2014-01-13,31.0,13.0,34.0,17.0,29.85,0.0,31 | 87.8,13 | 55.4,34,17 | 10.56,29.85 | 1011,0.0 | 0.0
2014-01-14,31.0,11.0,32.0,20.0,29.85,0.0,31 | 87.8,11 | 51.8,32,20 | 12.43,29.85 | 1011,0.0 | 0.0
2014-01-15,31.0,11.0,32.0,20.0,29.88,0.0,31 | 87.8,11 | 51.8,32,20 | 12.43,29.88 | 1012,0.0 | 0.0
2014-01-16,31.0,12.0,34.0,18.0,29.91,0.0,31 | 87.8,12 | 53.6,34,18 | 11.18,29.91 | 1013,0.0 | 0.0
2014-01-17,31.0,12.0,34.0,16.0,29.88,0.0,31 | 87.8,12 | 53.6,34,16 | 9.94,29.88 | 1012,0.0 | 0.0
2014-01-18,31.0,12.0,34.0,13.0,29.85,0.0,31 | 87.8,12 | 53.6,34,13 | 8.08,29.85 | 1011,0.0 | 0.0
2014-01-19,31.0,14.0,38.0,14.0,29.88,0.0,31 | 87.8,14 | 57.2,38,14 | 8.7,29.88 | 1012,0.0 | 0.0
2014-01-20,32.0,12.0,32.0,19.0,29.88,0.0,32 | 89.6,12 | 53.6,32,19 | 11.81,29.88 | 1012,0.0 | 0.0
2014-01-21,31.0,11.0,30.0,19.0,29.85,0.0,31 | 87.8,11 | 51.8,30,19 | 11.81,29.85 | 1011,0.0 | 0.0
2014-01-22,31.0,11.0,32.0,18.0,29.85,0.0,31 | 87.8,11 | 51.8,32,18 | 11.18,29.85 | 1011,0.0 | 0.0
2014-01-23,30.0,8.0,28.0,19.0,29.85,0.0,30 | 86.0,8 | 46.4,28,19 | 11.81,29.85 | 1011,0.0 | 0.0
2014-01-24,30.0,9.0,29.0,17.0,29.83,0.0,30 | 86.0,9 | 48.2,29,17 | 10.56,29.83 | 1010,0.0 | 0.0
2014-01-25,31.0,9.0,27.0,14.0,29.83,0.0,31 | 87.8,9 | 48.2,27,14 | 8.7,29.83 | 1010,0.0 | 0.0
2014-01-26,31.0,11.0,32.0,14.0,29.8,0.0,31 | 87.8,11 | 51.8,32,14 | 8.7,29.8 | 1009,0.0 | 0.0
2014-01-27,31.0,12.0,34.0,13.0,29.8,0.0,31 | 87.8,12 | 53.6,34,13 | 8.08,29.8 | 1009,0.0 | 0.0
2014-01-28,32.0,13.0,34.0,14.0,29.8,0.0,32 | 89.6,13 | 55.4,34,14 | 8.7,29.8 | 1009,0.0 | 0.0
2014-01-29,32.0,12.0,32.0,15.0,29.83,0.0,32 | 89.6,12 | 53.6,32,15 | 9.32,29.83 | 1010,0.0 | 0.0
2014-01-30,31.0,14.0,39.0,14.0,29.83,0.0,31 | 87.8,14 | 57.2,39,14 | 8.7,29.83 | 1010,0.0 | 0.0
2014-01-31,31.0,13.0,38.0,15.0,29.83,0.0,31 | 87.8,13 | 55.4,38,15 | 9.32,29.83 | 1010,0.0 | 0.0
2014-02-01,31.0,11.0,32.0,14.0,29.8,0.0,31 | 87.8,11 | 51.8,32,14 | 8.7,29.8 | 1009,0.0 | 0.0
2014-02-02,32.0,11.0,31.0,13.0,29.77,0.0,32 | 89.6,11 | 51.8,31,13 | 8.08,29.77 | 1008,0.0 | 0.0
2014-02-03,32.0,10.0,28.0,16.0,29.77,0.0,32 | 89.6,10 | 50.0,28,16 | 9.94,29.77 | 1008,0.0 | 0.0
2014-02-04,32.0,9.0,26.0,16.0,29.74,0.0,32 | 89.6,9 | 48.2,26,16 | 9.94,29.74 | 1007,0.0 | 0.0
2014-02-05,32.0,10.0,29.0,15.0,29.71,0.0,32 | 89.6,10 | 50.0,29,15 | 9.32,29.71 | 1006,0.0 | 0.0
2014-02-06,32.0,10.0,28.0,15.0,29.71,0.0,32 | 89.6,10 | 50.0,28,15 | 9.32,29.71 | 1006,0.0 | 0.0
2014-02-07,33.0,13.0,34.0,16.0,29.74,0.0,33 | 91.4,13 | 55.4,34,16 | 9.94,29.74 | 1007,0.0 | 0.0
2014-02-08,33.0,13.0,31.0,17.0,29.74,0.0,33 | 91.4,13 | 55.4,31,17 | 10.56,29.74 | 1007,0.0 | 0.0
2014-02-09,32.0,11.0,29.0,16.0,29.77,0.0,32 | 89.6,11 | 51.8,29,16 | 9.94,29.77 | 1008,0.0 | 0.0
2014-02-10,32.0,10.0,27.0,17.0,29.77,0.0,32 | 89.6,10 | 50.0,27,17 | 10.56,29.77 | 1008,0.0 | 0.0
2014-02-11,32.0,11.0,30.0,17.0,29.74,0.0,32 | 89.6,11 | 51.8,30,17 | 10.56,29.74 | 1007,0.0 | 0.0
2014-02-12,32.0,11.0,30.0,17.0,29.74,0.0,32 | 89.6,11 | 51.8,30,17 | 10.56,29.74 | 1007,0.0 | 0.0
2014-02-13,33.0,13.0,32.0,17.0,29.74,0.0,33 | 91.4,13 | 55.4,32,17 | 10.56,29.74 | 1007,0.0 | 0.0
2014-02-14,33.0,15.0,36.0,18.0,29.77,0.0,33 | 91.4,15 | 59.0,36,18 | 11.18,29.77 | 1008,0.0 | 0.0
2014-02-15,33.0,15.0,36.0,18.0,29.77,0.0,33 | 91.4,15 | 59.0,36,18 | 11.18,29.77 | 1008,0.0 | 0.0
2014-02-16,33.0,14.0,33.0,18.0,29.74,0.0,33 | 91.4,14 | 57.2,33,18 | 11.18,29.74 | 1007,0.0 | 0.0
2014-02-17,32.0,11.0,30.0,16.0,29.8,0.0,32 | 89.6,11 | 51.8,30,16 | 9.94,29.8 | 1009,0.0 | 0.0
2014-02-18,32.0,13.0,33.0,17.0,29.83,0.0,32 | 89.6,13 | 55.4,33,17 | 10.56,29.83 | 1010,0.0 | 0.0
2014-02-19,33.0,13.0,33.0,20.0,29.8,0.0,33 | 91.4,13 | 55.4,33,20 | 12.43,29.8 | 1009,0.0 | 0.0
2014-02-20,32.0,13.0,34.0,21.0,29.83,0.0,32 | 89.6,13 | 55.4,34,21 | 13.05,29.83 | 1010,0.0 | 0.0
2014-02-21,31.0,11.0,31.0,19.0,29.88,0.0,31 | 87.8,11 | 51.8,31,19 | 11.81,29.88 | 1012,0.0 | 0.0
2014-02-22,31.0,11.0,32.0,18.0,29.85,0.0,31 | 87.8,11 | 51.8,32,18 | 11.18,29.85 | 1011,0.0 | 0.0
2014-02-23,32.0,10.0,31.0,15.0,29.8,0.0,32 | 89.6,10 | 50.0,31,15 | 9.32,29.8 | 1009,0.0 | 0.0
2014-02-24,31.0,12.0,35.0,13.0,29.8,0.0,31 | 87.8,12 | 53.6,35,13 | 8.08,29.8 | 1009,0.0 | 0.0
2014-02-25,32.0,14.0,38.0,14.0,29.8,0.0,32 | 89.6,14 | 57.2,38,14 | 8.7,29.8 | 1009,0.0 | 0.0
2014-02-26,32.0,14.0,38.0,18.0,29.83,0.0,32 | 89.6,14 | 57.2,38,18 | 11.18,29.83 | 1010,0.0 | 0.0
2014-02-27,32.0,13.0,35.0,15.0,29.83,0.0,32 | 89.6,13 | 55.4,35,15 | 9.32,29.83 | 1010,0.0 | 0.0
2014-02-28,33.0,12.0,32.0,16.0,29.83,0.0,33 | 91.4,12 | 53.6,32,16 | 9.94,29.83 | 1010,0.0 | 0.0
2014-03-01,31.0,14.0,38.0,13.0,29.83,0.0,31 | 87.8,14 | 57.2,38,13 | 8.08,29.83 | 1010,0.0 | 0.0
2014-03-02,32.0,15.0,42.0,14.0,29.83,0.0,32 | 89.6,15 | 59.0,42,14 | 8.7,29.83 | 1010,0.0 | 0.0
2014-03-03,32.0,14.0,38.0,12.0,29.8,0.0,32 | 89.6,14 | 57.2,38,12 | 7.46,29.8 | 1009,0.0 | 0.0
2014-03-04,33.0,16.0,40.0,16.0,29.8,0.0,33 | 91.4,16 | 60.8,40,16 | 9.94,29.8 | 1009,0.0 | 0.0
2014-03-05,32.0,17.0,44.0,15.0,29.8,0.3,32 | 89.6,17 | 62.6,44,15 | 9.32,29.8 | 1009,0.3 | 0.01
2014-03-06,33.0,14.0,36.0,16.0,29.8,0.0,33 | 91.4,14 | 57.2,36,16 | 9.94,29.8 | 1009,0.0 | 0.0
2014-03-07,32.0,13.0,36.0,16.0,29.83,0.0,32 | 89.6,13 | 55.4,36,16 | 9.94,29.83 | 1010,0.0 | 0.0
2014-03-08,32.0,14.0,37.0,15.0,29.83,0.0,32 | 89.6,14 | 57.2,37,15 | 9.32,29.83 | 1010,0.0 | 0.0
2014-03-09,32.0,15.0,41.0,16.0,29.83,0.0,32 | 89.6,15 | 59.0,41,16 | 9.94,29.83 | 1010,0.0 | 0.0
2014-03-10,32.0,14.0,37.0,14.0,29.77,0.0,32 | 89.6,14 | 57.2,37,14 | 8.7,29.77 | 1008,0.0 | 0.0
2014-03-11,33.0,15.0,38.0,13.0,29.77,0.0,33 | 91.4,15 | 59.0,38,13 | 8.08,29.77 | 1008,0.0 | 0.0
2014-03-12,33.0,17.0,41.0,14.0,29.8,0.1,33 | 91.4,17 | 62.6,41,14 | 8.7,29.8 | 1009,0.1 | 0.0
2014-03-13,32.0,18.0,47.0,15.0,29.83,9.4,32 | 89.6,18 | 64.4,47,15 | 9.32,29.83 | 1010,9.4 | 0.37
2014-03-14,32.0,18.0,43.0,12.0,29.8,1.2,32 | 89.6,18 | 64.4,43,12 | 7.46,29.8 | 1009,1.2 | 0.05
2014-03-15,32.0,18.0,43.0,13.0,29.83,7.8,32 | 89.6,18 | 64.4,43,13 | 8.08,29.83 | 1010,7.8 | 0.31
2014-03-16,31.0,19.0,47.0,13.0,29.85,22.2,31 | 87.8,19 | 66.2,47,13 | 8.08,29.85 | 1011,22.2 | 0.87
2014-03-17,33.0,16.0,41.0,20.0,29.85,0.3,33 | 91.4,16 | 60.8,41,20 | 12.43,29.85 | 1011,0.3 | 0.01
2014-03-18,33.0,13.0,33.0,20.0,29.83,0.2,33 | 91.4,13 | 55.4,33,20 | 12.43,29.83 | 1010,0.2 | 0.01
2014-03-19,33.0,11.0,28.0,21.0,29.83,0.0,33 | 91.4,11 | 51.8,28,21 | 13.05,29.83 | 1010,0.0 | 0.0
2014-03-20,33.0,11.0,29.0,15.0,29.83,0.0,33 | 91.4,11 | 51.8,29,15 | 9.32,29.83 | 1010,0.0 | 0.0
2014-03-21,33.0,14.0,34.0,10.0,29.8,0.0,33 | 91.4,14 | 57.2,34,10 | 6.21,29.8 | 1009,0.0 | 0.0
2014-03-22,33.0,17.0,41.0,14.0,29.77,0.1,33 | 91.4,17 | 62.6,41,14 | 8.7,29.77 | 1008,0.1 | 0.0
2014-03-23,33.0,18.0,42.0,16.0,29.74,0.0,33 | 91.4,18 | 64.4,42,16 | 9.94,29.74 | 1007,0.0 | 0.0
2014-03-24,32.0,16.0,41.0,12.0,29.8,0.7,32 | 89.6,16 | 60.8,41,12 | 7.46,29.8 | 1009,0.7 | 0.03
2014-03-25,32.0,16.0,44.0,13.0,29.83,1.8,32 | 89.6,16 | 60.8,44,13 | 8.08,29.83 | 1010,1.8 | 0.07
2014-03-26,32.0,16.0,45.0,12.0,29.83,1.4,32 | 89.6,16 | 60.8,45,12 | 7.46,29.83 | 1010,1.4 | 0.06
2014-03-27,33.0,19.0,47.0,15.0,29.77,9.3,33 | 91.4,19 | 66.2,47,15 | 9.32,29.77 | 1008,9.3 | 0.37
2014-03-28,33.0,17.0,43.0,15.0,29.77,0.4,33 | 91.4,17 | 62.6,43,15 | 9.32,29.77 | 1008,0.4 | 0.02
2014-03-29,32.0,17.0,42.0,14.0,29.8,0.2,32 | 89.6,17 | 62.6,42,14 | 8.7,29.8 | 1009,0.2 | 0.01
2014-03-30,33.0,18.0,43.0,15.0,29.77,2.0,33 | 91.4,18 | 64.4,43,15 | 9.32,29.77 | 1008,2.0 | 0.08
2014-03-31,32.0,20.0,53.0,18.0,29.83,10.6,32 | 89.6,20 | 68.0,53,18 | 11.18,29.83 | 1010,10.6 | 0.42
2014-04-01,31.0,19.0,52.0,12.0,29.83,7.2,31 | 87.8,19 | 66.2,52,12 | 7.46,29.83 | 1010,7.2 | 0.28
2014-04-02,32.0,19.0,46.0,14.0,29.8,0.0,32 | 89.6,19 | 66.2,46,14 | 8.7,29.8 | 1009,0.0 | 0.0
2014-04-03,33.0,19.0,48.0,17.0,29.8,0.1,33 | 91.4,19 | 66.2,48,17 | 10.56,29.8 | 1009,0.1 | 0.0
2014-04-04,33.0,19.0,47.0,16.0,29.83,0.0,33 | 91.4,19 | 66.2,47,16 | 9.94,29.83 | 1010,0.0 | 0.0
2014-04-05,33.0,18.0,43.0,14.0,29.83,0.0,33 | 91.4,18 | 64.4,43,14 | 8.7,29.83 | 1010,0.0 | 0.0
2014-04-06,32.0,19.0,49.0,16.0,29.83,8.1,32 | 89.6,19 | 66.2,49,16 | 9.94,29.83 | 1010,8.1 | 0.32
2014-04-07,32.0,17.0,44.0,13.0,29.85,6.6,32 | 89.6,17 | 62.6,44,13 | 8.08,29.85 | 1011,6.6 | 0.26
2014-04-08,32.0,15.0,40.0,11.0,29.85,0.0,32 | 89.6,15 | 59.0,40,11 | 6.84,29.85 | 1011,0.0 | 0.0
2014-04-09,32.0,17.0,43.0,13.0,29.85,0.0,32 | 89.6,17 | 62.6,43,13 | 8.08,29.85 | 1011,0.0 | 0.0
2014-04-10,32.0,18.0,48.0,16.0,29.85,0.3,32 | 89.6,18 | 64.4,48,16 | 9.94,29.85 | 1011,0.3 | 0.01
2014-04-11,31.0,18.0,47.0,16.0,29.85,1.1,31 | 87.8,18 | 64.4,47,16 | 9.94,29.85 | 1011,1.1 | 0.04
2014-04-12,31.0,18.0,48.0,13.0,29.85,1.1,31 | 87.8,18 | 64.4,48,13 | 8.08,29.85 | 1011,1.1 | 0.04
2014-04-13,31.0,19.0,50.0,15.0,29.85,3.6,31 | 87.8,19 | 66.2,50,15 | 9.32,29.85 | 1011,3.6 | 0.14
2014-04-14,31.0,20.0,55.0,17.0,29.83,9.8,31 | 87.8,20 | 68.0,55,17 | 10.56,29.83 | 1010,9.8 | 0.39
2014-04-15,31.0,20.0,56.0,14.0,29.85,7.3,31 | 87.8,20 | 68.0,56,14 | 8.7,29.85 | 1011,7.3 | 0.29
2014-04-16,31.0,19.0,51.0,9.0,29.83,5.8,31 | 87.8,19 | 66.2,51,9 | 5.59,29.83 | 1010,5.8 | 0.23
2014-04-17,31.0,19.0,51.0,12.0,29.83,2.5,31 | 87.8,19 | 66.2,51,12 | 7.46,29.83 | 1010,2.5 | 0.1
2014-04-18,31.0,20.0,54.0,17.0,29.85,3.2,31 | 87.8,20 | 68.0,54,17 | 10.56,29.85 | 1011,3.2 | 0.13
2014-04-19,31.0,19.0,53.0,13.0,29.85,11.6,31 | 87.8,19 | 66.2,53,13 | 8.08,29.85 | 1011,11.6 | 0.46
2014-04-20,31.0,19.0,50.0,13.0,29.83,1.7,31 | 87.8,19 | 66.2,50,13 | 8.08,29.83 | 1010,1.7 | 0.07
2014-04-21,32.0,18.0,46.0,11.0,29.8,0.7,32 | 89.6,18 | 64.4,46,11 | 6.84,29.8 | 1009,0.7 | 0.03
2014-04-22,33.0,18.0,42.0,12.0,29.8,0.0,33 | 91.4,18 | 64.4,42,12 | 7.46,29.8 | 1009,0.0 | 0.0
2014-04-23,32.0,19.0,51.0,14.0,29.83,3.7,32 | 89.6,19 | 66.2,51,14 | 8.7,29.83 | 1010,3.7 | 0.15
2014-04-24,31.0,19.0,49.0,14.0,29.83,2.2,31 | 87.8,19 | 66.2,49,14 | 8.7,29.83 | 1010,2.2 | 0.09
2014-04-25,31.0,18.0,48.0,17.0,29.85,3.3,31 | 87.8,18 | 64.4,48,17 | 10.56,29.85 | 1011,3.3 | 0.13
2014-04-26,31.0,19.0,51.0,14.0,29.85,3.4,31 | 87.8,19 | 66.2,51,14 | 8.7,29.85 | 1011,3.4 | 0.13
2014-04-27,31.0,18.0,47.0,17.0,29.85,1.1,31 | 87.8,18 | 64.4,47,17 | 10.56,29.85 | 1011,1.1 | 0.04
2014-04-28,32.0,20.0,52.0,17.0,29.85,2.2,32 | 89.6,20 | 68.0,52,17 | 10.56,29.85 | 1011,2.2 | 0.09
2014-04-29,32.0,20.0,53.0,15.0,29.83,20.1,32 | 89.6,20 | 68.0,53,15 | 9.32,29.83 | 1010,20.1 | 0.79
2014-04-30,31.0,21.0,60.0,18.0,29.83,15.4,31 | 87.8,21 | 69.8,60,18 | 11.18,29.83 | 1010,15.4 | 0.61
2014-05-01,31.0,20.0,58.0,15.0,29.85,3.7,31 | 87.8,20 | 68.0,58,15 | 9.32,29.85 | 1011,3.7 | 0.15
2014-05-02,32.0,20.0,53.0,17.0,29.85,0.1,32 | 89.6,20 | 68.0,53,17 | 10.56,29.85 | 1011,0.1 | 0.0
2014-05-03,32.0,20.0,53.0,21.0,29.85,0.0,32 | 89.6,20 | 68.0,53,21 | 13.05,29.85 | 1011,0.0 | 0.0
2014-05-04,32.0,20.0,53.0,22.0,29.8,0.2,32 | 89.6,20 | 68.0,53,22 | 13.67,29.8 | 1009,0.2 | 0.01
2014-05-05,31.0,21.0,60.0,20.0,29.8,25.3,31 | 87.8,21 | 69.8,60,20 | 12.43,29.8 | 1009,25.3 | 1.0
2014-05-06,30.0,22.0,64.0,17.0,29.83,24.2,30 | 86.0,22 | 71.6,64,17 | 10.56,29.83 | 1010,24.2 | 0.95
2014-05-07,29.0,21.0,67.0,19.0,29.83,26.9,29 | 84.2,21 | 69.8,67,19 | 11.81,29.83 | 1010,26.9 | 1.06
2014-05-08,29.0,21.0,67.0,15.0,29.83,14.2,29 | 84.2,21 | 69.8,67,15 | 9.32,29.83 | 1010,14.2 | 0.56
2014-05-09,29.0,21.0,67.0,19.0,29.85,15.8,29 | 84.2,21 | 69.8,67,19 | 11.81,29.85 | 1011,15.8 | 0.62
2014-05-10,29.0,21.0,66.0,18.0,29.83,18.7,29 | 84.2,21 | 69.8,66,18 | 11.18,29.83 | 1010,18.7 | 0.74
2014-05-11,30.0,21.0,60.0,15.0,29.83,1.3,30 | 86.0,21 | 69.8,60,15 | 9.32,29.83 | 1010,1.3 | 0.05
2014-05-12,30.0,22.0,64.0,15.0,29.83,16.6,30 | 86.0,22 | 71.6,64,15 | 9.32,29.83 | 1010,16.6 | 0.65
2014-05-13,31.0,22.0,64.0,16.0,29.88,5.4,31 | 87.8,22 | 71.6,64,16 | 9.94,29.88 | 1012,5.4 | 0.21
2014-05-14,31.0,22.0,63.0,17.0,29.88,4.9,31 | 87.8,22 | 71.6,63,17 | 10.56,29.88 | 1012,4.9 | 0.19
2014-05-15,30.0,21.0,62.0,19.0,29.83,19.8,30 | 86.0,21 | 69.8,62,19 | 11.81,29.83 | 1010,19.8 | 0.78
2014-05-16,30.0,20.0,60.0,19.0,29.83,1.2,30 | 86.0,20 | 68.0,60,19 | 11.81,29.83 | 1010,1.2 | 0.05
2014-05-17,30.0,19.0,56.0,18.0,29.85,0.0,30 | 86.0,19 | 66.2,56,18 | 11.18,29.85 | 1011,0.0 | 0.0
2014-05-18,31.0,20.0,55.0,18.0,29.85,2.1,31 | 87.8,20 | 68.0,55,18 | 11.18,29.85 | 1011,2.1 | 0.08
2014-05-19,29.0,20.0,61.0,21.0,29.91,1.3,29 | 84.2,20 | 68.0,61,21 | 13.05,29.91 | 1013,1.3 | 0.05
2014-05-20,30.0,20.0,61.0,19.0,29.91,2.9,30 | 86.0,20 | 68.0,61,19 | 11.81,29.91 | 1013,2.9 | 0.11
2014-05-21,30.0,20.0,60.0,18.0,29.88,0.7,30 | 86.0,20 | 68.0,60,18 | 11.18,29.88 | 1012,0.7 | 0.03
2014-05-22,30.0,19.0,56.0,21.0,29.88,0.2,30 | 86.0,19 | 66.2,56,21 | 13.05,29.88 | 1012,0.2 | 0.01
2014-05-23,29.0,19.0,57.0,22.0,29.88,0.5,29 | 84.2,19 | 66.2,57,22 | 13.67,29.88 | 1012,0.5 | 0.02
2014-05-24,30.0,18.0,55.0,21.0,29.91,0.0,30 | 86.0,18 | 64.4,55,21 | 13.05,29.91 | 1013,0.0 | 0.0
2014-05-25,31.0,18.0,52.0,24.0,29.88,0.0,31 | 87.8,18 | 64.4,52,24 | 14.91,29.88 | 1012,0.0 | 0.0
2014-05-26,30.0,20.0,59.0,26.0,29.88,0.1,30 | 86.0,20 | 68.0,59,26 | 16.16,29.88 | 1012,0.1 | 0.0
2014-05-27,30.0,19.0,58.0,22.0,29.85,0.0,30 | 86.0,19 | 66.2,58,22 | 13.67,29.85 | 1011,0.0 | 0.0
2014-05-28,30.0,19.0,56.0,22.0,29.85,0.1,30 | 86.0,19 | 66.2,56,22 | 13.67,29.85 | 1011,0.1 | 0.0
2014-05-29,30.0,19.0,55.0,21.0,29.88,0.3,30 | 86.0,19 | 66.2,55,21 | 13.05,29.88 | 1012,0.3 | 0.01
2014-05-30,30.0,17.0,51.0,20.0,29.88,0.0,30 | 86.0,17 | 62.6,51,20 | 12.43,29.88 | 1012,0.0 | 0.0
2014-05-31,30.0,18.0,53.0,25.0,29.85,0.0,30 | 86.0,18 | 64.4,53,25 | 15.53,29.85 | 1011,0.0 | 0.0
2014-06-01,30.0,16.0,45.0,22.0,29.83,0.0,30 | 86.0,16 | 60.8,45,22 | 13.67,29.83 | 1010,0.0 | 0.0
2014-06-02,30.0,19.0,57.0,24.0,29.83,0.2,30 | 86.0,19 | 66.2,57,24 | 14.91,29.83 | 1010,0.2 | 0.01
2014-06-03,30.0,20.0,58.0,23.0,29.83,0.0,30 | 86.0,20 | 68.0,58,23 | 14.29,29.83 | 1010,0.0 | 0.0
2014-06-04,31.0,20.0,55.0,21.0,29.8,0.0,31 | 87.8,20 | 68.0,55,21 | 13.05,29.8 | 1009,0.0 | 0.0
2014-06-05,31.0,19.0,55.0,25.0,29.83,0.0,31 | 87.8,19 | 66.2,55,25 | 15.53,29.83 | 1010,0.0 | 0.0
2014-06-06,30.0,19.0,54.0,23.0,29.85,0.0,30 | 86.0,19 | 66.2,54,23 | 14.29,29.85 | 1011,0.0 | 0.0
2014-06-07,30.0,18.0,53.0,25.0,29.85,0.0,30 | 86.0,18 | 64.4,53,25 | 15.53,29.85 | 1011,0.0 | 0.0
2014-06-08,30.0,17.0,50.0,26.0,29.85,0.0,30 | 86.0,17 | 62.6,50,26 | 16.16,29.85 | 1011,0.0 | 0.0
2014-06-09,29.0,17.0,53.0,27.0,29.88,0.0,29 | 84.2,17 | 62.6,53,27 | 16.78,29.88 | 1012,0.0 | 0.0
2014-06-10,29.0,18.0,56.0,23.0,29.91,0.0,29 | 84.2,18 | 64.4,56,23 | 14.29,29.91 | 1013,0.0 | 0.0
2014-06-11,30.0,18.0,53.0,25.0,29.94,0.0,30 | 86.0,18 | 64.4,53,25 | 15.53,29.94 | 1014,0.0 | 0.0
2014-06-12,29.0,18.0,53.0,28.0,29.91,0.0,29 | 84.2,18 | 64.4,53,28 | 17.4,29.91 | 1013,0.0 | 0.0
2014-06-13,28.0,17.0,54.0,29.0,29.88,0.1,28 | 82.4,17 | 62.6,54,29 | 18.02,29.88 | 1012,0.1 | 0.0
2014-06-14,29.0,17.0,52.0,23.0,29.91,0.0,29 | 84.2,17 | 62.6,52,23 | 14.29,29.91 | 1013,0.0 | 0.0
2014-06-15,30.0,16.0,48.0,23.0,29.94,0.0,30 | 86.0,16 | 60.8,48,23 | 14.29,29.94 | 1014,0.0 | 0.0
2014-06-16,30.0,17.0,49.0,23.0,29.91,0.0,30 | 86.0,17 | 62.6,49,23 | 14.29,29.91 | 1013,0.0 | 0.0
2014-06-17,30.0,17.0,50.0,23.0,29.91,0.0,30 | 86.0,17 | 62.6,50,23 | 14.29,29.91 | 1013,0.0 | 0.0
2014-06-18,30.0,17.0,48.0,23.0,29.91,0.0,30 | 86.0,17 | 62.6,48,23 | 14.29,29.91 | 1013,0.0 | 0.0
2014-06-19,30.0,17.0,48.0,26.0,29.91,0.0,30 | 86.0,17 | 62.6,48,26 | 16.16,29.91 | 1013,0.0 | 0.0
2014-06-20,30.0,16.0,48.0,26.0,29.91,0.0,30 | 86.0,16 | 60.8,48,26 | 16.16,29.91 | 1013,0.0 | 0.0
2014-06-21,29.0,18.0,54.0,27.0,29.97,0.1,29 | 84.2,18 | 64.4,54,27 | 16.78,29.97 | 1015,0.1 | 0.0
2014-06-22,29.0,17.0,52.0,26.0,30.0,0.3,29 | 84.2,17 | 62.6,52,26 | 16.16,30.0 | 1016,0.3 | 0.01
2014-06-23,29.0,17.0,52.0,28.0,30.03,0.1,29 | 84.2,17 | 62.6,52,28 | 17.4,30.03 | 1017,0.1 | 0.0
2014-06-24,28.0,18.0,57.0,25.0,30.0,0.3,28 | 82.4,18 | 64.4,57,25 | 15.53,30.0 | 1016,0.3 | 0.01
2014-06-25,29.0,17.0,55.0,25.0,29.97,0.0,29 | 84.2,17 | 62.6,55,25 | 15.53,29.97 | 1015,0.0 | 0.0
2014-06-26,29.0,17.0,53.0,24.0,29.94,0.2,29 | 84.2,17 | 62.6,53,24 | 14.91,29.94 | 1014,0.2 | 0.01
2014-06-27,29.0,18.0,56.0,23.0,29.97,0.1,29 | 84.2,18 | 64.4,56,23 | 14.29,29.97 | 1015,0.1 | 0.0
2014-06-28,29.0,18.0,54.0,23.0,29.94,0.3,29 | 84.2,18 | 64.4,54,23 | 14.29,29.94 | 1014,0.3 | 0.01
2014-06-29,29.0,15.0,47.0,25.0,29.94,0.0,29 | 84.2,15 | 59.0,47,25 | 15.53,29.94 | 1014,0.0 | 0.0
2014-06-30,28.0,17.0,53.0,25.0,29.94,0.2,28 | 82.4,17 | 62.6,53,25 | 15.53,29.94 | 1014,0.2 | 0.01
2014-07-01,29.0,16.0,49.0,25.0,29.97,0.0,29 | 84.2,16 | 60.8,49,25 | 15.53,29.97 | 1015,0.0 | 0.0
2014-07-02,29.0,17.0,53.0,25.0,30.0,0.0,29 | 84.2,17 | 62.6,53,25 | 15.53,30.0 | 1016,0.0 | 0.0
2014-07-03,28.0,17.0,53.0,25.0,29.97,0.1,28 | 82.4,17 | 62.6,53,25 | 15.53,29.97 | 1015,0.1 | 0.0
2014-07-04,29.0,15.0,48.0,24.0,29.94,0.0,29 | 84.2,15 | 59.0,48,24 | 14.91,29.94 | 1014,0.0 | 0.0
2014-07-05,28.0,16.0,51.0,24.0,29.91,0.0,28 | 82.4,16 | 60.8,51,24 | 14.91,29.91 | 1013,0.0 | 0.0
2014-07-06,29.0,17.0,52.0,25.0,29.94,0.0,29 | 84.2,17 | 62.6,52,25 | 15.53,29.94 | 1014,0.0 | 0.0
2014-07-07,29.0,17.0,50.0,24.0,29.97,0.0,29 | 84.2,17 | 62.6,50,24 | 14.91,29.97 | 1015,0.0 | 0.0
2014-07-08,30.0,17.0,50.0,25.0,29.94,0.0,30 | 86.0,17 | 62.6,50,25 | 15.53,29.94 | 1014,0.0 | 0.0
2014-07-09,30.0,16.0,47.0,27.0,29.91,0.0,30 | 86.0,16 | 60.8,47,27 | 16.78,29.91 | 1013,0.0 | 0.0
2014-07-10,28.0,16.0,49.0,30.0,29.94,3.0,28 | 82.4,16 | 60.8,49,30 | 18.64,29.94 | 1014,3.0 | 0.12
2014-07-11,28.0,17.0,53.0,26.0,30.0,1.9,28 | 82.4,17 | 62.6,53,26 | 16.16,30.0 | 1016,1.9 | 0.07
2014-07-12,28.0,16.0,52.0,23.0,30.0,0.0,28 | 82.4,16 | 60.8,52,23 | 14.29,30.0 | 1016,0.0 | 0.0
2014-07-13,29.0,17.0,52.0,27.0,29.97,0.0,29 | 84.2,17 | 62.6,52,27 | 16.78,29.97 | 1015,0.0 | 0.0
2014-07-14,28.0,18.0,57.0,27.0,29.94,0.0,28 | 82.4,18 | 64.4,57,27 | 16.78,29.94 | 1014,0.0 | 0.0
2014-07-15,29.0,16.0,49.0,24.0,29.94,0.0,29 | 84.2,16 | 60.8,49,24 | 14.91,29.94 | 1014,0.0 | 0.0
2014-07-16,29.0,14.0,44.0,27.0,29.97,0.0,29 | 84.2,14 | 57.2,44,27 | 16.78,29.97 | 1015,0.0 | 0.0
2014-07-17,29.0,17.0,52.0,27.0,29.94,0.0,29 | 84.2,17 | 62.6,52,27 | 16.78,29.94 | 1014,0.0 | 0.0
2014-07-18,28.0,17.0,55.0,25.0,29.94,0.0,28 | 82.4,17 | 62.6,55,25 | 15.53,29.94 | 1014,0.0 | 0.0
2014-07-19,29.0,17.0,51.0,23.0,29.94,0.1,29 | 84.2,17 | 62.6,51,23 | 14.29,29.94 | 1014,0.1 | 0.0
2014-07-20,29.0,17.0,51.0,27.0,29.94,0.0,29 | 84.2,17 | 62.6,51,27 | 16.78,29.94 | 1014,0.0 | 0.0
2014-07-21,29.0,18.0,54.0,27.0,29.97,0.0,29 | 84.2,18 | 64.4,54,27 | 16.78,29.97 | 1015,0.0 | 0.0
2014-07-22,29.0,16.0,48.0,27.0,29.94,0.0,29 | 84.2,16 | 60.8,48,27 | 16.78,29.94 | 1014,0.0 | 0.0
2014-07-23,29.0,16.0,47.0,27.0,29.94,0.0,29 | 84.2,16 | 60.8,47,27 | 16.78,29.94 | 1014,0.0 | 0.0
2014-07-24,29.0,17.0,51.0,26.0,29.94,0.0,29 | 84.2,17 | 62.6,51,26 | 16.16,29.94 | 1014,0.0 | 0.0
2014-07-25,29.0,17.0,49.0,25.0,29.94,0.0,29 | 84.2,17 | 62.6,49,25 | 15.53,29.94 | 1014,0.0 | 0.0
2014-07-26,29.0,16.0,47.0,23.0,29.94,0.0,29 | 84.2,16 | 60.8,47,23 | 14.29,29.94 | 1014,0.0 | 0.0
2014-07-27,30.0,16.0,47.0,23.0,29.97,0.0,30 | 86.0,16 | 60.8,47,23 | 14.29,29.97 | 1015,0.0 | 0.0
2014-07-28,30.0,16.0,46.0,23.0,29.94,0.0,30 | 86.0,16 | 60.8,46,23 | 14.29,29.94 | 1014,0.0 | 0.0
2014-07-29,29.0,17.0,51.0,25.0,29.94,0.0,29 | 84.2,17 | 62.6,51,25 | 15.53,29.94 | 1014,0.0 | 0.0
2014-07-30,29.0,17.0,53.0,25.0,29.97,1.1,29 | 84.2,17 | 62.6,53,25 | 15.53,29.97 | 1015,1.1 | 0.04
2014-07-31,29.0,17.0,50.0,27.0,29.97,0.1,29 | 84.2,17 | 62.6,50,27 | 16.78,29.97 | 1015,0.1 | 0.0
2014-08-01,27.0,17.0,54.0,24.0,29.97,0.6,27 | 80.6,17 | 62.6,54,24 | 14.91,29.97 | 1015,0.6 | 0.02
2014-08-02,28.0,16.0,51.0,24.0,29.94,0.0,28 | 82.4,16 | 60.8,51,24 | 14.91,29.94 | 1014,0.0 | 0.0
2014-08-03,29.0,16.0,50.0,26.0,29.97,0.0,29 | 84.2,16 | 60.8,50,26 | 16.16,29.97 | 1015,0.0 | 0.0
2014-08-04,29.0,15.0,48.0,26.0,29.94,0.0,29 | 84.2,15 | 59.0,48,26 | 16.16,29.94 | 1014,0.0 | 0.0
2014-08-05,29.0,16.0,51.0,26.0,29.94,0.0,29 | 84.2,16 | 60.8,51,26 | 16.16,29.94 | 1014,0.0 | 0.0
2014-08-06,29.0,16.0,51.0,25.0,29.94,0.0,29 | 84.2,16 | 60.8,51,25 | 15.53,29.94 | 1014,0.0 | 0.0
2014-08-07,29.0,17.0,50.0,27.0,29.91,0.0,29 | 84.2,17 | 62.6,50,27 | 16.78,29.91 | 1013,0.0 | 0.0
2014-08-08,29.0,16.0,49.0,25.0,29.94,0.1,29 | 84.2,16 | 60.8,49,25 | 15.53,29.94 | 1014,0.1 | 0.0
2014-08-09,29.0,16.0,48.0,27.0,29.94,0.0,29 | 84.2,16 | 60.8,48,27 | 16.78,29.94 | 1014,0.0 | 0.0
2014-08-10,29.0,16.0,47.0,26.0,29.94,0.0,29 | 84.2,16 | 60.8,47,26 | 16.16,29.94 | 1014,0.0 | 0.0
2014-08-11,30.0,16.0,47.0,27.0,29.91,0.0,30 | 86.0,16 | 60.8,47,27 | 16.78,29.91 | 1013,0.0 | 0.0
2014-08-12,29.0,17.0,51.0,27.0,29.91,0.2,29 | 84.2,17 | 62.6,51,27 | 16.78,29.91 | 1013,0.2 | 0.01
2014-08-13,29.0,16.0,49.0,27.0,29.94,0.0,29 | 84.2,16 | 60.8,49,27 | 16.78,29.94 | 1014,0.0 | 0.0
2014-08-14,29.0,16.0,49.0,25.0,29.94,0.0,29 | 84.2,16 | 60.8,49,25 | 15.53,29.94 | 1014,0.0 | 0.0
2014-08-15,30.0,16.0,46.0,25.0,29.97,0.0,30 | 86.0,16 | 60.8,46,25 | 15.53,29.97 | 1015,0.0 | 0.0
2014-08-16,29.0,17.0,50.0,27.0,29.94,0.0,29 | 84.2,17 | 62.6,50,27 | 16.78,29.94 | 1014,0.0 | 0.0
2014-08-17,28.0,17.0,53.0,26.0,29.94,0.9,28 | 82.4,17 | 62.6,53,26 | 16.16,29.94 | 1014,0.9 | 0.04
2014-08-18,29.0,16.0,50.0,25.0,29.94,0.0,29 | 84.2,16 | 60.8,50,25 | 15.53,29.94 | 1014,0.0 | 0.0
2014-08-19,29.0,17.0,51.0,24.0,29.97,0.0,29 | 84.2,17 | 62.6,51,24 | 14.91,29.97 | 1015,0.0 | 0.0
2014-08-20,30.0,14.0,42.0,24.0,29.94,0.0,30 | 86.0,14 | 57.2,42,24 | 14.91,29.94 | 1014,0.0 | 0.0
2014-08-21,29.0,17.0,51.0,23.0,29.91,0.4,29 | 84.2,17 | 62.6,51,23 | 14.29,29.91 | 1013,0.4 | 0.02
2014-08-22,29.0,16.0,50.0,23.0,29.88,0.0,29 | 84.2,16 | 60.8,50,23 | 14.29,29.88 | 1012,0.0 | 0.0
2014-08-23,30.0,16.0,46.0,20.0,29.83,0.0,30 | 86.0,16 | 60.8,46,20 | 12.43,29.83 | 1010,0.0 | 0.0
2014-08-24,31.0,15.0,41.0,23.0,29.8,0.0,31 | 87.8,15 | 59.0,41,23 | 14.29,29.8 | 1009,0.0 | 0.0
2014-08-25,31.0,15.0,42.0,25.0,29.83,0.2,31 | 87.8,15 | 59.0,42,25 | 15.53,29.83 | 1010,0.2 | 0.01
2014-08-26,30.0,15.0,43.0,27.0,29.88,0.0,30 | 86.0,15 | 59.0,43,27 | 16.78,29.88 | 1012,0.0 | 0.0
2014-08-27,31.0,17.0,48.0,25.0,29.85,0.0,31 | 87.8,17 | 62.6,48,25 | 15.53,29.85 | 1011,0.0 | 0.0
2014-08-28,31.0,17.0,48.0,25.0,29.83,0.0,31 | 87.8,17 | 62.6,48,25 | 15.53,29.83 | 1010,0.0 | 0.0
2014-08-29,30.0,19.0,54.0,24.0,29.85,0.1,30 | 86.0,19 | 66.2,54,24 | 14.91,29.85 | 1011,0.1 | 0.0
2014-08-30,30.0,18.0,53.0,24.0,29.88,0.0,30 | 86.0,18 | 64.4,53,24 | 14.91,29.88 | 1012,0.0 | 0.0
2014-08-31,30.0,17.0,50.0,23.0,29.88,0.0,30 | 86.0,17 | 62.6,50,23 | 14.29,29.88 | 1012,0.0 | 0.0
2014-09-01,30.0,15.0,46.0,27.0,29.88,0.0,30 | 86.0,15 | 59.0,46,27 | 16.78,29.88 | 1012,0.0 | 0.0
2014-09-02,29.0,17.0,50.0,25.0,29.85,0.1,29 | 84.2,17 | 62.6,50,25 | 15.53,29.85 | 1011,0.1 | 0.0
2014-09-03,30.0,16.0,47.0,26.0,29.88,0.0,30 | 86.0,16 | 60.8,47,26 | 16.16,29.88 | 1012,0.0 | 0.0
2014-09-04,29.0,16.0,48.0,27.0,29.91,0.0,29 | 84.2,16 | 60.8,48,27 | 16.78,29.91 | 1013,0.0 | 0.0
2014-09-05,30.0,15.0,45.0,26.0,29.91,0.0,30 | 86.0,15 | 59.0,45,26 | 16.16,29.91 | 1013,0.0 | 0.0
2014-09-06,30.0,16.0,46.0,26.0,29.91,0.0,30 | 86.0,16 | 60.8,46,26 | 16.16,29.91 | 1013,0.0 | 0.0
2014-09-07,30.0,15.0,44.0,22.0,29.94,0.0,30 | 86.0,15 | 59.0,44,22 | 13.67,29.94 | 1014,0.0 | 0.0
2014-09-08,30.0,17.0,48.0,25.0,29.94,0.0,30 | 86.0,17 | 62.6,48,25 | 15.53,29.94 | 1014,0.0 | 0.0
2014-09-09,29.0,17.0,51.0,27.0,29.94,0.0,29 | 84.2,17 | 62.6,51,27 | 16.78,29.94 | 1014,0.0 | 0.0
2014-09-10,28.0,18.0,55.0,22.0,29.94,0.0,28 | 82.4,18 | 64.4,55,22 | 13.67,29.94 | 1014,0.0 | 0.0
2014-09-11,30.0,17.0,49.0,22.0,29.91,0.0,30 | 86.0,17 | 62.6,49,22 | 13.67,29.91 | 1013,0.0 | 0.0
2014-09-12,30.0,17.0,48.0,23.0,29.91,0.0,30 | 86.0,17 | 62.6,48,23 | 14.29,29.91 | 1013,0.0 | 0.0
2014-09-13,30.0,16.0,47.0,21.0,29.91,0.0,30 | 86.0,16 | 60.8,47,21 | 13.05,29.91 | 1013,0.0 | 0.0
2014-09-14,30.0,17.0,50.0,21.0,29.91,0.2,30 | 86.0,17 | 62.6,50,21 | 13.05,29.91 | 1013,0.2 | 0.01
2014-09-15,31.0,15.0,42.0,21.0,29.88,0.0,31 | 87.8,15 | 59.0,42,21 | 13.05,29.88 | 1012,0.0 | 0.0
2014-09-16,30.0,18.0,52.0,24.0,29.88,0.4,30 | 86.0,18 | 64.4,52,24 | 14.91,29.88 | 1012,0.4 | 0.02
2014-09-17,30.0,18.0,51.0,23.0,29.88,0.3,30 | 86.0,18 | 64.4,51,23 | 14.29,29.88 | 1012,0.3 | 0.01
2014-09-18,30.0,17.0,49.0,22.0,29.88,0.0,30 | 86.0,17 | 62.6,49,22 | 13.67,29.88 | 1012,0.0 | 0.0
2014-09-19,30.0,17.0,49.0,23.0,29.91,0.0,30 | 86.0,17 | 62.6,49,23 | 14.29,29.91 | 1013,0.0 | 0.0
2014-09-20,30.0,16.0,47.0,23.0,29.88,0.0,30 | 86.0,16 | 60.8,47,23 | 14.29,29.88 | 1012,0.0 | 0.0
2014-09-21,30.0,16.0,46.0,25.0,29.88,0.0,30 | 86.0,16 | 60.8,46,25 | 15.53,29.88 | 1012,0.0 | 0.0
2014-09-22,30.0,16.0,48.0,25.0,29.91,0.0,30 | 86.0,16 | 60.8,48,25 | 15.53,29.91 | 1013,0.0 | 0.0
2014-09-23,30.0,16.0,48.0,24.0,29.88,0.0,30 | 86.0,16 | 60.8,48,24 | 14.91,29.88 | 1012,0.0 | 0.0
2014-09-24,30.0,15.0,44.0,24.0,29.91,0.0,30 | 86.0,15 | 59.0,44,24 | 14.91,29.91 | 1013,0.0 | 0.0
2014-09-25,30.0,16.0,47.0,26.0,29.88,0.0,30 | 86.0,16 | 60.8,47,26 | 16.16,29.88 | 1012,0.0 | 0.0
2014-09-26,30.0,16.0,49.0,23.0,29.91,0.0,30 | 86.0,16 | 60.8,49,23 | 14.29,29.91 | 1013,0.0 | 0.0
2014-09-27,30.0,16.0,47.0,21.0,29.91,0.0,30 | 86.0,16 | 60.8,47,21 | 13.05,29.91 | 1013,0.0 | 0.0
2014-09-28,31.0,17.0,47.0,21.0,29.91,0.0,31 | 87.8,17 | 62.6,47,21 | 13.05,29.91 | 1013,0.0 | 0.0
2014-09-29,31.0,16.0,45.0,21.0,29.88,0.0,31 | 87.8,16 | 60.8,45,21 | 13.05,29.88 | 1012,0.0 | 0.0
2014-09-30,31.0,16.0,45.0,21.0,29.85,0.0,31 | 87.8,16 | 60.8,45,21 | 13.05,29.85 | 1011,0.0 | 0.0
2014-10-01,31.0,16.0,45.0,21.0,29.83,0.0,31 | 87.8,16 | 60.8,45,21 | 13.05,29.83 | 1010,0.0 | 0.0
2014-10-02,32.0,16.0,44.0,19.0,29.85,0.0,32 | 89.6,16 | 60.8,44,19 | 11.81,29.85 | 1011,0.0 | 0.0
2014-10-03,32.0,17.0,44.0,20.0,29.83,0.0,32 | 89.6,17 | 62.6,44,20 | 12.43,29.83 | 1010,0.0 | 0.0
2014-10-04,30.0,17.0,49.0,20.0,29.85,0.0,30 | 86.0,17 | 62.6,49,20 | 12.43,29.85 | 1011,0.0 | 0.0
2014-10-05,31.0,18.0,49.0,20.0,29.88,3.3,31 | 87.8,18 | 64.4,49,20 | 12.43,29.88 | 1012,3.3 | 0.13
2014-10-06,31.0,16.0,45.0,20.0,29.91,0.0,31 | 87.8,16 | 60.8,45,20 | 12.43,29.91 | 1013,0.0 | 0.0
2014-10-07,32.0,17.0,45.0,18.0,29.85,0.3,32 | 89.6,17 | 62.6,45,18 | 11.18,29.85 | 1011,0.3 | 0.01
2014-10-08,30.0,19.0,55.0,23.0,29.85,32.9,30 | 86.0,19 | 66.2,55,23 | 14.29,29.85 | 1011,32.9 | 1.3
2014-10-09,30.0,19.0,56.0,16.0,29.85,8.4,30 | 86.0,19 | 66.2,56,16 | 9.94,29.85 | 1011,8.4 | 0.33
2014-10-10,30.0,19.0,54.0,14.0,29.85,21.5,30 | 86.0,19 | 66.2,54,14 | 8.7,29.85 | 1011,21.5 | 0.85
2014-10-11,29.0,19.0,57.0,19.0,29.88,12.9,29 | 84.2,19 | 66.2,57,19 | 11.81,29.88 | 1012,12.9 | 0.51
2014-10-12,29.0,19.0,56.0,17.0,29.88,8.5,29 | 84.2,19 | 66.2,56,17 | 10.56,29.88 | 1012,8.5 | 0.33
2014-10-13,30.0,19.0,56.0,17.0,29.88,7.0,30 | 86.0,19 | 66.2,56,17 | 10.56,29.88 | 1012,7.0 | 0.28
2014-10-14,30.0,20.0,57.0,18.0,29.85,5.0,30 | 86.0,20 | 68.0,57,18 | 11.18,29.85 | 1011,5.0 | 0.2
2014-10-15,30.0,19.0,55.0,13.0,29.85,0.2,30 | 86.0,19 | 66.2,55,13 | 8.08,29.85 | 1011,0.2 | 0.01
2014-10-16,31.0,18.0,48.0,12.0,29.83,1.4,31 | 87.8,18 | 64.4,48,12 | 7.46,29.83 | 1010,1.4 | 0.06
2014-10-17,31.0,19.0,53.0,14.0,29.85,0.6,31 | 87.8,19 | 66.2,53,14 | 8.7,29.85 | 1011,0.6 | 0.02
2014-10-18,31.0,20.0,53.0,14.0,29.83,10.6,31 | 87.8,20 | 68.0,53,14 | 8.7,29.83 | 1010,10.6 | 0.42
2014-10-19,27.0,21.0,69.0,15.0,29.85,26.6,27 | 80.6,21 | 69.8,69,15 | 9.32,29.85 | 1011,26.6 | 1.05
2014-10-20,25.0,21.0,75.0,13.0,29.88,25.0,25 | 77.0,21 | 69.8,75,13 | 8.08,29.88 | 1012,25.0 | 0.98
2014-10-21,26.0,21.0,74.0,10.0,29.91,2.4,26 | 78.8,21 | 69.8,74,10 | 6.21,29.91 | 1013,2.4 | 0.09
2014-10-22,28.0,20.0,67.0,10.0,29.91,9.2,28 | 82.4,20 | 68.0,67,10 | 6.21,29.91 | 1013,9.2 | 0.36
2014-10-23,28.0,21.0,67.0,12.0,29.91,29.1,28 | 82.4,21 | 69.8,67,12 | 7.46,29.91 | 1013,29.1 | 1.15
2014-10-24,27.0,21.0,74.0,7.0,29.88,7.6,27 | 80.6,21 | 69.8,74,7 | 4.35,29.88 | 1012,7.6 | 0.3
2014-10-25,29.0,20.0,62.0,9.0,29.85,1.3,29 | 84.2,20 | 68.0,62,9 | 5.59,29.85 | 1011,1.3 | 0.05
2014-10-26,30.0,20.0,56.0,11.0,29.85,0.4,30 | 86.0,20 | 68.0,56,11 | 6.84,29.85 | 1011,0.4 | 0.02
2014-10-27,31.0,19.0,55.0,14.0,29.85,0.6,31 | 87.8,19 | 66.2,55,14 | 8.7,29.85 | 1011,0.6 | 0.02
2014-10-28,29.0,20.0,59.0,16.0,29.85,7.8,29 | 84.2,20 | 68.0,59,16 | 9.94,29.85 | 1011,7.8 | 0.31
2014-10-29,30.0,19.0,57.0,15.0,29.85,2.4,30 | 86.0,19 | 66.2,57,15 | 9.32,29.85 | 1011,2.4 | 0.09
2014-10-30,30.0,19.0,56.0,12.0,29.85,1.5,30 | 86.0,19 | 66.2,56,12 | 7.46,29.85 | 1011,1.5 | 0.06
2014-10-31,31.0,19.0,52.0,13.0,29.83,0.2,31 | 87.8,19 | 66.2,52,13 | 8.08,29.83 | 1010,0.2 | 0.01
2014-11-01,30.0,21.0,60.0,12.0,29.83,11.9,30 | 86.0,21 | 69.8,60,12 | 7.46,29.83 | 1010,11.9 | 0.47
2014-11-02,30.0,20.0,58.0,9.0,29.85,10.1,30 | 86.0,20 | 68.0,58,9 | 5.59,29.85 | 1011,10.1 | 0.4
2014-11-03,30.0,19.0,56.0,12.0,29.91,7.1,30 | 86.0,19 | 66.2,56,12 | 7.46,29.91 | 1013,7.1 | 0.28
2014-11-04,30.0,19.0,55.0,12.0,29.91,1.3,30 | 86.0,19 | 66.2,55,12 | 7.46,29.91 | 1013,1.3 | 0.05
2014-11-05,30.0,19.0,55.0,13.0,29.91,2.8,30 | 86.0,19 | 66.2,55,13 | 8.08,29.91 | 1013,2.8 | 0.11
2014-11-06,30.0,19.0,53.0,13.0,29.91,3.6,30 | 86.0,19 | 66.2,53,13 | 8.08,29.91 | 1013,3.6 | 0.14
2014-11-07,31.0,19.0,54.0,12.0,29.91,1.8,31 | 87.8,19 | 66.2,54,12 | 7.46,29.91 | 1013,1.8 | 0.07
2014-11-08,30.0,20.0,57.0,11.0,29.88,9.9,30 | 86.0,20 | 68.0,57,11 | 6.84,29.88 | 1012,9.9 | 0.39
2014-11-09,29.0,20.0,63.0,12.0,29.91,6.2,29 | 84.2,20 | 68.0,63,12 | 7.46,29.91 | 1013,6.2 | 0.24
2014-11-10,29.0,18.0,55.0,13.0,29.88,2.0,29 | 84.2,18 | 64.4,55,13 | 8.08,29.88 | 1012,2.0 | 0.08
2014-11-11,29.0,13.0,38.0,11.0,29.85,0.0,29 | 84.2,13 | 55.4,38,11 | 6.84,29.85 | 1011,0.0 | 0.0
2014-11-12,30.0,16.0,45.0,11.0,29.83,0.0,30 | 86.0,16 | 60.8,45,11 | 6.84,29.83 | 1010,0.0 | 0.0
2014-11-13,30.0,18.0,50.0,14.0,29.83,1.0,30 | 86.0,18 | 64.4,50,14 | 8.7,29.83 | 1010,1.0 | 0.04
2014-11-14,29.0,19.0,59.0,14.0,29.88,13.0,29 | 84.2,19 | 66.2,59,14 | 8.7,29.88 | 1012,13.0 | 0.51
2014-11-15,29.0,19.0,57.0,8.0,29.88,3.9,29 | 84.2,19 | 66.2,57,8 | 4.97,29.88 | 1012,3.9 | 0.15
2014-11-16,30.0,19.0,53.0,11.0,29.83,1.4,30 | 86.0,19 | 66.2,53,11 | 6.84,29.83 | 1010,1.4 | 0.06
2014-11-17,30.0,18.0,51.0,11.0,29.83,0.9,30 | 86.0,18 | 64.4,51,11 | 6.84,29.83 | 1010,0.9 | 0.04
2014-11-18,30.0,19.0,50.0,12.0,29.83,3.3,30 | 86.0,19 | 66.2,50,12 | 7.46,29.83 | 1010,3.3 | 0.13
2014-11-19,30.0,19.0,55.0,12.0,29.83,4.3,30 | 86.0,19 | 66.2,55,12 | 7.46,29.83 | 1010,4.3 | 0.17
2014-11-20,30.0,19.0,55.0,15.0,29.85,11.2,30 | 86.0,19 | 66.2,55,15 | 9.32,29.85 | 1011,11.2 | 0.44
2014-11-21,28.0,20.0,62.0,17.0,29.91,11.9,28 | 82.4,20 | 68.0,62,17 | 10.56,29.91 | 1013,11.9 | 0.47
2014-11-22,29.0,21.0,65.0,15.0,29.91,3.5,29 | 84.2,21 | 69.8,65,15 | 9.32,29.91 | 1013,3.5 | 0.14
2014-11-23,30.0,21.0,60.0,10.0,29.85,3.7,30 | 86.0,21 | 69.8,60,10 | 6.21,29.85 | 1011,3.7 | 0.15
2014-11-24,30.0,21.0,60.0,11.0,29.85,5.0,30 | 86.0,21 | 69.8,60,11 | 6.84,29.85 | 1011,5.0 | 0.2
2014-11-25,30.0,21.0,61.0,10.0,29.83,1.8,30 | 86.0,21 | 69.8,61,10 | 6.21,29.83 | 1010,1.8 | 0.07
2014-11-26,31.0,21.0,58.0,9.0,29.8,0.3,31 | 87.8,21 | 69.8,58,9 | 5.59,29.8 | 1009,0.3 | 0.01
2014-11-27,31.0,20.0,54.0,8.0,29.8,0.6,31 | 87.8,20 | 68.0,54,8 | 4.97,29.8 | 1009,0.6 | 0.02
2014-11-28,32.0,18.0,46.0,9.0,29.83,0.1,32 | 89.6,18 | 64.4,46,9 | 5.59,29.83 | 1010,0.1 | 0.0
2014-11-29,31.0,16.0,42.0,10.0,29.83,0.0,31 | 87.8,16 | 60.8,42,10 | 6.21,29.83 | 1010,0.0 | 0.0
2014-11-30,31.0,15.0,40.0,9.0,29.83,0.0,31 | 87.8,15 | 59.0,40,9 | 5.59,29.83 | 1010,0.0 | 0.0
2014-12-01,32.0,17.0,44.0,14.0,29.8,0.0,32 | 89.6,17 | 62.6,44,14 | 8.7,29.8 | 1009,0.0 | 0.0
2014-12-02,32.0,16.0,42.0,20.0,29.83,0.0,32 | 89.6,16 | 60.8,42,20 | 12.43,29.83 | 1010,0.0 | 0.0
2014-12-03,31.0,15.0,41.0,19.0,29.88,0.0,31 | 87.8,15 | 59.0,41,19 | 11.81,29.88 | 1012,0.0 | 0.0
2014-12-04,31.0,14.0,39.0,18.0,29.91,0.0,31 | 87.8,14 | 57.2,39,18 | 11.18,29.91 | 1013,0.0 | 0.0
2014-12-05,31.0,14.0,38.0,14.0,29.88,0.0,31 | 87.8,14 | 57.2,38,14 | 8.7,29.88 | 1012,0.0 | 0.0
2014-12-06,31.0,14.0,38.0,10.0,29.85,0.0,31 | 87.8,14 | 57.2,38,10 | 6.21,29.85 | 1011,0.0 | 0.0
2014-12-07,30.0,16.0,44.0,10.0,29.85,0.0,30 | 86.0,16 | 60.8,44,10 | 6.21,29.85 | 1011,0.0 | 0.0
2014-12-08,31.0,17.0,45.0,13.0,29.85,0.0,31 | 87.8,17 | 62.6,45,13 | 8.08,29.85 | 1011,0.0 | 0.0
2014-12-09,31.0,17.0,45.0,15.0,29.88,0.1,31 | 87.8,17 | 62.6,45,15 | 9.32,29.88 | 1012,0.1 | 0.0
2014-12-10,31.0,16.0,42.0,16.0,29.88,0.0,31 | 87.8,16 | 60.8,42,16 | 9.94,29.88 | 1012,0.0 | 0.0
2014-12-11,31.0,16.0,42.0,14.0,29.88,0.0,31 | 87.8,16 | 60.8,42,14 | 8.7,29.88 | 1012,0.0 | 0.0
2014-12-12,30.0,15.0,42.0,13.0,29.88,0.0,30 | 86.0,15 | 59.0,42,13 | 8.08,29.88 | 1012,0.0 | 0.0
2014-12-13,30.0,13.0,36.0,10.0,29.88,0.0,30 | 86.0,13 | 55.4,36,10 | 6.21,29.88 | 1012,0.0 | 0.0
2014-12-14,31.0,11.0,32.0,10.0,29.88,0.0,31 | 87.8,11 | 51.8,32,10 | 6.21,29.88 | 1012,0.0 | 0.0
2014-12-15,31.0,12.0,33.0,11.0,29.88,0.0,31 | 87.8,12 | 53.6,33,11 | 6.84,29.88 | 1012,0.0 | 0.0
2014-12-16,31.0,14.0,37.0,10.0,29.88,0.0,31 | 87.8,14 | 57.2,37,10 | 6.21,29.88 | 1012,0.0 | 0.0
2014-12-17,32.0,14.0,36.0,11.0,29.85,0.0,32 | 89.6,14 | 57.2,36,11 | 6.84,29.85 | 1011,0.0 | 0.0
2014-12-18,32.0,12.0,33.0,13.0,29.85,0.0,32 | 89.6,12 | 53.6,33,13 | 8.08,29.85 | 1011,0.0 | 0.0
2014-12-19,31.0,10.0,29.0,16.0,29.88,0.0,31 | 87.8,10 | 50.0,29,16 | 9.94,29.88 | 1012,0.0 | 0.0
2014-12-20,31.0,10.0,29.0,15.0,29.88,0.0,31 | 87.8,10 | 50.0,29,15 | 9.32,29.88 | 1012,0.0 | 0.0
2014-12-21,31.0,9.0,27.0,10.0,29.85,0.0,31 | 87.8,9 | 48.2,27,10 | 6.21,29.85 | 1011,0.0 | 0.0
2014-12-22,31.0,12.0,32.0,9.0,29.83,0.0,31 | 87.8,12 | 53.6,32,9 | 5.59,29.83 | 1010,0.0 | 0.0
2014-12-23,32.0,12.0,31.0,11.0,29.83,0.0,32 | 89.6,12 | 53.6,31,11 | 6.84,29.83 | 1010,0.0 | 0.0
2014-12-24,31.0,13.0,35.0,12.0,29.88,0.0,31 | 87.8,13 | 55.4,35,12 | 7.46,29.88 | 1012,0.0 | 0.0
2014-12-25,32.0,14.0,35.0,18.0,29.88,0.0,32 | 89.6,14 | 57.2,35,18 | 11.18,29.88 | 1012,0.0 | 0.0
2014-12-26,32.0,13.0,33.0,18.0,29.88,0.0,32 | 89.6,13 | 55.4,33,18 | 11.18,29.88 | 1012,0.0 | 0.0
2014-12-27,32.0,10.0,29.0,17.0,29.85,0.0,32 | 89.6,10 | 50.0,29,17 | 10.56,29.85 | 1011,0.0 | 0.0
2014-12-28,32.0,12.0,32.0,16.0,29.85,0.0,32 | 89.6,12 | 53.6,32,16 | 9.94,29.85 | 1011,0.0 | 0.0
2014-12-29,31.0,10.0,28.0,16.0,29.85,0.0,31 | 87.8,10 | 50.0,28,16 | 9.94,29.85 | 1011,0.0 | 0.0
2014-12-30,31.0,8.0,26.0,15.0,29.83,0.0,31 | 87.8,8 | 46.4,26,15 | 9.32,29.83 | 1010,0.0 | 0.0
2014-12-31,31.0,1.0,17.0,15.0,29.83,0.0,31 | 87.8,1 | 33.8,17,15 | 9.32,29.83 | 1010,0.0 | 0.0
2015-01-01,31.0,1.0,16.0,16.0,29.85,0.0,31 | 87.8,1 | 33.8,16,16 | 9.94,29.85 | 1011,0.0 | 0.0
2015-01-02,31.0,4.0,21.0,15.0,29.88,0.0,31 | 87.8,4 | 39.2,21,15 | 9.32,29.88 | 1012,0.0 | 0.0
2015-01-03,31.0,4.0,21.0,16.0,29.88,0.0,31 | 87.8,4 | 39.2,21,16 | 9.94,29.88 | 1012,0.0 | 0.0
2015-01-04,30.0,3.0,20.0,16.0,29.85,0.0,30 | 86.0,3 | 37.4,20,16 | 9.94,29.85 | 1011,0.0 | 0.0
2015-01-05,30.0,6.0,23.0,16.0,29.83,0.0,30 | 86.0,6 | 42.8,23,16 | 9.94,29.83 | 1010,0.0 | 0.0
2015-01-06,31.0,9.0,28.0,18.0,29.85,0.0,31 | 87.8,9 | 48.2,28,18 | 11.18,29.85 | 1011,0.0 | 0.0
2015-01-07,31.0,11.0,32.0,15.0,29.88,0.0,31 | 87.8,11 | 51.8,32,15 | 9.32,29.88 | 1012,0.0 | 0.0
2015-01-08,31.0,14.0,37.0,16.0,29.88,0.0,31 | 87.8,14 | 57.2,37,16 | 9.94,29.88 | 1012,0.0 | 0.0
2015-01-09,31.0,11.0,32.0,16.0,29.88,0.0,31 | 87.8,11 | 51.8,32,16 | 9.94,29.88 | 1012,0.0 | 0.0
2015-01-10,32.0,10.0,29.0,13.0,29.85,0.0,32 | 89.6,10 | 50.0,29,13 | 8.08,29.85 | 1011,0.0 | 0.0
2015-01-11,32.0,11.0,30.0,17.0,29.83,0.0,32 | 89.6,11 | 51.8,30,17 | 10.56,29.83 | 1010,0.0 | 0.0
2015-01-12,32.0,12.0,32.0,18.0,29.85,0.0,32 | 89.6,12 | 53.6,32,18 | 11.18,29.85 | 1011,0.0 | 0.0
2015-01-13,31.0,11.0,31.0,20.0,29.88,0.0,31 | 87.8,11 | 51.8,31,20 | 12.43,29.88 | 1012,0.0 | 0.0
2015-01-14,31.0,7.0,26.0,18.0,29.88,0.0,31 | 87.8,7 | 44.6,26,18 | 11.18,29.88 | 1012,0.0 | 0.0
2015-01-15,30.0,5.0,23.0,18.0,29.85,0.0,30 | 86.0,5 | 41.0,23,18 | 11.18,29.85 | 1011,0.0 | 0.0
2015-01-16,31.0,2.0,19.0,18.0,29.83,0.0,31 | 87.8,2 | 35.6,19,18 | 11.18,29.83 | 1010,0.0 | 0.0
2015-01-17,30.0,2.0,19.0,20.0,29.83,0.0,30 | 86.0,2 | 35.6,19,20 | 12.43,29.83 | 1010,0.0 | 0.0
2015-01-18,30.0,5.0,23.0,17.0,29.85,0.0,30 | 86.0,5 | 41.0,23,17 | 10.56,29.85 | 1011,0.0 | 0.0
2015-01-19,31.0,8.0,27.0,11.0,29.83,0.0,31 | 87.8,8 | 46.4,27,11 | 6.84,29.83 | 1010,0.0 | 0.0
2015-01-20,31.0,11.0,33.0,15.0,29.85,0.0,31 | 87.8,11 | 51.8,33,15 | 9.32,29.85 | 1011,0.0 | 0.0
2015-01-21,32.0,12.0,33.0,17.0,29.91,0.0,32 | 89.6,12 | 53.6,33,17 | 10.56,29.91 | 1013,0.0 | 0.0
2015-01-22,32.0,13.0,36.0,17.0,29.91,0.0,32 | 89.6,13 | 55.4,36,17 | 10.56,29.91 | 1013,0.0 | 0.0
2015-01-23,30.0,11.0,35.0,16.0,29.88,0.0,30 | 86.0,11 | 51.8,35,16 | 9.94,29.88 | 1012,0.0 | 0.0
2015-01-24,29.0,7.0,27.0,16.0,29.88,0.0,29 | 84.2,7 | 44.6,27,16 | 9.94,29.88 | 1012,0.0 | 0.0
2015-01-25,30.0,6.0,26.0,18.0,29.91,0.0,30 | 86.0,6 | 42.8,26,18 | 11.18,29.91 | 1013,0.0 | 0.0
2015-01-26,30.0,6.0,26.0,16.0,29.91,0.0,30 | 86.0,6 | 42.8,26,16 | 9.94,29.91 | 1013,0.0 | 0.0
2015-01-27,30.0,5.0,24.0,15.0,29.88,0.0,30 | 86.0,5 | 41.0,24,15 | 9.32,29.88 | 1012,0.0 | 0.0
2015-01-28,30.0,8.0,29.0,16.0,29.85,0.0,30 | 86.0,8 | 46.4,29,16 | 9.94,29.85 | 1011,0.0 | 0.0
2015-01-29,30.0,9.0,30.0,16.0,29.85,0.0,30 | 86.0,9 | 48.2,30,16 | 9.94,29.85 | 1011,0.0 | 0.0
2015-01-30,31.0,9.0,30.0,16.0,29.88,0.0,31 | 87.8,9 | 48.2,30,16 | 9.94,29.88 | 1012,0.0 | 0.0
2015-01-31,32.0,9.0,29.0,18.0,29.85,0.0,32 | 89.6,9 | 48.2,29,18 | 11.18,29.85 | 1011,0.0 | 0.0
2015-02-01,31.0,10.0,30.0,17.0,29.88,0.0,31 | 87.8,10 | 50.0,30,17 | 10.56,29.88 | 1012,0.0 | 0.0
2015-02-02,32.0,9.0,28.0,17.0,29.83,0.0,32 | 89.6,9 | 48.2,28,17 | 10.56,29.83 | 1010,0.0 | 0.0
2015-02-03,32.0,10.0,29.0,15.0,29.85,0.0,32 | 89.6,10 | 50.0,29,15 | 9.32,29.85 | 1011,0.0 | 0.0
2015-02-04,32.0,12.0,34.0,17.0,29.85,0.0,32 | 89.6,12 | 53.6,34,17 | 10.56,29.85 | 1011,0.0 | 0.0
2015-02-05,32.0,11.0,31.0,14.0,29.85,0.0,32 | 89.6,11 | 51.8,31,14 | 8.7,29.85 | 1011,0.0 | 0.0
2015-02-06,32.0,11.0,30.0,14.0,29.85,0.0,32 | 89.6,11 | 51.8,30,14 | 8.7,29.85 | 1011,0.0 | 0.0
2015-02-07,33.0,10.0,28.0,16.0,29.83,0.0,33 | 91.4,10 | 50.0,28,16 | 9.94,29.83 | 1010,0.0 | 0.0
2015-02-08,32.0,7.0,26.0,14.0,29.83,0.0,32 | 89.6,7 | 44.6,26,14 | 8.7,29.83 | 1010,0.0 | 0.0
2015-02-09,30.0,11.0,37.0,11.0,29.83,0.0,30 | 86.0,11 | 51.8,37,11 | 6.84,29.83 | 1010,0.0 | 0.0
2015-02-10,31.0,14.0,41.0,12.0,29.85,0.0,31 | 87.8,14 | 57.2,41,12 | 7.46,29.85 | 1011,0.0 | 0.0
2015-02-11,32.0,14.0,38.0,12.0,29.85,0.0,32 | 89.6,14 | 57.2,38,12 | 7.46,29.85 | 1011,0.0 | 0.0
2015-02-12,32.0,13.0,36.0,11.0,29.83,0.0,32 | 89.6,13 | 55.4,36,11 | 6.84,29.83 | 1010,0.0 | 0.0
2015-02-13,33.0,10.0,30.0,14.0,29.8,0.0,33 | 91.4,10 | 50.0,30,14 | 8.7,29.8 | 1009,0.0 | 0.0
2015-02-14,32.0,9.0,27.0,14.0,29.8,0.0,32 | 89.6,9 | 48.2,27,14 | 8.7,29.8 | 1009,0.0 | 0.0
2015-02-15,31.0,10.0,29.0,14.0,29.83,0.0,31 | 87.8,10 | 50.0,29,14 | 8.7,29.83 | 1010,0.0 | 0.0
2015-02-16,31.0,12.0,34.0,13.0,29.85,0.0,31 | 87.8,12 | 53.6,34,13 | 8.08,29.85 | 1011,0.0 | 0.0
2015-02-17,32.0,11.0,33.0,15.0,29.85,0.0,32 | 89.6,11 | 51.8,33,15 | 9.32,29.85 | 1011,0.0 | 0.0
2015-02-18,32.0,10.0,30.0,15.0,29.83,0.0,32 | 89.6,10 | 50.0,30,15 | 9.32,29.83 | 1010,0.0 | 0.0
2015-02-19,31.0,12.0,38.0,11.0,29.83,0.0,31 | 87.8,12 | 53.6,38,11 | 6.84,29.83 | 1010,0.0 | 0.0
2015-02-20,31.0,12.0,37.0,11.0,29.8,0.0,31 | 87.8,12 | 53.6,37,11 | 6.84,29.8 | 1009,0.0 | 0.0
2015-02-21,32.0,13.0,36.0,13.0,29.77,0.0,32 | 89.6,13 | 55.4,36,13 | 8.08,29.77 | 1008,0.0 | 0.0
2015-02-22,32.0,13.0,38.0,13.0,29.8,0.0,32 | 89.6,13 | 55.4,38,13 | 8.08,29.8 | 1009,0.0 | 0.0
2015-02-23,32.0,13.0,37.0,13.0,29.83,0.0,32 | 89.6,13 | 55.4,37,13 | 8.08,29.83 | 1010,0.0 | 0.0
2015-02-24,32.0,13.0,36.0,15.0,29.83,0.0,32 | 89.6,13 | 55.4,36,15 | 9.32,29.83 | 1010,0.0 | 0.0
2015-02-25,33.0,12.0,31.0,15.0,29.77,0.0,33 | 91.4,12 | 53.6,31,15 | 9.32,29.77 | 1008,0.0 | 0.0
2015-02-26,33.0,14.0,35.0,16.0,29.77,0.0,33 | 91.4,14 | 57.2,35,16 | 9.94,29.77 | 1008,0.0 | 0.0
2015-02-27,32.0,13.0,36.0,15.0,29.8,0.0,32 | 89.6,13 | 55.4,36,15 | 9.32,29.8 | 1009,0.0 | 0.0
2015-02-28,33.0,8.0,25.0,17.0,29.77,0.0,33 | 91.4,8 | 46.4,25,17 | 10.56,29.77 | 1008,0.0 | 0.0
2015-03-01,32.0,8.0,28.0,16.0,29.77,0.0,32 | 89.6,8 | 46.4,28,16 | 9.94,29.77 | 1008,0.0 | 0.0
2015-03-02,32.0,9.0,27.0,15.0,29.8,0.0,32 | 89.6,9 | 48.2,27,15 | 9.32,29.8 | 1009,0.0 | 0.0
2015-03-03,32.0,8.0,27.0,18.0,29.85,0.0,32 | 89.6,8 | 46.4,27,18 | 11.18,29.85 | 1011,0.0 | 0.0
2015-03-04,31.0,8.0,28.0,16.0,29.83,0.0,31 | 87.8,8 | 46.4,28,16 | 9.94,29.83 | 1010,0.0 | 0.0
2015-03-05,31.0,7.0,29.0,15.0,29.83,0.0,31 | 87.8,7 | 44.6,29,15 | 9.32,29.83 | 1010,0.0 | 0.0
2015-03-06,31.0,10.0,35.0,13.0,29.85,0.0,31 | 87.8,10 | 50.0,35,13 | 8.08,29.85 | 1011,0.0 | 0.0
2015-03-07,31.0,12.0,38.0,15.0,29.85,0.0,31 | 87.8,12 | 53.6,38,15 | 9.32,29.85 | 1011,0.0 | 0.0
2015-03-08,32.0,8.0,27.0,18.0,29.85,0.0,32 | 89.6,8 | 46.4,27,18 | 11.18,29.85 | 1011,0.0 | 0.0
2015-03-09,32.0,6.0,24.0,19.0,29.88,0.0,32 | 89.6,6 | 42.8,24,19 | 11.81,29.88 | 1012,0.0 | 0.0
2015-03-10,30.0,9.0,28.0,14.0,29.83,0.0,30 | 86.0,9 | 48.2,28,14 | 8.7,29.83 | 1010,0.0 | 0.0
2015-03-11,32.0,12.0,35.0,12.0,29.8,0.0,32 | 89.6,12 | 53.6,35,12 | 7.46,29.8 | 1009,0.0 | 0.0
2015-03-12,32.0,13.0,36.0,13.0,29.8,0.0,32 | 89.6,13 | 55.4,36,13 | 8.08,29.8 | 1009,0.0 | 0.0
2015-03-13,32.0,14.0,39.0,13.0,29.83,0.4,32 | 89.6,14 | 57.2,39,13 | 8.08,29.83 | 1010,0.4 | 0.02
2015-03-14,33.0,14.0,37.0,13.0,29.8,0.0,33 | 91.4,14 | 57.2,37,13 | 8.08,29.8 | 1009,0.0 | 0.0
2015-03-15,32.0,15.0,39.0,13.0,29.8,0.7,32 | 89.6,15 | 59.0,39,13 | 8.08,29.8 | 1009,0.7 | 0.03
2015-03-16,33.0,15.0,39.0,13.0,29.8,1.1,33 | 91.4,15 | 59.0,39,13 | 8.08,29.8 | 1009,1.1 | 0.04
2015-03-17,33.0,15.0,39.0,13.0,29.8,0.1,33 | 91.4,15 | 59.0,39,13 | 8.08,29.8 | 1009,0.1 | 0.0
2015-03-18,33.0,15.0,39.0,13.0,29.8,0.7,33 | 91.4,15 | 59.0,39,13 | 8.08,29.8 | 1009,0.7 | 0.03
2015-03-19,35.0,13.0,29.0,11.0,29.77,0.0,35 | 95.0,13 | 55.4,29,11 | 6.84,29.77 | 1008,0.0 | 0.0
2015-03-20,33.0,16.0,39.0,15.0,29.83,0.4,33 | 91.4,16 | 60.8,39,15 | 9.32,29.83 | 1010,0.4 | 0.02
2015-03-21,33.0,17.0,41.0,14.0,29.83,0.6,33 | 91.4,17 | 62.6,41,14 | 8.7,29.83 | 1010,0.6 | 0.02
2015-03-22,31.0,19.0,51.0,17.0,29.85,12.5,31 | 87.8,19 | 66.2,51,17 | 10.56,29.85 | 1011,12.5 | 0.49
2015-03-23,31.0,19.0,49.0,14.0,29.83,3.3,31 | 87.8,19 | 66.2,49,14 | 8.7,29.83 | 1010,3.3 | 0.13
2015-03-24,30.0,20.0,55.0,10.0,29.83,21.5,30 | 86.0,20 | 68.0,55,10 | 6.21,29.83 | 1010,21.5 | 0.85
2015-03-25,31.0,20.0,58.0,11.0,29.85,20.3,31 | 87.8,20 | 68.0,58,11 | 6.84,29.85 | 1011,20.3 | 0.8
2015-03-26,29.0,20.0,63.0,13.0,29.88,13.6,29 | 84.2,20 | 68.0,63,13 | 8.08,29.88 | 1012,13.6 | 0.54
2015-03-27,31.0,19.0,53.0,11.0,29.85,1.1,31 | 87.8,19 | 66.2,53,11 | 6.84,29.85 | 1011,1.1 | 0.04
2015-03-28,31.0,19.0,52.0,11.0,29.83,0.0,31 | 87.8,19 | 66.2,52,11 | 6.84,29.83 | 1010,0.0 | 0.0
2015-03-29,32.0,19.0,48.0,11.0,29.8,1.0,32 | 89.6,19 | 66.2,48,11 | 6.84,29.8 | 1009,1.0 | 0.04
2015-03-30,31.0,19.0,51.0,13.0,29.83,0.1,31 | 87.8,19 | 66.2,51,13 | 8.08,29.83 | 1010,0.1 | 0.0
2015-03-31,31.0,21.0,56.0,11.0,29.83,10.9,31 | 87.8,21 | 69.8,56,11 | 6.84,29.83 | 1010,10.9 | 0.43
2015-04-01,32.0,20.0,52.0,12.0,29.83,0.4,32 | 89.6,20 | 68.0,52,12 | 7.46,29.83 | 1010,0.4 | 0.02
2015-04-02,31.0,21.0,58.0,15.0,29.8,11.8,31 | 87.8,21 | 69.8,58,15 | 9.32,29.8 | 1009,11.8 | 0.46
2015-04-03,32.0,20.0,56.0,13.0,29.77,0.9,32 | 89.6,20 | 68.0,56,13 | 8.08,29.77 | 1008,0.9 | 0.04
2015-04-04,31.0,21.0,60.0,13.0,29.77,9.8,31 | 87.8,21 | 69.8,60,13 | 8.08,29.77 | 1008,9.8 | 0.39
2015-04-05,31.0,21.0,57.0,13.0,29.8,3.9,31 | 87.8,21 | 69.8,57,13 | 8.08,29.8 | 1009,3.9 | 0.15
2015-04-06,31.0,21.0,56.0,11.0,29.8,2.7,31 | 87.8,21 | 69.8,56,11 | 6.84,29.8 | 1009,2.7 | 0.11
2015-04-07,32.0,21.0,57.0,12.0,29.8,12.1,32 | 89.6,21 | 69.8,57,12 | 7.46,29.8 | 1009,12.1 | 0.48
2015-04-08,31.0,21.0,62.0,16.0,29.8,12.5,31 | 87.8,21 | 69.8,62,16 | 9.94,29.8 | 1009,12.5 | 0.49
2015-04-09,31.0,21.0,60.0,12.0,29.83,1.0,31 | 87.8,21 | 69.8,60,12 | 7.46,29.83 | 1010,1.0 | 0.04
2015-04-10,32.0,18.0,48.0,11.0,29.83,0.0,32 | 89.6,18 | 64.4,48,11 | 6.84,29.83 | 1010,0.0 | 0.0
2015-04-11,32.0,18.0,47.0,12.0,29.85,0.0,32 | 89.6,18 | 64.4,47,12 | 7.46,29.85 | 1011,0.0 | 0.0
2015-04-12,32.0,19.0,51.0,12.0,29.88,1.9,32 | 89.6,19 | 66.2,51,12 | 7.46,29.88 | 1012,1.9 | 0.07
2015-04-13,31.0,20.0,55.0,11.0,29.83,2.4,31 | 87.8,20 | 68.0,55,11 | 6.84,29.83 | 1010,2.4 | 0.09
2015-04-14,30.0,20.0,58.0,12.0,29.83,3.7,30 | 86.0,20 | 68.0,58,12 | 7.46,29.83 | 1010,3.7 | 0.15
2015-04-15,31.0,20.0,58.0,11.0,29.83,5.2,31 | 87.8,20 | 68.0,58,11 | 6.84,29.83 | 1010,5.2 | 0.2
2015-04-16,30.0,22.0,65.0,14.0,29.85,52.1,30 | 86.0,22 | 71.6,65,14 | 8.7,29.85 | 1011,52.1 | 2.05
2015-04-17,30.0,22.0,65.0,6.0,29.91,12.6,30 | 86.0,22 | 71.6,65,6 | 3.73,29.91 | 1013,12.6 | 0.5
2015-04-18,30.0,21.0,64.0,11.0,29.88,5.2,30 | 86.0,21 | 69.8,64,11 | 6.84,29.88 | 1012,5.2 | 0.2
2015-04-19,30.0,21.0,61.0,13.0,29.85,4.3,30 | 86.0,21 | 69.8,61,13 | 8.08,29.85 | 1011,4.3 | 0.17
2015-04-20,31.0,20.0,57.0,14.0,29.85,1.0,31 | 87.8,20 | 68.0,57,14 | 8.7,29.85 | 1011,1.0 | 0.04
2015-04-21,30.0,21.0,61.0,14.0,29.85,22.2,30 | 86.0,21 | 69.8,61,14 | 8.7,29.85 | 1011,22.2 | 0.87
2015-04-22,30.0,21.0,62.0,12.0,29.88,2.3,30 | 86.0,21 | 69.8,62,12 | 7.46,29.88 | 1012,2.3 | 0.09
2015-04-23,30.0,21.0,62.0,14.0,29.88,8.5,30 | 86.0,21 | 69.8,62,14 | 8.7,29.88 | 1012,8.5 | 0.33
2015-04-24,30.0,21.0,63.0,14.0,29.88,9.6,30 | 86.0,21 | 69.8,63,14 | 8.7,29.88 | 1012,9.6 | 0.38
2015-04-25,30.0,21.0,62.0,15.0,29.83,10.0,30 | 86.0,21 | 69.8,62,15 | 9.32,29.83 | 1010,10.0 | 0.39
2015-04-26,29.0,21.0,66.0,17.0,29.83,7.1,29 | 84.2,21 | 69.8,66,17 | 10.56,29.83 | 1010,7.1 | 0.28
2015-04-27,28.0,22.0,71.0,12.0,29.85,31.6,28 | 82.4,22 | 71.6,71,12 | 7.46,29.85 | 1011,31.6 | 1.24
2015-04-28,29.0,21.0,66.0,11.0,29.85,2.2,29 | 84.2,21 | 69.8,66,11 | 6.84,29.85 | 1011,2.2 | 0.09
2015-04-29,30.0,20.0,61.0,7.0,29.85,0.9,30 | 86.0,20 | 68.0,61,7 | 4.35,29.85 | 1011,0.9 | 0.04
2015-04-30,30.0,21.0,62.0,11.0,29.85,3.8,30 | 86.0,21 | 69.8,62,11 | 6.84,29.85 | 1011,3.8 | 0.15
2015-05-01,30.0,22.0,66.0,16.0,29.85,15.0,30 | 86.0,22 | 71.6,66,16 | 9.94,29.85 | 1011,15.0 | 0.59
2015-05-02,29.0,22.0,68.0,15.0,29.85,27.1,29 | 84.2,22 | 71.6,68,15 | 9.32,29.85 | 1011,27.1 | 1.07
2015-05-03,29.0,21.0,69.0,14.0,29.85,29.6,29 | 84.2,21 | 69.8,69,14 | 8.7,29.85 | 1011,29.6 | 1.17
2015-05-04,30.0,21.0,65.0,11.0,29.85,8.3,30 | 86.0,21 | 69.8,65,11 | 6.84,29.85 | 1011,8.3 | 0.33
2015-05-05,30.0,21.0,63.0,15.0,29.85,9.6,30 | 86.0,21 | 69.8,63,15 | 9.32,29.85 | 1011,9.6 | 0.38
2015-05-06,30.0,21.0,64.0,14.0,29.83,8.9,30 | 86.0,21 | 69.8,64,14 | 8.7,29.83 | 1010,8.9 | 0.35
2015-05-07,31.0,20.0,57.0,13.0,29.83,0.9,31 | 87.8,20 | 68.0,57,13 | 8.08,29.83 | 1010,0.9 | 0.04
2015-05-08,29.0,22.0,70.0,15.0,29.91,28.9,29 | 84.2,22 | 71.6,70,15 | 9.32,29.91 | 1013,28.9 | 1.14
2015-05-09,29.0,22.0,73.0,13.0,29.88,33.5,29 | 84.2,22 | 71.6,73,13 | 8.08,29.88 | 1012,33.5 | 1.32
2015-05-10,29.0,21.0,70.0,18.0,29.85,16.3,29 | 84.2,21 | 69.8,70,18 | 11.18,29.85 | 1011,16.3 | 0.64
2015-05-11,30.0,21.0,61.0,13.0,29.85,0.2,30 | 86.0,21 | 69.8,61,13 | 8.08,29.85 | 1011,0.2 | 0.01
2015-05-12,30.0,21.0,62.0,17.0,29.88,1.5,30 | 86.0,21 | 69.8,62,17 | 10.56,29.88 | 1012,1.5 | 0.06
2015-05-13,30.0,21.0,63.0,15.0,29.88,0.9,30 | 86.0,21 | 69.8,63,15 | 9.32,29.88 | 1012,0.9 | 0.04
2015-05-14,30.0,21.0,63.0,17.0,29.88,0.8,30 | 86.0,21 | 69.8,63,17 | 10.56,29.88 | 1012,0.8 | 0.03
2015-05-15,31.0,20.0,58.0,16.0,29.88,0.0,31 | 87.8,20 | 68.0,58,16 | 9.94,29.88 | 1012,0.0 | 0.0
2015-05-16,31.0,21.0,59.0,18.0,29.88,0.6,31 | 87.8,21 | 69.8,59,18 | 11.18,29.88 | 1012,0.6 | 0.02
2015-05-17,31.0,19.0,54.0,19.0,29.85,0.0,31 | 87.8,19 | 66.2,54,19 | 11.81,29.85 | 1011,0.0 | 0.0
2015-05-18,31.0,20.0,56.0,21.0,29.88,0.0,31 | 87.8,20 | 68.0,56,21 | 13.05,29.88 | 1012,0.0 | 0.0
2015-05-19,31.0,19.0,55.0,22.0,29.88,0.0,31 | 87.8,19 | 66.2,55,22 | 13.67,29.88 | 1012,0.0 | 0.0
2015-05-20,30.0,20.0,59.0,19.0,29.91,0.7,30 | 86.0,20 | 68.0,59,19 | 11.81,29.91 | 1013,0.7 | 0.03
2015-05-21,30.0,19.0,54.0,21.0,29.91,0.0,30 | 86.0,19 | 66.2,54,21 | 13.05,29.91 | 1013,0.0 | 0.0
2015-05-22,31.0,18.0,51.0,23.0,29.91,0.0,31 | 87.8,18 | 64.4,51,23 | 14.29,29.91 | 1013,0.0 | 0.0
2015-05-23,30.0,19.0,55.0,23.0,29.91,0.1,30 | 86.0,19 | 66.2,55,23 | 14.29,29.91 | 1013,0.1 | 0.0
2015-05-24,30.0,19.0,57.0,22.0,29.91,0.6,30 | 86.0,19 | 66.2,57,22 | 13.67,29.91 | 1013,0.6 | 0.02
2015-05-25,30.0,18.0,54.0,20.0,29.91,0.0,30 | 86.0,18 | 64.4,54,20 | 12.43,29.91 | 1013,0.0 | 0.0
2015-05-26,32.0,18.0,51.0,19.0,29.88,0.0,32 | 89.6,18 | 64.4,51,19 | 11.81,29.88 | 1012,0.0 | 0.0
2015-05-27,32.0,18.0,50.0,22.0,29.88,0.0,32 | 89.6,18 | 64.4,50,22 | 13.67,29.88 | 1012,0.0 | 0.0
2015-05-28,30.0,19.0,54.0,21.0,29.88,0.2,30 | 86.0,19 | 66.2,54,21 | 13.05,29.88 | 1012,0.2 | 0.01
2015-05-29,31.0,19.0,55.0,22.0,29.85,0.4,31 | 87.8,19 | 66.2,55,22 | 13.67,29.85 | 1011,0.4 | 0.02
2015-05-30,30.0,20.0,60.0,21.0,29.88,12.6,30 | 86.0,20 | 68.0,60,21 | 13.05,29.88 | 1012,12.6 | 0.5
2015-05-31,29.0,20.0,60.0,19.0,29.88,0.5,29 | 84.2,20 | 68.0,60,19 | 11.81,29.88 | 1012,0.5 | 0.02
2015-06-01,29.0,19.0,59.0,20.0,29.85,0.8,29 | 84.2,19 | 66.2,59,20 | 12.43,29.85 | 1011,0.8 | 0.03
2015-06-02,30.0,19.0,57.0,22.0,29.88,0.0,30 | 86.0,19 | 66.2,57,22 | 13.67,29.88 | 1012,0.0 | 0.0
2015-06-03,30.0,19.0,57.0,19.0,29.85,0.1,30 | 86.0,19 | 66.2,57,19 | 11.81,29.85 | 1011,0.1 | 0.0
2015-06-04,31.0,17.0,50.0,18.0,29.83,0.0,31 | 87.8,17 | 62.6,50,18 | 11.18,29.83 | 1010,0.0 | 0.0
2015-06-05,31.0,18.0,51.0,18.0,29.83,0.0,31 | 87.8,18 | 64.4,51,18 | 11.18,29.83 | 1010,0.0 | 0.0
2015-06-06,31.0,18.0,47.0,16.0,29.85,0.0,31 | 87.8,18 | 64.4,47,16 | 9.94,29.85 | 1011,0.0 | 0.0
2015-06-07,32.0,17.0,44.0,24.0,29.85,0.0,32 | 89.6,17 | 62.6,44,24 | 14.91,29.85 | 1011,0.0 | 0.0
2015-06-08,30.0,18.0,52.0,24.0,29.88,0.0,30 | 86.0,18 | 64.4,52,24 | 14.91,29.88 | 1012,0.0 | 0.0
2015-06-09,31.0,16.0,46.0,24.0,29.88,0.0,31 | 87.8,16 | 60.8,46,24 | 14.91,29.88 | 1012,0.0 | 0.0
2015-06-10,30.0,15.0,44.0,24.0,29.88,0.0,30 | 86.0,15 | 59.0,44,24 | 14.91,29.88 | 1012,0.0 | 0.0
2015-06-11,30.0,17.0,51.0,25.0,29.88,0.0,30 | 86.0,17 | 62.6,51,25 | 15.53,29.88 | 1012,0.0 | 0.0
2015-06-12,30.0,18.0,53.0,23.0,29.88,0.1,30 | 86.0,18 | 64.4,53,23 | 14.29,29.88 | 1012,0.1 | 0.0
2015-06-13,30.0,18.0,52.0,25.0,29.88,0.1,30 | 86.0,18 | 64.4,52,25 | 15.53,29.88 | 1012,0.1 | 0.0
2015-06-14,30.0,17.0,48.0,24.0,29.85,0.0,30 | 86.0,17 | 62.6,48,24 | 14.91,29.85 | 1011,0.0 | 0.0
2015-06-15,27.0,16.0,50.0,27.0,29.88,0.0,27 | 80.6,16 | 60.8,50,27 | 16.78,29.88 | 1012,0.0 | 0.0
2015-06-16,30.0,16.0,48.0,26.0,29.85,0.0,30 | 86.0,16 | 60.8,48,26 | 16.16,29.85 | 1011,0.0 | 0.0
2015-06-17,31.0,16.0,45.0,24.0,29.83,0.0,31 | 87.8,16 | 60.8,45,24 | 14.91,29.83 | 1010,0.0 | 0.0
2015-06-18,30.0,18.0,53.0,23.0,29.85,0.0,30 | 86.0,18 | 64.4,53,23 | 14.29,29.85 | 1011,0.0 | 0.0
2015-06-19,30.0,18.0,53.0,25.0,29.91,0.1,30 | 86.0,18 | 64.4,53,25 | 15.53,29.91 | 1013,0.1 | 0.0
2015-06-20,30.0,16.0,46.0,23.0,29.94,0.0,30 | 86.0,16 | 60.8,46,23 | 14.29,29.94 | 1014,0.0 | 0.0
2015-06-21,30.0,17.0,49.0,26.0,29.94,0.2,30 | 86.0,17 | 62.6,49,26 | 16.16,29.94 | 1014,0.2 | 0.01
2015-06-22,30.0,17.0,49.0,27.0,29.94,0.0,30 | 86.0,17 | 62.6,49,27 | 16.78,29.94 | 1014,0.0 | 0.0
2015-06-23,31.0,17.0,48.0,26.0,29.94,0.0,31 | 87.8,17 | 62.6,48,26 | 16.16,29.94 | 1014,0.0 | 0.0
2015-06-24,30.0,17.0,50.0,27.0,29.97,0.0,30 | 86.0,17 | 62.6,50,27 | 16.78,29.97 | 1015,0.0 | 0.0
2015-06-25,31.0,15.0,45.0,23.0,29.97,0.0,31 | 87.8,15 | 59.0,45,23 | 14.29,29.97 | 1015,0.0 | 0.0
2015-06-26,30.0,16.0,47.0,25.0,29.97,0.0,30 | 86.0,16 | 60.8,47,25 | 15.53,29.97 | 1015,0.0 | 0.0
2015-06-27,31.0,14.0,42.0,23.0,29.94,0.0,31 | 87.8,14 | 57.2,42,23 | 14.29,29.94 | 1014,0.0 | 0.0
2015-06-28,31.0,14.0,40.0,22.0,29.94,0.0,31 | 87.8,14 | 57.2,40,22 | 13.67,29.94 | 1014,0.0 | 0.0
2015-06-29,31.0,17.0,49.0,23.0,29.94,0.0,31 | 87.8,17 | 62.6,49,23 | 14.29,29.94 | 1014,0.0 | 0.0
2015-06-30,30.0,17.0,50.0,21.0,29.94,0.0,30 | 86.0,17 | 62.6,50,21 | 13.05,29.94 | 1014,0.0 | 0.0
2015-07-01,30.0,16.0,47.0,22.0,29.94,0.0,30 | 86.0,16 | 60.8,47,22 | 13.67,29.94 | 1014,0.0 | 0.0
2015-07-02,31.0,15.0,44.0,22.0,29.97,0.0,31 | 87.8,15 | 59.0,44,22 | 13.67,29.97 | 1015,0.0 | 0.0
2015-07-03,30.0,16.0,49.0,23.0,29.97,0.0,30 | 86.0,16 | 60.8,49,23 | 14.29,29.97 | 1015,0.0 | 0.0
2015-07-04,30.0,15.0,47.0,21.0,30.0,0.0,30 | 86.0,15 | 59.0,47,21 | 13.05,30.0 | 1016,0.0 | 0.0
2015-07-05,31.0,15.0,45.0,23.0,29.97,0.0,31 | 87.8,15 | 59.0,45,23 | 14.29,29.97 | 1015,0.0 | 0.0
2015-07-06,30.0,18.0,50.0,23.0,29.97,0.0,30 | 86.0,18 | 64.4,50,23 | 14.29,29.97 | 1015,0.0 | 0.0
2015-07-07,30.0,18.0,55.0,25.0,29.97,0.0,30 | 86.0,18 | 64.4,55,25 | 15.53,29.97 | 1015,0.0 | 0.0
2015-07-08,29.0,17.0,52.0,25.0,29.94,0.0,29 | 84.2,17 | 62.6,52,25 | 15.53,29.94 | 1014,0.0 | 0.0
2015-07-09,28.0,17.0,53.0,24.0,30.0,0.3,28 | 82.4,17 | 62.6,53,24 | 14.91,30.0 | 1016,0.3 | 0.01
2015-07-10,28.0,16.0,51.0,20.0,30.0,0.0,28 | 82.4,16 | 60.8,51,20 | 12.43,30.0 | 1016,0.0 | 0.0
2015-07-11,29.0,16.0,51.0,25.0,30.0,0.0,29 | 84.2,16 | 60.8,51,25 | 15.53,30.0 | 1016,0.0 | 0.0
2015-07-12,29.0,17.0,52.0,23.0,29.94,0.1,29 | 84.2,17 | 62.6,52,23 | 14.29,29.94 | 1014,0.1 | 0.0
2015-07-13,28.0,17.0,53.0,28.0,29.97,0.0,28 | 82.4,17 | 62.6,53,28 | 17.4,29.97 | 1015,0.0 | 0.0
2015-07-14,30.0,16.0,49.0,24.0,29.94,0.0,30 | 86.0,16 | 60.8,49,24 | 14.91,29.94 | 1014,0.0 | 0.0
2015-07-15,28.0,16.0,52.0,24.0,29.97,0.3,28 | 82.4,16 | 60.8,52,24 | 14.91,29.97 | 1015,0.3 | 0.01
2015-07-16,29.0,17.0,52.0,22.0,29.94,0.2,29 | 84.2,17 | 62.6,52,22 | 13.67,29.94 | 1014,0.2 | 0.01
2015-07-17,29.0,16.0,47.0,27.0,29.91,0.0,29 | 84.2,16 | 60.8,47,27 | 16.78,29.91 | 1013,0.0 | 0.0
2015-07-18,29.0,17.0,53.0,27.0,29.94,1.9,29 | 84.2,17 | 62.6,53,27 | 16.78,29.94 | 1014,1.9 | 0.07
2015-07-19,29.0,17.0,51.0,26.0,29.94,0.0,29 | 84.2,17 | 62.6,51,26 | 16.16,29.94 | 1014,0.0 | 0.0
2015-07-20,29.0,16.0,50.0,26.0,29.94,0.0,29 | 84.2,16 | 60.8,50,26 | 16.16,29.94 | 1014,0.0 | 0.0
2015-07-21,29.0,15.0,48.0,25.0,29.94,0.0,29 | 84.2,15 | 59.0,48,25 | 15.53,29.94 | 1014,0.0 | 0.0
2015-07-22,29.0,15.0,47.0,25.0,29.94,0.0,29 | 84.2,15 | 59.0,47,25 | 15.53,29.94 | 1014,0.0 | 0.0
2015-07-23,29.0,16.0,50.0,26.0,29.97,0.0,29 | 84.2,16 | 60.8,50,26 | 16.16,29.97 | 1015,0.0 | 0.0
2015-07-24,29.0,15.0,48.0,21.0,29.97,0.0,29 | 84.2,15 | 59.0,48,21 | 13.05,29.97 | 1015,0.0 | 0.0
2015-07-25,28.0,16.0,51.0,23.0,29.94,0.0,28 | 82.4,16 | 60.8,51,23 | 14.29,29.94 | 1014,0.0 | 0.0
2015-07-26,30.0,16.0,48.0,23.0,29.91,0.0,30 | 86.0,16 | 60.8,48,23 | 14.29,29.91 | 1013,0.0 | 0.0
2015-07-27,29.0,17.0,51.0,23.0,29.88,1.6,29 | 84.2,17 | 62.6,51,23 | 14.29,29.88 | 1012,1.6 | 0.06
2015-07-28,30.0,15.0,45.0,23.0,29.91,0.0,30 | 86.0,15 | 59.0,45,23 | 14.29,29.91 | 1013,0.0 | 0.0
2015-07-29,30.0,16.0,47.0,23.0,29.91,0.0,30 | 86.0,16 | 60.8,47,23 | 14.29,29.91 | 1013,0.0 | 0.0
2015-07-30,30.0,17.0,51.0,27.0,29.94,0.1,30 | 86.0,17 | 62.6,51,27 | 16.78,29.94 | 1014,0.1 | 0.0
2015-07-31,31.0,15.0,43.0,23.0,29.88,0.0,31 | 87.8,15 | 59.0,43,23 | 14.29,29.88 | 1012,0.0 | 0.0
2015-08-01,30.0,16.0,46.0,25.0,29.91,0.0,30 | 86.0,16 | 60.8,46,25 | 15.53,29.91 | 1013,0.0 | 0.0
2015-08-02,31.0,16.0,46.0,25.0,29.94,0.0,31 | 87.8,16 | 60.8,46,25 | 15.53,29.94 | 1014,0.0 | 0.0
2015-08-03,29.0,18.0,53.0,25.0,29.94,0.6,29 | 84.2,18 | 64.4,53,25 | 15.53,29.94 | 1014,0.6 | 0.02
2015-08-04,28.0,17.0,55.0,24.0,29.97,0.2,28 | 82.4,17 | 62.6,55,24 | 14.91,29.97 | 1015,0.2 | 0.01
2015-08-05,29.0,17.0,52.0,22.0,29.94,0.0,29 | 84.2,17 | 62.6,52,22 | 13.67,29.94 | 1014,0.0 | 0.0
2015-08-06,29.0,17.0,52.0,22.0,29.94,0.1,29 | 84.2,17 | 62.6,52,22 | 13.67,29.94 | 1014,0.1 | 0.0
2015-08-07,28.0,17.0,54.0,24.0,29.94,0.1,28 | 82.4,17 | 62.6,54,24 | 14.91,29.94 | 1014,0.1 | 0.0
2015-08-08,28.0,15.0,48.0,23.0,29.97,0.0,28 | 82.4,15 | 59.0,48,23 | 14.29,29.97 | 1015,0.0 | 0.0
2015-08-09,29.0,15.0,46.0,22.0,29.97,0.0,29 | 84.2,15 | 59.0,46,22 | 13.67,29.97 | 1015,0.0 | 0.0
2015-08-10,30.0,15.0,45.0,22.0,29.91,0.0,30 | 86.0,15 | 59.0,45,22 | 13.67,29.91 | 1013,0.0 | 0.0
2015-08-11,29.0,16.0,48.0,25.0,29.94,0.0,29 | 84.2,16 | 60.8,48,25 | 15.53,29.94 | 1014,0.0 | 0.0
2015-08-12,30.0,15.0,45.0,23.0,29.97,0.0,30 | 86.0,15 | 59.0,45,23 | 14.29,29.97 | 1015,0.0 | 0.0
2015-08-13,29.0,16.0,50.0,26.0,29.97,0.0,29 | 84.2,16 | 60.8,50,26 | 16.16,29.97 | 1015,0.0 | 0.0
2015-08-14,29.0,17.0,53.0,23.0,29.97,0.0,29 | 84.2,17 | 62.6,53,23 | 14.29,29.97 | 1015,0.0 | 0.0
2015-08-15,29.0,16.0,50.0,27.0,29.94,0.0,29 | 84.2,16 | 60.8,50,27 | 16.78,29.94 | 1014,0.0 | 0.0
2015-08-16,28.0,17.0,53.0,25.0,29.97,0.1,28 | 82.4,17 | 62.6,53,25 | 15.53,29.97 | 1015,0.1 | 0.0
2015-08-17,29.0,16.0,51.0,23.0,29.94,0.1,29 | 84.2,16 | 60.8,51,23 | 14.29,29.94 | 1014,0.1 | 0.0
2015-08-18,29.0,16.0,49.0,25.0,29.88,0.0,29 | 84.2,16 | 60.8,49,25 | 15.53,29.88 | 1012,0.0 | 0.0
2015-08-19,30.0,14.0,44.0,25.0,29.88,0.0,30 | 86.0,14 | 57.2,44,25 | 15.53,29.88 | 1012,0.0 | 0.0
2015-08-20,30.0,15.0,45.0,24.0,29.91,0.0,30 | 86.0,15 | 59.0,45,24 | 14.91,29.91 | 1013,0.0 | 0.0
2015-08-21,31.0,16.0,46.0,24.0,29.91,0.0,31 | 87.8,16 | 60.8,46,24 | 14.91,29.91 | 1013,0.0 | 0.0
2015-08-22,29.0,17.0,51.0,24.0,29.91,0.0,29 | 84.2,17 | 62.6,51,24 | 14.91,29.91 | 1013,0.0 | 0.0
2015-08-23,30.0,13.0,41.0,24.0,29.91,0.0,30 | 86.0,13 | 55.4,41,24 | 14.91,29.91 | 1013,0.0 | 0.0
2015-08-24,29.0,16.0,50.0,23.0,29.94,0.1,29 | 84.2,16 | 60.8,50,23 | 14.29,29.94 | 1014,0.1 | 0.0
2015-08-25,28.0,17.0,57.0,23.0,29.97,0.2,28 | 82.4,17 | 62.6,57,23 | 14.29,29.97 | 1015,0.2 | 0.01
2015-08-26,29.0,17.0,53.0,24.0,29.94,0.7,29 | 84.2,17 | 62.6,53,24 | 14.91,29.94 | 1014,0.7 | 0.03
2015-08-27,29.0,16.0,52.0,23.0,29.94,0.0,29 | 84.2,16 | 60.8,52,23 | 14.29,29.94 | 1014,0.0 | 0.0
2015-08-28,29.0,18.0,56.0,25.0,29.94,0.4,29 | 84.2,18 | 64.4,56,25 | 15.53,29.94 | 1014,0.4 | 0.02
2015-08-29,29.0,16.0,52.0,23.0,29.94,0.0,29 | 84.2,16 | 60.8,52,23 | 14.29,29.94 | 1014,0.0 | 0.0
2015-08-30,30.0,15.0,46.0,23.0,29.94,0.0,30 | 86.0,15 | 59.0,46,23 | 14.29,29.94 | 1014,0.0 | 0.0
2015-08-31,30.0,16.0,48.0,23.0,29.94,0.0,30 | 86.0,16 | 60.8,48,23 | 14.29,29.94 | 1014,0.0 | 0.0
2015-09-01,30.0,15.0,45.0,24.0,29.88,0.0,30 | 86.0,15 | 59.0,45,24 | 14.91,29.88 | 1012,0.0 | 0.0
2015-09-02,32.0,14.0,37.0,23.0,29.91,0.0,32 | 89.6,14 | 57.2,37,23 | 14.29,29.91 | 1013,0.0 | 0.0
2015-09-03,32.0,15.0,42.0,24.0,29.88,0.0,32 | 89.6,15 | 59.0,42,24 | 14.91,29.88 | 1012,0.0 | 0.0
2015-09-04,28.0,17.0,55.0,27.0,29.94,0.0,28 | 82.4,17 | 62.6,55,27 | 16.78,29.94 | 1014,0.0 | 0.0
2015-09-05,30.0,16.0,47.0,22.0,29.91,0.0,30 | 86.0,16 | 60.8,47,22 | 13.67,29.91 | 1013,0.0 | 0.0
2015-09-06,30.0,15.0,46.0,23.0,29.91,0.0,30 | 86.0,15 | 59.0,46,23 | 14.29,29.91 | 1013,0.0 | 0.0
2015-09-07,28.0,17.0,53.0,26.0,29.94,0.6,28 | 82.4,17 | 62.6,53,26 | 16.16,29.94 | 1014,0.6 | 0.02
2015-09-08,30.0,15.0,46.0,22.0,29.91,0.1,30 | 86.0,15 | 59.0,46,22 | 13.67,29.91 | 1013,0.1 | 0.0
2015-09-09,31.0,14.0,41.0,22.0,29.91,0.0,31 | 87.8,14 | 57.2,41,22 | 13.67,29.91 | 1013,0.0 | 0.0
2015-09-10,31.0,14.0,42.0,22.0,29.91,0.0,31 | 87.8,14 | 57.2,42,22 | 13.67,29.91 | 1013,0.0 | 0.0
2015-09-11,31.0,16.0,47.0,23.0,29.91,0.0,31 | 87.8,16 | 60.8,47,23 | 14.29,29.91 | 1013,0.0 | 0.0
2015-09-12,32.0,17.0,47.0,25.0,29.91,0.0,32 | 89.6,17 | 62.6,47,25 | 15.53,29.91 | 1013,0.0 | 0.0
2015-09-13,31.0,17.0,48.0,25.0,29.94,0.0,31 | 87.8,17 | 62.6,48,25 | 15.53,29.94 | 1014,0.0 | 0.0
2015-09-14,31.0,16.0,45.0,25.0,29.97,0.0,31 | 87.8,16 | 60.8,45,25 | 15.53,29.97 | 1015,0.0 | 0.0
2015-09-15,30.0,16.0,48.0,25.0,29.94,0.0,30 | 86.0,16 | 60.8,48,25 | 15.53,29.94 | 1014,0.0 | 0.0
2015-09-16,27.0,16.0,53.0,22.0,29.97,0.0,27 | 80.6,16 | 60.8,53,22 | 13.67,29.97 | 1015,0.0 | 0.0
2015-09-17,30.0,16.0,46.0,21.0,29.88,0.0,30 | 86.0,16 | 60.8,46,21 | 13.05,29.88 | 1012,0.0 | 0.0
2015-09-18,30.0,16.0,46.0,21.0,29.88,0.0,30 | 86.0,16 | 60.8,46,21 | 13.05,29.88 | 1012,0.0 | 0.0
2015-09-19,30.0,16.0,46.0,21.0,29.88,0.0,30 | 86.0,16 | 60.8,46,21 | 13.05,29.88 | 1012,0.0 | 0.0
2015-09-20,31.0,15.0,44.0,20.0,29.88,0.0,31 | 87.8,15 | 59.0,44,20 | 12.43,29.88 | 1012,0.0 | 0.0
2015-09-21,31.0,15.0,45.0,26.0,29.91,0.0,31 | 87.8,15 | 59.0,45,26 | 16.16,29.91 | 1013,0.0 | 0.0
2015-09-22,31.0,15.0,44.0,27.0,29.88,0.0,31 | 87.8,15 | 59.0,44,27 | 16.78,29.88 | 1012,0.0 | 0.0
2015-09-23,30.0,16.0,49.0,25.0,29.94,0.0,30 | 86.0,16 | 60.8,49,25 | 15.53,29.94 | 1014,0.0 | 0.0
2015-09-24,31.0,15.0,45.0,21.0,29.91,0.0,31 | 87.8,15 | 59.0,45,21 | 13.05,29.91 | 1013,0.0 | 0.0
2015-09-25,31.0,15.0,43.0,23.0,29.88,0.0,31 | 87.8,15 | 59.0,43,23 | 14.29,29.88 | 1012,0.0 | 0.0
2015-09-26,31.0,14.0,42.0,22.0,29.85,0.0,31 | 87.8,14 | 57.2,42,22 | 13.67,29.85 | 1011,0.0 | 0.0
2015-09-27,31.0,15.0,43.0,22.0,29.88,0.0,31 | 87.8,15 | 59.0,43,22 | 13.67,29.88 | 1012,0.0 | 0.0
2015-09-28,31.0,17.0,48.0,23.0,29.88,0.0,31 | 87.8,17 | 62.6,48,23 | 14.29,29.88 | 1012,0.0 | 0.0
2015-09-29,32.0,17.0,47.0,19.0,29.83,0.0,32 | 89.6,17 | 62.6,47,19 | 11.81,29.83 | 1010,0.0 | 0.0
2015-09-30,32.0,18.0,47.0,18.0,29.8,4.4,32 | 89.6,18 | 64.4,47,18 | 11.18,29.8 | 1009,4.4 | 0.17
2015-10-01,31.0,19.0,54.0,20.0,29.83,5.7,31 | 87.8,19 | 66.2,54,20 | 12.43,29.83 | 1010,5.7 | 0.22
2015-10-02,30.0,19.0,55.0,15.0,29.88,2.2,30 | 86.0,19 | 66.2,55,15 | 9.32,29.88 | 1012,2.2 | 0.09
2015-10-03,31.0,20.0,56.0,17.0,29.91,12.8,31 | 87.8,20 | 68.0,56,17 | 10.56,29.91 | 1013,12.8 | 0.5
2015-10-04,30.0,21.0,62.0,16.0,29.94,26.0,30 | 86.0,21 | 69.8,62,16 | 9.94,29.94 | 1014,26.0 | 1.02
2015-10-05,30.0,19.0,56.0,16.0,29.94,0.4,30 | 86.0,19 | 66.2,56,16 | 9.94,29.94 | 1014,0.4 | 0.02
2015-10-06,31.0,16.0,45.0,17.0,29.88,0.0,31 | 87.8,16 | 60.8,45,17 | 10.56,29.88 | 1012,0.0 | 0.0
2015-10-07,31.0,19.0,54.0,21.0,29.88,0.1,31 | 87.8,19 | 66.2,54,21 | 13.05,29.88 | 1012,0.1 | 0.0
2015-10-08,31.0,19.0,53.0,18.0,29.88,0.2,31 | 87.8,19 | 66.2,53,18 | 11.18,29.88 | 1012,0.2 | 0.01
2015-10-09,30.0,20.0,57.0,20.0,29.88,2.4,30 | 86.0,20 | 68.0,57,20 | 12.43,29.88 | 1012,2.4 | 0.09
2015-10-10,30.0,19.0,58.0,21.0,29.88,3.9,30 | 86.0,19 | 66.2,58,21 | 13.05,29.88 | 1012,3.9 | 0.15
2015-10-11,30.0,19.0,54.0,16.0,29.91,0.0,30 | 86.0,19 | 66.2,54,16 | 9.94,29.91 | 1013,0.0 | 0.0
2015-10-12,31.0,19.0,54.0,17.0,29.91,2.5,31 | 87.8,19 | 66.2,54,17 | 10.56,29.91 | 1013,2.5 | 0.1
2015-10-13,30.0,20.0,59.0,20.0,29.91,4.5,30 | 86.0,20 | 68.0,59,20 | 12.43,29.91 | 1013,4.5 | 0.18
2015-10-14,30.0,20.0,57.0,16.0,29.88,3.4,30 | 86.0,20 | 68.0,57,16 | 9.94,29.88 | 1012,3.4 | 0.13
2015-10-15,31.0,19.0,54.0,16.0,29.85,0.9,31 | 87.8,19 | 66.2,54,16 | 9.94,29.85 | 1011,0.9 | 0.04
2015-10-16,30.0,20.0,59.0,18.0,29.85,5.9,30 | 86.0,20 | 68.0,59,18 | 11.18,29.85 | 1011,5.9 | 0.23
2015-10-17,31.0,20.0,57.0,15.0,29.88,3.5,31 | 87.8,20 | 68.0,57,15 | 9.32,29.88 | 1012,3.5 | 0.14
2015-10-18,30.0,21.0,64.0,14.0,29.91,33.6,30 | 86.0,21 | 69.8,64,14 | 8.7,29.91 | 1013,33.6 | 1.32
2015-10-19,28.0,21.0,68.0,10.0,29.94,37.3,28 | 82.4,21 | 69.8,68,10 | 6.21,29.94 | 1014,37.3 | 1.47
2015-10-20,30.0,20.0,60.0,11.0,29.88,4.3,30 | 86.0,20 | 68.0,60,11 | 6.84,29.88 | 1012,4.3 | 0.17
2015-10-21,30.0,19.0,54.0,13.0,29.85,0.0,30 | 86.0,19 | 66.2,54,13 | 8.08,29.85 | 1011,0.0 | 0.0
2015-10-22,28.0,20.0,64.0,11.0,29.88,8.9,28 | 82.4,20 | 68.0,64,11 | 6.84,29.88 | 1012,8.9 | 0.35
2015-10-23,30.0,20.0,58.0,13.0,29.85,2.7,30 | 86.0,20 | 68.0,58,13 | 8.08,29.85 | 1011,2.7 | 0.11
2015-10-24,30.0,20.0,54.0,11.0,29.85,4.2,30 | 86.0,20 | 68.0,54,11 | 6.84,29.85 | 1011,4.2 | 0.17
2015-10-25,31.0,20.0,55.0,13.0,29.88,0.4,31 | 87.8,20 | 68.0,55,13 | 8.08,29.88 | 1012,0.4 | 0.02
2015-10-26,30.0,21.0,61.0,12.0,29.88,2.2,30 | 86.0,21 | 69.8,61,12 | 7.46,29.88 | 1012,2.2 | 0.09
2015-10-27,31.0,20.0,54.0,10.0,29.85,1.2,31 | 87.8,20 | 68.0,54,10 | 6.21,29.85 | 1011,1.2 | 0.05
2015-10-28,31.0,18.0,48.0,13.0,29.8,0.0,31 | 87.8,18 | 64.4,48,13 | 8.08,29.8 | 1009,0.0 | 0.0
2015-10-29,31.0,20.0,57.0,14.0,29.8,11.1,31 | 87.8,20 | 68.0,57,14 | 8.7,29.8 | 1009,11.1 | 0.44
2015-10-30,29.0,21.0,65.0,13.0,29.83,25.2,29 | 84.2,21 | 69.8,65,13 | 8.08,29.83 | 1010,25.2 | 0.99
2015-10-31,31.0,20.0,58.0,10.0,29.83,0.0,31 | 87.8,20 | 68.0,58,10 | 6.21,29.83 | 1010,0.0 | 0.0
2015-11-01,31.0,21.0,61.0,12.0,29.83,9.9,31 | 87.8,21 | 69.8,61,12 | 7.46,29.83 | 1010,9.9 | 0.39
2015-11-02,31.0,21.0,60.0,11.0,29.8,1.8,31 | 87.8,21 | 69.8,60,11 | 6.84,29.8 | 1009,1.8 | 0.07
2015-11-03,31.0,21.0,59.0,12.0,29.83,0.5,31 | 87.8,21 | 69.8,59,12 | 7.46,29.83 | 1010,0.5 | 0.02
2015-11-04,31.0,20.0,57.0,13.0,29.83,0.6,31 | 87.8,20 | 68.0,57,13 | 8.08,29.83 | 1010,0.6 | 0.02
2015-11-05,30.0,20.0,57.0,13.0,29.88,3.0,30 | 86.0,20 | 68.0,57,13 | 8.08,29.88 | 1012,3.0 | 0.12
2015-11-06,30.0,20.0,57.0,12.0,29.85,3.4,30 | 86.0,20 | 68.0,57,12 | 7.46,29.85 | 1011,3.4 | 0.13
2015-11-07,30.0,20.0,59.0,16.0,29.85,17.4,30 | 86.0,20 | 68.0,59,16 | 9.94,29.85 | 1011,17.4 | 0.69
2015-11-08,28.0,21.0,68.0,12.0,29.88,14.5,28 | 82.4,21 | 69.8,68,12 | 7.46,29.88 | 1012,14.5 | 0.57
2015-11-09,31.0,19.0,57.0,6.0,29.88,0.7,31 | 87.8,19 | 66.2,57,6 | 3.73,29.88 | 1012,0.7 | 0.03
2015-11-10,31.0,20.0,58.0,12.0,29.85,0.4,31 | 87.8,20 | 68.0,58,12 | 7.46,29.85 | 1011,0.4 | 0.02
2015-11-11,31.0,20.0,55.0,11.0,29.85,0.4,31 | 87.8,20 | 68.0,55,11 | 6.84,29.85 | 1011,0.4 | 0.02
2015-11-12,31.0,20.0,57.0,10.0,29.85,8.8,31 | 87.8,20 | 68.0,57,10 | 6.21,29.85 | 1011,8.8 | 0.35
2015-11-13,30.0,21.0,64.0,11.0,29.88,25.4,30 | 86.0,21 | 69.8,64,11 | 6.84,29.88 | 1012,25.4 | 1.0
2015-11-14,30.0,20.0,58.0,9.0,29.85,3.6,30 | 86.0,20 | 68.0,58,9 | 5.59,29.85 | 1011,3.6 | 0.14
2015-11-15,30.0,19.0,54.0,10.0,29.83,0.4,30 | 86.0,19 | 66.2,54,10 | 6.21,29.83 | 1010,0.4 | 0.02
2015-11-16,30.0,19.0,52.0,12.0,29.83,0.8,30 | 86.0,19 | 66.2,52,12 | 7.46,29.83 | 1010,0.8 | 0.03
2015-11-17,30.0,20.0,56.0,9.0,29.83,8.6,30 | 86.0,20 | 68.0,56,9 | 5.59,29.83 | 1010,8.6 | 0.34
2015-11-18,30.0,21.0,62.0,12.0,29.83,6.2,30 | 86.0,21 | 69.8,62,12 | 7.46,29.83 | 1010,6.2 | 0.24
2015-11-19,30.0,21.0,62.0,12.0,29.83,7.3,30 | 86.0,21 | 69.8,62,12 | 7.46,29.83 | 1010,7.3 | 0.29
2015-11-20,30.0,20.0,59.0,10.0,29.83,5.2,30 | 86.0,20 | 68.0,59,10 | 6.21,29.83 | 1010,5.2 | 0.2
2015-11-21,30.0,19.0,55.0,13.0,29.8,0.5,30 | 86.0,19 | 66.2,55,13 | 8.08,29.8 | 1009,0.5 | 0.02
2015-11-22,30.0,18.0,52.0,11.0,29.83,3.7,30 | 86.0,18 | 64.4,52,11 | 6.84,29.83 | 1010,3.7 | 0.15
2015-11-23,31.0,17.0,49.0,11.0,29.85,0.0,31 | 87.8,17 | 62.6,49,11 | 6.84,29.85 | 1011,0.0 | 0.0
2015-11-24,30.0,14.0,42.0,8.0,29.83,0.0,30 | 86.0,14 | 57.2,42,8 | 4.97,29.83 | 1010,0.0 | 0.0
2015-11-25,31.0,15.0,41.0,7.0,29.8,0.0,31 | 87.8,15 | 59.0,41,7 | 4.35,29.8 | 1009,0.0 | 0.0
2015-11-26,31.0,18.0,49.0,13.0,29.83,0.0,31 | 87.8,18 | 64.4,49,13 | 8.08,29.83 | 1010,0.0 | 0.0
2015-11-27,31.0,18.0,50.0,13.0,29.85,0.0,31 | 87.8,18 | 64.4,50,13 | 8.08,29.85 | 1011,0.0 | 0.0
2015-11-28,31.0,19.0,53.0,11.0,29.88,1.9,31 | 87.8,19 | 66.2,53,11 | 6.84,29.88 | 1012,1.9 | 0.07
2015-11-29,30.0,20.0,61.0,12.0,29.91,17.2,30 | 86.0,20 | 68.0,61,12 | 7.46,29.91 | 1013,17.2 | 0.68
2015-11-30,29.0,20.0,60.0,10.0,29.91,4.5,29 | 84.2,20 | 68.0,60,10 | 6.21,29.91 | 1013,4.5 | 0.18
2015-12-01,30.0,20.0,60.0,9.0,29.91,2.1,30 | 86.0,20 | 68.0,60,9 | 5.59,29.91 | 1013,2.1 | 0.08
2015-12-02,30.0,19.0,54.0,10.0,29.88,0.3,30 | 86.0,19 | 66.2,54,10 | 6.21,29.88 | 1012,0.3 | 0.01
2015-12-03,30.0,18.0,51.0,11.0,29.88,1.2,30 | 86.0,18 | 64.4,51,11 | 6.84,29.88 | 1012,1.2 | 0.05
2015-12-04,31.0,17.0,44.0,10.0,29.88,0.7,31 | 87.8,17 | 62.6,44,10 | 6.21,29.88 | 1012,0.7 | 0.03
2015-12-05,30.0,20.0,56.0,9.0,29.85,1.0,30 | 86.0,20 | 68.0,56,9 | 5.59,29.85 | 1011,1.0 | 0.04
2015-12-06,30.0,19.0,54.0,9.0,29.85,1.6,30 | 86.0,19 | 66.2,54,9 | 5.59,29.85 | 1011,1.6 | 0.06
2015-12-07,31.0,17.0,48.0,9.0,29.88,0.0,31 | 87.8,17 | 62.6,48,9 | 5.59,29.88 | 1012,0.0 | 0.0
2015-12-08,31.0,15.0,43.0,11.0,29.88,0.0,31 | 87.8,15 | 59.0,43,11 | 6.84,29.88 | 1012,0.0 | 0.0
2015-12-09,31.0,14.0,39.0,12.0,29.88,0.0,31 | 87.8,14 | 57.2,39,12 | 7.46,29.88 | 1012,0.0 | 0.0
2015-12-10,31.0,16.0,42.0,12.0,29.88,0.0,31 | 87.8,16 | 60.8,42,12 | 7.46,29.88 | 1012,0.0 | 0.0
2015-12-11,32.0,15.0,39.0,11.0,29.85,0.0,32 | 89.6,15 | 59.0,39,11 | 6.84,29.85 | 1011,0.0 | 0.0
2015-12-12,31.0,14.0,39.0,10.0,29.83,0.0,31 | 87.8,14 | 57.2,39,10 | 6.21,29.83 | 1010,0.0 | 0.0
2015-12-13,32.0,15.0,39.0,10.0,29.8,0.0,32 | 89.6,15 | 59.0,39,10 | 6.21,29.8 | 1009,0.0 | 0.0
2015-12-14,32.0,15.0,39.0,8.0,29.83,0.0,32 | 89.6,15 | 59.0,39,8 | 4.97,29.83 | 1010,0.0 | 0.0
2015-12-15,32.0,16.0,38.0,9.0,29.83,0.0,32 | 89.6,16 | 60.8,38,9 | 5.59,29.83 | 1010,0.0 | 0.0
2015-12-16,31.0,18.0,47.0,14.0,29.85,0.4,31 | 87.8,18 | 64.4,47,14 | 8.7,29.85 | 1011,0.4 | 0.02
2015-12-17,32.0,18.0,46.0,14.0,29.85,1.4,32 | 89.6,18 | 64.4,46,14 | 8.7,29.85 | 1011,1.4 | 0.06
2015-12-18,31.0,13.0,39.0,14.0,29.85,0.1,31 | 87.8,13 | 55.4,39,14 | 8.7,29.85 | 1011,0.1 | 0.0
2015-12-19,31.0,10.0,32.0,14.0,29.85,0.0,31 | 87.8,10 | 50.0,32,14 | 8.7,29.85 | 1011,0.0 | 0.0
2015-12-20,31.0,12.0,34.0,14.0,29.85,0.0,31 | 87.8,12 | 53.6,34,14 | 8.7,29.85 | 1011,0.0 | 0.0
2015-12-21,31.0,9.0,28.0,11.0,29.91,0.0,31 | 87.8,9 | 48.2,28,11 | 6.84,29.91 | 1013,0.0 | 0.0
2015-12-22,31.0,11.0,32.0,11.0,29.88,0.0,31 | 87.8,11 | 51.8,32,11 | 6.84,29.88 | 1012,0.0 | 0.0
2015-12-23,32.0,13.0,36.0,12.0,29.91,0.0,32 | 89.6,13 | 55.4,36,12 | 7.46,29.91 | 1013,0.0 | 0.0
2015-12-24,32.0,16.0,43.0,15.0,29.91,2.3,32 | 89.6,16 | 60.8,43,15 | 9.32,29.91 | 1013,2.3 | 0.09
2015-12-25,31.0,19.0,52.0,10.0,29.91,3.8,31 | 87.8,19 | 66.2,52,10 | 6.21,29.91 | 1013,3.8 | 0.15
2015-12-26,31.0,18.0,48.0,11.0,29.88,3.9,31 | 87.8,18 | 64.4,48,11 | 6.84,29.88 | 1012,3.9 | 0.15
2015-12-27,31.0,17.0,44.0,14.0,29.85,0.2,31 | 87.8,17 | 62.6,44,14 | 8.7,29.85 | 1011,0.2 | 0.01
2015-12-28,29.0,13.0,39.0,19.0,29.91,0.0,29 | 84.2,13 | 55.4,39,19 | 11.81,29.91 | 1013,0.0 | 0.0
2015-12-29,31.0,12.0,34.0,13.0,29.85,0.1,31 | 87.8,12 | 53.6,34,13 | 8.08,29.85 | 1011,0.1 | 0.0
2015-12-30,31.0,15.0,40.0,11.0,29.85,0.0,31 | 87.8,15 | 59.0,40,11 | 6.84,29.85 | 1011,0.0 | 0.0
2015-12-31,33.0,15.0,39.0,10.0,29.83,0.0,33 | 91.4,15 | 59.0,39,10 | 6.21,29.83 | 1010,0.0 | 0.0
2016-01-01,33.0,14.0,34.0,12.0,29.88,0.0,33 | 91.4,14 | 57.2,34,12 | 7.46,29.88 | 1012,0.0 | 0.0
2016-01-02,34.0,15.0,35.0,15.0,29.88,0.0,34 | 93.2,15 | 59.0,35,15 | 9.32,29.88 | 1012,0.0 | 0.0
2016-01-03,33.0,17.0,43.0,15.0,29.85,0.0,33 | 91.4,17 | 62.6,43,15 | 9.32,29.85 | 1011,0.0 | 0.0
2016-01-04,31.0,11.0,32.0,13.0,29.85,0.0,31 | 87.8,11 | 51.8,32,13 | 8.08,29.85 | 1011,0.0 | 0.0
2016-01-05,33.0,10.0,29.0,16.0,29.88,0.0,33 | 91.4,10 | 50.0,29,16 | 9.94,29.88 | 1012,0.0 | 0.0
2016-01-06,32.0,10.0,30.0,14.0,29.85,0.0,32 | 89.6,10 | 50.0,30,14 | 8.7,29.85 | 1011,0.0 | 0.0
2016-01-07,32.0,10.0,27.0,15.0,29.88,0.0,32 | 89.6,10 | 50.0,27,15 | 9.32,29.88 | 1012,0.0 | 0.0
2016-01-08,32.0,12.0,31.0,17.0,29.91,0.0,32 | 89.6,12 | 53.6,31,17 | 10.56,29.91 | 1013,0.0 | 0.0
2016-01-09,32.0,12.0,32.0,16.0,29.85,0.0,32 | 89.6,12 | 53.6,32,16 | 9.94,29.85 | 1011,0.0 | 0.0
2016-01-10,32.0,12.0,30.0,14.0,29.83,0.0,32 | 89.6,12 | 53.6,30,14 | 8.7,29.83 | 1010,0.0 | 0.0
2016-01-11,32.0,14.0,37.0,13.0,29.88,0.0,32 | 89.6,14 | 57.2,37,13 | 8.08,29.88 | 1012,0.0 | 0.0
2016-01-12,33.0,11.0,30.0,14.0,29.85,0.0,33 | 91.4,11 | 51.8,30,14 | 8.7,29.85 | 1011,0.0 | 0.0
2016-01-13,32.0,13.0,34.0,14.0,29.85,0.0,32 | 89.6,13 | 55.4,34,14 | 8.7,29.85 | 1011,0.0 | 0.0
2016-01-14,33.0,12.0,31.0,13.0,29.83,0.0,33 | 91.4,12 | 53.6,31,13 | 8.08,29.83 | 1010,0.0 | 0.0
2016-01-15,32.0,12.0,32.0,15.0,29.83,0.0,32 | 89.6,12 | 53.6,32,15 | 9.32,29.83 | 1010,0.0 | 0.0
2016-01-16,33.0,11.0,29.0,15.0,29.83,0.0,33 | 91.4,11 | 51.8,29,15 | 9.32,29.83 | 1010,0.0 | 0.0
2016-01-17,33.0,12.0,30.0,15.0,29.8,0.0,33 | 91.4,12 | 53.6,30,15 | 9.32,29.8 | 1009,0.0 | 0.0
2016-01-18,33.0,12.0,31.0,15.0,29.8,0.0,33 | 91.4,12 | 53.6,31,15 | 9.32,29.8 | 1009,0.0 | 0.0
2016-01-19,32.0,12.0,31.0,17.0,29.8,0.0,32 | 89.6,12 | 53.6,31,17 | 10.56,29.8 | 1009,0.0 | 0.0
2016-01-20,32.0,9.0,26.0,19.0,29.83,0.0,32 | 89.6,9 | 48.2,26,19 | 11.81,29.83 | 1010,0.0 | 0.0
2016-01-21,31.0,9.0,28.0,21.0,29.85,0.0,31 | 87.8,9 | 48.2,28,21 | 13.05,29.85 | 1011,0.0 | 0.0
2016-01-22,31.0,8.0,26.0,19.0,29.85,0.0,31 | 87.8,8 | 46.4,26,19 | 11.81,29.85 | 1011,0.0 | 0.0
2016-01-23,31.0,10.0,29.0,17.0,29.85,0.0,31 | 87.8,10 | 50.0,29,17 | 10.56,29.85 | 1011,0.0 | 0.0
2016-01-24,32.0,10.0,30.0,15.0,29.88,0.0,32 | 89.6,10 | 50.0,30,15 | 9.32,29.88 | 1012,0.0 | 0.0
2016-01-25,33.0,10.0,29.0,12.0,29.88,0.0,33 | 91.4,10 | 50.0,29,12 | 7.46,29.88 | 1012,0.0 | 0.0
2016-01-26,32.0,13.0,36.0,10.0,29.85,0.0,32 | 89.6,13 | 55.4,36,10 | 6.21,29.85 | 1011,0.0 | 0.0
2016-01-27,32.0,13.0,35.0,9.0,29.85,0.0,32 | 89.6,13 | 55.4,35,9 | 5.59,29.85 | 1011,0.0 | 0.0
2016-01-28,32.0,14.0,36.0,11.0,29.83,0.0,32 | 89.6,14 | 57.2,36,11 | 6.84,29.83 | 1010,0.0 | 0.0
2016-01-29,33.0,15.0,37.0,16.0,29.85,0.0,33 | 91.4,15 | 59.0,37,16 | 9.94,29.85 | 1011,0.0 | 0.0
2016-01-30,33.0,14.0,35.0,18.0,29.85,0.0,33 | 91.4,14 | 57.2,35,18 | 11.18,29.85 | 1011,0.0 | 0.0
2016-01-31,33.0,14.0,34.0,20.0,29.85,0.0,33 | 91.4,14 | 57.2,34,20 | 12.43,29.85 | 1011,0.0 | 0.0
2016-02-01,32.0,11.0,30.0,22.0,29.85,0.0,32 | 89.6,11 | 51.8,30,22 | 13.67,29.85 | 1011,0.0 | 0.0
2016-02-02,31.0,8.0,26.0,21.0,29.88,0.0,31 | 87.8,8 | 46.4,26,21 | 13.05,29.88 | 1012,0.0 | 0.0
2016-02-03,31.0,11.0,35.0,18.0,29.88,0.0,31 | 87.8,11 | 51.8,35,18 | 11.18,29.88 | 1012,0.0 | 0.0
2016-02-04,32.0,7.0,25.0,18.0,29.85,0.0,32 | 89.6,7 | 44.6,25,18 | 11.18,29.85 | 1011,0.0 | 0.0
2016-02-05,33.0,8.0,25.0,19.0,29.85,0.0,33 | 91.4,8 | 46.4,25,19 | 11.81,29.85 | 1011,0.0 | 0.0
2016-02-06,32.0,9.0,26.0,18.0,29.85,0.0,32 | 89.6,9 | 48.2,26,18 | 11.18,29.85 | 1011,0.0 | 0.0
2016-02-07,32.0,11.0,31.0,14.0,29.85,0.0,32 | 89.6,11 | 51.8,31,14 | 8.7,29.85 | 1011,0.0 | 0.0
2016-02-08,32.0,13.0,34.0,15.0,29.83,0.0,32 | 89.6,13 | 55.4,34,15 | 9.32,29.83 | 1010,0.0 | 0.0
2016-02-09,33.0,8.0,24.0,18.0,29.83,0.0,33 | 91.4,8 | 46.4,24,18 | 11.18,29.83 | 1010,0.0 | 0.0
2016-02-10,32.0,8.0,26.0,16.0,29.83,0.0,32 | 89.6,8 | 46.4,26,16 | 9.94,29.83 | 1010,0.0 | 0.0
2016-02-11,32.0,9.0,27.0,17.0,29.85,0.0,32 | 89.6,9 | 48.2,27,17 | 10.56,29.85 | 1011,0.0 | 0.0
2016-02-12,32.0,10.0,29.0,16.0,29.85,0.0,32 | 89.6,10 | 50.0,29,16 | 9.94,29.85 | 1011,0.0 | 0.0
2016-02-13,32.0,7.0,25.0,18.0,29.85,0.0,32 | 89.6,7 | 44.6,25,18 | 11.18,29.85 | 1011,0.0 | 0.0
2016-02-14,32.0,8.0,25.0,19.0,29.85,0.0,32 | 89.6,8 | 46.4,25,19 | 11.81,29.85 | 1011,0.0 | 0.0
2016-02-15,32.0,11.0,31.0,16.0,29.88,0.0,32 | 89.6,11 | 51.8,31,16 | 9.94,29.88 | 1012,0.0 | 0.0
2016-02-16,31.0,10.0,29.0,13.0,29.88,0.0,31 | 87.8,10 | 50.0,29,13 | 8.08,29.88 | 1012,0.0 | 0.0
2016-02-17,31.0,10.0,32.0,13.0,29.88,0.0,31 | 87.8,10 | 50.0,32,13 | 8.08,29.88 | 1012,0.0 | 0.0
2016-02-18,32.0,8.0,26.0,16.0,29.83,0.0,32 | 89.6,8 | 46.4,26,16 | 9.94,29.83 | 1010,0.0 | 0.0
2016-02-19,32.0,5.0,21.0,21.0,29.85,0.0,32 | 89.6,5 | 41.0,21,21 | 13.05,29.85 | 1011,0.0 | 0.0
2016-02-20,30.0,4.0,23.0,20.0,29.91,0.0,30 | 86.0,4 | 39.2,23,20 | 12.43,29.91 | 1013,0.0 | 0.0
2016-02-21,30.0,5.0,23.0,17.0,29.91,0.0,30 | 86.0,5 | 41.0,23,17 | 10.56,29.91 | 1013,0.0 | 0.0
2016-02-22,32.0,11.0,33.0,12.0,29.85,0.0,32 | 89.6,11 | 51.8,33,12 | 7.46,29.85 | 1011,0.0 | 0.0
2016-02-23,33.0,15.0,40.0,12.0,29.83,0.0,33 | 91.4,15 | 59.0,40,12 | 7.46,29.83 | 1010,0.0 | 0.0
2016-02-24,33.0,17.0,41.0,14.0,29.83,0.0,33 | 91.4,17 | 62.6,41,14 | 8.7,29.83 | 1010,0.0 | 0.0
2016-02-25,32.0,19.0,48.0,14.0,29.83,2.9,32 | 89.6,19 | 66.2,48,14 | 8.7,29.83 | 1010,2.9 | 0.11
2016-02-26,33.0,19.0,48.0,14.0,29.83,0.0,33 | 91.4,19 | 66.2,48,14 | 8.7,29.83 | 1010,0.0 | 0.0
2016-02-27,34.0,13.0,33.0,14.0,29.83,0.0,34 | 93.2,13 | 55.4,33,14 | 8.7,29.83 | 1010,0.0 | 0.0
2016-02-28,34.0,16.0,38.0,16.0,29.85,0.0,34 | 93.2,16 | 60.8,38,16 | 9.94,29.85 | 1011,0.0 | 0.0
2016-02-29,34.0,18.0,43.0,17.0,29.88,0.4,34 | 93.2,18 | 64.4,43,17 | 10.56,29.88 | 1012,0.4 | 0.02
2016-03-01,32.0,19.0,48.0,15.0,29.85,1.8,32 | 89.6,19 | 66.2,48,15 | 9.32,29.85 | 1011,1.8 | 0.07
2016-03-02,33.0,18.0,45.0,13.0,29.83,0.3,33 | 91.4,18 | 64.4,45,13 | 8.08,29.83 | 1010,0.3 | 0.01
2016-03-03,33.0,17.0,40.0,16.0,29.8,0.0,33 | 91.4,17 | 62.6,40,16 | 9.94,29.8 | 1009,0.0 | 0.0
2016-03-04,34.0,15.0,38.0,15.0,29.85,0.0,34 | 93.2,15 | 59.0,38,15 | 9.32,29.85 | 1011,0.0 | 0.0
2016-03-05,33.0,19.0,47.0,16.0,29.85,0.2,33 | 91.4,19 | 66.2,47,16 | 9.94,29.85 | 1011,0.2 | 0.01
2016-03-06,33.0,20.0,47.0,16.0,29.8,1.5,33 | 91.4,20 | 68.0,47,16 | 9.94,29.8 | 1009,1.5 | 0.06
2016-03-07,34.0,19.0,45.0,16.0,29.8,2.4,34 | 93.2,19 | 66.2,45,16 | 9.94,29.8 | 1009,2.4 | 0.09
2016-03-08,32.0,21.0,54.0,14.0,29.77,21.7,32 | 89.6,21 | 69.8,54,14 | 8.7,29.77 | 1008,21.7 | 0.85
2016-03-09,33.0,20.0,51.0,14.0,29.8,6.1,33 | 91.4,20 | 68.0,51,14 | 8.7,29.8 | 1009,6.1 | 0.24
2016-03-10,34.0,19.0,45.0,15.0,29.8,0.6,34 | 93.2,19 | 66.2,45,15 | 9.32,29.8 | 1009,0.6 | 0.02
2016-03-11,33.0,20.0,47.0,16.0,29.83,0.0,33 | 91.4,20 | 68.0,47,16 | 9.94,29.83 | 1010,0.0 | 0.0
2016-03-12,34.0,16.0,39.0,16.0,29.85,0.0,34 | 93.2,16 | 60.8,39,16 | 9.94,29.85 | 1011,0.0 | 0.0
2016-03-13,34.0,13.0,34.0,14.0,29.85,0.0,34 | 93.2,13 | 55.4,34,14 | 8.7,29.85 | 1011,0.0 | 0.0
2016-03-14,33.0,17.0,41.0,12.0,29.85,0.0,33 | 91.4,17 | 62.6,41,12 | 7.46,29.85 | 1011,0.0 | 0.0
2016-03-15,34.0,16.0,38.0,13.0,29.83,0.0,34 | 93.2,16 | 60.8,38,13 | 8.08,29.83 | 1010,0.0 | 0.0
2016-03-16,34.0,17.0,40.0,16.0,29.85,0.0,34 | 93.2,17 | 62.6,40,16 | 9.94,29.85 | 1011,0.0 | 0.0
2016-03-17,34.0,17.0,40.0,13.0,29.85,0.0,34 | 93.2,17 | 62.6,40,13 | 8.08,29.85 | 1011,0.0 | 0.0
2016-03-18,35.0,16.0,37.0,11.0,29.83,0.0,35 | 95.0,16 | 60.8,37,11 | 6.84,29.83 | 1010,0.0 | 0.0
2016-03-19,35.0,14.0,36.0,16.0,29.83,0.0,35 | 95.0,14 | 57.2,36,16 | 9.94,29.83 | 1010,0.0 | 0.0
2016-03-20,35.0,12.0,30.0,16.0,29.83,0.0,35 | 95.0,12 | 53.6,30,16 | 9.94,29.83 | 1010,0.0 | 0.0
2016-03-21,34.0,12.0,30.0,16.0,29.83,0.0,34 | 93.2,12 | 53.6,30,16 | 9.94,29.83 | 1010,0.0 | 0.0
2016-03-22,34.0,13.0,32.0,13.0,29.8,0.0,34 | 93.2,13 | 55.4,32,13 | 8.08,29.8 | 1009,0.0 | 0.0
2016-03-23,35.0,13.0,31.0,13.0,29.77,0.0,35 | 95.0,13 | 55.4,31,13 | 8.08,29.77 | 1008,0.0 | 0.0
2016-03-24,35.0,14.0,34.0,17.0,29.8,0.0,35 | 95.0,14 | 57.2,34,17 | 10.56,29.8 | 1009,0.0 | 0.0
2016-03-25,35.0,14.0,33.0,19.0,29.85,0.0,35 | 95.0,14 | 57.2,33,19 | 11.81,29.85 | 1011,0.0 | 0.0
2016-03-26,34.0,13.0,32.0,16.0,29.85,0.0,34 | 93.2,13 | 55.4,32,16 | 9.94,29.85 | 1011,0.0 | 0.0
2016-03-27,34.0,15.0,35.0,12.0,29.83,0.0,34 | 93.2,15 | 59.0,35,12 | 7.46,29.83 | 1010,0.0 | 0.0
2016-03-28,34.0,15.0,36.0,12.0,29.8,0.0,34 | 93.2,15 | 59.0,36,12 | 7.46,29.8 | 1009,0.0 | 0.0
2016-03-29,33.0,19.0,47.0,16.0,29.8,0.0,33 | 91.4,19 | 66.2,47,16 | 9.94,29.8 | 1009,0.0 | 0.0
2016-03-30,34.0,17.0,41.0,15.0,29.8,0.0,34 | 93.2,17 | 62.6,41,15 | 9.32,29.8 | 1009,0.0 | 0.0
2016-03-31,34.0,15.0,37.0,16.0,29.77,0.0,34 | 93.2,15 | 59.0,37,16 | 9.94,29.77 | 1008,0.0 | 0.0
2016-04-01,34.0,14.0,33.0,13.0,29.74,0.0,34 | 93.2,14 | 57.2,33,13 | 8.08,29.74 | 1007,0.0 | 0.0
2016-04-02,34.0,17.0,41.0,19.0,29.77,0.0,34 | 93.2,17 | 62.6,41,19 | 11.81,29.77 | 1008,0.0 | 0.0
2016-04-03,32.0,20.0,51.0,19.0,29.85,7.4,32 | 89.6,20 | 68.0,51,19 | 11.81,29.85 | 1011,7.4 | 0.29
2016-04-04,32.0,20.0,50.0,13.0,29.85,4.7,32 | 89.6,20 | 68.0,50,13 | 8.08,29.85 | 1011,4.7 | 0.19
2016-04-05,32.0,20.0,51.0,11.0,29.83,13.7,32 | 89.6,20 | 68.0,51,11 | 6.84,29.83 | 1010,13.7 | 0.54
2016-04-06,32.0,21.0,55.0,14.0,29.83,5.3,32 | 89.6,21 | 69.8,55,14 | 8.7,29.83 | 1010,5.3 | 0.21
2016-04-07,31.0,20.0,54.0,13.0,29.83,0.4,31 | 87.8,20 | 68.0,54,13 | 8.08,29.83 | 1010,0.4 | 0.02
2016-04-08,33.0,19.0,46.0,10.0,29.83,0.1,33 | 91.4,19 | 66.2,46,10 | 6.21,29.83 | 1010,0.1 | 0.0
2016-04-09,33.0,20.0,49.0,18.0,29.83,3.0,33 | 91.4,20 | 68.0,49,18 | 11.18,29.83 | 1010,3.0 | 0.12
2016-04-10,31.0,21.0,60.0,18.0,29.85,20.3,31 | 87.8,21 | 69.8,60,18 | 11.18,29.85 | 1011,20.3 | 0.8
2016-04-11,32.0,21.0,58.0,10.0,29.88,1.8,32 | 89.6,21 | 69.8,58,10 | 6.21,29.88 | 1012,1.8 | 0.07
2016-04-12,31.0,21.0,59.0,16.0,29.85,11.8,31 | 87.8,21 | 69.8,59,16 | 9.94,29.85 | 1011,11.8 | 0.46
2016-04-13,31.0,20.0,57.0,11.0,29.83,5.9,31 | 87.8,20 | 68.0,57,11 | 6.84,29.83 | 1010,5.9 | 0.23
2016-04-14,30.0,20.0,58.0,12.0,29.83,3.7,30 | 86.0,20 | 68.0,58,12 | 7.46,29.83 | 1010,3.7 | 0.15
2016-04-15,31.0,20.0,58.0,11.0,29.83,5.2,31 | 87.8,20 | 68.0,58,11 | 6.84,29.83 | 1010,5.2 | 0.2
2016-04-16,30.0,21.0,60.0,12.0,29.83,6.7,30 | 86.0,21 | 69.8,60,12 | 7.46,29.83 | 1010,6.7 | 0.26
2016-04-17,30.0,21.0,62.0,11.0,29.85,2.6,30 | 86.0,21 | 69.8,62,11 | 6.84,29.85 | 1011,2.6 | 0.1
2016-04-18,31.0,21.0,60.0,11.0,29.83,2.2,31 | 87.8,21 | 69.8,60,11 | 6.84,29.83 | 1010,2.2 | 0.09
2016-04-19,31.0,21.0,60.0,12.0,29.83,2.2,31 | 87.8,21 | 69.8,60,12 | 7.46,29.83 | 1010,2.2 | 0.09
2016-04-20,30.0,21.0,60.0,12.0,29.83,2.8,30 | 86.0,21 | 69.8,60,12 | 7.46,29.83 | 1010,2.8 | 0.11
2016-04-21,32.0,20.0,53.0,11.0,29.85,0.2,32 | 89.6,20 | 68.0,53,11 | 6.84,29.85 | 1011,0.2 | 0.01
2016-04-22,32.0,19.0,49.0,11.0,29.85,0.9,32 | 89.6,19 | 66.2,49,11 | 6.84,29.85 | 1011,0.9 | 0.04
2016-04-23,31.0,21.0,56.0,13.0,29.83,10.8,31 | 87.8,21 | 69.8,56,13 | 8.08,29.83 | 1010,10.8 | 0.43
2016-04-24,30.0,23.0,68.0,16.0,29.8,27.3,30 | 86.0,23 | 73.4,68,16 | 9.94,29.8 | 1009,27.3 | 1.07
2016-04-25,31.0,22.0,63.0,15.0,29.8,13.2,31 | 87.8,22 | 71.6,63,15 | 9.32,29.8 | 1009,13.2 | 0.52
2016-04-26,30.0,22.0,68.0,9.0,29.8,40.5,30 | 86.0,22 | 71.6,68,9 | 5.59,29.8 | 1009,40.5 | 1.59
2016-04-27,31.0,22.0,64.0,12.0,29.83,29.9,31 | 87.8,22 | 71.6,64,12 | 7.46,29.83 | 1010,29.9 | 1.18
2016-04-28,29.0,23.0,72.0,13.0,29.83,19.6,29 | 84.2,23 | 73.4,72,13 | 8.08,29.83 | 1010,19.6 | 0.77
2016-04-29,29.0,22.0,72.0,8.0,29.83,25.6,29 | 84.2,22 | 71.6,72,8 | 4.97,29.83 | 1010,25.6 | 1.01
2016-04-30,29.0,22.0,73.0,10.0,29.83,6.0,29 | 84.2,22 | 71.6,73,10 | 6.21,29.83 | 1010,6.0 | 0.24
2016-05-01,29.0,22.0,68.0,10.0,29.85,4.0,29 | 84.2,22 | 71.6,68,10 | 6.21,29.85 | 1011,4.0 | 0.16
2016-05-02,31.0,22.0,63.0,6.0,29.83,31.3,31 | 87.8,22 | 71.6,63,6 | 3.73,29.83 | 1010,31.3 | 1.23
2016-05-03,31.0,22.0,65.0,14.0,29.85,3.1,31 | 87.8,22 | 71.6,65,14 | 8.7,29.85 | 1011,3.1 | 0.12
2016-05-04,30.0,21.0,61.0,13.0,29.85,0.1,30 | 86.0,21 | 69.8,61,13 | 8.08,29.85 | 1011,0.1 | 0.0
2016-05-05,30.0,21.0,62.0,15.0,29.85,1.3,30 | 86.0,21 | 69.8,62,15 | 9.32,29.85 | 1011,1.3 | 0.05
2016-05-06,30.0,21.0,63.0,18.0,29.88,13.2,30 | 86.0,21 | 69.8,63,18 | 11.18,29.88 | 1012,13.2 | 0.52
2016-05-07,30.0,21.0,61.0,18.0,29.88,2.3,30 | 86.0,21 | 69.8,61,18 | 11.18,29.88 | 1012,2.3 | 0.09
2016-05-08,30.0,20.0,61.0,19.0,29.91,0.9,30 | 86.0,20 | 68.0,61,19 | 11.81,29.91 | 1013,0.9 | 0.04
2016-05-09,30.0,20.0,58.0,17.0,29.91,0.6,30 | 86.0,20 | 68.0,58,17 | 10.56,29.91 | 1013,0.6 | 0.02
2016-05-10,30.0,20.0,60.0,19.0,29.91,3.3,30 | 86.0,20 | 68.0,60,19 | 11.81,29.91 | 1013,3.3 | 0.13
2016-05-11,30.0,20.0,61.0,20.0,29.91,1.3,30 | 86.0,20 | 68.0,61,20 | 12.43,29.91 | 1013,1.3 | 0.05
2016-05-12,30.0,19.0,57.0,19.0,29.91,0.1,30 | 86.0,19 | 66.2,57,19 | 11.81,29.91 | 1013,0.1 | 0.0
2016-05-13,31.0,18.0,53.0,19.0,29.88,0.0,31 | 87.8,18 | 64.4,53,19 | 11.81,29.88 | 1012,0.0 | 0.0
2016-05-14,31.0,18.0,50.0,19.0,29.91,0.0,31 | 87.8,18 | 64.4,50,19 | 11.81,29.91 | 1013,0.0 | 0.0
2016-05-15,31.0,19.0,54.0,21.0,29.91,1.5,31 | 87.8,19 | 66.2,54,21 | 13.05,29.91 | 1013,1.5 | 0.06
2016-05-16,31.0,19.0,53.0,20.0,29.91,0.0,31 | 87.8,19 | 66.2,53,20 | 12.43,29.91 | 1013,0.0 | 0.0
2016-05-17,32.0,18.0,50.0,20.0,29.88,0.0,32 | 89.6,18 | 64.4,50,20 | 12.43,29.88 | 1012,0.0 | 0.0
2016-05-18,31.0,18.0,51.0,26.0,29.91,0.0,31 | 87.8,18 | 64.4,51,26 | 16.16,29.91 | 1013,0.0 | 0.0
2016-05-19,30.0,19.0,57.0,19.0,29.88,2.3,30 | 86.0,19 | 66.2,57,19 | 11.81,29.88 | 1012,2.3 | 0.09
2016-05-20,30.0,19.0,59.0,18.0,29.88,1.4,30 | 86.0,19 | 66.2,59,18 | 11.18,29.88 | 1012,1.4 | 0.06
2016-05-21,30.0,19.0,57.0,18.0,29.88,0.9,30 | 86.0,19 | 66.2,57,18 | 11.18,29.88 | 1012,0.9 | 0.04
2016-05-22,30.0,18.0,53.0,23.0,29.97,0.3,30 | 86.0,18 | 64.4,53,23 | 14.29,29.97 | 1015,0.3 | 0.01
2016-05-23,30.0,19.0,55.0,22.0,30.0,0.4,30 | 86.0,19 | 66.2,55,22 | 13.67,30.0 | 1016,0.4 | 0.02
2016-05-24,29.0,18.0,54.0,22.0,30.0,0.2,29 | 84.2,18 | 64.4,54,22 | 13.67,30.0 | 1016,0.2 | 0.01
2016-05-25,30.0,17.0,50.0,20.0,29.97,0.0,30 | 86.0,17 | 62.6,50,20 | 12.43,29.97 | 1015,0.0 | 0.0
2016-05-26,27.0,17.0,56.0,23.0,30.0,0.0,27 | 80.6,17 | 62.6,56,23 | 14.29,30.0 | 1016,0.0 | 0.0
2016-05-27,26.0,17.0,59.0,18.0,30.0,0.0,26 | 78.8,17 | 62.6,59,18 | 11.18,30.0 | 1016,0.0 | 0.0
2016-05-28,27.0,17.0,55.0,23.0,29.94,0.0,27 | 80.6,17 | 62.6,55,23 | 14.29,29.94 | 1014,0.0 | 0.0
2016-05-29,31.0,17.0,49.0,20.0,29.94,0.0,31 | 87.8,17 | 62.6,49,20 | 12.43,29.94 | 1014,0.0 | 0.0
2016-05-30,30.0,16.0,46.0,21.0,29.91,0.0,30 | 86.0,16 | 60.8,46,21 | 13.05,29.91 | 1013,0.0 | 0.0
2016-05-31,29.0,16.0,49.0,22.0,29.94,0.0,29 | 84.2,16 | 60.8,49,22 | 13.67,29.94 | 1014,0.0 | 0.0
2016-06-01,30.0,17.0,50.0,21.0,29.91,0.0,30 | 86.0,17 | 62.6,50,21 | 13.05,29.91 | 1013,0.0 | 0.0
2016-06-02,31.0,16.0,46.0,18.0,29.94,0.0,31 | 87.8,16 | 60.8,46,18 | 11.18,29.94 | 1014,0.0 | 0.0
2016-06-03,31.0,17.0,48.0,21.0,29.91,0.0,31 | 87.8,17 | 62.6,48,21 | 13.05,29.91 | 1013,0.0 | 0.0
2016-06-04,31.0,15.0,43.0,21.0,29.88,0.0,31 | 87.8,15 | 59.0,43,21 | 13.05,29.88 | 1012,0.0 | 0.0
2016-06-05,31.0,17.0,48.0,23.0,29.91,0.2,31 | 87.8,17 | 62.6,48,23 | 14.29,29.91 | 1013,0.2 | 0.01
2016-06-06,31.0,17.0,49.0,23.0,29.97,0.1,31 | 87.8,17 | 62.6,49,23 | 14.29,29.97 | 1015,0.1 | 0.0
2016-06-07,31.0,17.0,48.0,23.0,29.97,0.0,31 | 87.8,17 | 62.6,48,23 | 14.29,29.97 | 1015,0.0 | 0.0
2016-06-08,30.0,16.0,48.0,25.0,29.97,0.0,30 | 86.0,16 | 60.8,48,25 | 15.53,29.97 | 1015,0.0 | 0.0
2016-06-09,29.0,17.0,51.0,27.0,29.97,0.3,29 | 84.2,17 | 62.6,51,27 | 16.78,29.97 | 1015,0.3 | 0.01
2016-06-10,26.0,18.0,60.0,23.0,30.03,0.0,26 | 78.8,18 | 64.4,60,23 | 14.29,30.03 | 1017,0.0 | 0.0
2016-06-11,29.0,17.0,53.0,20.0,29.97,0.1,29 | 84.2,17 | 62.6,53,20 | 12.43,29.97 | 1015,0.1 | 0.0
2016-06-12,30.0,16.0,49.0,22.0,29.97,0.0,30 | 86.0,16 | 60.8,49,22 | 13.67,29.97 | 1015,0.0 | 0.0
2016-06-13,30.0,16.0,47.0,24.0,29.97,0.0,30 | 86.0,16 | 60.8,47,24 | 14.91,29.97 | 1015,0.0 | 0.0
2016-06-14,31.0,14.0,42.0,25.0,29.97,0.0,31 | 87.8,14 | 57.2,42,25 | 15.53,29.97 | 1015,0.0 | 0.0
2016-06-15,27.0,17.0,56.0,27.0,30.0,0.0,27 | 80.6,17 | 62.6,56,27 | 16.78,30.0 | 1016,0.0 | 0.0
2016-06-16,30.0,17.0,53.0,23.0,29.91,0.0,30 | 86.0,17 | 62.6,53,23 | 14.29,29.91 | 1013,0.0 | 0.0
2016-06-17,29.0,17.0,52.0,22.0,29.91,0.0,29 | 84.2,17 | 62.6,52,22 | 13.67,29.91 | 1013,0.0 | 0.0
2016-06-18,29.0,18.0,55.0,23.0,29.94,1.2,29 | 84.2,18 | 64.4,55,23 | 14.29,29.94 | 1014,1.2 | 0.05
2016-06-19,29.0,18.0,56.0,23.0,29.97,2.7,29 | 84.2,18 | 64.4,56,23 | 14.29,29.97 | 1015,2.7 | 0.11
2016-06-20,29.0,16.0,50.0,23.0,29.94,0.0,29 | 84.2,16 | 60.8,50,23 | 14.29,29.94 | 1014,0.0 | 0.0
2016-06-21,29.0,17.0,52.0,26.0,29.91,0.0,29 | 84.2,17 | 62.6,52,26 | 16.16,29.91 | 1013,0.0 | 0.0
2016-06-22,30.0,15.0,46.0,27.0,29.97,0.0,30 | 86.0,15 | 59.0,46,27 | 16.78,29.97 | 1015,0.0 | 0.0
2016-06-23,30.0,16.0,46.0,27.0,29.97,0.0,30 | 86.0,16 | 60.8,46,27 | 16.78,29.97 | 1015,0.0 | 0.0
2016-06-24,29.0,15.0,45.0,28.0,29.94,0.0,29 | 84.2,15 | 59.0,45,28 | 17.4,29.94 | 1014,0.0 | 0.0
2016-06-25,27.0,17.0,54.0,26.0,29.97,0.2,27 | 80.6,17 | 62.6,54,26 | 16.16,29.97 | 1015,0.2 | 0.01
2016-06-26,28.0,17.0,55.0,24.0,30.0,0.8,28 | 82.4,17 | 62.6,55,24 | 14.91,30.0 | 1016,0.8 | 0.03
2016-06-27,29.0,17.0,53.0,24.0,29.97,0.2,29 | 84.2,17 | 62.6,53,24 | 14.91,29.97 | 1015,0.2 | 0.01
2016-06-28,29.0,16.0,50.0,26.0,29.97,0.0,29 | 84.2,16 | 60.8,50,26 | 16.16,29.97 | 1015,0.0 | 0.0
2016-06-29,29.0,16.0,49.0,25.0,29.97,0.0,29 | 84.2,16 | 60.8,49,25 | 15.53,29.97 | 1015,0.0 | 0.0
2016-06-30,30.0,15.0,46.0,25.0,29.97,0.0,30 | 86.0,15 | 59.0,46,25 | 15.53,29.97 | 1015,0.0 | 0.0
2016-07-01,29.0,17.0,50.0,27.0,29.97,0.0,29 | 84.2,17 | 62.6,50,27 | 16.78,29.97 | 1015,0.0 | 0.0
2016-07-02,29.0,18.0,54.0,25.0,29.97,0.1,29 | 84.2,18 | 64.4,54,25 | 15.53,29.97 | 1015,0.1 | 0.0
2016-07-03,27.0,18.0,57.0,25.0,29.97,0.1,27 | 80.6,18 | 64.4,57,25 | 15.53,29.97 | 1015,0.1 | 0.0
2016-07-04,27.0,16.0,53.0,25.0,29.97,0.0,27 | 80.6,16 | 60.8,53,25 | 15.53,29.97 | 1015,0.0 | 0.0
2016-07-05,28.0,15.0,51.0,25.0,29.97,0.0,28 | 82.4,15 | 59.0,51,25 | 15.53,29.97 | 1015,0.0 | 0.0
2016-07-06,27.0,16.0,53.0,25.0,29.94,0.2,27 | 80.6,16 | 60.8,53,25 | 15.53,29.94 | 1014,0.2 | 0.01
2016-07-07,29.0,15.0,48.0,23.0,29.94,0.0,29 | 84.2,15 | 59.0,48,23 | 14.29,29.94 | 1014,0.0 | 0.0
2016-07-08,28.0,15.0,48.0,29.0,29.97,0.1,28 | 82.4,15 | 59.0,48,29 | 18.02,29.97 | 1015,0.1 | 0.0
2016-07-09,28.0,15.0,47.0,25.0,29.97,0.0,28 | 82.4,15 | 59.0,47,25 | 15.53,29.97 | 1015,0.0 | 0.0
2016-07-10,28.0,15.0,47.0,28.0,29.97,0.0,28 | 82.4,15 | 59.0,47,28 | 17.4,29.97 | 1015,0.0 | 0.0
2016-07-11,27.0,15.0,50.0,28.0,30.0,0.0,27 | 80.6,15 | 59.0,50,28 | 17.4,30.0 | 1016,0.0 | 0.0
2016-07-12,27.0,15.0,53.0,23.0,30.0,0.1,27 | 80.6,15 | 59.0,53,23 | 14.29,30.0 | 1016,0.1 | 0.0
2016-07-13,27.0,15.0,51.0,23.0,30.0,0.0,27 | 80.6,15 | 59.0,51,23 | 14.29,30.0 | 1016,0.0 | 0.0
2016-07-14,28.0,14.0,47.0,25.0,29.94,0.0,28 | 82.4,14 | 57.2,47,25 | 15.53,29.94 | 1014,0.0 | 0.0
2016-07-15,28.0,14.0,47.0,25.0,29.94,0.0,28 | 82.4,14 | 57.2,47,25 | 15.53,29.94 | 1014,0.0 | 0.0
2016-07-16,29.0,14.0,46.0,24.0,29.94,0.0,29 | 84.2,14 | 57.2,46,24 | 14.91,29.94 | 1014,0.0 | 0.0
2016-07-17,29.0,16.0,50.0,28.0,29.97,0.0,29 | 84.2,16 | 60.8,50,28 | 17.4,29.97 | 1015,0.0 | 0.0
2016-07-18,29.0,16.0,50.0,25.0,29.94,0.1,29 | 84.2,16 | 60.8,50,25 | 15.53,29.94 | 1014,0.1 | 0.0
2016-07-19,28.0,16.0,51.0,25.0,29.94,0.0,28 | 82.4,16 | 60.8,51,25 | 15.53,29.94 | 1014,0.0 | 0.0
2016-07-20,28.0,16.0,51.0,25.0,29.94,0.0,28 | 82.4,16 | 60.8,51,25 | 15.53,29.94 | 1014,0.0 | 0.0
2016-07-21,28.0,16.0,51.0,25.0,29.94,0.0,28 | 82.4,16 | 60.8,51,25 | 15.53,29.94 | 1014,0.0 | 0.0
2016-07-22,29.0,16.0,50.0,24.0,29.94,0.1,29 | 84.2,16 | 60.8,50,24 | 14.91,29.94 | 1014,0.1 | 0.0
2016-07-23,29.0,16.0,49.0,25.0,29.94,0.0,29 | 84.2,16 | 60.8,49,25 | 15.53,29.94 | 1014,0.0 | 0.0
2016-07-24,29.0,16.0,48.0,25.0,29.91,0.0,29 | 84.2,16 | 60.8,48,25 | 15.53,29.91 | 1013,0.0 | 0.0
2016-07-25,29.0,15.0,48.0,25.0,29.94,0.0,29 | 84.2,15 | 59.0,48,25 | 15.53,29.94 | 1014,0.0 | 0.0
2016-07-26,29.0,16.0,48.0,24.0,29.91,0.0,29 | 84.2,16 | 60.8,48,24 | 14.91,29.91 | 1013,0.0 | 0.0
2016-07-27,29.0,16.0,49.0,24.0,29.94,0.1,29 | 84.2,16 | 60.8,49,24 | 14.91,29.94 | 1014,0.1 | 0.0
2016-07-28,29.0,15.0,47.0,28.0,29.91,0.0,29 | 84.2,15 | 59.0,47,28 | 17.4,29.91 | 1013,0.0 | 0.0
2016-07-29,29.0,16.0,49.0,24.0,29.91,0.0,29 | 84.2,16 | 60.8,49,24 | 14.91,29.91 | 1013,0.0 | 0.0
2016-07-30,30.0,14.0,44.0,24.0,29.85,0.0,30 | 86.0,14 | 57.2,44,24 | 14.91,29.85 | 1011,0.0 | 0.0
2016-07-31,30.0,15.0,44.0,28.0,29.88,0.0,30 | 86.0,15 | 59.0,44,28 | 17.4,29.88 | 1012,0.0 | 0.0
2016-08-01,29.0,15.0,45.0,24.0,29.91,0.0,29 | 84.2,15 | 59.0,45,24 | 14.91,29.91 | 1013,0.0 | 0.0
2016-08-02,30.0,13.0,39.0,24.0,29.88,0.0,30 | 86.0,13 | 55.4,39,24 | 14.91,29.88 | 1012,0.0 | 0.0
2016-08-03,31.0,14.0,39.0,27.0,29.85,0.0,31 | 87.8,14 | 57.2,39,27 | 16.78,29.85 | 1011,0.0 | 0.0
2016-08-04,30.0,14.0,42.0,26.0,29.88,0.0,30 | 86.0,14 | 57.2,42,26 | 16.16,29.88 | 1012,0.0 | 0.0
2016-08-05,29.0,15.0,47.0,26.0,29.94,0.0,29 | 84.2,15 | 59.0,47,26 | 16.16,29.94 | 1014,0.0 | 0.0
2016-08-06,29.0,16.0,48.0,24.0,29.97,0.0,29 | 84.2,16 | 60.8,48,24 | 14.91,29.97 | 1015,0.0 | 0.0
2016-08-07,29.0,16.0,48.0,25.0,29.94,0.0,29 | 84.2,16 | 60.8,48,25 | 15.53,29.94 | 1014,0.0 | 0.0
2016-08-08,29.0,16.0,49.0,25.0,29.97,0.0,29 | 84.2,16 | 60.8,49,25 | 15.53,29.97 | 1015,0.0 | 0.0
2016-08-09,28.0,16.0,53.0,23.0,30.0,0.2,28 | 82.4,16 | 60.8,53,23 | 14.29,30.0 | 1016,0.2 | 0.01
2016-08-10,28.0,14.0,48.0,23.0,30.0,0.0,28 | 82.4,14 | 57.2,48,23 | 14.29,30.0 | 1016,0.0 | 0.0
2016-08-11,28.0,14.0,46.0,25.0,30.0,0.0,28 | 82.4,14 | 57.2,46,25 | 15.53,30.0 | 1016,0.0 | 0.0
2016-08-12,28.0,15.0,49.0,21.0,29.97,0.0,28 | 82.4,15 | 59.0,49,21 | 13.05,29.97 | 1015,0.0 | 0.0
2016-08-13,29.0,15.0,47.0,20.0,29.97,0.0,29 | 84.2,15 | 59.0,47,20 | 12.43,29.97 | 1015,0.0 | 0.0
2016-08-14,29.0,16.0,49.0,21.0,29.97,0.0,29 | 84.2,16 | 60.8,49,21 | 13.05,29.97 | 1015,0.0 | 0.0
2016-08-15,30.0,15.0,46.0,22.0,29.97,0.0,30 | 86.0,15 | 59.0,46,22 | 13.67,29.97 | 1015,0.0 | 0.0
2016-08-16,29.0,15.0,47.0,25.0,29.97,0.0,29 | 84.2,15 | 59.0,47,25 | 15.53,29.97 | 1015,0.0 | 0.0
2016-08-17,29.0,16.0,50.0,22.0,29.97,0.4,29 | 84.2,16 | 60.8,50,22 | 13.67,29.97 | 1015,0.4 | 0.02
2016-08-18,28.0,17.0,54.0,23.0,29.94,0.3,28 | 82.4,17 | 62.6,54,23 | 14.29,29.94 | 1014,0.3 | 0.01
2016-08-19,28.0,16.0,53.0,24.0,29.94,0.1,28 | 82.4,16 | 60.8,53,24 | 14.91,29.94 | 1014,0.1 | 0.0
2016-08-20,29.0,15.0,48.0,24.0,29.94,0.0,29 | 84.2,15 | 59.0,48,24 | 14.91,29.94 | 1014,0.0 | 0.0
2016-08-21,30.0,14.0,42.0,22.0,29.91,0.0,30 | 86.0,14 | 57.2,42,22 | 13.67,29.91 | 1013,0.0 | 0.0
2016-08-22,30.0,15.0,45.0,25.0,29.91,0.0,30 | 86.0,15 | 59.0,45,25 | 15.53,29.91 | 1013,0.0 | 0.0
2016-08-23,30.0,14.0,42.0,27.0,29.94,0.0,30 | 86.0,14 | 57.2,42,27 | 16.78,29.94 | 1014,0.0 | 0.0
2016-08-24,28.0,14.0,45.0,27.0,29.94,0.0,28 | 82.4,14 | 57.2,45,27 | 16.78,29.94 | 1014,0.0 | 0.0
2016-08-25,29.0,13.0,44.0,24.0,29.94,0.0,29 | 84.2,13 | 55.4,44,24 | 14.91,29.94 | 1014,0.0 | 0.0
2016-08-26,29.0,14.0,44.0,26.0,29.94,0.0,29 | 84.2,14 | 57.2,44,26 | 16.16,29.94 | 1014,0.0 | 0.0
2016-08-27,29.0,12.0,42.0,25.0,30.0,0.0,29 | 84.2,12 | 53.6,42,25 | 15.53,30.0 | 1016,0.0 | 0.0
2016-08-28,29.0,15.0,47.0,26.0,30.0,0.0,29 | 84.2,15 | 59.0,47,26 | 16.16,30.0 | 1016,0.0 | 0.0
2016-08-29,27.0,15.0,52.0,26.0,30.0,0.1,27 | 80.6,15 | 59.0,52,26 | 16.16,30.0 | 1016,0.1 | 0.0
2016-08-30,28.0,15.0,49.0,24.0,29.97,0.0,28 | 82.4,15 | 59.0,49,24 | 14.91,29.97 | 1015,0.0 | 0.0
2016-08-31,30.0,14.0,39.0,29.0,29.97,0.0,30 | 86.0,14 | 57.2,39,29 | 18.02,29.97 | 1015,0.0 | 0.0
2016-09-01,28.0,15.0,49.0,25.0,30.0,0.1,28 | 82.4,15 | 59.0,49,25 | 15.53,30.0 | 1016,0.1 | 0.0
2016-09-02,28.0,15.0,48.0,26.0,30.0,0.0,28 | 82.4,15 | 59.0,48,26 | 16.16,30.0 | 1016,0.0 | 0.0
2016-09-03,27.0,15.0,52.0,24.0,30.0,0.1,27 | 80.6,15 | 59.0,52,24 | 14.91,30.0 | 1016,0.1 | 0.0
2016-09-04,29.0,14.0,46.0,24.0,30.0,0.0,29 | 84.2,14 | 57.2,46,24 | 14.91,30.0 | 1016,0.0 | 0.0
2016-09-05,27.0,16.0,54.0,22.0,30.03,0.3,27 | 80.6,16 | 60.8,54,22 | 13.67,30.03 | 1017,0.3 | 0.01
2016-09-06,29.0,14.0,48.0,18.0,30.0,0.0,29 | 84.2,14 | 57.2,48,18 | 11.18,30.0 | 1016,0.0 | 0.0
2016-09-07,29.0,15.0,50.0,24.0,29.97,0.0,29 | 84.2,15 | 59.0,50,24 | 14.91,29.97 | 1015,0.0 | 0.0
2016-09-08,29.0,14.0,45.0,20.0,29.97,0.0,29 | 84.2,14 | 57.2,45,20 | 12.43,29.97 | 1015,0.0 | 0.0
2016-09-09,28.0,15.0,51.0,23.0,29.97,0.0,28 | 82.4,15 | 59.0,51,23 | 14.29,29.97 | 1015,0.0 | 0.0
2016-09-10,29.0,16.0,50.0,18.0,30.0,0.2,29 | 84.2,16 | 60.8,50,18 | 11.18,30.0 | 1016,0.2 | 0.01
2016-09-11,29.0,16.0,49.0,24.0,29.97,0.0,29 | 84.2,16 | 60.8,49,24 | 14.91,29.97 | 1015,0.0 | 0.0
2016-09-12,30.0,12.0,38.0,24.0,29.94,0.0,30 | 86.0,12 | 53.6,38,24 | 14.91,29.94 | 1014,0.0 | 0.0
2016-09-13,30.0,14.0,45.0,25.0,29.91,0.0,30 | 86.0,14 | 57.2,45,25 | 15.53,29.91 | 1013,0.0 | 0.0
2016-09-14,29.0,16.0,49.0,25.0,29.94,0.0,29 | 84.2,16 | 60.8,49,25 | 15.53,29.94 | 1014,0.0 | 0.0
2016-09-15,30.0,14.0,44.0,20.0,29.91,0.0,30 | 86.0,14 | 57.2,44,20 | 12.43,29.91 | 1013,0.0 | 0.0
2016-09-16,30.0,14.0,44.0,24.0,29.88,0.0,30 | 86.0,14 | 57.2,44,24 | 14.91,29.88 | 1012,0.0 | 0.0
2016-09-17,30.0,14.0,44.0,24.0,29.91,0.0,30 | 86.0,14 | 57.2,44,24 | 14.91,29.91 | 1013,0.0 | 0.0
2016-09-18,29.0,15.0,48.0,23.0,29.94,0.0,29 | 84.2,15 | 59.0,48,23 | 14.29,29.94 | 1014,0.0 | 0.0
2016-09-19,29.0,15.0,47.0,27.0,29.94,0.0,29 | 84.2,15 | 59.0,47,27 | 16.78,29.94 | 1014,0.0 | 0.0
2016-09-20,29.0,14.0,44.0,21.0,29.94,0.0,29 | 84.2,14 | 57.2,44,21 | 13.05,29.94 | 1014,0.0 | 0.0
2016-09-21,30.0,13.0,40.0,21.0,29.91,0.0,30 | 86.0,13 | 55.4,40,21 | 13.05,29.91 | 1013,0.0 | 0.0
2016-09-22,31.0,13.0,40.0,23.0,29.94,0.0,31 | 87.8,13 | 55.4,40,23 | 14.29,29.94 | 1014,0.0 | 0.0
2016-09-23,29.0,17.0,51.0,23.0,29.94,0.2,29 | 84.2,17 | 62.6,51,23 | 14.29,29.94 | 1014,0.2 | 0.01
2016-09-24,30.0,16.0,49.0,23.0,29.91,0.0,30 | 86.0,16 | 60.8,49,23 | 14.29,29.91 | 1013,0.0 | 0.0
2016-09-25,31.0,15.0,45.0,20.0,29.85,0.0,31 | 87.8,15 | 59.0,45,20 | 12.43,29.85 | 1011,0.0 | 0.0
2016-09-26,31.0,15.0,43.0,22.0,29.85,0.0,31 | 87.8,15 | 59.0,43,22 | 13.67,29.85 | 1011,0.0 | 0.0
2016-09-27,31.0,14.0,40.0,21.0,29.91,0.0,31 | 87.8,14 | 57.2,40,21 | 13.05,29.91 | 1013,0.0 | 0.0
2016-09-28,31.0,15.0,42.0,20.0,29.91,0.0,31 | 87.8,15 | 59.0,42,20 | 12.43,29.91 | 1013,0.0 | 0.0
2016-09-29,31.0,17.0,47.0,21.0,29.91,0.0,31 | 87.8,17 | 62.6,47,21 | 13.05,29.91 | 1013,0.0 | 0.0
2016-09-30,30.0,17.0,50.0,22.0,29.88,0.0,30 | 86.0,17 | 62.6,50,22 | 13.67,29.88 | 1012,0.0 | 0.0
2016-10-01,31.0,15.0,43.0,19.0,29.83,0.0,31 | 87.8,15 | 59.0,43,19 | 11.81,29.83 | 1010,0.0 | 0.0
2016-10-02,31.0,15.0,44.0,20.0,29.83,0.0,31 | 87.8,15 | 59.0,44,20 | 12.43,29.83 | 1010,0.0 | 0.0
2016-10-03,31.0,17.0,48.0,16.0,29.85,0.0,31 | 87.8,17 | 62.6,48,16 | 9.94,29.85 | 1011,0.0 | 0.0
2016-10-04,29.0,18.0,55.0,19.0,29.88,0.2,29 | 84.2,18 | 64.4,55,19 | 11.81,29.88 | 1012,0.2 | 0.01
2016-10-05,29.0,18.0,53.0,17.0,29.85,1.3,29 | 84.2,18 | 64.4,53,17 | 10.56,29.85 | 1011,1.3 | 0.05
2016-10-06,30.0,17.0,50.0,16.0,29.85,0.2,30 | 86.0,17 | 62.6,50,16 | 9.94,29.85 | 1011,0.2 | 0.01
2016-10-07,30.0,18.0,52.0,15.0,29.85,0.0,30 | 86.0,18 | 64.4,52,15 | 9.32,29.85 | 1011,0.0 | 0.0
2016-10-08,30.0,19.0,54.0,19.0,29.88,2.6,30 | 86.0,19 | 66.2,54,19 | 11.81,29.88 | 1012,2.6 | 0.1
2016-10-09,31.0,17.0,49.0,16.0,29.91,0.0,31 | 87.8,17 | 62.6,49,16 | 9.94,29.91 | 1013,0.0 | 0.0
2016-10-10,30.0,17.0,48.0,21.0,29.91,0.0,30 | 86.0,17 | 62.6,48,21 | 13.05,29.91 | 1013,0.0 | 0.0
2016-10-11,30.0,17.0,49.0,20.0,29.94,0.0,30 | 86.0,17 | 62.6,49,20 | 12.43,29.94 | 1014,0.0 | 0.0
2016-10-12,31.0,15.0,43.0,16.0,29.91,0.0,31 | 87.8,15 | 59.0,43,16 | 9.94,29.91 | 1013,0.0 | 0.0
2016-10-13,29.0,17.0,52.0,20.0,29.94,0.2,29 | 84.2,17 | 62.6,52,20 | 12.43,29.94 | 1014,0.2 | 0.01
2016-10-14,29.0,17.0,51.0,18.0,29.94,0.2,29 | 84.2,17 | 62.6,51,18 | 11.18,29.94 | 1014,0.2 | 0.01
2016-10-15,30.0,16.0,47.0,16.0,29.88,0.0,30 | 86.0,16 | 60.8,47,16 | 9.94,29.88 | 1012,0.0 | 0.0
2016-10-16,31.0,16.0,44.0,16.0,29.88,0.1,31 | 87.8,16 | 60.8,44,16 | 9.94,29.88 | 1012,0.1 | 0.0
2016-10-17,30.0,16.0,45.0,16.0,29.88,0.0,30 | 86.0,16 | 60.8,45,16 | 9.94,29.88 | 1012,0.0 | 0.0
2016-10-18,31.0,17.0,48.0,19.0,29.88,0.4,31 | 87.8,17 | 62.6,48,19 | 11.81,29.88 | 1012,0.4 | 0.02
2016-10-19,29.0,19.0,57.0,19.0,29.91,0.5,29 | 84.2,19 | 66.2,57,19 | 11.81,29.91 | 1013,0.5 | 0.02
2016-10-20,29.0,17.0,51.0,18.0,29.91,0.1,29 | 84.2,17 | 62.6,51,18 | 11.18,29.91 | 1013,0.1 | 0.0
2016-10-21,30.0,15.0,46.0,19.0,29.88,0.0,30 | 86.0,15 | 59.0,46,19 | 11.81,29.88 | 1012,0.0 | 0.0
2016-10-22,31.0,16.0,45.0,20.0,29.91,0.0,31 | 87.8,16 | 60.8,45,20 | 12.43,29.91 | 1013,0.0 | 0.0
2016-10-23,31.0,17.0,47.0,19.0,29.88,0.0,31 | 87.8,17 | 62.6,47,19 | 11.81,29.88 | 1012,0.0 | 0.0
2016-10-24,30.0,17.0,50.0,18.0,29.88,0.1,30 | 86.0,17 | 62.6,50,18 | 11.18,29.88 | 1012,0.1 | 0.0
2016-10-25,30.0,18.0,52.0,13.0,29.83,0.4,30 | 86.0,18 | 64.4,52,13 | 8.08,29.83 | 1010,0.4 | 0.02
2016-10-26,31.0,18.0,50.0,16.0,29.8,0.9,31 | 87.8,18 | 64.4,50,16 | 9.94,29.8 | 1009,0.9 | 0.04
2016-10-27,30.0,17.0,49.0,16.0,29.85,0.6,30 | 86.0,17 | 62.6,49,16 | 9.94,29.85 | 1011,0.6 | 0.02
2016-10-28,30.0,17.0,48.0,12.0,29.91,0.3,30 | 86.0,17 | 62.6,48,12 | 7.46,29.91 | 1013,0.3 | 0.01
2016-10-29,31.0,17.0,47.0,13.0,29.88,0.0,31 | 87.8,17 | 62.6,47,13 | 8.08,29.88 | 1012,0.0 | 0.0
2016-10-30,30.0,17.0,48.0,10.0,29.88,0.7,30 | 86.0,17 | 62.6,48,10 | 6.21,29.88 | 1012,0.7 | 0.03
2016-10-31,31.0,18.0,49.0,10.0,29.88,0.3,31 | 87.8,18 | 64.4,49,10 | 6.21,29.88 | 1012,0.3 | 0.01
2016-11-01,31.0,16.0,48.0,11.0,29.88,0.1,31 | 87.8,16 | 60.8,48,11 | 6.84,29.88 | 1012,0.1 | 0.0
2016-11-02,30.0,15.0,44.0,12.0,29.88,0.0,30 | 86.0,15 | 59.0,44,12 | 7.46,29.88 | 1012,0.0 | 0.0
2016-11-03,31.0,16.0,46.0,13.0,29.91,0.0,31 | 87.8,16 | 60.8,46,13 | 8.08,29.91 | 1013,0.0 | 0.0
2016-11-04,30.0,18.0,51.0,12.0,29.97,2.7,30 | 86.0,18 | 64.4,51,12 | 7.46,29.97 | 1015,2.7 | 0.11
2016-11-05,30.0,18.0,52.0,14.0,29.94,1.9,30 | 86.0,18 | 64.4,52,14 | 8.7,29.94 | 1014,1.9 | 0.07
2016-11-06,30.0,18.0,53.0,15.0,29.91,1.4,30 | 86.0,18 | 64.4,53,15 | 9.32,29.91 | 1013,1.4 | 0.06
2016-11-07,29.0,19.0,59.0,16.0,29.94,2.1,29 | 84.2,19 | 66.2,59,16 | 9.94,29.94 | 1014,2.1 | 0.08
2016-11-08,30.0,19.0,57.0,13.0,29.94,5.8,30 | 86.0,19 | 66.2,57,13 | 8.08,29.94 | 1014,5.8 | 0.23
2016-11-09,30.0,18.0,52.0,9.0,29.94,1.1,30 | 86.0,18 | 64.4,52,9 | 5.59,29.94 | 1014,1.1 | 0.04
2016-11-10,30.0,13.0,41.0,13.0,29.88,0.4,30 | 86.0,13 | 55.4,41,13 | 8.08,29.88 | 1012,0.4 | 0.02
2016-11-11,30.0,10.0,31.0,11.0,29.85,0.0,30 | 86.0,10 | 50.0,31,11 | 6.84,29.85 | 1011,0.0 | 0.0
2016-11-12,31.0,12.0,37.0,14.0,29.85,0.6,31 | 87.8,12 | 53.6,37,14 | 8.7,29.85 | 1011,0.6 | 0.02
2016-11-13,30.0,15.0,43.0,14.0,29.88,0.6,30 | 86.0,15 | 59.0,43,14 | 8.7,29.88 | 1012,0.6 | 0.02
2016-11-14,30.0,17.0,47.0,17.0,29.91,0.5,30 | 86.0,17 | 62.6,47,17 | 10.56,29.91 | 1013,0.5 | 0.02
2016-11-15,30.0,18.0,53.0,14.0,29.85,1.4,30 | 86.0,18 | 64.4,53,14 | 8.7,29.85 | 1011,1.4 | 0.06
2016-11-16,29.0,19.0,59.0,15.0,29.85,11.4,29 | 84.2,19 | 66.2,59,15 | 9.32,29.85 | 1011,11.4 | 0.45
2016-11-17,29.0,20.0,60.0,15.0,29.85,12.2,29 | 84.2,20 | 68.0,60,15 | 9.32,29.85 | 1011,12.2 | 0.48
2016-11-18,29.0,20.0,61.0,14.0,29.85,12.4,29 | 84.2,20 | 68.0,61,14 | 8.7,29.85 | 1011,12.4 | 0.49
2016-11-19,29.0,20.0,60.0,12.0,29.88,2.0,29 | 84.2,20 | 68.0,60,12 | 7.46,29.88 | 1012,2.0 | 0.08
2016-11-20,29.0,20.0,59.0,10.0,29.85,11.0,29 | 84.2,20 | 68.0,59,10 | 6.21,29.85 | 1011,11.0 | 0.43
2016-11-21,30.0,20.0,61.0,14.0,29.85,3.8,30 | 86.0,20 | 68.0,61,14 | 8.7,29.85 | 1011,3.8 | 0.15
2016-11-22,29.0,20.0,65.0,12.0,29.88,15.5,29 | 84.2,20 | 68.0,65,12 | 7.46,29.88 | 1012,15.5 | 0.61
2016-11-23,30.0,20.0,61.0,9.0,29.85,1.6,30 | 86.0,20 | 68.0,61,9 | 5.59,29.85 | 1011,1.6 | 0.06
2016-11-24,30.0,20.0,57.0,14.0,29.85,5.2,30 | 86.0,20 | 68.0,57,14 | 8.7,29.85 | 1011,5.2 | 0.2
2016-11-25,30.0,20.0,58.0,14.0,29.85,8.6,30 | 86.0,20 | 68.0,58,14 | 8.7,29.85 | 1011,8.6 | 0.34
2016-11-26,30.0,19.0,56.0,12.0,29.83,0.9,30 | 86.0,19 | 66.2,56,12 | 7.46,29.83 | 1010,0.9 | 0.04
2016-11-27,30.0,20.0,60.0,14.0,29.85,14.1,30 | 86.0,20 | 68.0,60,14 | 8.7,29.85 | 1011,14.1 | 0.56
2016-11-28,29.0,21.0,64.0,13.0,29.85,14.4,29 | 84.2,21 | 69.8,64,13 | 8.08,29.85 | 1011,14.4 | 0.57
2016-11-29,29.0,19.0,58.0,12.0,29.88,0.7,29 | 84.2,19 | 66.2,58,12 | 7.46,29.88 | 1012,0.7 | 0.03
2016-11-30,29.0,18.0,53.0,12.0,29.91,0.0,29 | 84.2,18 | 64.4,53,12 | 7.46,29.91 | 1013,0.0 | 0.0
2016-12-01,29.0,19.0,58.0,13.0,29.91,5.4,29 | 84.2,19 | 66.2,58,13 | 8.08,29.91 | 1013,5.4 | 0.21
2016-12-02,29.0,20.0,61.0,11.0,29.91,8.1,29 | 84.2,20 | 68.0,61,11 | 6.84,29.91 | 1013,8.1 | 0.32
2016-12-03,29.0,19.0,59.0,11.0,29.91,0.2,29 | 84.2,19 | 66.2,59,11 | 6.84,29.91 | 1013,0.2 | 0.01
2016-12-04,29.0,13.0,40.0,12.0,29.91,0.0,29 | 84.2,13 | 55.4,40,12 | 7.46,29.91 | 1013,0.0 | 0.0
2016-12-05,29.0,12.0,37.0,12.0,29.91,0.0,29 | 84.2,12 | 53.6,37,12 | 7.46,29.91 | 1013,0.0 | 0.0
2016-12-06,29.0,13.0,39.0,10.0,29.88,0.0,29 | 84.2,13 | 55.4,39,10 | 6.21,29.88 | 1012,0.0 | 0.0
2016-12-07,29.0,13.0,40.0,10.0,29.88,0.0,29 | 84.2,13 | 55.4,40,10 | 6.21,29.88 | 1012,0.0 | 0.0
2016-12-08,30.0,15.0,45.0,10.0,29.91,0.0,30 | 86.0,15 | 59.0,45,10 | 6.21,29.91 | 1013,0.0 | 0.0
2016-12-09,30.0,17.0,48.0,10.0,29.88,0.2,30 | 86.0,17 | 62.6,48,10 | 6.21,29.88 | 1012,0.2 | 0.01
2016-12-10,30.0,18.0,51.0,11.0,29.88,1.8,30 | 86.0,18 | 64.4,51,11 | 6.84,29.88 | 1012,1.8 | 0.07
2016-12-11,30.0,19.0,53.0,13.0,29.88,2.2,30 | 86.0,19 | 66.2,53,13 | 8.08,29.88 | 1012,2.2 | 0.09
2016-12-12,30.0,17.0,51.0,14.0,29.88,1.8,30 | 86.0,17 | 62.6,51,14 | 8.7,29.88 | 1012,1.8 | 0.07
2016-12-13,30.0,14.0,42.0,12.0,29.88,0.0,30 | 86.0,14 | 57.2,42,12 | 7.46,29.88 | 1012,0.0 | 0.0
2016-12-14,29.0,14.0,44.0,11.0,29.88,0.0,29 | 84.2,14 | 57.2,44,11 | 6.84,29.88 | 1012,0.0 | 0.0
2016-12-15,30.0,13.0,39.0,9.0,29.88,0.0,30 | 86.0,13 | 55.4,39,9 | 5.59,29.88 | 1012,0.0 | 0.0
2016-12-16,30.0,13.0,40.0,11.0,29.88,0.0,30 | 86.0,13 | 55.4,40,11 | 6.84,29.88 | 1012,0.0 | 0.0
2016-12-17,30.0,12.0,36.0,14.0,29.88,0.0,30 | 86.0,12 | 53.6,36,14 | 8.7,29.88 | 1012,0.0 | 0.0
2016-12-18,30.0,5.0,24.0,16.0,29.88,0.0,30 | 86.0,5 | 41.0,24,16 | 9.94,29.88 | 1012,0.0 | 0.0
2016-12-19,31.0,9.0,29.0,14.0,29.88,0.0,31 | 87.8,9 | 48.2,29,14 | 8.7,29.88 | 1012,0.0 | 0.0
2016-12-20,31.0,15.0,41.0,14.0,29.85,0.8,31 | 87.8,15 | 59.0,41,14 | 8.7,29.85 | 1011,0.8 | 0.03
2016-12-21,31.0,16.0,43.0,15.0,29.85,0.2,31 | 87.8,16 | 60.8,43,15 | 9.32,29.85 | 1011,0.2 | 0.01
2016-12-22,31.0,15.0,40.0,16.0,29.88,0.0,31 | 87.8,15 | 59.0,40,16 | 9.94,29.88 | 1012,0.0 | 0.0
2016-12-23,31.0,13.0,36.0,15.0,29.88,0.0,31 | 87.8,13 | 55.4,36,15 | 9.32,29.88 | 1012,0.0 | 0.0
2016-12-24,31.0,14.0,39.0,13.0,29.83,0.2,31 | 87.8,14 | 57.2,39,13 | 8.08,29.83 | 1010,0.2 | 0.01
2016-12-25,32.0,10.0,33.0,16.0,29.85,0.4,32 | 89.6,10 | 50.0,33,16 | 9.94,29.85 | 1011,0.4 | 0.02
2016-12-26,31.0,6.0,24.0,15.0,29.85,0.0,31 | 87.8,6 | 42.8,24,15 | 9.32,29.85 | 1011,0.0 | 0.0
2016-12-27,31.0,6.0,23.0,12.0,29.85,0.0,31 | 87.8,6 | 42.8,23,12 | 7.46,29.85 | 1011,0.0 | 0.0
2016-12-28,31.0,11.0,32.0,10.0,29.83,0.0,31 | 87.8,11 | 51.8,32,10 | 6.21,29.83 | 1010,0.0 | 0.0
2016-12-29,31.0,14.0,40.0,10.0,29.85,0.0,31 | 87.8,14 | 57.2,40,10 | 6.21,29.85 | 1011,0.0 | 0.0
2016-12-30,31.0,13.0,37.0,15.0,29.88,0.0,31 | 87.8,13 | 55.4,37,15 | 9.32,29.88 | 1012,0.0 | 0.0
2016-12-31,31.0,9.0,30.0,15.0,29.88,0.0,31 | 87.8,9 | 48.2,30,15 | 9.32,29.88 | 1012,0.0 | 0.0
2017-01-01,31.0,6.0,24.0,15.0,29.88,0.0,31 | 87.8,6 | 42.8,24,15 | 9.32,29.88 | 1012,0.0 | 0.0
2017-01-02,31.0,7.0,24.0,16.0,29.88,0.0,31 | 87.8,7 | 44.6,24,16 | 9.94,29.88 | 1012,0.0 | 0.0
2017-01-03,30.0,5.0,22.0,15.0,29.91,0.0,30 | 86.0,5 | 41.0,22,15 | 9.32,29.91 | 1013,0.0 | 0.0
2017-01-04,30.0,6.0,25.0,13.0,29.88,0.0,30 | 86.0,6 | 42.8,25,13 | 8.08,29.88 | 1012,0.0 | 0.0
2017-01-05,31.0,6.0,23.0,14.0,29.85,0.0,31 | 87.8,6 | 42.8,23,14 | 8.7,29.85 | 1011,0.0 | 0.0
2017-01-06,30.0,5.0,23.0,16.0,29.88,0.0,30 | 86.0,5 | 41.0,23,16 | 9.94,29.88 | 1012,0.0 | 0.0
2017-01-07,30.0,3.0,21.0,15.0,29.85,0.0,30 | 86.0,3 | 37.4,21,15 | 9.32,29.85 | 1011,0.0 | 0.0
2017-01-08,30.0,3.0,20.0,15.0,29.85,0.0,30 | 86.0,3 | 37.4,20,15 | 9.32,29.85 | 1011,0.0 | 0.0
2017-01-09,30.0,4.0,22.0,16.0,29.83,0.0,30 | 86.0,4 | 39.2,22,16 | 9.94,29.83 | 1010,0.0 | 0.0
2017-01-10,29.0,7.0,27.0,17.0,29.85,0.0,29 | 84.2,7 | 44.6,27,17 | 10.56,29.85 | 1011,0.0 | 0.0
2017-01-11,30.0,8.0,28.0,19.0,29.88,0.0,30 | 86.0,8 | 46.4,28,19 | 11.81,29.88 | 1012,0.0 | 0.0
2017-01-12,30.0,7.0,28.0,18.0,29.91,0.0,30 | 86.0,7 | 44.6,28,18 | 11.18,29.91 | 1013,0.0 | 0.0
2017-01-13,30.0,6.0,25.0,14.0,29.85,0.0,30 | 86.0,6 | 42.8,25,14 | 8.7,29.85 | 1011,0.0 | 0.0
2017-01-14,30.0,5.0,23.0,12.0,29.83,0.0,30 | 86.0,5 | 41.0,23,12 | 7.46,29.83 | 1010,0.0 | 0.0
2017-01-15,31.0,3.0,20.0,17.0,29.85,0.0,31 | 87.8,3 | 37.4,20,17 | 10.56,29.85 | 1011,0.0 | 0.0
2017-01-16,30.0,6.0,25.0,16.0,29.88,0.0,30 | 86.0,6 | 42.8,25,16 | 9.94,29.88 | 1012,0.0 | 0.0
2017-01-17,30.0,9.0,30.0,15.0,29.88,0.0,30 | 86.0,9 | 48.2,30,15 | 9.32,29.88 | 1012,0.0 | 0.0
2017-01-18,31.0,9.0,30.0,16.0,29.88,0.0,31 | 87.8,9 | 48.2,30,16 | 9.94,29.88 | 1012,0.0 | 0.0
2017-01-19,30.0,6.0,25.0,16.0,29.88,0.0,30 | 86.0,6 | 42.8,25,16 | 9.94,29.88 | 1012,0.0 | 0.0
2017-01-20,30.0,8.0,27.0,18.0,29.88,0.0,30 | 86.0,8 | 46.4,27,18 | 11.18,29.88 | 1012,0.0 | 0.0
2017-01-21,30.0,8.0,28.0,16.0,29.88,0.0,30 | 86.0,8 | 46.4,28,16 | 9.94,29.88 | 1012,0.0 | 0.0
2017-01-22,31.0,8.0,27.0,16.0,29.88,0.0,31 | 87.8,8 | 46.4,27,16 | 9.94,29.88 | 1012,0.0 | 0.0
2017-01-23,31.0,11.0,35.0,15.0,29.88,0.0,31 | 87.8,11 | 51.8,35,15 | 9.32,29.88 | 1012,0.0 | 0.0
2017-01-24,31.0,10.0,31.0,14.0,29.85,0.0,31 | 87.8,10 | 50.0,31,14 | 8.7,29.85 | 1011,0.0 | 0.0
2017-01-25,31.0,11.0,35.0,16.0,29.88,0.0,31 | 87.8,11 | 51.8,35,16 | 9.94,29.88 | 1012,0.0 | 0.0
2017-01-26,31.0,10.0,30.0,18.0,29.91,0.0,31 | 87.8,10 | 50.0,30,18 | 11.18,29.91 | 1013,0.0 | 0.0
2017-01-27,32.0,10.0,29.0,14.0,29.88,0.0,32 | 89.6,10 | 50.0,29,14 | 8.7,29.88 | 1012,0.0 | 0.0
2017-01-28,32.0,15.0,39.0,13.0,29.85,0.0,32 | 89.6,15 | 59.0,39,13 | 8.08,29.85 | 1011,0.0 | 0.0
2017-01-29,32.0,16.0,43.0,14.0,29.85,0.0,32 | 89.6,16 | 60.8,43,14 | 8.7,29.85 | 1011,0.0 | 0.0
2017-01-30,32.0,16.0,42.0,13.0,29.85,0.0,32 | 89.6,16 | 60.8,42,13 | 8.08,29.85 | 1011,0.0 | 0.0
2017-01-31,32.0,13.0,35.0,14.0,29.83,0.0,32 | 89.6,13 | 55.4,35,14 | 8.7,29.83 | 1010,0.0 | 0.0
2017-02-01,31.0,12.0,35.0,16.0,29.83,0.0,31 | 87.8,12 | 53.6,35,16 | 9.94,29.83 | 1010,0.0 | 0.0
2017-02-02,32.0,10.0,29.0,16.0,29.85,0.0,32 | 89.6,10 | 50.0,29,16 | 9.94,29.85 | 1011,0.0 | 0.0
2017-02-03,33.0,14.0,36.0,16.0,29.85,0.0,33 | 91.4,14 | 57.2,36,16 | 9.94,29.85 | 1011,0.0 | 0.0
2017-02-04,32.0,16.0,40.0,17.0,29.85,0.8,32 | 89.6,16 | 60.8,40,17 | 10.56,29.85 | 1011,0.8 | 0.03
2017-02-05,32.0,16.0,42.0,14.0,29.88,8.0,32 | 89.6,16 | 60.8,42,14 | 8.7,29.88 | 1012,8.0 | 0.31
2017-02-06,32.0,14.0,37.0,15.0,29.85,0.0,32 | 89.6,14 | 57.2,37,15 | 9.32,29.85 | 1011,0.0 | 0.0
2017-02-07,32.0,12.0,34.0,15.0,29.83,0.0,32 | 89.6,12 | 53.6,34,15 | 9.32,29.83 | 1010,0.0 | 0.0
2017-02-08,32.0,11.0,31.0,17.0,29.85,0.0,32 | 89.6,11 | 51.8,31,17 | 10.56,29.85 | 1011,0.0 | 0.0
2017-02-09,31.0,8.0,28.0,18.0,29.85,0.0,31 | 87.8,8 | 46.4,28,18 | 11.18,29.85 | 1011,0.0 | 0.0
2017-02-10,32.0,8.0,27.0,16.0,29.83,0.0,32 | 89.6,8 | 46.4,27,16 | 9.94,29.83 | 1010,0.0 | 0.0
2017-02-11,32.0,15.0,39.0,12.0,29.8,0.0,32 | 89.6,15 | 59.0,39,12 | 7.46,29.8 | 1009,0.0 | 0.0
2017-02-12,32.0,16.0,42.0,16.0,29.83,0.0,32 | 89.6,16 | 60.8,42,16 | 9.94,29.83 | 1010,0.0 | 0.0
2017-02-13,32.0,17.0,44.0,14.0,29.83,0.0,32 | 89.6,17 | 62.6,44,14 | 8.7,29.83 | 1010,0.0 | 0.0
2017-02-14,32.0,17.0,44.0,15.0,29.85,0.2,32 | 89.6,17 | 62.6,44,15 | 9.32,29.85 | 1011,0.2 | 0.01
2017-02-15,32.0,17.0,41.0,16.0,29.88,0.4,32 | 89.6,17 | 62.6,41,16 | 9.94,29.88 | 1012,0.4 | 0.02
2017-02-16,32.0,16.0,42.0,16.0,29.85,0.0,32 | 89.6,16 | 60.8,42,16 | 9.94,29.85 | 1011,0.0 | 0.0
2017-02-17,32.0,16.0,44.0,13.0,29.85,0.8,32 | 89.6,16 | 60.8,44,13 | 8.08,29.85 | 1011,0.8 | 0.03
2017-02-18,32.0,17.0,45.0,15.0,29.88,0.6,32 | 89.6,17 | 62.6,45,15 | 9.32,29.88 | 1012,0.6 | 0.02
2017-02-19,33.0,16.0,40.0,17.0,29.88,0.2,33 | 91.4,16 | 60.8,40,17 | 10.56,29.88 | 1012,0.2 | 0.01
2017-02-20,33.0,8.0,24.0,23.0,29.85,0.0,33 | 91.4,8 | 46.4,24,23 | 14.29,29.85 | 1011,0.0 | 0.0
2017-02-21,32.0,7.0,25.0,17.0,29.83,0.0,32 | 89.6,7 | 44.6,25,17 | 10.56,29.83 | 1010,0.0 | 0.0
2017-02-22,32.0,11.0,30.0,9.0,29.85,0.0,32 | 89.6,11 | 51.8,30,9 | 5.59,29.85 | 1011,0.0 | 0.0
2017-02-23,32.0,15.0,37.0,12.0,29.83,0.0,32 | 89.6,15 | 59.0,37,12 | 7.46,29.83 | 1010,0.0 | 0.0
2017-02-24,33.0,15.0,39.0,13.0,29.83,0.0,33 | 91.4,15 | 59.0,39,13 | 8.08,29.83 | 1010,0.0 | 0.0
2017-02-25,32.0,16.0,40.0,16.0,29.85,0.5,32 | 89.6,16 | 60.8,40,16 | 9.94,29.85 | 1011,0.5 | 0.02
2017-02-26,32.0,15.0,38.0,15.0,29.8,0.0,32 | 89.6,15 | 59.0,38,15 | 9.32,29.8 | 1009,0.0 | 0.0
2017-02-27,33.0,13.0,34.0,16.0,29.77,0.0,33 | 91.4,13 | 55.4,34,16 | 9.94,29.77 | 1008,0.0 | 0.0
2017-02-28,33.0,10.0,30.0,19.0,29.8,0.0,33 | 91.4,10 | 50.0,30,19 | 11.81,29.8 | 1009,0.0 | 0.0
2017-03-01,33.0,8.0,26.0,17.0,29.85,0.0,33 | 91.4,8 | 46.4,26,17 | 10.56,29.85 | 1011,0.0 | 0.0
2017-03-02,32.0,9.0,27.0,12.0,29.83,0.0,32 | 89.6,9 | 48.2,27,12 | 7.46,29.83 | 1010,0.0 | 0.0
2017-03-03,32.0,13.0,38.0,11.0,29.8,0.0,32 | 89.6,13 | 55.4,38,11 | 6.84,29.8 | 1009,0.0 | 0.0
2017-03-04,33.0,11.0,32.0,12.0,29.77,0.0,33 | 91.4,11 | 51.8,32,12 | 7.46,29.77 | 1008,0.0 | 0.0
2017-03-05,33.0,11.0,33.0,12.0,29.77,0.0,33 | 91.4,11 | 51.8,33,12 | 7.46,29.77 | 1008,0.0 | 0.0
2017-03-06,33.0,11.0,33.0,14.0,29.77,0.0,33 | 91.4,11 | 51.8,33,14 | 8.7,29.77 | 1008,0.0 | 0.0
2017-03-07,33.0,9.0,31.0,16.0,29.74,0.0,33 | 91.4,9 | 48.2,31,16 | 9.94,29.74 | 1007,0.0 | 0.0
2017-03-08,34.0,9.0,26.0,18.0,29.74,0.0,34 | 93.2,9 | 48.2,26,18 | 11.18,29.74 | 1007,0.0 | 0.0
2017-03-09,34.0,7.0,22.0,18.0,29.74,0.0,34 | 93.2,7 | 44.6,22,18 | 11.18,29.74 | 1007,0.0 | 0.0
2017-03-10,33.0,9.0,28.0,16.0,29.77,0.0,33 | 91.4,9 | 48.2,28,16 | 9.94,29.77 | 1008,0.0 | 0.0
2017-03-11,33.0,8.0,27.0,19.0,29.8,0.0,33 | 91.4,8 | 46.4,27,19 | 11.81,29.8 | 1009,0.0 | 0.0
2017-03-12,32.0,11.0,31.0,17.0,29.85,0.0,32 | 89.6,11 | 51.8,31,17 | 10.56,29.85 | 1011,0.0 | 0.0
2017-03-13,33.0,13.0,35.0,14.0,29.83,0.0,33 | 91.4,13 | 55.4,35,14 | 8.7,29.83 | 1010,0.0 | 0.0
2017-03-14,33.0,12.0,32.0,13.0,29.8,0.0,33 | 91.4,12 | 53.6,32,13 | 8.08,29.8 | 1009,0.0 | 0.0
2017-03-15,31.0,15.0,42.0,13.0,29.8,0.0,31 | 87.8,15 | 59.0,42,13 | 8.08,29.8 | 1009,0.0 | 0.0
2017-03-16,32.0,13.0,38.0,13.0,29.77,0.0,32 | 89.6,13 | 55.4,38,13 | 8.08,29.77 | 1008,0.0 | 0.0
2017-03-17,33.0,13.0,36.0,11.0,29.8,0.0,33 | 91.4,13 | 55.4,36,11 | 6.84,29.8 | 1009,0.0 | 0.0
2017-03-18,33.0,14.0,37.0,15.0,29.85,0.0,33 | 91.4,14 | 57.2,37,15 | 9.32,29.85 | 1011,0.0 | 0.0
2017-03-19,33.0,16.0,40.0,14.0,29.85,0.0,33 | 91.4,16 | 60.8,40,14 | 8.7,29.85 | 1011,0.0 | 0.0
2017-03-20,33.0,16.0,39.0,13.0,29.83,0.0,33 | 91.4,16 | 60.8,39,13 | 8.08,29.83 | 1010,0.0 | 0.0
2017-03-21,33.0,17.0,44.0,15.0,29.83,0.0,33 | 91.4,17 | 62.6,44,15 | 9.32,29.83 | 1010,0.0 | 0.0
2017-03-22,33.0,17.0,42.0,15.0,29.8,0.0,33 | 91.4,17 | 62.6,42,15 | 9.32,29.8 | 1009,0.0 | 0.0
2017-03-23,33.0,16.0,39.0,15.0,29.83,0.3,33 | 91.4,16 | 60.8,39,15 | 9.32,29.83 | 1010,0.3 | 0.01
2017-03-24,33.0,16.0,40.0,14.0,29.8,0.0,33 | 91.4,16 | 60.8,40,14 | 8.7,29.8 | 1009,0.0 | 0.0
2017-03-25,32.0,18.0,47.0,15.0,29.83,0.2,32 | 89.6,18 | 64.4,47,15 | 9.32,29.83 | 1010,0.2 | 0.01
2017-03-26,32.0,19.0,48.0,15.0,29.83,3.3,32 | 89.6,19 | 66.2,48,15 | 9.32,29.83 | 1010,3.3 | 0.13
2017-03-27,33.0,18.0,44.0,14.0,29.83,1.4,33 | 91.4,18 | 64.4,44,14 | 8.7,29.83 | 1010,1.4 | 0.06
2017-03-28,33.0,18.0,44.0,18.0,29.85,0.2,33 | 91.4,18 | 64.4,44,18 | 11.18,29.85 | 1011,0.2 | 0.01
2017-03-29,33.0,16.0,42.0,14.0,29.85,12.1,33 | 91.4,16 | 60.8,42,14 | 8.7,29.85 | 1011,12.1 | 0.48
2017-03-30,33.0,13.0,35.0,14.0,29.85,0.0,33 | 91.4,13 | 55.4,35,14 | 8.7,29.85 | 1011,0.0 | 0.0
2017-03-31,32.0,13.0,37.0,12.0,29.88,0.0,32 | 89.6,13 | 55.4,37,12 | 7.46,29.88 | 1012,0.0 | 0.0
2017-04-01,32.0,16.0,43.0,14.0,29.88,0.0,32 | 89.6,16 | 60.8,43,14 | 8.7,29.88 | 1012,0.0 | 0.0
2017-04-02,33.0,14.0,37.0,12.0,29.85,0.0,33 | 91.4,14 | 57.2,37,12 | 7.46,29.85 | 1011,0.0 | 0.0
2017-04-03,33.0,16.0,42.0,14.0,29.85,0.0,33 | 91.4,16 | 60.8,42,14 | 8.7,29.85 | 1011,0.0 | 0.0
2017-04-04,33.0,17.0,43.0,15.0,29.85,0.0,33 | 91.4,17 | 62.6,43,15 | 9.32,29.85 | 1011,0.0 | 0.0
2017-04-05,32.0,20.0,52.0,15.0,29.88,4.8,32 | 89.6,20 | 68.0,52,15 | 9.32,29.88 | 1012,4.8 | 0.19
2017-04-06,31.0,19.0,53.0,13.0,29.83,12.5,31 | 87.8,19 | 66.2,53,13 | 8.08,29.83 | 1010,12.5 | 0.49
2017-04-07,31.0,20.0,54.0,13.0,29.85,3.7,31 | 87.8,20 | 68.0,54,13 | 8.08,29.85 | 1011,3.7 | 0.15
2017-04-08,31.0,19.0,53.0,12.0,29.85,6.6,31 | 87.8,19 | 66.2,53,12 | 7.46,29.85 | 1011,6.6 | 0.26
2017-04-09,31.0,17.0,49.0,14.0,29.85,3.4,31 | 87.8,17 | 62.6,49,14 | 8.7,29.85 | 1011,3.4 | 0.13
2017-04-10,31.0,18.0,48.0,11.0,29.83,0.1,31 | 87.8,18 | 64.4,48,11 | 6.84,29.83 | 1010,0.1 | 0.0
2017-04-11,31.0,18.0,49.0,14.0,29.8,0.3,31 | 87.8,18 | 64.4,49,14 | 8.7,29.8 | 1009,0.3 | 0.01
2017-04-12,32.0,16.0,43.0,12.0,29.83,0.0,32 | 89.6,16 | 60.8,43,12 | 7.46,29.83 | 1010,0.0 | 0.0
2017-04-13,32.0,16.0,43.0,14.0,29.85,0.0,32 | 89.6,16 | 60.8,43,14 | 8.7,29.85 | 1011,0.0 | 0.0
2017-04-14,33.0,16.0,41.0,13.0,29.83,0.0,33 | 91.4,16 | 60.8,41,13 | 8.08,29.83 | 1010,0.0 | 0.0
2017-04-15,33.0,18.0,42.0,16.0,29.8,0.5,33 | 91.4,18 | 64.4,42,16 | 9.94,29.8 | 1009,0.5 | 0.02
2017-04-16,32.0,20.0,53.0,17.0,29.8,7.4,32 | 89.6,20 | 68.0,53,17 | 10.56,29.8 | 1009,7.4 | 0.29
2017-04-17,31.0,20.0,55.0,16.0,29.83,1.0,31 | 87.8,20 | 68.0,55,16 | 9.94,29.83 | 1010,1.0 | 0.04
2017-04-18,31.0,20.0,54.0,14.0,29.85,7.6,31 | 87.8,20 | 68.0,54,14 | 8.7,29.85 | 1011,7.6 | 0.3
2017-04-19,31.0,20.0,56.0,14.0,29.85,8.6,31 | 87.8,20 | 68.0,56,14 | 8.7,29.85 | 1011,8.6 | 0.34
2017-04-20,32.0,19.0,51.0,12.0,29.83,0.3,32 | 89.6,19 | 66.2,51,12 | 7.46,29.83 | 1010,0.3 | 0.01
2017-04-21,32.0,19.0,50.0,14.0,29.85,0.2,32 | 89.6,19 | 66.2,50,14 | 8.7,29.85 | 1011,0.2 | 0.01
2017-04-22,31.0,19.0,53.0,14.0,29.85,1.9,31 | 87.8,19 | 66.2,53,14 | 8.7,29.85 | 1011,1.9 | 0.07
2017-04-23,31.0,19.0,54.0,15.0,29.85,7.8,31 | 87.8,19 | 66.2,54,15 | 9.32,29.85 | 1011,7.8 | 0.31
2017-04-24,31.0,20.0,55.0,15.0,29.85,6.5,31 | 87.8,20 | 68.0,55,15 | 9.32,29.85 | 1011,6.5 | 0.26
2017-04-25,31.0,20.0,54.0,17.0,29.88,1.9,31 | 87.8,20 | 68.0,54,17 | 10.56,29.88 | 1012,1.9 | 0.07
2017-04-26,31.0,20.0,56.0,13.0,29.88,4.9,31 | 87.8,20 | 68.0,56,13 | 8.08,29.88 | 1012,4.9 | 0.19
2017-04-27,31.0,19.0,53.0,15.0,29.88,1.5,31 | 87.8,19 | 66.2,53,15 | 9.32,29.88 | 1012,1.5 | 0.06
2017-04-28,31.0,19.0,53.0,16.0,29.88,2.8,31 | 87.8,19 | 66.2,53,16 | 9.94,29.88 | 1012,2.8 | 0.11
2017-04-29,30.0,20.0,58.0,15.0,29.88,17.3,30 | 86.0,20 | 68.0,58,15 | 9.32,29.88 | 1012,17.3 | 0.68
2017-04-30,30.0,21.0,62.0,18.0,29.88,17.6,30 | 86.0,21 | 69.8,62,18 | 11.18,29.88 | 1012,17.6 | 0.69
2017-05-01,30.0,20.0,58.0,17.0,29.88,6.7,30 | 86.0,20 | 68.0,58,17 | 10.56,29.88 | 1012,6.7 | 0.26
2017-05-02,31.0,20.0,54.0,14.0,29.85,1.0,31 | 87.8,20 | 68.0,54,14 | 8.7,29.85 | 1011,1.0 | 0.04
2017-05-03,30.0,21.0,61.0,14.0,29.85,27.3,30 | 86.0,21 | 69.8,61,14 | 8.7,29.85 | 1011,27.3 | 1.07
2017-05-04,30.0,21.0,63.0,11.0,29.85,10.7,30 | 86.0,21 | 69.8,63,11 | 6.84,29.85 | 1011,10.7 | 0.42
2017-05-05,30.0,21.0,59.0,10.0,29.88,11.8,30 | 86.0,21 | 69.8,59,10 | 6.21,29.88 | 1012,11.8 | 0.46
2017-05-06,31.0,20.0,55.0,11.0,29.88,1.6,31 | 87.8,20 | 68.0,55,11 | 6.84,29.88 | 1012,1.6 | 0.06
2017-05-07,31.0,20.0,54.0,11.0,29.85,1.2,31 | 87.8,20 | 68.0,54,11 | 6.84,29.85 | 1011,1.2 | 0.05
2017-05-08,30.0,20.0,59.0,12.0,29.88,13.1,30 | 86.0,20 | 68.0,59,12 | 7.46,29.88 | 1012,13.1 | 0.52
2017-05-09,31.0,20.0,58.0,14.0,29.88,1.8,31 | 87.8,20 | 68.0,58,14 | 8.7,29.88 | 1012,1.8 | 0.07
2017-05-10,30.0,20.0,60.0,13.0,29.85,4.3,30 | 86.0,20 | 68.0,60,13 | 8.08,29.85 | 1011,4.3 | 0.17
2017-05-11,31.0,20.0,56.0,13.0,29.85,0.1,31 | 87.8,20 | 68.0,56,13 | 8.08,29.85 | 1011,0.1 | 0.0
2017-05-12,31.0,20.0,54.0,17.0,29.85,0.2,31 | 87.8,20 | 68.0,54,17 | 10.56,29.85 | 1011,0.2 | 0.01
2017-05-13,31.0,19.0,56.0,21.0,29.88,0.0,31 | 87.8,19 | 66.2,56,21 | 13.05,29.88 | 1012,0.0 | 0.0
2017-05-14,31.0,18.0,52.0,20.0,29.88,0.0,31 | 87.8,18 | 64.4,52,20 | 12.43,29.88 | 1012,0.0 | 0.0
2017-05-15,31.0,18.0,52.0,17.0,29.88,0.0,31 | 87.8,18 | 64.4,52,17 | 10.56,29.88 | 1012,0.0 | 0.0
2017-05-16,32.0,19.0,51.0,20.0,29.88,0.0,32 | 89.6,19 | 66.2,51,20 | 12.43,29.88 | 1012,0.0 | 0.0
2017-05-17,31.0,19.0,54.0,19.0,29.88,0.3,31 | 87.8,19 | 66.2,54,19 | 11.81,29.88 | 1012,0.3 | 0.01
2017-05-18,31.0,19.0,53.0,21.0,29.88,0.0,31 | 87.8,19 | 66.2,53,21 | 13.05,29.88 | 1012,0.0 | 0.0
2017-05-19,31.0,19.0,54.0,22.0,29.94,0.0,31 | 87.8,19 | 66.2,54,22 | 13.67,29.94 | 1014,0.0 | 0.0
2017-05-20,31.0,19.0,53.0,21.0,29.94,0.1,31 | 87.8,19 | 66.2,53,21 | 13.05,29.94 | 1014,0.1 | 0.0
2017-05-21,31.0,18.0,49.0,23.0,29.91,0.0,31 | 87.8,18 | 64.4,49,23 | 14.29,29.91 | 1013,0.0 | 0.0
2017-05-22,31.0,18.0,52.0,24.0,29.88,0.0,31 | 87.8,18 | 64.4,52,24 | 14.91,29.88 | 1012,0.0 | 0.0
2017-05-23,31.0,17.0,50.0,25.0,29.91,0.0,31 | 87.8,17 | 62.6,50,25 | 15.53,29.91 | 1013,0.0 | 0.0
2017-05-24,31.0,18.0,50.0,20.0,29.91,0.0,31 | 87.8,18 | 64.4,50,20 | 12.43,29.91 | 1013,0.0 | 0.0
2017-05-25,31.0,18.0,51.0,21.0,29.88,0.0,31 | 87.8,18 | 64.4,51,21 | 13.05,29.88 | 1012,0.0 | 0.0
2017-05-26,32.0,17.0,47.0,19.0,29.85,0.0,32 | 89.6,17 | 62.6,47,19 | 11.81,29.85 | 1011,0.0 | 0.0
2017-05-27,32.0,19.0,50.0,20.0,29.85,0.7,32 | 89.6,19 | 66.2,50,20 | 12.43,29.85 | 1011,0.7 | 0.03
2017-05-28,31.0,20.0,56.0,21.0,29.88,5.0,31 | 87.8,20 | 68.0,56,21 | 13.05,29.88 | 1012,5.0 | 0.2
2017-05-29,31.0,20.0,56.0,20.0,29.91,8.6,31 | 87.8,20 | 68.0,56,20 | 12.43,29.91 | 1013,8.6 | 0.34
2017-05-30,31.0,18.0,52.0,21.0,29.94,0.0,31 | 87.8,18 | 64.4,52,21 | 13.05,29.94 | 1014,0.0 | 0.0
2017-05-31,31.0,17.0,48.0,21.0,29.94,0.0,31 | 87.8,17 | 62.6,48,21 | 13.05,29.94 | 1014,0.0 | 0.0
2017-06-01,32.0,17.0,44.0,20.0,29.91,0.1,32 | 89.6,17 | 62.6,44,20 | 12.43,29.91 | 1013,0.1 | 0.0
2017-06-02,32.0,18.0,48.0,23.0,29.91,0.3,32 | 89.6,18 | 64.4,48,23 | 14.29,29.91 | 1013,0.3 | 0.01
2017-06-03,31.0,18.0,50.0,25.0,29.91,0.0,31 | 87.8,18 | 64.4,50,25 | 15.53,29.91 | 1013,0.0 | 0.0
2017-06-04,30.0,18.0,53.0,24.0,29.91,0.2,30 | 86.0,18 | 64.4,53,24 | 14.91,29.91 | 1013,0.2 | 0.01
2017-06-05,30.0,18.0,51.0,22.0,29.91,0.0,30 | 86.0,18 | 64.4,51,22 | 13.67,29.91 | 1013,0.0 | 0.0
2017-06-06,30.0,18.0,51.0,23.0,29.91,0.3,30 | 86.0,18 | 64.4,51,23 | 14.29,29.91 | 1013,0.3 | 0.01
2017-06-07,30.0,17.0,51.0,21.0,29.91,0.0,30 | 86.0,17 | 62.6,51,21 | 13.05,29.91 | 1013,0.0 | 0.0
2017-06-08,30.0,17.0,48.0,20.0,29.88,0.0,30 | 86.0,17 | 62.6,48,20 | 12.43,29.88 | 1012,0.0 | 0.0
2017-06-09,31.0,16.0,47.0,22.0,29.88,0.0,31 | 87.8,16 | 60.8,47,22 | 13.67,29.88 | 1012,0.0 | 0.0
2017-06-10,31.0,16.0,45.0,28.0,29.91,0.0,31 | 87.8,16 | 60.8,45,28 | 17.4,29.91 | 1013,0.0 | 0.0
2017-06-11,30.0,17.0,50.0,25.0,29.91,0.0,30 | 86.0,17 | 62.6,50,25 | 15.53,29.91 | 1013,0.0 | 0.0
2017-06-12,30.0,18.0,51.0,21.0,29.88,0.2,30 | 86.0,18 | 64.4,51,21 | 13.05,29.88 | 1012,0.2 | 0.01
2017-06-13,31.0,18.0,52.0,23.0,29.88,0.2,31 | 87.8,18 | 64.4,52,23 | 14.29,29.88 | 1012,0.2 | 0.01
2017-06-14,29.0,19.0,59.0,21.0,29.91,1.4,29 | 84.2,19 | 66.2,59,21 | 13.05,29.91 | 1013,1.4 | 0.06
2017-06-15,30.0,19.0,58.0,18.0,29.91,2.2,30 | 86.0,19 | 66.2,58,18 | 11.18,29.91 | 1013,2.2 | 0.09
2017-06-16,30.0,19.0,55.0,23.0,29.91,0.0,30 | 86.0,19 | 66.2,55,23 | 14.29,29.91 | 1013,0.0 | 0.0
2017-06-17,30.0,18.0,54.0,23.0,29.88,0.2,30 | 86.0,18 | 64.4,54,23 | 14.29,29.88 | 1012,0.2 | 0.01
2017-06-18,30.0,17.0,49.0,25.0,29.88,0.0,30 | 86.0,17 | 62.6,49,25 | 15.53,29.88 | 1012,0.0 | 0.0
2017-06-19,29.0,17.0,52.0,22.0,29.91,0.1,29 | 84.2,17 | 62.6,52,22 | 13.67,29.91 | 1013,0.1 | 0.0
2017-06-20,30.0,17.0,53.0,21.0,29.94,0.0,30 | 86.0,17 | 62.6,53,21 | 13.05,29.94 | 1014,0.0 | 0.0
2017-06-21,30.0,17.0,50.0,24.0,29.91,0.0,30 | 86.0,17 | 62.6,50,24 | 14.91,29.91 | 1013,0.0 | 0.0
2017-06-22,30.0,16.0,47.0,23.0,29.91,0.0,30 | 86.0,16 | 60.8,47,23 | 14.29,29.91 | 1013,0.0 | 0.0
2017-06-23,30.0,17.0,50.0,24.0,29.94,0.0,30 | 86.0,17 | 62.6,50,24 | 14.91,29.94 | 1014,0.0 | 0.0
2017-06-24,29.0,18.0,54.0,23.0,29.94,0.2,29 | 84.2,18 | 64.4,54,23 | 14.29,29.94 | 1014,0.2 | 0.01
2017-06-25,30.0,16.0,49.0,19.0,29.91,0.0,30 | 86.0,16 | 60.8,49,19 | 11.81,29.91 | 1013,0.0 | 0.0
2017-06-26,29.0,18.0,53.0,26.0,29.91,0.1,29 | 84.2,18 | 64.4,53,26 | 16.16,29.91 | 1013,0.1 | 0.0
2017-06-27,28.0,17.0,54.0,22.0,29.94,0.2,28 | 82.4,17 | 62.6,54,22 | 13.67,29.94 | 1014,0.2 | 0.01
2017-06-28,29.0,17.0,53.0,23.0,29.94,0.1,29 | 84.2,17 | 62.6,53,23 | 14.29,29.94 | 1014,0.1 | 0.0
2017-06-29,30.0,17.0,51.0,25.0,29.94,0.0,30 | 86.0,17 | 62.6,51,25 | 15.53,29.94 | 1014,0.0 | 0.0
2017-06-30,29.0,17.0,51.0,27.0,29.94,0.2,29 | 84.2,17 | 62.6,51,27 | 16.78,29.94 | 1014,0.2 | 0.01
2017-07-01,30.0,15.0,45.0,28.0,29.91,0.0,30 | 86.0,15 | 59.0,45,28 | 17.4,29.91 | 1013,0.0 | 0.0
2017-07-02,29.0,15.0,46.0,27.0,29.91,0.0,29 | 84.2,15 | 59.0,46,27 | 16.78,29.91 | 1013,0.0 | 0.0
2017-07-03,29.0,16.0,48.0,27.0,29.91,0.0,29 | 84.2,16 | 60.8,48,27 | 16.78,29.91 | 1013,0.0 | 0.0
2017-07-04,29.0,15.0,46.0,25.0,29.94,0.0,29 | 84.2,15 | 59.0,46,25 | 15.53,29.94 | 1014,0.0 | 0.0
2017-07-05,30.0,15.0,46.0,27.0,29.94,0.0,30 | 86.0,15 | 59.0,46,27 | 16.78,29.94 | 1014,0.0 | 0.0
2017-07-06,30.0,15.0,44.0,27.0,29.97,0.0,30 | 86.0,15 | 59.0,44,27 | 16.78,29.97 | 1015,0.0 | 0.0
2017-07-07,30.0,16.0,48.0,27.0,29.97,0.0,30 | 86.0,16 | 60.8,48,27 | 16.78,29.97 | 1015,0.0 | 0.0
2017-07-08,29.0,16.0,50.0,26.0,29.97,0.0,29 | 84.2,16 | 60.8,50,26 | 16.16,29.97 | 1015,0.0 | 0.0
2017-07-09,29.0,15.0,46.0,24.0,29.94,0.0,29 | 84.2,15 | 59.0,46,24 | 14.91,29.94 | 1014,0.0 | 0.0
2017-07-10,29.0,15.0,47.0,27.0,29.91,0.0,29 | 84.2,15 | 59.0,47,27 | 16.78,29.91 | 1013,0.0 | 0.0
2017-07-11,28.0,16.0,51.0,24.0,29.94,0.1,28 | 82.4,16 | 60.8,51,24 | 14.91,29.94 | 1014,0.1 | 0.0
2017-07-12,30.0,16.0,47.0,24.0,29.94,0.0,30 | 86.0,16 | 60.8,47,24 | 14.91,29.94 | 1014,0.0 | 0.0
2017-07-13,30.0,15.0,44.0,29.0,29.94,0.0,30 | 86.0,15 | 59.0,44,29 | 18.02,29.94 | 1014,0.0 | 0.0
2017-07-14,30.0,15.0,43.0,26.0,29.91,0.0,30 | 86.0,15 | 59.0,43,26 | 16.16,29.91 | 1013,0.0 | 0.0
2017-07-15,30.0,15.0,43.0,27.0,29.91,0.0,30 | 86.0,15 | 59.0,43,27 | 16.78,29.91 | 1013,0.0 | 0.0
2017-07-16,30.0,16.0,48.0,25.0,29.91,0.0,30 | 86.0,16 | 60.8,48,25 | 15.53,29.91 | 1013,0.0 | 0.0
2017-07-17,29.0,18.0,53.0,23.0,29.94,0.3,29 | 84.2,18 | 64.4,53,23 | 14.29,29.94 | 1014,0.3 | 0.01
2017-07-18,31.0,18.0,51.0,24.0,29.97,0.0,31 | 87.8,18 | 64.4,51,24 | 14.91,29.97 | 1015,0.0 | 0.0
2017-07-19,30.0,18.0,52.0,27.0,29.97,0.2,30 | 86.0,18 | 64.4,52,27 | 16.78,29.97 | 1015,0.2 | 0.01
2017-07-20,29.0,17.0,52.0,30.0,29.94,0.0,29 | 84.2,17 | 62.6,52,30 | 18.64,29.94 | 1014,0.0 | 0.0
2017-07-21,29.0,16.0,48.0,28.0,29.91,0.0,29 | 84.2,16 | 60.8,48,28 | 17.4,29.91 | 1013,0.0 | 0.0
2017-07-22,29.0,15.0,45.0,28.0,29.91,0.0,29 | 84.2,15 | 59.0,45,28 | 17.4,29.91 | 1013,0.0 | 0.0
2017-07-23,29.0,16.0,48.0,29.0,29.91,0.0,29 | 84.2,16 | 60.8,48,29 | 18.02,29.91 | 1013,0.0 | 0.0
2017-07-24,30.0,16.0,47.0,30.0,29.91,0.0,30 | 86.0,16 | 60.8,47,30 | 18.64,29.91 | 1013,0.0 | 0.0
2017-07-25,31.0,15.0,42.0,31.0,29.91,0.0,31 | 87.8,15 | 59.0,42,31 | 19.26,29.91 | 1013,0.0 | 0.0
2017-07-26,31.0,15.0,40.0,32.0,29.88,0.0,31 | 87.8,15 | 59.0,40,32 | 19.88,29.88 | 1012,0.0 | 0.0
2017-07-27,29.0,16.0,45.0,29.0,29.94,0.0,29 | 84.2,16 | 60.8,45,29 | 18.02,29.94 | 1014,0.0 | 0.0
2017-07-28,31.0,15.0,41.0,28.0,29.94,0.0,31 | 87.8,15 | 59.0,41,28 | 17.4,29.94 | 1014,0.0 | 0.0
2017-07-29,31.0,14.0,39.0,29.0,29.91,0.0,31 | 87.8,14 | 57.2,39,29 | 18.02,29.91 | 1013,0.0 | 0.0
2017-07-30,31.0,15.0,42.0,31.0,29.91,0.0,31 | 87.8,15 | 59.0,42,31 | 19.26,29.91 | 1013,0.0 | 0.0
2017-07-31,29.0,17.0,49.0,27.0,29.94,0.0,29 | 84.2,17 | 62.6,49,27 | 16.78,29.94 | 1014,0.0 | 0.0
2017-08-01,30.0,16.0,47.0,24.0,30.0,0.0,30 | 86.0,16 | 60.8,47,24 | 14.91,30.0 | 1016,0.0 | 0.0
2017-08-02,30.0,16.0,46.0,27.0,30.0,0.0,30 | 86.0,16 | 60.8,46,27 | 16.78,30.0 | 1016,0.0 | 0.0
2017-08-03,30.0,16.0,46.0,29.0,30.0,0.0,30 | 86.0,16 | 60.8,46,29 | 18.02,30.0 | 1016,0.0 | 0.0
2017-08-04,30.0,16.0,46.0,29.0,29.94,0.0,30 | 86.0,16 | 60.8,46,29 | 18.02,29.94 | 1014,0.0 | 0.0
2017-08-05,30.0,16.0,45.0,26.0,29.91,0.0,30 | 86.0,16 | 60.8,45,26 | 16.16,29.91 | 1013,0.0 | 0.0
2017-08-06,29.0,16.0,47.0,29.0,29.91,0.0,29 | 84.2,16 | 60.8,47,29 | 18.02,29.91 | 1013,0.0 | 0.0
2017-08-07,30.0,15.0,42.0,29.0,29.91,0.0,30 | 86.0,15 | 59.0,42,29 | 18.02,29.91 | 1013,0.0 | 0.0
2017-08-08,31.0,14.0,39.0,33.0,29.91,0.0,31 | 87.8,14 | 57.2,39,33 | 20.51,29.91 | 1013,0.0 | 0.0
2017-08-09,29.0,15.0,45.0,30.0,29.94,0.0,29 | 84.2,15 | 59.0,45,30 | 18.64,29.94 | 1014,0.0 | 0.0
2017-08-10,30.0,14.0,41.0,30.0,29.91,0.0,30 | 86.0,14 | 57.2,41,30 | 18.64,29.91 | 1013,0.0 | 0.0
2017-08-11,28.0,15.0,46.0,30.0,29.94,0.0,28 | 82.4,15 | 59.0,46,30 | 18.64,29.94 | 1014,0.0 | 0.0
2017-08-12,30.0,15.0,45.0,27.0,29.94,0.0,30 | 86.0,15 | 59.0,45,27 | 16.78,29.94 | 1014,0.0 | 0.0
2017-08-13,30.0,16.0,45.0,32.0,29.91,0.0,30 | 86.0,16 | 60.8,45,32 | 19.88,29.91 | 1013,0.0 | 0.0
2017-08-14,29.0,18.0,52.0,27.0,29.94,0.4,29 | 84.2,18 | 64.4,52,27 | 16.78,29.94 | 1014,0.4 | 0.02
2017-08-15,29.0,17.0,52.0,28.0,29.94,0.7,29 | 84.2,17 | 62.6,52,28 | 17.4,29.94 | 1014,0.7 | 0.03
2017-08-16,30.0,15.0,43.0,23.0,29.91,0.0,30 | 86.0,15 | 59.0,43,23 | 14.29,29.91 | 1013,0.0 | 0.0
2017-08-17,31.0,15.0,40.0,22.0,29.85,0.0,31 | 87.8,15 | 59.0,40,22 | 13.67,29.85 | 1011,0.0 | 0.0
2017-08-18,32.0,15.0,40.0,26.0,29.85,0.0,32 | 89.6,15 | 59.0,40,26 | 16.16,29.85 | 1011,0.0 | 0.0
2017-08-19,31.0,17.0,49.0,29.0,29.91,0.0,31 | 87.8,17 | 62.6,49,29 | 18.02,29.91 | 1013,0.0 | 0.0
2017-08-20,30.0,17.0,48.0,28.0,29.91,0.0,30 | 86.0,17 | 62.6,48,28 | 17.4,29.91 | 1013,0.0 | 0.0
2017-08-21,29.0,17.0,51.0,26.0,29.91,0.0,29 | 84.2,17 | 62.6,51,26 | 16.16,29.91 | 1013,0.0 | 0.0
2017-08-22,31.0,15.0,44.0,25.0,29.85,0.0,31 | 87.8,15 | 59.0,44,25 | 15.53,29.85 | 1011,0.0 | 0.0
2017-08-23,31.0,16.0,42.0,30.0,29.83,0.0,31 | 87.8,16 | 60.8,42,30 | 18.64,29.83 | 1010,0.0 | 0.0
2017-08-24,31.0,16.0,45.0,29.0,29.83,0.0,31 | 87.8,16 | 60.8,45,29 | 18.02,29.83 | 1010,0.0 | 0.0
2017-08-25,30.0,17.0,49.0,25.0,29.85,0.0,30 | 86.0,17 | 62.6,49,25 | 15.53,29.85 | 1011,0.0 | 0.0
2017-08-26,32.0,13.0,39.0,26.0,29.85,0.0,32 | 89.6,13 | 55.4,39,26 | 16.16,29.85 | 1011,0.0 | 0.0
2017-08-27,29.0,18.0,51.0,28.0,29.88,0.2,29 | 84.2,18 | 64.4,51,28 | 17.4,29.88 | 1012,0.2 | 0.01
2017-08-28,29.0,17.0,50.0,28.0,29.88,0.1,29 | 84.2,17 | 62.6,50,28 | 17.4,29.88 | 1012,0.1 | 0.0
2017-08-29,31.0,15.0,44.0,30.0,29.85,0.0,31 | 87.8,15 | 59.0,44,30 | 18.64,29.85 | 1011,0.0 | 0.0
2017-08-30,31.0,15.0,42.0,30.0,29.85,0.0,31 | 87.8,15 | 59.0,42,30 | 18.64,29.85 | 1011,0.0 | 0.0
2017-08-31,31.0,15.0,40.0,29.0,29.85,0.0,31 | 87.8,15 | 59.0,40,29 | 18.02,29.85 | 1011,0.0 | 0.0
2017-09-01,32.0,15.0,40.0,31.0,29.88,0.0,32 | 89.6,15 | 59.0,40,31 | 19.26,29.88 | 1012,0.0 | 0.0
2017-09-02,31.0,16.0,45.0,29.0,29.88,0.0,31 | 87.8,16 | 60.8,45,29 | 18.02,29.88 | 1012,0.0 | 0.0
2017-09-03,31.0,16.0,45.0,27.0,29.88,0.0,31 | 87.8,16 | 60.8,45,27 | 16.78,29.88 | 1012,0.0 | 0.0
2017-09-04,30.0,16.0,45.0,30.0,29.94,0.0,30 | 86.0,16 | 60.8,45,30 | 18.64,29.94 | 1014,0.0 | 0.0
2017-09-05,31.0,15.0,41.0,27.0,29.94,0.0,31 | 87.8,15 | 59.0,41,27 | 16.78,29.94 | 1014,0.0 | 0.0
2017-09-06,31.0,14.0,38.0,28.0,29.94,0.0,31 | 87.8,14 | 57.2,38,28 | 17.4,29.94 | 1014,0.0 | 0.0
2017-09-07,31.0,17.0,46.0,29.0,29.91,0.0,31 | 87.8,17 | 62.6,46,29 | 18.02,29.91 | 1013,0.0 | 0.0
2017-09-08,30.0,18.0,50.0,27.0,29.91,0.2,30 | 86.0,18 | 64.4,50,27 | 16.78,29.91 | 1013,0.2 | 0.01
2017-09-09,30.0,16.0,45.0,27.0,29.91,0.0,30 | 86.0,16 | 60.8,45,27 | 16.78,29.91 | 1013,0.0 | 0.0
2017-09-10,30.0,15.0,43.0,27.0,29.88,0.0,30 | 86.0,15 | 59.0,43,27 | 16.78,29.88 | 1012,0.0 | 0.0
2017-09-11,31.0,15.0,41.0,27.0,29.88,0.0,31 | 87.8,15 | 59.0,41,27 | 16.78,29.88 | 1012,0.0 | 0.0
2017-09-12,31.0,14.0,40.0,27.0,29.85,0.0,31 | 87.8,14 | 57.2,40,27 | 16.78,29.85 | 1011,0.0 | 0.0
2017-09-13,31.0,16.0,43.0,27.0,29.88,0.0,31 | 87.8,16 | 60.8,43,27 | 16.78,29.88 | 1012,0.0 | 0.0
2017-09-14,31.0,16.0,43.0,26.0,29.88,0.0,31 | 87.8,16 | 60.8,43,26 | 16.16,29.88 | 1012,0.0 | 0.0
2017-09-15,31.0,16.0,44.0,23.0,29.88,0.0,31 | 87.8,16 | 60.8,44,23 | 14.29,29.88 | 1012,0.0 | 0.0
2017-09-16,32.0,16.0,43.0,23.0,29.85,0.0,32 | 89.6,16 | 60.8,43,23 | 14.29,29.85 | 1011,0.0 | 0.0
2017-09-17,32.0,13.0,35.0,24.0,29.85,0.0,32 | 89.6,13 | 55.4,35,24 | 14.91,29.85 | 1011,0.0 | 0.0
2017-09-18,32.0,13.0,36.0,25.0,29.88,0.0,32 | 89.6,13 | 55.4,36,25 | 15.53,29.88 | 1012,0.0 | 0.0
2017-09-19,33.0,15.0,38.0,23.0,29.91,0.0,33 | 91.4,15 | 59.0,38,23 | 14.29,29.91 | 1013,0.0 | 0.0
2017-09-20,31.0,17.0,45.0,26.0,29.91,0.1,31 | 87.8,17 | 62.6,45,26 | 16.16,29.91 | 1013,0.1 | 0.0
2017-09-21,30.0,18.0,51.0,26.0,29.91,0.6,30 | 86.0,18 | 64.4,51,26 | 16.16,29.91 | 1013,0.6 | 0.02
2017-09-22,30.0,16.0,46.0,23.0,29.91,1.5,30 | 86.0,16 | 60.8,46,23 | 14.29,29.91 | 1013,1.5 | 0.06
2017-09-23,32.0,13.0,37.0,23.0,29.88,0.0,32 | 89.6,13 | 55.4,37,23 | 14.29,29.88 | 1012,0.0 | 0.0
2017-09-24,32.0,15.0,40.0,25.0,29.88,0.0,32 | 89.6,15 | 59.0,40,25 | 15.53,29.88 | 1012,0.0 | 0.0
2017-09-25,32.0,13.0,36.0,21.0,29.85,0.0,32 | 89.6,13 | 55.4,36,21 | 13.05,29.85 | 1011,0.0 | 0.0
2017-09-26,32.0,14.0,37.0,19.0,29.83,0.0,32 | 89.6,14 | 57.2,37,19 | 11.81,29.83 | 1010,0.0 | 0.0
2017-09-27,32.0,15.0,39.0,21.0,29.85,0.0,32 | 89.6,15 | 59.0,39,21 | 13.05,29.85 | 1011,0.0 | 0.0
2017-09-28,32.0,15.0,40.0,23.0,29.88,0.0,32 | 89.6,15 | 59.0,40,23 | 14.29,29.88 | 1012,0.0 | 0.0
2017-09-29,31.0,17.0,46.0,28.0,29.85,0.2,31 | 87.8,17 | 62.6,46,28 | 17.4,29.85 | 1011,0.2 | 0.01
2017-09-30,31.0,15.0,42.0,24.0,29.88,0.0,31 | 87.8,15 | 59.0,42,24 | 14.91,29.88 | 1012,0.0 | 0.0
2017-10-01,32.0,14.0,38.0,24.0,29.88,0.0,32 | 89.6,14 | 57.2,38,24 | 14.91,29.88 | 1012,0.0 | 0.0
2017-10-02,32.0,16.0,41.0,22.0,29.85,0.0,32 | 89.6,16 | 60.8,41,22 | 13.67,29.85 | 1011,0.0 | 0.0
2017-10-03,32.0,15.0,39.0,21.0,29.83,0.0,32 | 89.6,15 | 59.0,39,21 | 13.05,29.83 | 1010,0.0 | 0.0
2017-10-04,32.0,14.0,37.0,19.0,29.83,0.0,32 | 89.6,14 | 57.2,37,19 | 11.81,29.83 | 1010,0.0 | 0.0
2017-10-05,31.0,17.0,45.0,23.0,29.85,0.0,31 | 87.8,17 | 62.6,45,23 | 14.29,29.85 | 1011,0.0 | 0.0
2017-10-06,28.0,18.0,54.0,23.0,29.85,0.0,28 | 82.4,18 | 64.4,54,23 | 14.29,29.85 | 1011,0.0 | 0.0
2017-10-07,31.0,17.0,48.0,18.0,29.85,0.0,31 | 87.8,17 | 62.6,48,18 | 11.18,29.85 | 1011,0.0 | 0.0
2017-10-08,31.0,17.0,48.0,19.0,29.83,0.0,31 | 87.8,17 | 62.6,48,19 | 11.81,29.83 | 1010,0.0 | 0.0
2017-10-09,32.0,16.0,42.0,17.0,29.8,0.1,32 | 89.6,16 | 60.8,42,17 | 10.56,29.8 | 1009,0.1 | 0.0
2017-10-10,32.0,18.0,45.0,15.0,29.77,0.1,32 | 89.6,18 | 64.4,45,15 | 9.32,29.77 | 1008,0.1 | 0.0
2017-10-11,32.0,19.0,49.0,19.0,29.77,5.1,32 | 89.6,19 | 66.2,49,19 | 11.81,29.77 | 1008,5.1 | 0.2
2017-10-12,32.0,19.0,49.0,14.0,29.8,1.5,32 | 89.6,19 | 66.2,49,14 | 8.7,29.8 | 1009,1.5 | 0.06
2017-10-13,32.0,19.0,47.0,13.0,29.8,3.0,32 | 89.6,19 | 66.2,47,13 | 8.08,29.8 | 1009,3.0 | 0.12
2017-10-14,32.0,18.0,47.0,19.0,29.8,1.0,32 | 89.6,18 | 64.4,47,19 | 11.81,29.8 | 1009,1.0 | 0.04
2017-10-15,30.0,18.0,50.0,20.0,29.88,17.4,30 | 86.0,18 | 64.4,50,20 | 12.43,29.88 | 1012,17.4 | 0.69
2017-10-16,32.0,17.0,45.0,16.0,29.88,0.0,32 | 89.6,17 | 62.6,45,16 | 9.94,29.88 | 1012,0.0 | 0.0
2017-10-17,33.0,18.0,43.0,12.0,29.83,0.0,33 | 91.4,18 | 64.4,43,12 | 7.46,29.83 | 1010,0.0 | 0.0
2017-10-18,33.0,18.0,44.0,16.0,29.8,0.0,33 | 91.4,18 | 64.4,44,16 | 9.94,29.8 | 1009,0.0 | 0.0
2017-10-19,32.0,19.0,48.0,20.0,29.83,0.1,32 | 89.6,19 | 66.2,48,20 | 12.43,29.83 | 1010,0.1 | 0.0
2017-10-20,30.0,20.0,57.0,15.0,29.88,9.3,30 | 86.0,20 | 68.0,57,15 | 9.32,29.88 | 1012,9.3 | 0.37
2017-10-21,29.0,20.0,58.0,19.0,29.91,8.0,29 | 84.2,20 | 68.0,58,19 | 11.81,29.91 | 1013,8.0 | 0.31
2017-10-22,31.0,18.0,50.0,14.0,29.88,0.0,31 | 87.8,18 | 64.4,50,14 | 8.7,29.88 | 1012,0.0 | 0.0
2017-10-23,32.0,17.0,41.0,16.0,29.83,0.0,32 | 89.6,17 | 62.6,41,16 | 9.94,29.83 | 1010,0.0 | 0.0
2017-10-24,32.0,19.0,48.0,19.0,29.83,0.5,32 | 89.6,19 | 66.2,48,19 | 11.81,29.83 | 1010,0.5 | 0.02
2017-10-25,31.0,20.0,54.0,14.0,29.85,24.2,31 | 87.8,20 | 68.0,54,14 | 8.7,29.85 | 1011,24.2 | 0.95
2017-10-26,30.0,19.0,54.0,17.0,29.85,0.2,30 | 86.0,19 | 66.2,54,17 | 10.56,29.85 | 1011,0.2 | 0.01
2017-10-27,31.0,18.0,50.0,14.0,29.83,0.0,31 | 87.8,18 | 64.4,50,14 | 8.7,29.83 | 1010,0.0 | 0.0
2017-10-28,32.0,17.0,44.0,14.0,29.83,0.0,32 | 89.6,17 | 62.6,44,14 | 8.7,29.83 | 1010,0.0 | 0.0
2017-10-29,31.0,18.0,47.0,17.0,29.85,0.4,31 | 87.8,18 | 64.4,47,17 | 10.56,29.85 | 1011,0.4 | 0.02
2017-10-30,30.0,18.0,50.0,17.0,29.88,8.5,30 | 86.0,18 | 64.4,50,17 | 10.56,29.88 | 1012,8.5 | 0.33
2017-10-31,30.0,18.0,51.0,11.0,29.88,6.7,30 | 86.0,18 | 64.4,51,11 | 6.84,29.88 | 1012,6.7 | 0.26
2017-11-01,31.0,19.0,49.0,10.0,29.85,0.5,31 | 87.8,19 | 66.2,49,10 | 6.21,29.85 | 1011,0.5 | 0.02
2017-11-02,29.0,20.0,56.0,15.0,29.88,32.6,29 | 84.2,20 | 68.0,56,15 | 9.32,29.88 | 1012,32.6 | 1.28
2017-11-03,30.0,19.0,54.0,11.0,29.83,0.0,30 | 86.0,19 | 66.2,54,11 | 6.84,29.83 | 1010,0.0 | 0.0
2017-11-04,30.0,19.0,53.0,15.0,29.83,0.0,30 | 86.0,19 | 66.2,53,15 | 9.32,29.83 | 1010,0.0 | 0.0
2017-11-05,29.0,20.0,62.0,18.0,29.85,29.3,29 | 84.2,20 | 68.0,62,18 | 11.18,29.85 | 1011,29.3 | 1.15
2017-11-06,29.0,20.0,59.0,11.0,29.83,3.1,29 | 84.2,20 | 68.0,59,11 | 6.84,29.83 | 1010,3.1 | 0.12
2017-11-07,30.0,19.0,55.0,13.0,29.83,3.3,30 | 86.0,19 | 66.2,55,13 | 8.08,29.83 | 1010,3.3 | 0.13
2017-11-08,31.0,19.0,51.0,12.0,29.85,0.0,31 | 87.8,19 | 66.2,51,12 | 7.46,29.85 | 1011,0.0 | 0.0
2017-11-09,31.0,19.0,50.0,13.0,29.83,0.0,31 | 87.8,19 | 66.2,50,13 | 8.08,29.83 | 1010,0.0 | 0.0
2017-11-10,31.0,19.0,50.0,13.0,29.8,0.4,31 | 87.8,19 | 66.2,50,13 | 8.08,29.8 | 1009,0.4 | 0.02
2017-11-11,31.0,20.0,55.0,18.0,29.83,3.6,31 | 87.8,20 | 68.0,55,18 | 11.18,29.83 | 1010,3.6 | 0.14
2017-11-12,31.0,19.0,54.0,16.0,29.85,1.7,31 | 87.8,19 | 66.2,54,16 | 9.94,29.85 | 1011,1.7 | 0.07
2017-11-13,30.0,19.0,53.0,14.0,29.85,1.7,30 | 86.0,19 | 66.2,53,14 | 8.7,29.85 | 1011,1.7 | 0.07
2017-11-14,31.0,16.0,44.0,13.0,29.83,0.0,31 | 87.8,16 | 60.8,44,13 | 8.08,29.83 | 1010,0.0 | 0.0
2017-11-15,30.0,14.0,42.0,14.0,29.85,0.1,30 | 86.0,14 | 57.2,42,14 | 8.7,29.85 | 1011,0.1 | 0.0
2017-11-16,30.0,14.0,38.0,11.0,29.83,0.0,30 | 86.0,14 | 57.2,38,11 | 6.84,29.83 | 1010,0.0 | 0.0
2017-11-17,31.0,14.0,39.0,14.0,29.83,0.0,31 | 87.8,14 | 57.2,39,14 | 8.7,29.83 | 1010,0.0 | 0.0
2017-11-18,31.0,13.0,36.0,13.0,29.85,0.0,31 | 87.8,13 | 55.4,36,13 | 8.08,29.85 | 1011,0.0 | 0.0
2017-11-19,31.0,12.0,34.0,16.0,29.85,0.0,31 | 87.8,12 | 53.6,34,16 | 9.94,29.85 | 1011,0.0 | 0.0
2017-11-20,30.0,12.0,35.0,14.0,29.88,0.0,30 | 86.0,12 | 53.6,35,14 | 8.7,29.88 | 1012,0.0 | 0.0
2017-11-21,31.0,12.0,34.0,10.0,29.85,0.0,31 | 87.8,12 | 53.6,34,10 | 6.21,29.85 | 1011,0.0 | 0.0
2017-11-22,31.0,15.0,41.0,11.0,29.83,0.0,31 | 87.8,15 | 59.0,41,11 | 6.84,29.83 | 1010,0.0 | 0.0
2017-11-23,31.0,17.0,44.0,12.0,29.8,0.0,31 | 87.8,17 | 62.6,44,12 | 7.46,29.8 | 1009,0.0 | 0.0
2017-11-24,31.0,18.0,49.0,15.0,29.83,0.0,31 | 87.8,18 | 64.4,49,15 | 9.32,29.83 | 1010,0.0 | 0.0
2017-11-25,31.0,17.0,43.0,14.0,29.85,0.0,31 | 87.8,17 | 62.6,43,14 | 8.7,29.85 | 1011,0.0 | 0.0
2017-11-26,32.0,15.0,38.0,18.0,29.91,0.0,32 | 89.6,15 | 59.0,38,18 | 11.18,29.91 | 1013,0.0 | 0.0
2017-11-27,32.0,16.0,42.0,23.0,29.88,0.3,32 | 89.6,16 | 60.8,42,23 | 14.29,29.88 | 1012,0.3 | 0.01
2017-11-28,31.0,17.0,45.0,16.0,29.88,0.0,31 | 87.8,17 | 62.6,45,16 | 9.94,29.88 | 1012,0.0 | 0.0
2017-11-29,32.0,15.0,38.0,15.0,29.88,0.0,32 | 89.6,15 | 59.0,38,15 | 9.32,29.88 | 1012,0.0 | 0.0
2017-11-30,31.0,14.0,38.0,16.0,29.88,0.0,31 | 87.8,14 | 57.2,38,16 | 9.94,29.88 | 1012,0.0 | 0.0
2017-12-01,31.0,12.0,33.0,11.0,29.88,0.0,31 | 87.8,12 | 53.6,33,11 | 6.84,29.88 | 1012,0.0 | 0.0
2017-12-02,31.0,12.0,33.0,12.0,29.85,0.0,31 | 87.8,12 | 53.6,33,12 | 7.46,29.85 | 1011,0.0 | 0.0
2017-12-03,31.0,12.0,32.0,14.0,29.88,0.0,31 | 87.8,12 | 53.6,32,14 | 8.7,29.88 | 1012,0.0 | 0.0
2017-12-04,31.0,10.0,30.0,14.0,29.88,0.0,31 | 87.8,10 | 50.0,30,14 | 8.7,29.88 | 1012,0.0 | 0.0
2017-12-05,31.0,10.0,28.0,13.0,29.88,0.0,31 | 87.8,10 | 50.0,28,13 | 8.08,29.88 | 1012,0.0 | 0.0
2017-12-06,31.0,11.0,31.0,14.0,29.83,0.0,31 | 87.8,11 | 51.8,31,14 | 8.7,29.83 | 1010,0.0 | 0.0
2017-12-07,31.0,10.0,28.0,16.0,29.83,0.0,31 | 87.8,10 | 50.0,28,16 | 9.94,29.83 | 1010,0.0 | 0.0
2017-12-08,30.0,12.0,35.0,19.0,29.85,0.0,30 | 86.0,12 | 53.6,35,19 | 11.81,29.85 | 1011,0.0 | 0.0
2017-12-09,30.0,8.0,27.0,20.0,29.85,0.0,30 | 86.0,8 | 46.4,27,20 | 12.43,29.85 | 1011,0.0 | 0.0
2017-12-10,31.0,11.0,33.0,19.0,29.88,0.0,31 | 87.8,11 | 51.8,33,19 | 11.81,29.88 | 1012,0.0 | 0.0
2017-12-11,30.0,8.0,26.0,18.0,29.91,0.0,30 | 86.0,8 | 46.4,26,18 | 11.18,29.91 | 1013,0.0 | 0.0
2017-12-12,30.0,6.0,24.0,15.0,29.91,0.0,30 | 86.0,6 | 42.8,24,15 | 9.32,29.91 | 1013,0.0 | 0.0
2017-12-13,30.0,5.0,22.0,16.0,29.91,0.0,30 | 86.0,5 | 41.0,22,16 | 9.94,29.91 | 1013,0.0 | 0.0
2017-12-14,30.0,8.0,27.0,10.0,29.88,0.0,30 | 86.0,8 | 46.4,27,10 | 6.21,29.88 | 1012,0.0 | 0.0
2017-12-15,31.0,8.0,25.0,11.0,29.85,0.0,31 | 87.8,8 | 46.4,25,11 | 6.84,29.85 | 1011,0.0 | 0.0
2017-12-16,32.0,12.0,34.0,13.0,29.85,0.0,32 | 89.6,12 | 53.6,34,13 | 8.08,29.85 | 1011,0.0 | 0.0
2017-12-17,31.0,15.0,40.0,17.0,29.88,0.0,31 | 87.8,15 | 59.0,40,17 | 10.56,29.88 | 1012,0.0 | 0.0
2017-12-18,32.0,14.0,35.0,17.0,29.88,0.0,32 | 89.6,14 | 57.2,35,17 | 10.56,29.88 | 1012,0.0 | 0.0
2017-12-19,31.0,11.0,31.0,20.0,29.88,0.0,31 | 87.8,11 | 51.8,31,20 | 12.43,29.88 | 1012,0.0 | 0.0
2017-12-20,31.0,8.0,26.0,18.0,29.91,0.0,31 | 87.8,8 | 46.4,26,18 | 11.18,29.91 | 1013,0.0 | 0.0
2017-12-21,31.0,6.0,23.0,19.0,29.94,0.0,31 | 87.8,6 | 42.8,23,19 | 11.81,29.94 | 1014,0.0 | 0.0
2017-12-22,31.0,7.0,24.0,19.0,29.91,0.0,31 | 87.8,7 | 44.6,24,19 | 11.81,29.91 | 1013,0.0 | 0.0
2017-12-23,31.0,8.0,26.0,18.0,29.85,0.0,31 | 87.8,8 | 46.4,26,18 | 11.18,29.85 | 1011,0.0 | 0.0
2017-12-24,32.0,6.0,23.0,19.0,29.83,0.0,32 | 89.6,6 | 42.8,23,19 | 11.81,29.83 | 1010,0.0 | 0.0
2017-12-25,32.0,6.0,21.0,20.0,29.85,0.0,32 | 89.6,6 | 42.8,21,20 | 12.43,29.85 | 1011,0.0 | 0.0
2017-12-26,32.0,6.0,22.0,17.0,29.85,0.0,32 | 89.6,6 | 42.8,22,17 | 10.56,29.85 | 1011,0.0 | 0.0
2017-12-27,31.0,9.0,26.0,18.0,29.83,0.0,31 | 87.8,9 | 48.2,26,18 | 11.18,29.83 | 1010,0.0 | 0.0
2017-12-28,32.0,9.0,27.0,17.0,29.83,0.0,32 | 89.6,9 | 48.2,27,17 | 10.56,29.83 | 1010,0.0 | 0.0
2017-12-29,31.0,7.0,24.0,17.0,29.85,0.0,31 | 87.8,7 | 44.6,24,17 | 10.56,29.85 | 1011,0.0 | 0.0
2017-12-30,31.0,8.0,26.0,18.0,29.88,0.0,31 | 87.8,8 | 46.4,26,18 | 11.18,29.88 | 1012,0.0 | 0.0
2017-12-31,30.0,8.0,27.0,16.0,29.85,0.0,30 | 86.0,8 | 46.4,27,16 | 9.94,29.85 | 1011,0.0 | 0.0
2018-01-01,31.0,7.0,24.0,15.0,29.83,0.0,31 | 87.8,7 | 44.6,24,15 | 9.32,29.83 | 1010,0.0 | 0.0
2018-01-02,31.0,6.0,22.0,15.0,29.8,0.0,31 | 87.8,6 | 42.8,22,15 | 9.32,29.8 | 1009,0.0 | 0.0
2018-01-03,31.0,5.0,22.0,17.0,29.8,0.0,31 | 87.8,5 | 41.0,22,17 | 10.56,29.8 | 1009,0.0 | 0.0
2018-01-04,31.0,6.0,23.0,19.0,29.83,0.0,31 | 87.8,6 | 42.8,23,19 | 11.81,29.83 | 1010,0.0 | 0.0
2018-01-05,31.0,7.0,24.0,19.0,29.8,0.0,31 | 87.8,7 | 44.6,24,19 | 11.81,29.8 | 1009,0.0 | 0.0
2018-01-06,31.0,7.0,25.0,18.0,29.8,0.0,31 | 87.8,7 | 44.6,25,18 | 11.18,29.8 | 1009,0.0 | 0.0
2018-01-07,31.0,8.0,26.0,18.0,29.83,0.0,31 | 87.8,8 | 46.4,26,18 | 11.18,29.83 | 1010,0.0 | 0.0
2018-01-08,31.0,7.0,24.0,20.0,29.85,0.0,31 | 87.8,7 | 44.6,24,20 | 12.43,29.85 | 1011,0.0 | 0.0
2018-01-09,31.0,10.0,30.0,20.0,29.85,0.0,31 | 87.8,10 | 50.0,30,20 | 12.43,29.85 | 1011,0.0 | 0.0
2018-01-10,31.0,8.0,25.0,21.0,29.88,0.0,31 | 87.8,8 | 46.4,25,21 | 13.05,29.88 | 1012,0.0 | 0.0
2018-01-11,31.0,9.0,29.0,23.0,29.85,0.0,31 | 87.8,9 | 48.2,29,23 | 14.29,29.85 | 1011,0.0 | 0.0
2018-01-12,30.0,1.0,18.0,24.0,29.88,0.0,30 | 86.0,1 | 33.8,18,24 | 14.91,29.88 | 1012,0.0 | 0.0
2018-01-13,28.0,0.0,18.0,20.0,29.91,0.0,28 | 82.4,0 | 32.0,18,20 | 12.43,29.91 | 1013,0.0 | 0.0
2018-01-14,29.0,3.0,21.0,17.0,29.88,0.0,29 | 84.2,3 | 37.4,21,17 | 10.56,29.88 | 1012,0.0 | 0.0
2018-01-15,30.0,5.0,22.0,16.0,29.88,0.0,30 | 86.0,5 | 41.0,22,16 | 9.94,29.88 | 1012,0.0 | 0.0
2018-01-16,31.0,6.0,23.0,17.0,29.85,0.0,31 | 87.8,6 | 42.8,23,17 | 10.56,29.85 | 1011,0.0 | 0.0
2018-01-17,32.0,10.0,29.0,14.0,29.8,0.0,32 | 89.6,10 | 50.0,29,14 | 8.7,29.8 | 1009,0.0 | 0.0
2018-01-18,32.0,11.0,32.0,14.0,29.8,0.0,32 | 89.6,11 | 51.8,32,14 | 8.7,29.8 | 1009,0.0 | 0.0
2018-01-19,32.0,11.0,31.0,16.0,29.8,0.0,32 | 89.6,11 | 51.8,31,16 | 9.94,29.8 | 1009,0.0 | 0.0
2018-01-20,32.0,11.0,30.0,21.0,29.85,0.0,32 | 89.6,11 | 51.8,30,21 | 13.05,29.85 | 1011,0.0 | 0.0
2018-01-21,32.0,9.0,26.0,18.0,29.85,0.0,32 | 89.6,9 | 48.2,26,18 | 11.18,29.85 | 1011,0.0 | 0.0
2018-01-22,31.0,9.0,28.0,19.0,29.83,0.0,31 | 87.8,9 | 48.2,28,19 | 11.81,29.83 | 1010,0.0 | 0.0
2018-01-23,31.0,8.0,26.0,16.0,29.83,0.0,31 | 87.8,8 | 46.4,26,16 | 9.94,29.83 | 1010,0.0 | 0.0
2018-01-24,31.0,11.0,34.0,12.0,29.8,0.0,31 | 87.8,11 | 51.8,34,12 | 7.46,29.8 | 1009,0.0 | 0.0
2018-01-25,30.0,9.0,29.0,10.0,29.8,0.0,30 | 86.0,9 | 48.2,29,10 | 6.21,29.8 | 1009,0.0 | 0.0
2018-01-26,31.0,8.0,26.0,13.0,29.8,0.0,31 | 87.8,8 | 46.4,26,13 | 8.08,29.8 | 1009,0.0 | 0.0
2018-01-27,30.0,9.0,31.0,15.0,29.83,0.0,30 | 86.0,9 | 48.2,31,15 | 9.32,29.83 | 1010,0.0 | 0.0
2018-01-28,30.0,11.0,34.0,12.0,29.83,0.0,30 | 86.0,11 | 51.8,34,12 | 7.46,29.83 | 1010,0.0 | 0.0
2018-01-29,31.0,9.0,28.0,15.0,29.83,0.0,31 | 87.8,9 | 48.2,28,15 | 9.32,29.83 | 1010,0.0 | 0.0
2018-01-30,31.0,9.0,28.0,16.0,29.83,0.0,31 | 87.8,9 | 48.2,28,16 | 9.94,29.83 | 1010,0.0 | 0.0
2018-01-31,31.0,10.0,28.0,20.0,29.85,0.0,31 | 87.8,10 | 50.0,28,20 | 12.43,29.85 | 1011,0.0 | 0.0
2018-02-01,31.0,11.0,30.0,21.0,29.85,0.0,31 | 87.8,11 | 51.8,30,21 | 13.05,29.85 | 1011,0.0 | 0.0
2018-02-02,31.0,10.0,30.0,20.0,29.85,0.0,31 | 87.8,10 | 50.0,30,20 | 12.43,29.85 | 1011,0.0 | 0.0
2018-02-03,32.0,12.0,34.0,17.0,29.85,0.0,32 | 89.6,12 | 53.6,34,17 | 10.56,29.85 | 1011,0.0 | 0.0
2018-02-04,32.0,12.0,32.0,18.0,29.85,0.0,32 | 89.6,12 | 53.6,32,18 | 11.18,29.85 | 1011,0.0 | 0.0
2018-02-05,33.0,9.0,25.0,24.0,29.83,0.0,33 | 91.4,9 | 48.2,25,24 | 14.91,29.83 | 1010,0.0 | 0.0
2018-02-06,32.0,6.0,23.0,23.0,29.85,0.0,32 | 89.6,6 | 42.8,23,23 | 14.29,29.85 | 1011,0.0 | 0.0
2018-02-07,30.0,3.0,20.0,21.0,29.85,0.0,30 | 86.0,3 | 37.4,20,21 | 13.05,29.85 | 1011,0.0 | 0.0
2018-02-08,30.0,1.0,17.0,17.0,29.85,0.0,30 | 86.0,1 | 33.8,17,17 | 10.56,29.85 | 1011,0.0 | 0.0
2018-02-09,31.0,6.0,23.0,12.0,29.83,0.0,31 | 87.8,6 | 42.8,23,12 | 7.46,29.83 | 1010,0.0 | 0.0
2018-02-10,32.0,11.0,31.0,13.0,29.8,0.0,32 | 89.6,11 | 51.8,31,13 | 8.08,29.8 | 1009,0.0 | 0.0
2018-02-11,31.0,16.0,42.0,17.0,29.85,0.0,31 | 87.8,16 | 60.8,42,17 | 10.56,29.85 | 1011,0.0 | 0.0
2018-02-12,32.0,16.0,42.0,17.0,29.88,0.0,32 | 89.6,16 | 60.8,42,17 | 10.56,29.88 | 1012,0.0 | 0.0
2018-02-13,32.0,16.0,41.0,17.0,29.91,0.8,32 | 89.6,16 | 60.8,41,17 | 10.56,29.91 | 1013,0.8 | 0.03
2018-02-14,32.0,15.0,39.0,17.0,29.88,0.0,32 | 89.6,15 | 59.0,39,17 | 10.56,29.88 | 1012,0.0 | 0.0
2018-02-15,32.0,13.0,35.0,20.0,29.88,0.0,32 | 89.6,13 | 55.4,35,20 | 12.43,29.88 | 1012,0.0 | 0.0
2018-02-16,33.0,13.0,35.0,19.0,29.88,0.0,33 | 91.4,13 | 55.4,35,19 | 11.81,29.88 | 1012,0.0 | 0.0
2018-02-17,32.0,17.0,42.0,17.0,29.85,0.0,32 | 89.6,17 | 62.6,42,17 | 10.56,29.85 | 1011,0.0 | 0.0
2018-02-18,32.0,17.0,44.0,15.0,29.8,0.2,32 | 89.6,17 | 62.6,44,15 | 9.32,29.8 | 1009,0.2 | 0.01
2018-02-19,33.0,16.0,38.0,15.0,29.77,0.0,33 | 91.4,16 | 60.8,38,15 | 9.32,29.77 | 1008,0.0 | 0.0
2018-02-20,32.0,15.0,38.0,15.0,29.77,0.0,32 | 89.6,15 | 59.0,38,15 | 9.32,29.77 | 1008,0.0 | 0.0
2018-02-21,34.0,15.0,35.0,15.0,29.74,0.0,34 | 93.2,15 | 59.0,35,15 | 9.32,29.74 | 1007,0.0 | 0.0
2018-02-22,33.0,14.0,34.0,18.0,29.71,0.0,33 | 91.4,14 | 57.2,34,18 | 11.18,29.71 | 1006,0.0 | 0.0
2018-02-23,33.0,14.0,33.0,15.0,29.74,0.0,33 | 91.4,14 | 57.2,33,15 | 9.32,29.74 | 1007,0.0 | 0.0
2018-02-24,33.0,15.0,36.0,16.0,29.77,0.0,33 | 91.4,15 | 59.0,36,16 | 9.94,29.77 | 1008,0.0 | 0.0
2018-02-25,33.0,16.0,39.0,16.0,29.77,0.0,33 | 91.4,16 | 60.8,39,16 | 9.94,29.77 | 1008,0.0 | 0.0
2018-02-26,34.0,15.0,35.0,14.0,29.77,0.0,34 | 93.2,15 | 59.0,35,14 | 8.7,29.77 | 1008,0.0 | 0.0
2018-02-27,34.0,17.0,38.0,16.0,29.74,0.0,34 | 93.2,17 | 62.6,38,16 | 9.94,29.74 | 1007,0.0 | 0.0
2018-02-28,34.0,15.0,34.0,13.0,29.74,0.0,34 | 93.2,15 | 59.0,34,13 | 8.08,29.74 | 1007,0.0 | 0.0
2018-03-01,33.0,15.0,33.0,15.0,29.74,0.0,33 | 91.4,15 | 59.0,33,15 | 9.32,29.74 | 1007,0.0 | 0.0
2018-03-02,32.0,17.0,41.0,17.0,29.77,1.3,32 | 89.6,17 | 62.6,41,17 | 10.56,29.77 | 1008,1.3 | 0.05
2018-03-03,30.0,19.0,56.0,8.0,29.8,46.7,30 | 86.0,19 | 66.2,56,8 | 4.97,29.8 | 1009,46.7 | 1.84
2018-03-04,32.0,17.0,42.0,11.0,29.77,0.1,32 | 89.6,17 | 62.6,42,11 | 6.84,29.77 | 1008,0.1 | 0.0
2018-03-05,30.0,19.0,49.0,16.0,29.83,14.0,30 | 86.0,19 | 66.2,49,16 | 9.94,29.83 | 1010,14.0 | 0.55
2018-03-06,32.0,16.0,42.0,11.0,29.83,0.0,32 | 89.6,16 | 60.8,42,11 | 6.84,29.83 | 1010,0.0 | 0.0
2018-03-07,33.0,15.0,34.0,14.0,29.83,0.0,33 | 91.4,15 | 59.0,34,14 | 8.7,29.83 | 1010,0.0 | 0.0
2018-03-08,34.0,11.0,26.0,16.0,29.83,0.0,34 | 93.2,11 | 51.8,26,16 | 9.94,29.83 | 1010,0.0 | 0.0
2018-03-09,33.0,6.0,20.0,19.0,29.8,0.0,33 | 91.4,6 | 42.8,20,19 | 11.81,29.8 | 1009,0.0 | 0.0
2018-03-10,32.0,5.0,19.0,15.0,29.8,0.0,32 | 89.6,5 | 41.0,19,15 | 9.32,29.8 | 1009,0.0 | 0.0
2018-03-11,32.0,10.0,28.0,13.0,29.8,0.0,32 | 89.6,10 | 50.0,28,13 | 8.08,29.8 | 1009,0.0 | 0.0
2018-03-12,32.0,15.0,37.0,13.0,29.8,0.0,32 | 89.6,15 | 59.0,37,13 | 8.08,29.8 | 1009,0.0 | 0.0
2018-03-13,32.0,18.0,43.0,12.0,29.8,0.0,32 | 89.6,18 | 64.4,43,12 | 7.46,29.8 | 1009,0.0 | 0.0
2018-03-14,32.0,18.0,43.0,15.0,29.8,0.2,32 | 89.6,18 | 64.4,43,15 | 9.32,29.8 | 1009,0.2 | 0.01
2018-03-15,33.0,17.0,41.0,13.0,29.77,2.4,33 | 91.4,17 | 62.6,41,13 | 8.08,29.77 | 1008,2.4 | 0.09
2018-03-16,33.0,16.0,37.0,12.0,29.77,0.0,33 | 91.4,16 | 60.8,37,12 | 7.46,29.77 | 1008,0.0 | 0.0
2018-03-17,33.0,16.0,38.0,12.0,29.77,0.0,33 | 91.4,16 | 60.8,38,12 | 7.46,29.77 | 1008,0.0 | 0.0
2018-03-18,33.0,14.0,34.0,16.0,29.74,0.0,33 | 91.4,14 | 57.2,34,16 | 9.94,29.74 | 1007,0.0 | 0.0
2018-03-19,34.0,14.0,32.0,20.0,29.77,0.0,34 | 93.2,14 | 57.2,32,20 | 12.43,29.77 | 1008,0.0 | 0.0
2018-03-20,34.0,15.0,36.0,19.0,29.83,0.0,34 | 93.2,15 | 59.0,36,19 | 11.81,29.83 | 1010,0.0 | 0.0
2018-03-21,33.0,17.0,38.0,16.0,29.85,0.0,33 | 91.4,17 | 62.6,38,16 | 9.94,29.85 | 1011,0.0 | 0.0
2018-03-22,33.0,17.0,40.0,17.0,29.85,0.2,33 | 91.4,17 | 62.6,40,17 | 10.56,29.85 | 1011,0.2 | 0.01
2018-03-23,32.0,18.0,44.0,16.0,29.8,0.5,32 | 89.6,18 | 64.4,44,16 | 9.94,29.8 | 1009,0.5 | 0.02
2018-03-24,33.0,18.0,42.0,12.0,29.8,0.0,33 | 91.4,18 | 64.4,42,12 | 7.46,29.8 | 1009,0.0 | 0.0
2018-03-25,32.0,18.0,45.0,15.0,29.83,9.7,32 | 89.6,18 | 64.4,45,15 | 9.32,29.83 | 1010,9.7 | 0.38
2018-03-26,33.0,16.0,40.0,17.0,29.85,0.2,33 | 91.4,16 | 60.8,40,17 | 10.56,29.85 | 1011,0.2 | 0.01
2018-03-27,34.0,14.0,33.0,18.0,29.83,0.0,34 | 93.2,14 | 57.2,33,18 | 11.18,29.83 | 1010,0.0 | 0.0
2018-03-28,34.0,15.0,36.0,20.0,29.8,0.0,34 | 93.2,15 | 59.0,36,20 | 12.43,29.8 | 1009,0.0 | 0.0
2018-03-29,32.0,17.0,42.0,13.0,29.83,0.0,32 | 89.6,17 | 62.6,42,13 | 8.08,29.83 | 1010,0.0 | 0.0
2018-03-30,32.0,17.0,45.0,18.0,29.85,0.0,32 | 89.6,17 | 62.6,45,18 | 11.18,29.85 | 1011,0.0 | 0.0
2018-03-31,32.0,18.0,45.0,15.0,29.83,0.8,32 | 89.6,18 | 64.4,45,15 | 9.32,29.83 | 1010,0.8 | 0.03
2018-04-01,33.0,17.0,39.0,14.0,29.77,0.0,33 | 91.4,17 | 62.6,39,14 | 8.7,29.77 | 1008,0.0 | 0.0
2018-04-02,32.0,18.0,46.0,15.0,29.77,0.1,32 | 89.6,18 | 64.4,46,15 | 9.32,29.77 | 1008,0.1 | 0.0
2018-04-03,31.0,19.0,49.0,11.0,29.77,2.1,31 | 87.8,19 | 66.2,49,11 | 6.84,29.77 | 1008,2.1 | 0.08
2018-04-04,31.0,19.0,51.0,11.0,29.77,0.8,31 | 87.8,19 | 66.2,51,11 | 6.84,29.77 | 1008,0.8 | 0.03
2018-04-05,30.0,20.0,55.0,11.0,29.77,5.4,30 | 86.0,20 | 68.0,55,11 | 6.84,29.77 | 1008,5.4 | 0.21
2018-04-06,29.0,20.0,60.0,11.0,29.77,13.6,29 | 84.2,20 | 68.0,60,11 | 6.84,29.77 | 1008,13.6 | 0.54
2018-04-07,31.0,20.0,52.0,10.0,29.77,0.8,31 | 87.8,20 | 68.0,52,10 | 6.21,29.77 | 1008,0.8 | 0.03
2018-04-08,30.0,21.0,59.0,12.0,29.83,6.1,30 | 86.0,21 | 69.8,59,12 | 7.46,29.83 | 1010,6.1 | 0.24
2018-04-09,31.0,18.0,49.0,8.0,29.83,1.7,31 | 87.8,18 | 64.4,49,8 | 4.97,29.83 | 1010,1.7 | 0.07
2018-04-10,32.0,20.0,50.0,12.0,29.77,0.0,32 | 89.6,20 | 68.0,50,12 | 7.46,29.77 | 1008,0.0 | 0.0
2018-04-11,30.0,21.0,59.0,15.0,29.8,13.6,30 | 86.0,21 | 69.8,59,15 | 9.32,29.8 | 1009,13.6 | 0.54
2018-04-12,31.0,20.0,57.0,6.0,29.8,0.7,31 | 87.8,20 | 68.0,57,6 | 3.73,29.8 | 1009,0.7 | 0.03
2018-04-13,32.0,20.0,51.0,10.0,29.8,0.2,32 | 89.6,20 | 68.0,51,10 | 6.21,29.8 | 1009,0.2 | 0.01
2018-04-14,26.0,21.0,71.0,20.0,29.85,49.8,26 | 78.8,21 | 69.8,71,20 | 12.43,29.85 | 1011,49.8 | 1.96
2018-04-15,31.0,19.0,55.0,14.0,29.83,0.0,31 | 87.8,19 | 66.2,55,14 | 8.7,29.83 | 1010,0.0 | 0.0
2018-04-16,32.0,20.0,53.0,17.0,29.83,1.5,32 | 89.6,20 | 68.0,53,17 | 10.56,29.83 | 1010,1.5 | 0.06
2018-04-17,29.0,21.0,63.0,14.0,29.85,6.3,29 | 84.2,21 | 69.8,63,14 | 8.7,29.85 | 1011,6.3 | 0.25
2018-04-18,31.0,19.0,54.0,8.0,29.88,0.0,31 | 87.8,19 | 66.2,54,8 | 4.97,29.88 | 1012,0.0 | 0.0
2018-04-19,31.0,20.0,54.0,14.0,29.85,0.6,31 | 87.8,20 | 68.0,54,14 | 8.7,29.85 | 1011,0.6 | 0.02
2018-04-20,31.0,20.0,52.0,7.0,29.83,1.1,31 | 87.8,20 | 68.0,52,7 | 4.35,29.83 | 1010,1.1 | 0.04
2018-04-21,32.0,20.0,53.0,14.0,29.83,0.0,32 | 89.6,20 | 68.0,53,14 | 8.7,29.83 | 1010,0.0 | 0.0
2018-04-22,29.0,21.0,61.0,10.0,29.85,12.2,29 | 84.2,21 | 69.8,61,10 | 6.21,29.85 | 1011,12.2 | 0.48
2018-04-23,31.0,20.0,57.0,7.0,29.85,2.0,31 | 87.8,20 | 68.0,57,7 | 4.35,29.85 | 1011,2.0 | 0.08
2018-04-24,32.0,20.0,53.0,13.0,29.85,2.2,32 | 89.6,20 | 68.0,53,13 | 8.08,29.85 | 1011,2.2 | 0.09
2018-04-25,31.0,20.0,56.0,13.0,29.85,5.8,31 | 87.8,20 | 68.0,56,13 | 8.08,29.85 | 1011,5.8 | 0.23
2018-04-26,31.0,20.0,55.0,19.0,29.83,0.0,31 | 87.8,20 | 68.0,55,19 | 11.81,29.83 | 1010,0.0 | 0.0
2018-04-27,31.0,19.0,51.0,19.0,29.85,0.0,31 | 87.8,19 | 66.2,51,19 | 11.81,29.85 | 1011,0.0 | 0.0
2018-04-28,31.0,19.0,53.0,16.0,29.85,0.2,31 | 87.8,19 | 66.2,53,16 | 9.94,29.85 | 1011,0.2 | 0.01
2018-04-29,31.0,20.0,55.0,18.0,29.88,0.0,31 | 87.8,20 | 68.0,55,18 | 11.18,29.88 | 1012,0.0 | 0.0
2018-04-30,32.0,19.0,52.0,21.0,29.85,0.0,32 | 89.6,19 | 66.2,52,21 | 13.05,29.85 | 1011,0.0 | 0.0
2018-05-01,31.0,20.0,54.0,22.0,29.85,0.0,31 | 87.8,20 | 68.0,54,22 | 13.67,29.85 | 1011,0.0 | 0.0
2018-05-02,30.0,20.0,57.0,22.0,29.88,1.8,30 | 86.0,20 | 68.0,57,22 | 13.67,29.88 | 1012,1.8 | 0.07
2018-05-03,31.0,20.0,55.0,19.0,29.85,0.0,31 | 87.8,20 | 68.0,55,19 | 11.81,29.85 | 1011,0.0 | 0.0
2018-05-04,31.0,20.0,56.0,15.0,29.85,0.2,31 | 87.8,20 | 68.0,56,15 | 9.32,29.85 | 1011,0.2 | 0.01
2018-05-05,30.0,20.0,59.0,10.0,29.85,20.7,30 | 86.0,20 | 68.0,59,10 | 6.21,29.85 | 1011,20.7 | 0.81
2018-05-06,31.0,20.0,57.0,14.0,29.88,4.8,31 | 87.8,20 | 68.0,57,14 | 8.7,29.88 | 1012,4.8 | 0.19
2018-05-07,31.0,20.0,54.0,16.0,29.88,0.2,31 | 87.8,20 | 68.0,54,16 | 9.94,29.88 | 1012,0.2 | 0.01
2018-05-08,31.0,20.0,55.0,18.0,29.85,0.0,31 | 87.8,20 | 68.0,55,18 | 11.18,29.85 | 1011,0.0 | 0.0
2018-05-09,31.0,20.0,57.0,20.0,29.85,0.0,31 | 87.8,20 | 68.0,57,20 | 12.43,29.85 | 1011,0.0 | 0.0
2018-05-10,30.0,20.0,57.0,18.0,29.85,0.2,30 | 86.0,20 | 68.0,57,18 | 11.18,29.85 | 1011,0.2 | 0.01
2018-05-11,30.0,20.0,57.0,18.0,29.85,0.0,30 | 86.0,20 | 68.0,57,18 | 11.18,29.85 | 1011,0.0 | 0.0
2018-05-12,31.0,19.0,53.0,18.0,29.83,0.0,31 | 87.8,19 | 66.2,53,18 | 11.18,29.83 | 1010,0.0 | 0.0
2018-05-13,31.0,20.0,58.0,19.0,29.83,1.4,31 | 87.8,20 | 68.0,58,19 | 11.81,29.83 | 1010,1.4 | 0.06
2018-05-14,31.0,21.0,58.0,15.0,29.83,0.0,31 | 87.8,21 | 69.8,58,15 | 9.32,29.83 | 1010,0.0 | 0.0
2018-05-15,30.0,20.0,58.0,22.0,29.83,0.0,30 | 86.0,20 | 68.0,58,22 | 13.67,29.83 | 1010,0.0 | 0.0
2018-05-16,32.0,19.0,51.0,24.0,29.83,0.0,32 | 89.6,19 | 66.2,51,24 | 14.91,29.83 | 1010,0.0 | 0.0
2018-05-17,30.0,19.0,56.0,26.0,29.85,0.0,30 | 86.0,19 | 66.2,56,26 | 16.16,29.85 | 1011,0.0 | 0.0
2018-05-18,31.0,19.0,55.0,25.0,29.83,0.0,31 | 87.8,19 | 66.2,55,25 | 15.53,29.83 | 1010,0.0 | 0.0
2018-05-19,31.0,18.0,53.0,26.0,29.83,0.0,31 | 87.8,18 | 64.4,53,26 | 16.16,29.83 | 1010,0.0 | 0.0
2018-05-20,30.0,19.0,56.0,26.0,29.85,0.7,30 | 86.0,19 | 66.2,56,26 | 16.16,29.85 | 1011,0.7 | 0.03
2018-05-21,30.0,19.0,58.0,19.0,29.88,1.8,30 | 86.0,19 | 66.2,58,19 | 11.81,29.88 | 1012,1.8 | 0.07
2018-05-22,30.0,19.0,57.0,18.0,29.91,0.7,30 | 86.0,19 | 66.2,57,18 | 11.18,29.91 | 1013,0.7 | 0.03
2018-05-23,31.0,18.0,52.0,25.0,29.91,0.0,31 | 87.8,18 | 64.4,52,25 | 15.53,29.91 | 1013,0.0 | 0.0
2018-05-24,31.0,18.0,52.0,26.0,29.88,0.0,31 | 87.8,18 | 64.4,52,26 | 16.16,29.88 | 1012,0.0 | 0.0
2018-05-25,30.0,19.0,55.0,23.0,29.85,0.0,30 | 86.0,19 | 66.2,55,23 | 14.29,29.85 | 1011,0.0 | 0.0
2018-05-26,30.0,20.0,58.0,22.0,29.88,0.3,30 | 86.0,20 | 68.0,58,22 | 13.67,29.88 | 1012,0.3 | 0.01
2018-05-27,30.0,19.0,56.0,25.0,29.91,0.0,30 | 86.0,19 | 66.2,56,25 | 15.53,29.91 | 1013,0.0 | 0.0
2018-05-28,31.0,17.0,50.0,25.0,29.91,0.1,31 | 87.8,17 | 62.6,50,25 | 15.53,29.91 | 1013,0.1 | 0.0
2018-05-29,31.0,17.0,48.0,24.0,29.91,0.0,31 | 87.8,17 | 62.6,48,24 | 14.91,29.91 | 1013,0.0 | 0.0
2018-05-30,31.0,18.0,51.0,24.0,29.88,0.0,31 | 87.8,18 | 64.4,51,24 | 14.91,29.88 | 1012,0.0 | 0.0
2018-05-31,31.0,20.0,56.0,26.0,29.91,0.0,31 | 87.8,20 | 68.0,56,26 | 16.16,29.91 | 1013,0.0 | 0.0
2018-06-01,30.0,19.0,56.0,25.0,29.91,0.0,30 | 86.0,19 | 66.2,56,25 | 15.53,29.91 | 1013,0.0 | 0.0
2018-06-02,30.0,19.0,54.0,24.0,29.91,0.0,30 | 86.0,19 | 66.2,54,24 | 14.91,29.91 | 1013,0.0 | 0.0
2018-06-03,30.0,18.0,53.0,25.0,29.91,0.0,30 | 86.0,18 | 64.4,53,25 | 15.53,29.91 | 1013,0.0 | 0.0
2018-06-04,29.0,18.0,55.0,26.0,29.85,0.0,29 | 84.2,18 | 64.4,55,26 | 16.16,29.85 | 1011,0.0 | 0.0
2018-06-05,29.0,18.0,54.0,25.0,29.88,0.0,29 | 84.2,18 | 64.4,54,25 | 15.53,29.88 | 1012,0.0 | 0.0
2018-06-06,30.0,17.0,48.0,30.0,29.94,0.0,30 | 86.0,17 | 62.6,48,30 | 18.64,29.94 | 1014,0.0 | 0.0
2018-06-07,29.0,18.0,54.0,28.0,29.97,0.3,29 | 84.2,18 | 64.4,54,28 | 17.4,29.97 | 1015,0.3 | 0.01
2018-06-08,29.0,18.0,54.0,26.0,29.97,0.1,29 | 84.2,18 | 64.4,54,26 | 16.16,29.97 | 1015,0.1 | 0.0
2018-06-09,29.0,17.0,51.0,25.0,29.97,0.0,29 | 84.2,17 | 62.6,51,25 | 15.53,29.97 | 1015,0.0 | 0.0
2018-06-10,30.0,17.0,49.0,26.0,29.94,0.0,30 | 86.0,17 | 62.6,49,26 | 16.16,29.94 | 1014,0.0 | 0.0
2018-06-11,31.0,16.0,45.0,28.0,29.97,0.0,31 | 87.8,16 | 60.8,45,28 | 17.4,29.97 | 1015,0.0 | 0.0
2018-06-12,30.0,19.0,54.0,28.0,29.97,0.0,30 | 86.0,19 | 66.2,54,28 | 17.4,29.97 | 1015,0.0 | 0.0
2018-06-13,30.0,17.0,51.0,29.0,29.94,0.0,30 | 86.0,17 | 62.6,51,29 | 18.02,29.94 | 1014,0.0 | 0.0
2018-06-14,29.0,17.0,52.0,25.0,29.97,0.0,29 | 84.2,17 | 62.6,52,25 | 15.53,29.97 | 1015,0.0 | 0.0
2018-06-15,30.0,16.0,47.0,24.0,29.94,0.0,30 | 86.0,16 | 60.8,47,24 | 14.91,29.94 | 1014,0.0 | 0.0
2018-06-16,30.0,17.0,49.0,26.0,29.94,0.0,30 | 86.0,17 | 62.6,49,26 | 16.16,29.94 | 1014,0.0 | 0.0
2018-06-17,30.0,17.0,50.0,25.0,29.94,0.0,30 | 86.0,17 | 62.6,50,25 | 15.53,29.94 | 1014,0.0 | 0.0
2018-06-18,30.0,17.0,49.0,24.0,29.91,0.0,30 | 86.0,17 | 62.6,49,24 | 14.91,29.91 | 1013,0.0 | 0.0
2018-06-19,29.0,17.0,52.0,23.0,29.91,0.0,29 | 84.2,17 | 62.6,52,23 | 14.29,29.91 | 1013,0.0 | 0.0
2018-06-20,31.0,15.0,44.0,23.0,29.94,0.0,31 | 87.8,15 | 59.0,44,23 | 14.29,29.94 | 1014,0.0 | 0.0
2018-06-21,31.0,17.0,49.0,26.0,29.94,0.0,31 | 87.8,17 | 62.6,49,26 | 16.16,29.94 | 1014,0.0 | 0.0
2018-06-22,32.0,16.0,44.0,27.0,29.91,0.0,32 | 89.6,16 | 60.8,44,27 | 16.78,29.91 | 1013,0.0 | 0.0
2018-06-23,30.0,17.0,50.0,30.0,29.91,0.0,30 | 86.0,17 | 62.6,50,30 | 18.64,29.91 | 1013,0.0 | 0.0
2018-06-24,30.0,16.0,44.0,28.0,29.88,0.0,30 | 86.0,16 | 60.8,44,28 | 17.4,29.88 | 1012,0.0 | 0.0
2018-06-25,30.0,17.0,49.0,28.0,29.91,0.0,30 | 86.0,17 | 62.6,49,28 | 17.4,29.91 | 1013,0.0 | 0.0
2018-06-26,29.0,17.0,51.0,27.0,29.91,0.1,29 | 84.2,17 | 62.6,51,27 | 16.78,29.91 | 1013,0.1 | 0.0
2018-06-27,30.0,16.0,46.0,25.0,29.91,0.0,30 | 86.0,16 | 60.8,46,25 | 15.53,29.91 | 1013,0.0 | 0.0
2018-06-28,31.0,15.0,43.0,27.0,29.85,0.0,31 | 87.8,15 | 59.0,43,27 | 16.78,29.85 | 1011,0.0 | 0.0
2018-06-29,30.0,17.0,48.0,30.0,29.85,0.0,30 | 86.0,17 | 62.6,48,30 | 18.64,29.85 | 1011,0.0 | 0.0
2018-06-30,30.0,17.0,51.0,26.0,29.88,0.0,30 | 86.0,17 | 62.6,51,26 | 16.16,29.88 | 1012,0.0 | 0.0
2018-07-01,30.0,17.0,51.0,26.0,29.88,0.0,30 | 86.0,17 | 62.6,51,26 | 16.16,29.88 | 1012,0.0 | 0.0
2018-07-02,29.0,16.0,48.0,25.0,29.91,0.0,29 | 84.2,16 | 60.8,48,25 | 15.53,29.91 | 1013,0.0 | 0.0
2018-07-03,29.0,17.0,53.0,25.0,29.94,0.0,29 | 84.2,17 | 62.6,53,25 | 15.53,29.94 | 1014,0.0 | 0.0
2018-07-04,28.0,17.0,54.0,25.0,29.97,0.1,28 | 82.4,17 | 62.6,54,25 | 15.53,29.97 | 1015,0.1 | 0.0
2018-07-05,28.0,16.0,50.0,28.0,29.97,0.1,28 | 82.4,16 | 60.8,50,28 | 17.4,29.97 | 1015,0.1 | 0.0
2018-07-06,30.0,15.0,46.0,31.0,29.97,0.0,30 | 86.0,15 | 59.0,46,31 | 19.26,29.97 | 1015,0.0 | 0.0
2018-07-07,30.0,16.0,46.0,32.0,29.97,0.0,30 | 86.0,16 | 60.8,46,32 | 19.88,29.97 | 1015,0.0 | 0.0
2018-07-08,30.0,15.0,45.0,31.0,29.97,0.0,30 | 86.0,15 | 59.0,45,31 | 19.26,29.97 | 1015,0.0 | 0.0
2018-07-09,30.0,16.0,48.0,32.0,29.97,0.0,30 | 86.0,16 | 60.8,48,32 | 19.88,29.97 | 1015,0.0 | 0.0
2018-07-10,29.0,16.0,49.0,29.0,29.97,0.0,29 | 84.2,16 | 60.8,49,29 | 18.02,29.97 | 1015,0.0 | 0.0
2018-07-11,29.0,16.0,47.0,28.0,30.0,0.0,29 | 84.2,16 | 60.8,47,28 | 17.4,30.0 | 1016,0.0 | 0.0
2018-07-12,30.0,14.0,42.0,30.0,29.97,0.0,30 | 86.0,14 | 57.2,42,30 | 18.64,29.97 | 1015,0.0 | 0.0
2018-07-13,30.0,15.0,44.0,31.0,29.94,0.0,30 | 86.0,15 | 59.0,44,31 | 19.26,29.94 | 1014,0.0 | 0.0
2018-07-14,30.0,14.0,40.0,29.0,29.94,0.0,30 | 86.0,14 | 57.2,40,29 | 18.02,29.94 | 1014,0.0 | 0.0
2018-07-15,29.0,16.0,50.0,30.0,29.97,0.0,29 | 84.2,16 | 60.8,50,30 | 18.64,29.97 | 1015,0.0 | 0.0
2018-07-16,29.0,15.0,45.0,32.0,29.97,0.0,29 | 84.2,15 | 59.0,45,32 | 19.88,29.97 | 1015,0.0 | 0.0
2018-07-17,30.0,14.0,41.0,30.0,29.97,0.0,30 | 86.0,14 | 57.2,41,30 | 18.64,29.97 | 1015,0.0 | 0.0
2018-07-18,30.0,14.0,41.0,34.0,29.94,0.0,30 | 86.0,14 | 57.2,41,34 | 21.13,29.94 | 1014,0.0 | 0.0
2018-07-19,28.0,15.0,47.0,34.0,29.97,0.0,28 | 82.4,15 | 59.0,47,34 | 21.13,29.97 | 1015,0.0 | 0.0
2018-07-20,29.0,16.0,48.0,29.0,29.97,0.0,29 | 84.2,16 | 60.8,48,29 | 18.02,29.97 | 1015,0.0 | 0.0
2018-07-21,29.0,16.0,48.0,30.0,30.0,0.0,29 | 84.2,16 | 60.8,48,30 | 18.64,30.0 | 1016,0.0 | 0.0
2018-07-22,29.0,15.0,47.0,27.0,30.0,0.0,29 | 84.2,15 | 59.0,47,27 | 16.78,30.0 | 1016,0.0 | 0.0
2018-07-23,29.0,15.0,46.0,30.0,30.0,0.0,29 | 84.2,15 | 59.0,46,30 | 18.64,30.0 | 1016,0.0 | 0.0
2018-07-24,28.0,16.0,49.0,29.0,29.97,0.0,28 | 82.4,16 | 60.8,49,29 | 18.02,29.97 | 1015,0.0 | 0.0
2018-07-25,29.0,14.0,45.0,28.0,29.97,0.0,29 | 84.2,14 | 57.2,45,28 | 17.4,29.97 | 1015,0.0 | 0.0
2018-07-26,29.0,15.0,44.0,29.0,29.97,0.0,29 | 84.2,15 | 59.0,44,29 | 18.02,29.97 | 1015,0.0 | 0.0
2018-07-27,31.0,14.0,42.0,26.0,29.97,0.0,31 | 87.8,14 | 57.2,42,26 | 16.16,29.97 | 1015,0.0 | 0.0
2018-07-28,31.0,16.0,44.0,30.0,29.94,0.0,31 | 87.8,16 | 60.8,44,30 | 18.64,29.94 | 1014,0.0 | 0.0
2018-07-29,30.0,17.0,50.0,28.0,29.94,0.0,30 | 86.0,17 | 62.6,50,28 | 17.4,29.94 | 1014,0.0 | 0.0
2018-07-30,30.0,16.0,47.0,25.0,29.91,0.0,30 | 86.0,16 | 60.8,47,25 | 15.53,29.91 | 1013,0.0 | 0.0
2018-07-31,31.0,16.0,44.0,25.0,29.88,0.0,31 | 87.8,16 | 60.8,44,25 | 15.53,29.88 | 1012,0.0 | 0.0
2018-08-01,31.0,16.0,46.0,27.0,29.88,0.0,31 | 87.8,16 | 60.8,46,27 | 16.78,29.88 | 1012,0.0 | 0.0
2018-08-02,31.0,15.0,43.0,26.0,29.88,0.0,31 | 87.8,15 | 59.0,43,26 | 16.16,29.88 | 1012,0.0 | 0.0
2018-08-03,31.0,14.0,41.0,29.0,29.91,0.0,31 | 87.8,14 | 57.2,41,29 | 18.02,29.91 | 1013,0.0 | 0.0
2018-08-04,31.0,15.0,42.0,28.0,29.94,0.0,31 | 87.8,15 | 59.0,42,28 | 17.4,29.94 | 1014,0.0 | 0.0
2018-08-05,30.0,16.0,47.0,27.0,30.0,0.0,30 | 86.0,16 | 60.8,47,27 | 16.78,30.0 | 1016,0.0 | 0.0
2018-08-06,30.0,15.0,46.0,24.0,30.0,0.0,30 | 86.0,15 | 59.0,46,24 | 14.91,30.0 | 1016,0.0 | 0.0
2018-08-07,31.0,14.0,41.0,24.0,29.97,0.0,31 | 87.8,14 | 57.2,41,24 | 14.91,29.97 | 1015,0.0 | 0.0
2018-08-08,32.0,15.0,43.0,30.0,29.91,0.0,32 | 89.6,15 | 59.0,43,30 | 18.64,29.91 | 1013,0.0 | 0.0
2018-08-09,30.0,16.0,48.0,30.0,29.94,0.0,30 | 86.0,16 | 60.8,48,30 | 18.64,29.94 | 1014,0.0 | 0.0
2018-08-10,27.0,15.0,50.0,25.0,29.97,0.8,27 | 80.6,15 | 59.0,50,25 | 15.53,29.97 | 1015,0.8 | 0.03
2018-08-11,29.0,15.0,46.0,28.0,30.0,0.0,29 | 84.2,15 | 59.0,46,28 | 17.4,30.0 | 1016,0.0 | 0.0
2018-08-12,29.0,16.0,49.0,24.0,30.0,0.0,29 | 84.2,16 | 60.8,49,24 | 14.91,30.0 | 1016,0.0 | 0.0
2018-08-13,30.0,14.0,44.0,33.0,29.97,0.0,30 | 86.0,14 | 57.2,44,33 | 20.51,29.97 | 1015,0.0 | 0.0
2018-08-14,30.0,15.0,45.0,29.0,29.97,0.0,30 | 86.0,15 | 59.0,45,29 | 18.02,29.97 | 1015,0.0 | 0.0
2018-08-15,28.0,16.0,52.0,30.0,30.0,0.2,28 | 82.4,16 | 60.8,52,30 | 18.64,30.0 | 1016,0.2 | 0.01
2018-08-16,29.0,15.0,47.0,29.0,29.97,0.0,29 | 84.2,15 | 59.0,47,29 | 18.02,29.97 | 1015,0.0 | 0.0
2018-08-17,29.0,16.0,49.0,29.0,29.97,0.0,29 | 84.2,16 | 60.8,49,29 | 18.02,29.97 | 1015,0.0 | 0.0
2018-08-18,30.0,15.0,44.0,29.0,29.91,0.0,30 | 86.0,15 | 59.0,44,29 | 18.02,29.91 | 1013,0.0 | 0.0
2018-08-19,30.0,14.0,43.0,29.0,29.91,0.0,30 | 86.0,14 | 57.2,43,29 | 18.02,29.91 | 1013,0.0 | 0.0
2018-08-20,29.0,16.0,47.0,31.0,29.94,0.0,29 | 84.2,16 | 60.8,47,31 | 19.26,29.94 | 1014,0.0 | 0.0
2018-08-21,29.0,16.0,49.0,30.0,29.94,0.0,29 | 84.2,16 | 60.8,49,30 | 18.64,29.94 | 1014,0.0 | 0.0
2018-08-22,29.0,15.0,46.0,27.0,29.94,0.0,29 | 84.2,15 | 59.0,46,27 | 16.78,29.94 | 1014,0.0 | 0.0
2018-08-23,30.0,14.0,41.0,29.0,29.88,0.0,30 | 86.0,14 | 57.2,41,29 | 18.02,29.88 | 1012,0.0 | 0.0
2018-08-24,30.0,15.0,44.0,29.0,29.88,0.0,30 | 86.0,15 | 59.0,44,29 | 18.02,29.88 | 1012,0.0 | 0.0
2018-08-25,31.0,15.0,42.0,30.0,29.91,0.0,31 | 87.8,15 | 59.0,42,30 | 18.64,29.91 | 1013,0.0 | 0.0
2018-08-26,30.0,17.0,49.0,28.0,29.91,0.0,30 | 86.0,17 | 62.6,49,28 | 17.4,29.91 | 1013,0.0 | 0.0
2018-08-27,31.0,15.0,41.0,27.0,29.88,0.0,31 | 87.8,15 | 59.0,41,27 | 16.78,29.88 | 1012,0.0 | 0.0
2018-08-28,31.0,15.0,41.0,31.0,29.85,0.0,31 | 87.8,15 | 59.0,41,31 | 19.26,29.85 | 1011,0.0 | 0.0
2018-08-29,30.0,15.0,43.0,33.0,29.88,0.0,30 | 86.0,15 | 59.0,43,33 | 20.51,29.88 | 1012,0.0 | 0.0
2018-08-30,29.0,15.0,47.0,29.0,29.91,0.0,29 | 84.2,15 | 59.0,47,29 | 18.02,29.91 | 1013,0.0 | 0.0
2018-08-31,30.0,13.0,41.0,26.0,29.88,0.0,30 | 86.0,13 | 55.4,41,26 | 16.16,29.88 | 1012,0.0 | 0.0
2018-09-01,31.0,14.0,41.0,30.0,29.88,0.0,31 | 87.8,14 | 57.2,41,30 | 18.64,29.88 | 1012,0.0 | 0.0
2018-09-02,31.0,14.0,40.0,29.0,29.88,0.0,31 | 87.8,14 | 57.2,40,29 | 18.02,29.88 | 1012,0.0 | 0.0
2018-09-03,31.0,14.0,40.0,28.0,29.85,0.0,31 | 87.8,14 | 57.2,40,28 | 17.4,29.85 | 1011,0.0 | 0.0
2018-09-04,31.0,16.0,46.0,26.0,29.88,0.0,31 | 87.8,16 | 60.8,46,26 | 16.16,29.88 | 1012,0.0 | 0.0
2018-09-05,30.0,16.0,45.0,21.0,29.94,0.0,30 | 86.0,16 | 60.8,45,21 | 13.05,29.94 | 1014,0.0 | 0.0
2018-09-06,31.0,16.0,45.0,26.0,29.91,0.0,31 | 87.8,16 | 60.8,45,26 | 16.16,29.91 | 1013,0.0 | 0.0
2018-09-07,31.0,15.0,42.0,26.0,29.91,0.2,31 | 87.8,15 | 59.0,42,26 | 16.16,29.91 | 1013,0.2 | 0.01
2018-09-08,32.0,13.0,38.0,23.0,29.88,0.0,32 | 89.6,13 | 55.4,38,23 | 14.29,29.88 | 1012,0.0 | 0.0
2018-09-09,33.0,16.0,41.0,27.0,29.88,0.0,33 | 91.4,16 | 60.8,41,27 | 16.78,29.88 | 1012,0.0 | 0.0
2018-09-10,32.0,17.0,46.0,26.0,29.88,0.0,32 | 89.6,17 | 62.6,46,26 | 16.16,29.88 | 1012,0.0 | 0.0
2018-09-11,31.0,15.0,43.0,27.0,29.91,0.0,31 | 87.8,15 | 59.0,43,27 | 16.78,29.91 | 1013,0.0 | 0.0
2018-09-12,32.0,15.0,41.0,24.0,29.91,0.0,32 | 89.6,15 | 59.0,41,24 | 14.91,29.91 | 1013,0.0 | 0.0
2018-09-13,32.0,17.0,44.0,23.0,29.88,0.0,32 | 89.6,17 | 62.6,44,23 | 14.29,29.88 | 1012,0.0 | 0.0
2018-09-14,32.0,17.0,45.0,26.0,29.88,0.4,32 | 89.6,17 | 62.6,45,26 | 16.16,29.88 | 1012,0.4 | 0.02
2018-09-15,32.0,15.0,42.0,25.0,29.88,0.0,32 | 89.6,15 | 59.0,42,25 | 15.53,29.88 | 1012,0.0 | 0.0
2018-09-16,32.0,14.0,37.0,25.0,29.85,0.0,32 | 89.6,14 | 57.2,37,25 | 15.53,29.85 | 1011,0.0 | 0.0
2018-09-17,31.0,13.0,37.0,26.0,29.85,0.0,31 | 87.8,13 | 55.4,37,26 | 16.16,29.85 | 1011,0.0 | 0.0
2018-09-18,31.0,14.0,39.0,26.0,29.88,0.0,31 | 87.8,14 | 57.2,39,26 | 16.16,29.88 | 1012,0.0 | 0.0
2018-09-19,32.0,14.0,39.0,23.0,29.88,0.0,32 | 89.6,14 | 57.2,39,23 | 14.29,29.88 | 1012,0.0 | 0.0
2018-09-20,32.0,13.0,37.0,26.0,29.85,0.0,32 | 89.6,13 | 55.4,37,26 | 16.16,29.85 | 1011,0.0 | 0.0
2018-09-21,31.0,16.0,44.0,27.0,29.85,0.0,31 | 87.8,16 | 60.8,44,27 | 16.78,29.85 | 1011,0.0 | 0.0
2018-09-22,31.0,16.0,43.0,21.0,29.88,0.0,31 | 87.8,16 | 60.8,43,21 | 13.05,29.88 | 1012,0.0 | 0.0
2018-09-23,32.0,16.0,42.0,22.0,29.88,0.0,32 | 89.6,16 | 60.8,42,22 | 13.67,29.88 | 1012,0.0 | 0.0
2018-09-24,29.0,18.0,52.0,24.0,29.88,0.3,29 | 84.2,18 | 64.4,52,24 | 14.91,29.88 | 1012,0.3 | 0.01
2018-09-25,30.0,18.0,51.0,23.0,29.91,1.7,30 | 86.0,18 | 64.4,51,23 | 14.29,29.91 | 1013,1.7 | 0.07
2018-09-26,32.0,15.0,41.0,21.0,29.85,0.0,32 | 89.6,15 | 59.0,41,21 | 13.05,29.85 | 1011,0.0 | 0.0
2018-09-27,31.0,17.0,45.0,22.0,29.85,0.0,31 | 87.8,17 | 62.6,45,22 | 13.67,29.85 | 1011,0.0 | 0.0
2018-09-28,30.0,19.0,52.0,25.0,29.85,1.5,30 | 86.0,19 | 66.2,52,25 | 15.53,29.85 | 1011,1.5 | 0.06
2018-09-29,30.0,18.0,53.0,26.0,29.88,0.2,30 | 86.0,18 | 64.4,53,26 | 16.16,29.88 | 1012,0.2 | 0.01
2018-09-30,30.0,18.0,52.0,22.0,29.91,0.0,30 | 86.0,18 | 64.4,52,22 | 13.67,29.91 | 1013,0.0 | 0.0
2018-10-01,30.0,16.0,46.0,20.0,29.88,0.0,30 | 86.0,16 | 60.8,46,20 | 12.43,29.88 | 1012,0.0 | 0.0
2018-10-02,30.0,15.0,43.0,22.0,29.88,0.0,30 | 86.0,15 | 59.0,43,22 | 13.67,29.88 | 1012,0.0 | 0.0
2018-10-03,31.0,16.0,43.0,20.0,29.88,0.0,31 | 87.8,16 | 60.8,43,20 | 12.43,29.88 | 1012,0.0 | 0.0
2018-10-04,31.0,16.0,43.0,18.0,29.88,0.0,31 | 87.8,16 | 60.8,43,18 | 11.18,29.88 | 1012,0.0 | 0.0
2018-10-05,31.0,16.0,42.0,20.0,29.88,0.0,31 | 87.8,16 | 60.8,42,20 | 12.43,29.88 | 1012,0.0 | 0.0
2018-10-06,30.0,17.0,48.0,25.0,29.88,0.0,30 | 86.0,17 | 62.6,48,25 | 15.53,29.88 | 1012,0.0 | 0.0
2018-10-07,30.0,17.0,49.0,19.0,29.85,0.0,30 | 86.0,17 | 62.6,49,19 | 11.81,29.85 | 1011,0.0 | 0.0
2018-10-08,31.0,17.0,47.0,20.0,29.85,0.0,31 | 87.8,17 | 62.6,47,20 | 12.43,29.85 | 1011,0.0 | 0.0
2018-10-09,31.0,17.0,45.0,24.0,29.83,0.0,31 | 87.8,17 | 62.6,45,24 | 14.91,29.83 | 1010,0.0 | 0.0
2018-10-10,31.0,17.0,47.0,22.0,29.85,0.4,31 | 87.8,17 | 62.6,47,22 | 13.67,29.85 | 1011,0.4 | 0.02
2018-10-11,32.0,16.0,43.0,20.0,29.85,0.0,32 | 89.6,16 | 60.8,43,20 | 12.43,29.85 | 1011,0.0 | 0.0
2018-10-12,32.0,16.0,40.0,21.0,29.83,0.0,32 | 89.6,16 | 60.8,40,21 | 13.05,29.83 | 1010,0.0 | 0.0
2018-10-13,32.0,17.0,45.0,21.0,29.83,0.0,32 | 89.6,17 | 62.6,45,21 | 13.05,29.83 | 1010,0.0 | 0.0
2018-10-14,31.0,18.0,49.0,22.0,29.85,0.0,31 | 87.8,18 | 64.4,49,22 | 13.67,29.85 | 1011,0.0 | 0.0
2018-10-15,31.0,18.0,49.0,18.0,29.85,0.0,31 | 87.8,18 | 64.4,49,18 | 11.18,29.85 | 1011,0.0 | 0.0
2018-10-16,32.0,18.0,47.0,18.0,29.88,0.0,32 | 89.6,18 | 64.4,47,18 | 11.18,29.88 | 1012,0.0 | 0.0
2018-10-17,31.0,19.0,52.0,18.0,29.85,7.2,31 | 87.8,19 | 66.2,52,18 | 11.18,29.85 | 1011,7.2 | 0.28
2018-10-18,31.0,18.0,50.0,18.0,29.83,0.6,31 | 87.8,18 | 64.4,50,18 | 11.18,29.83 | 1010,0.6 | 0.02
2018-10-19,31.0,17.0,45.0,15.0,29.85,0.0,31 | 87.8,17 | 62.6,45,15 | 9.32,29.85 | 1011,0.0 | 0.0
2018-10-20,31.0,16.0,42.0,13.0,29.88,0.0,31 | 87.8,16 | 60.8,42,13 | 8.08,29.88 | 1012,0.0 | 0.0
2018-10-21,32.0,16.0,41.0,15.0,29.88,0.0,32 | 89.6,16 | 60.8,41,15 | 9.32,29.88 | 1012,0.0 | 0.0
2018-10-22,31.0,18.0,48.0,22.0,29.91,1.2,31 | 87.8,18 | 64.4,48,22 | 13.67,29.91 | 1013,1.2 | 0.05
2018-10-23,30.0,19.0,54.0,24.0,29.94,11.3,30 | 86.0,19 | 66.2,54,24 | 14.91,29.94 | 1014,11.3 | 0.44
2018-10-24,30.0,18.0,50.0,17.0,29.91,0.0,30 | 86.0,18 | 64.4,50,17 | 10.56,29.91 | 1013,0.0 | 0.0
2018-10-25,31.0,18.0,49.0,13.0,29.88,3.5,31 | 87.8,18 | 64.4,49,13 | 8.08,29.88 | 1012,3.5 | 0.14
2018-10-26,30.0,20.0,55.0,20.0,29.91,9.4,30 | 86.0,20 | 68.0,55,20 | 12.43,29.91 | 1013,9.4 | 0.37
2018-10-27,30.0,19.0,57.0,15.0,29.94,37.0,30 | 86.0,19 | 66.2,57,15 | 9.32,29.94 | 1014,37.0 | 1.46
2018-10-28,31.0,19.0,52.0,13.0,29.91,6.8,31 | 87.8,19 | 66.2,52,13 | 8.08,29.91 | 1013,6.8 | 0.27
2018-10-29,31.0,18.0,49.0,12.0,29.88,1.3,31 | 87.8,18 | 64.4,49,12 | 7.46,29.88 | 1012,1.3 | 0.05
2018-10-30,30.0,18.0,51.0,13.0,29.85,0.4,30 | 86.0,18 | 64.4,51,13 | 8.08,29.85 | 1011,0.4 | 0.02
2018-10-31,30.0,19.0,52.0,14.0,29.85,0.3,30 | 86.0,19 | 66.2,52,14 | 8.7,29.85 | 1011,0.3 | 0.01
2018-11-01,31.0,17.0,47.0,17.0,29.85,0.3,31 | 87.8,17 | 62.6,47,17 | 10.56,29.85 | 1011,0.3 | 0.01
2018-11-02,31.0,17.0,45.0,13.0,29.85,0.0,31 | 87.8,17 | 62.6,45,13 | 8.08,29.85 | 1011,0.0 | 0.0
2018-11-03,31.0,17.0,44.0,12.0,29.85,0.0,31 | 87.8,17 | 62.6,44,12 | 7.46,29.85 | 1011,0.0 | 0.0
2018-11-04,31.0,19.0,51.0,16.0,29.85,2.4,31 | 87.8,19 | 66.2,51,16 | 9.94,29.85 | 1011,2.4 | 0.09
2018-11-05,31.0,19.0,52.0,16.0,29.85,1.2,31 | 87.8,19 | 66.2,52,16 | 9.94,29.85 | 1011,1.2 | 0.05
2018-11-06,31.0,19.0,50.0,11.0,29.85,0.0,31 | 87.8,19 | 66.2,50,11 | 6.84,29.85 | 1011,0.0 | 0.0
2018-11-07,31.0,19.0,51.0,13.0,29.88,5.4,31 | 87.8,19 | 66.2,51,13 | 8.08,29.88 | 1012,5.4 | 0.21
2018-11-08,31.0,19.0,50.0,12.0,29.85,8.6,31 | 87.8,19 | 66.2,50,12 | 7.46,29.85 | 1011,8.6 | 0.34
2018-11-09,30.0,19.0,53.0,14.0,29.85,22.1,30 | 86.0,19 | 66.2,53,14 | 8.7,29.85 | 1011,22.1 | 0.87
2018-11-10,30.0,20.0,56.0,14.0,29.85,6.8,30 | 86.0,20 | 68.0,56,14 | 8.7,29.85 | 1011,6.8 | 0.27
2018-11-11,30.0,20.0,57.0,15.0,29.88,8.7,30 | 86.0,20 | 68.0,57,15 | 9.32,29.88 | 1012,8.7 | 0.34
2018-11-12,30.0,19.0,55.0,14.0,29.88,0.4,30 | 86.0,19 | 66.2,55,14 | 8.7,29.88 | 1012,0.4 | 0.02
2018-11-13,31.0,19.0,52.0,16.0,29.85,0.0,31 | 87.8,19 | 66.2,52,16 | 9.94,29.85 | 1011,0.0 | 0.0
2018-11-14,30.0,19.0,54.0,15.0,29.83,1.7,30 | 86.0,19 | 66.2,54,15 | 9.32,29.83 | 1010,1.7 | 0.07
2018-11-15,31.0,19.0,51.0,14.0,29.83,0.0,31 | 87.8,19 | 66.2,51,14 | 8.7,29.83 | 1010,0.0 | 0.0
2018-11-16,31.0,19.0,51.0,13.0,29.85,2.2,31 | 87.8,19 | 66.2,51,13 | 8.08,29.85 | 1011,2.2 | 0.09
2018-11-17,30.0,20.0,56.0,9.0,29.91,31.2,30 | 86.0,20 | 68.0,56,9 | 5.59,29.91 | 1013,31.2 | 1.23
2018-11-18,30.0,19.0,52.0,9.0,29.88,5.7,30 | 86.0,19 | 66.2,52,9 | 5.59,29.88 | 1012,5.7 | 0.22
2018-11-19,31.0,18.0,49.0,13.0,29.88,1.5,31 | 87.8,18 | 64.4,49,13 | 8.08,29.88 | 1012,1.5 | 0.06
2018-11-20,30.0,16.0,45.0,12.0,29.88,0.0,30 | 86.0,16 | 60.8,45,12 | 7.46,29.88 | 1012,0.0 | 0.0
2018-11-21,30.0,14.0,39.0,11.0,29.88,0.0,30 | 86.0,14 | 57.2,39,11 | 6.84,29.88 | 1012,0.0 | 0.0
2018-11-22,31.0,13.0,38.0,13.0,29.85,0.0,31 | 87.8,13 | 55.4,38,13 | 8.08,29.85 | 1011,0.0 | 0.0
2018-11-23,30.0,17.0,46.0,13.0,29.88,0.0,30 | 86.0,17 | 62.6,46,13 | 8.08,29.88 | 1012,0.0 | 0.0
2018-11-24,31.0,19.0,51.0,12.0,29.88,0.5,31 | 87.8,19 | 66.2,51,12 | 7.46,29.88 | 1012,0.5 | 0.02
2018-11-25,30.0,19.0,53.0,18.0,29.91,1.5,30 | 86.0,19 | 66.2,53,18 | 11.18,29.91 | 1013,1.5 | 0.06
2018-11-26,31.0,19.0,51.0,13.0,29.85,0.0,31 | 87.8,19 | 66.2,51,13 | 8.08,29.85 | 1011,0.0 | 0.0
2018-11-27,31.0,19.0,50.0,14.0,29.85,0.1,31 | 87.8,19 | 66.2,50,14 | 8.7,29.85 | 1011,0.1 | 0.0
2018-11-28,31.0,19.0,51.0,18.0,29.85,0.0,31 | 87.8,19 | 66.2,51,18 | 11.18,29.85 | 1011,0.0 | 0.0
2018-11-29,32.0,15.0,41.0,21.0,29.88,0.0,32 | 89.6,15 | 59.0,41,21 | 13.05,29.88 | 1012,0.0 | 0.0
2018-11-30,32.0,16.0,40.0,20.0,29.85,0.0,32 | 89.6,16 | 60.8,40,20 | 12.43,29.85 | 1011,0.0 | 0.0
2018-12-01,31.0,18.0,47.0,17.0,29.83,0.5,31 | 87.8,18 | 64.4,47,17 | 10.56,29.83 | 1010,0.5 | 0.02
2018-12-02,31.0,19.0,54.0,18.0,29.83,3.5,31 | 87.8,19 | 66.2,54,18 | 11.18,29.83 | 1010,3.5 | 0.14
2018-12-03,30.0,20.0,57.0,13.0,29.8,24.6,30 | 86.0,20 | 68.0,57,13 | 8.08,29.8 | 1009,24.6 | 0.97
2018-12-04,31.0,17.0,47.0,13.0,29.83,0.1,31 | 87.8,17 | 62.6,47,13 | 8.08,29.83 | 1010,0.1 | 0.0
2018-12-05,32.0,16.0,42.0,12.0,29.83,0.0,32 | 89.6,16 | 60.8,42,12 | 7.46,29.83 | 1010,0.0 | 0.0
2018-12-06,31.0,19.0,50.0,12.0,29.83,0.6,31 | 87.8,19 | 66.2,50,12 | 7.46,29.83 | 1010,0.6 | 0.02
2018-12-07,32.0,18.0,46.0,14.0,29.8,0.0,32 | 89.6,18 | 64.4,46,14 | 8.7,29.8 | 1009,0.0 | 0.0
2018-12-08,31.0,19.0,51.0,14.0,29.83,0.0,31 | 87.8,19 | 66.2,51,14 | 8.7,29.83 | 1010,0.0 | 0.0
2018-12-09,31.0,19.0,48.0,11.0,29.85,0.0,31 | 87.8,19 | 66.2,48,11 | 6.84,29.85 | 1011,0.0 | 0.0
2018-12-10,31.0,17.0,45.0,11.0,29.88,0.0,31 | 87.8,17 | 62.6,45,11 | 6.84,29.88 | 1012,0.0 | 0.0
2018-12-11,31.0,17.0,45.0,13.0,29.88,0.0,31 | 87.8,17 | 62.6,45,13 | 8.08,29.88 | 1012,0.0 | 0.0
2018-12-12,32.0,17.0,43.0,13.0,29.91,0.0,32 | 89.6,17 | 62.6,43,13 | 8.08,29.91 | 1013,0.0 | 0.0
2018-12-13,32.0,18.0,46.0,14.0,29.91,0.0,32 | 89.6,18 | 64.4,46,14 | 8.7,29.91 | 1013,0.0 | 0.0
2018-12-14,31.0,16.0,43.0,14.0,29.91,0.0,31 | 87.8,16 | 60.8,43,14 | 8.7,29.91 | 1013,0.0 | 0.0
2018-12-15,32.0,12.0,33.0,14.0,29.91,0.0,32 | 89.6,12 | 53.6,33,14 | 8.7,29.91 | 1013,0.0 | 0.0
2018-12-16,31.0,12.0,32.0,11.0,29.91,0.0,31 | 87.8,12 | 53.6,32,11 | 6.84,29.91 | 1013,0.0 | 0.0
2018-12-17,31.0,11.0,29.0,15.0,29.91,0.0,31 | 87.8,11 | 51.8,29,15 | 9.32,29.91 | 1013,0.0 | 0.0
2018-12-18,32.0,8.0,25.0,16.0,29.88,0.0,32 | 89.6,8 | 46.4,25,16 | 9.94,29.88 | 1012,0.0 | 0.0
2018-12-19,32.0,5.0,21.0,16.0,29.88,0.0,32 | 89.6,5 | 41.0,21,16 | 9.94,29.88 | 1012,0.0 | 0.0
2018-12-20,31.0,11.0,32.0,15.0,29.88,0.0,31 | 87.8,11 | 51.8,32,15 | 9.32,29.88 | 1012,0.0 | 0.0
2018-12-21,31.0,15.0,39.0,14.0,29.85,0.0,31 | 87.8,15 | 59.0,39,14 | 8.7,29.85 | 1011,0.0 | 0.0
2018-12-22,32.0,13.0,36.0,17.0,29.83,0.0,32 | 89.6,13 | 55.4,36,17 | 10.56,29.83 | 1010,0.0 | 0.0
2018-12-23,32.0,10.0,27.0,18.0,29.83,0.0,32 | 89.6,10 | 50.0,27,18 | 11.18,29.83 | 1010,0.0 | 0.0
2018-12-24,32.0,13.0,33.0,17.0,29.85,0.0,32 | 89.6,13 | 55.4,33,17 | 10.56,29.85 | 1011,0.0 | 0.0
2018-12-25,31.0,10.0,29.0,19.0,29.88,0.0,31 | 87.8,10 | 50.0,29,19 | 11.81,29.88 | 1012,0.0 | 0.0
2018-12-26,32.0,12.0,33.0,17.0,29.88,1.3,32 | 89.6,12 | 53.6,33,17 | 10.56,29.88 | 1012,1.3 | 0.05
2018-12-27,31.0,16.0,41.0,15.0,29.88,0.0,31 | 87.8,16 | 60.8,41,15 | 9.32,29.88 | 1012,0.0 | 0.0
2018-12-28,32.0,18.0,46.0,14.0,29.83,0.2,32 | 89.6,18 | 64.4,46,14 | 8.7,29.83 | 1010,0.2 | 0.01
2018-12-29,32.0,17.0,45.0,12.0,29.85,0.0,32 | 89.6,17 | 62.6,45,12 | 7.46,29.85 | 1011,0.0 | 0.0
2018-12-30,31.0,17.0,46.0,13.0,29.88,0.4,31 | 87.8,17 | 62.6,46,13 | 8.08,29.88 | 1012,0.4 | 0.02
2018-12-31,31.0,15.0,40.0,15.0,29.91,0.0,31 | 87.8,15 | 59.0,40,15 | 9.32,29.91 | 1013,0.0 | 0.0
2019-01-01,32.0,13.0,34.0,15.0,29.91,0.0,32 | 89.6,13 | 55.4,34,15 | 9.32,29.91 | 1013,0.0 | 0.0
2019-01-02,33.0,14.0,33.0,15.0,29.88,0.0,33 | 91.4,14 | 57.2,33,15 | 9.32,29.88 | 1012,0.0 | 0.0
2019-01-03,33.0,16.0,37.0,23.0,29.88,0.0,33 | 91.4,16 | 60.8,37,23 | 14.29,29.88 | 1012,0.0 | 0.0
2019-01-04,32.0,13.0,32.0,26.0,29.91,0.0,32 | 89.6,13 | 55.4,32,26 | 16.16,29.91 | 1013,0.0 | 0.0
2019-01-05,32.0,9.0,28.0,20.0,29.91,0.0,32 | 89.6,9 | 48.2,28,20 | 12.43,29.91 | 1013,0.0 | 0.0
2019-01-06,31.0,7.0,24.0,19.0,29.88,0.0,31 | 87.8,7 | 44.6,24,19 | 11.81,29.88 | 1012,0.0 | 0.0
2019-01-07,32.0,9.0,26.0,18.0,29.85,0.0,32 | 89.6,9 | 48.2,26,18 | 11.18,29.85 | 1011,0.0 | 0.0
2019-01-08,32.0,7.0,23.0,20.0,29.85,0.0,32 | 89.6,7 | 44.6,23,20 | 12.43,29.85 | 1011,0.0 | 0.0
2019-01-09,31.0,9.0,26.0,19.0,29.85,0.0,31 | 87.8,9 | 48.2,26,19 | 11.81,29.85 | 1011,0.0 | 0.0
2019-01-10,32.0,11.0,31.0,18.0,29.85,0.0,32 | 89.6,11 | 51.8,31,18 | 11.18,29.85 | 1011,0.0 | 0.0
2019-01-11,32.0,9.0,26.0,22.0,29.85,0.0,32 | 89.6,9 | 48.2,26,22 | 13.67,29.85 | 1011,0.0 | 0.0
2019-01-12,31.0,6.0,23.0,25.0,29.85,0.0,31 | 87.8,6 | 42.8,23,25 | 15.53,29.85 | 1011,0.0 | 0.0
2019-01-13,31.0,9.0,27.0,20.0,29.85,0.0,31 | 87.8,9 | 48.2,27,20 | 12.43,29.85 | 1011,0.0 | 0.0
2019-01-14,32.0,7.0,22.0,16.0,29.85,0.0,32 | 89.6,7 | 44.6,22,16 | 9.94,29.85 | 1011,0.0 | 0.0
2019-01-15,32.0,6.0,22.0,15.0,29.88,0.0,32 | 89.6,6 | 42.8,22,15 | 9.32,29.88 | 1012,0.0 | 0.0
2019-01-16,31.0,13.0,36.0,14.0,29.85,0.0,31 | 87.8,13 | 55.4,36,14 | 8.7,29.85 | 1011,0.0 | 0.0
2019-01-17,31.0,13.0,35.0,14.0,29.85,0.0,31 | 87.8,13 | 55.4,35,14 | 8.7,29.85 | 1011,0.0 | 0.0
2019-01-18,32.0,11.0,30.0,17.0,29.83,0.0,32 | 89.6,11 | 51.8,30,17 | 10.56,29.83 | 1010,0.0 | 0.0
2019-01-19,32.0,11.0,29.0,16.0,29.85,0.0,32 | 89.6,11 | 51.8,29,16 | 9.94,29.85 | 1011,0.0 | 0.0
2019-01-20,33.0,10.0,27.0,18.0,29.88,0.0,33 | 91.4,10 | 50.0,27,18 | 11.18,29.88 | 1012,0.0 | 0.0
2019-01-21,32.0,10.0,28.0,18.0,29.88,0.0,32 | 89.6,10 | 50.0,28,18 | 11.18,29.88 | 1012,0.0 | 0.0
2019-01-22,32.0,9.0,27.0,20.0,29.85,0.0,32 | 89.6,9 | 48.2,27,20 | 12.43,29.85 | 1011,0.0 | 0.0
2019-01-23,31.0,11.0,30.0,16.0,29.85,0.0,31 | 87.8,11 | 51.8,30,16 | 9.94,29.85 | 1011,0.0 | 0.0
2019-01-24,32.0,11.0,30.0,18.0,29.88,0.0,32 | 89.6,11 | 51.8,30,18 | 11.18,29.88 | 1012,0.0 | 0.0
2019-01-25,33.0,9.0,25.0,18.0,29.85,0.0,33 | 91.4,9 | 48.2,25,18 | 11.18,29.85 | 1011,0.0 | 0.0
2019-01-26,32.0,12.0,33.0,17.0,29.88,0.0,32 | 89.6,12 | 53.6,33,17 | 10.56,29.88 | 1012,0.0 | 0.0
2019-01-27,32.0,13.0,34.0,22.0,29.88,0.0,32 | 89.6,13 | 55.4,34,22 | 13.67,29.88 | 1012,0.0 | 0.0
2019-01-28,31.0,10.0,27.0,22.0,29.88,0.0,31 | 87.8,10 | 50.0,27,22 | 13.67,29.88 | 1012,0.0 | 0.0
2019-01-29,31.0,12.0,33.0,17.0,29.91,0.0,31 | 87.8,12 | 53.6,33,17 | 10.56,29.91 | 1013,0.0 | 0.0
2019-01-30,31.0,11.0,30.0,15.0,29.88,0.0,31 | 87.8,11 | 51.8,30,15 | 9.32,29.88 | 1012,0.0 | 0.0
2019-01-31,33.0,10.0,26.0,17.0,29.85,0.0,33 | 91.4,10 | 50.0,26,17 | 10.56,29.85 | 1011,0.0 | 0.0
2019-02-01,33.0,7.0,23.0,18.0,29.85,0.0,33 | 91.4,7 | 44.6,23,18 | 11.18,29.85 | 1011,0.0 | 0.0
2019-02-02,33.0,7.0,22.0,16.0,29.83,0.0,33 | 91.4,7 | 44.6,22,16 | 9.94,29.83 | 1010,0.0 | 0.0
2019-02-03,33.0,9.0,26.0,18.0,29.83,0.0,33 | 91.4,9 | 48.2,26,18 | 11.18,29.83 | 1010,0.0 | 0.0
2019-02-04,32.0,8.0,23.0,19.0,29.85,0.0,32 | 89.6,8 | 46.4,23,19 | 11.81,29.85 | 1011,0.0 | 0.0
2019-02-05,32.0,8.0,26.0,21.0,29.88,0.0,32 | 89.6,8 | 46.4,26,21 | 13.05,29.88 | 1012,0.0 | 0.0
2019-02-06,32.0,8.0,26.0,21.0,29.88,0.0,32 | 89.6,8 | 46.4,26,21 | 13.05,29.88 | 1012,0.0 | 0.0
2019-02-07,33.0,13.0,34.0,22.0,29.85,0.0,33 | 91.4,13 | 55.4,34,22 | 13.67,29.85 | 1011,0.0 | 0.0
2019-02-08,33.0,11.0,28.0,23.0,29.85,0.0,33 | 91.4,11 | 51.8,28,23 | 14.29,29.85 | 1011,0.0 | 0.0
2019-02-09,32.0,11.0,29.0,20.0,29.85,0.0,32 | 89.6,11 | 51.8,29,20 | 12.43,29.85 | 1011,0.0 | 0.0
2019-02-10,32.0,10.0,28.0,17.0,29.85,0.0,32 | 89.6,10 | 50.0,28,17 | 10.56,29.85 | 1011,0.0 | 0.0
2019-02-11,32.0,13.0,34.0,12.0,29.85,0.0,32 | 89.6,13 | 55.4,34,12 | 7.46,29.85 | 1011,0.0 | 0.0
2019-02-12,33.0,14.0,34.0,14.0,29.85,0.0,33 | 91.4,14 | 57.2,34,14 | 8.7,29.85 | 1011,0.0 | 0.0
2019-02-13,34.0,14.0,32.0,16.0,29.85,0.0,34 | 93.2,14 | 57.2,32,16 | 9.94,29.85 | 1011,0.0 | 0.0
2019-02-14,33.0,14.0,35.0,17.0,29.88,0.0,33 | 91.4,14 | 57.2,35,17 | 10.56,29.88 | 1012,0.0 | 0.0
2019-02-15,33.0,15.0,35.0,16.0,29.88,0.0,33 | 91.4,15 | 59.0,35,16 | 9.94,29.88 | 1012,0.0 | 0.0
2019-02-16,34.0,14.0,34.0,17.0,29.88,0.0,34 | 93.2,14 | 57.2,34,17 | 10.56,29.88 | 1012,0.0 | 0.0
2019-02-17,33.0,11.0,28.0,14.0,29.85,0.0,33 | 91.4,11 | 51.8,28,14 | 8.7,29.85 | 1011,0.0 | 0.0
2019-02-18,33.0,13.0,31.0,12.0,29.8,0.0,33 | 91.4,13 | 55.4,31,12 | 7.46,29.8 | 1009,0.0 | 0.0
2019-02-19,32.0,15.0,36.0,14.0,29.77,0.0,32 | 89.6,15 | 59.0,36,14 | 8.7,29.77 | 1008,0.0 | 0.0
2019-02-20,34.0,15.0,35.0,18.0,29.83,0.0,34 | 93.2,15 | 59.0,35,18 | 11.18,29.83 | 1010,0.0 | 0.0
2019-02-21,34.0,15.0,36.0,23.0,29.85,0.0,34 | 93.2,15 | 59.0,36,23 | 14.29,29.85 | 1011,0.0 | 0.0
2019-02-22,34.0,14.0,32.0,20.0,29.83,0.0,34 | 93.2,14 | 57.2,32,20 | 12.43,29.83 | 1010,0.0 | 0.0
2019-02-23,34.0,13.0,29.0,17.0,29.8,0.0,34 | 93.2,13 | 55.4,29,17 | 10.56,29.8 | 1009,0.0 | 0.0
2019-02-24,34.0,13.0,32.0,20.0,29.8,0.0,34 | 93.2,13 | 55.4,32,20 | 12.43,29.8 | 1009,0.0 | 0.0
2019-02-25,33.0,13.0,32.0,20.0,29.83,0.0,33 | 91.4,13 | 55.4,32,20 | 12.43,29.83 | 1010,0.0 | 0.0
2019-02-26,34.0,10.0,26.0,23.0,29.83,0.0,34 | 93.2,10 | 50.0,26,23 | 14.29,29.83 | 1010,0.0 | 0.0
2019-02-27,33.0,10.0,29.0,20.0,29.83,0.0,33 | 91.4,10 | 50.0,29,20 | 12.43,29.83 | 1010,0.0 | 0.0
2019-02-28,35.0,6.0,20.0,17.0,29.8,0.0,35 | 95.0,6 | 42.8,20,17 | 10.56,29.8 | 1009,0.0 | 0.0
2019-03-01,34.0,8.0,26.0,12.0,29.77,0.0,34 | 93.2,8 | 46.4,26,12 | 7.46,29.77 | 1008,0.0 | 0.0
2019-03-02,33.0,13.0,34.0,11.0,29.8,0.0,33 | 91.4,13 | 55.4,34,11 | 6.84,29.8 | 1009,0.0 | 0.0
2019-03-03,34.0,13.0,31.0,12.0,29.8,0.0,34 | 93.2,13 | 55.4,31,12 | 7.46,29.8 | 1009,0.0 | 0.0
2019-03-04,34.0,16.0,36.0,16.0,29.8,0.0,34 | 93.2,16 | 60.8,36,16 | 9.94,29.8 | 1009,0.0 | 0.0
2019-03-05,35.0,14.0,31.0,18.0,29.8,0.0,35 | 95.0,14 | 57.2,31,18 | 11.18,29.8 | 1009,0.0 | 0.0
2019-03-06,35.0,14.0,31.0,19.0,29.8,0.0,35 | 95.0,14 | 57.2,31,19 | 11.81,29.8 | 1009,0.0 | 0.0
2019-03-07,34.0,12.0,27.0,20.0,29.8,0.0,34 | 93.2,12 | 53.6,27,20 | 12.43,29.8 | 1009,0.0 | 0.0
2019-03-08,34.0,12.0,30.0,19.0,29.8,0.0,34 | 93.2,12 | 53.6,30,19 | 11.81,29.8 | 1009,0.0 | 0.0
2019-03-09,35.0,8.0,23.0,20.0,29.85,0.0,35 | 95.0,8 | 46.4,23,20 | 12.43,29.85 | 1011,0.0 | 0.0
2019-03-10,35.0,9.0,25.0,19.0,29.85,0.0,35 | 95.0,9 | 48.2,25,19 | 11.81,29.85 | 1011,0.0 | 0.0
2019-03-11,34.0,9.0,25.0,17.0,29.85,0.0,34 | 93.2,9 | 48.2,25,17 | 10.56,29.85 | 1011,0.0 | 0.0
2019-03-12,34.0,7.0,22.0,19.0,29.85,0.0,34 | 93.2,7 | 44.6,22,19 | 11.81,29.85 | 1011,0.0 | 0.0
2019-03-13,34.0,13.0,33.0,18.0,29.85,0.0,34 | 93.2,13 | 55.4,33,18 | 11.18,29.85 | 1011,0.0 | 0.0
2019-03-14,34.0,14.0,34.0,17.0,29.85,0.0,34 | 93.2,14 | 57.2,34,17 | 10.56,29.85 | 1011,0.0 | 0.0
2019-03-15,34.0,13.0,33.0,18.0,29.83,0.0,34 | 93.2,13 | 55.4,33,18 | 11.18,29.83 | 1010,0.0 | 0.0
2019-03-16,34.0,13.0,32.0,19.0,29.83,0.0,34 | 93.2,13 | 55.4,32,19 | 11.81,29.83 | 1010,0.0 | 0.0
2019-03-17,34.0,13.0,32.0,16.0,29.83,0.0,34 | 93.2,13 | 55.4,32,16 | 9.94,29.83 | 1010,0.0 | 0.0
2019-03-18,34.0,14.0,35.0,19.0,29.83,0.0,34 | 93.2,14 | 57.2,35,19 | 11.81,29.83 | 1010,0.0 | 0.0
2019-03-19,34.0,14.0,34.0,19.0,29.8,0.0,34 | 93.2,14 | 57.2,34,19 | 11.81,29.8 | 1009,0.0 | 0.0
2019-03-20,34.0,13.0,33.0,17.0,29.8,0.0,34 | 93.2,13 | 55.4,33,17 | 10.56,29.8 | 1009,0.0 | 0.0
2019-03-21,34.0,13.0,33.0,17.0,29.8,0.0,34 | 93.2,13 | 55.4,33,17 | 10.56,29.8 | 1009,0.0 | 0.0
2019-03-22,33.0,15.0,39.0,14.0,29.83,0.0,33 | 91.4,15 | 59.0,39,14 | 8.7,29.83 | 1010,0.0 | 0.0
2019-03-23,34.0,13.0,34.0,15.0,29.8,0.0,34 | 93.2,13 | 55.4,34,15 | 9.32,29.8 | 1009,0.0 | 0.0
2019-03-24,33.0,16.0,39.0,17.0,29.77,0.0,33 | 91.4,16 | 60.8,39,17 | 10.56,29.77 | 1008,0.0 | 0.0
2019-03-25,33.0,18.0,42.0,18.0,29.8,0.0,33 | 91.4,18 | 64.4,42,18 | 11.18,29.8 | 1009,0.0 | 0.0
2019-03-26,35.0,18.0,40.0,18.0,29.8,0.0,35 | 95.0,18 | 64.4,40,18 | 11.18,29.8 | 1009,0.0 | 0.0
2019-03-27,32.0,19.0,46.0,20.0,29.88,6.1,32 | 89.6,19 | 66.2,46,20 | 12.43,29.88 | 1012,6.1 | 0.24
2019-03-28,34.0,17.0,42.0,16.0,29.88,3.3,34 | 93.2,17 | 62.6,42,16 | 9.94,29.88 | 1012,3.3 | 0.13
2019-03-29,34.0,15.0,35.0,15.0,29.83,0.0,34 | 93.2,15 | 59.0,35,15 | 9.32,29.83 | 1010,0.0 | 0.0
2019-03-30,34.0,14.0,33.0,14.0,29.83,0.0,34 | 93.2,14 | 57.2,33,14 | 8.7,29.83 | 1010,0.0 | 0.0
2019-03-31,33.0,15.0,37.0,14.0,29.83,0.0,33 | 91.4,15 | 59.0,37,14 | 8.7,29.83 | 1010,0.0 | 0.0
2019-04-01,33.0,17.0,40.0,16.0,29.83,0.0,33 | 91.4,17 | 62.6,40,16 | 9.94,29.83 | 1010,0.0 | 0.0
2019-04-02,34.0,16.0,36.0,15.0,29.83,0.0,34 | 93.2,16 | 60.8,36,15 | 9.32,29.83 | 1010,0.0 | 0.0
2019-04-03,33.0,18.0,44.0,18.0,29.83,0.0,33 | 91.4,18 | 64.4,44,18 | 11.18,29.83 | 1010,0.0 | 0.0
2019-04-04,33.0,18.0,42.0,15.0,29.83,0.0,33 | 91.4,18 | 64.4,42,15 | 9.32,29.83 | 1010,0.0 | 0.0
2019-04-05,33.0,17.0,42.0,19.0,29.83,0.2,33 | 91.4,17 | 62.6,42,19 | 11.81,29.83 | 1010,0.2 | 0.01
2019-04-06,34.0,16.0,39.0,16.0,29.83,0.2,34 | 93.2,16 | 60.8,39,16 | 9.94,29.83 | 1010,0.2 | 0.01
2019-04-07,33.0,17.0,41.0,16.0,29.83,0.0,33 | 91.4,17 | 62.6,41,16 | 9.94,29.83 | 1010,0.0 | 0.0
2019-04-08,34.0,15.0,35.0,15.0,29.8,0.0,34 | 93.2,15 | 59.0,35,15 | 9.32,29.8 | 1009,0.0 | 0.0
2019-04-09,34.0,17.0,39.0,16.0,29.77,0.0,34 | 93.2,17 | 62.6,39,16 | 9.94,29.77 | 1008,0.0 | 0.0
2019-04-10,34.0,17.0,38.0,18.0,29.77,0.0,34 | 93.2,17 | 62.6,38,18 | 11.18,29.77 | 1008,0.0 | 0.0
2019-04-11,33.0,19.0,45.0,18.0,29.77,4.8,33 | 91.4,19 | 66.2,45,18 | 11.18,29.77 | 1008,4.8 | 0.19
2019-04-12,33.0,17.0,41.0,17.0,29.8,1.3,33 | 91.4,17 | 62.6,41,17 | 10.56,29.8 | 1009,1.3 | 0.05
2019-04-13,33.0,15.0,36.0,14.0,29.8,0.0,33 | 91.4,15 | 59.0,36,14 | 8.7,29.8 | 1009,0.0 | 0.0
2019-04-14,33.0,16.0,37.0,16.0,29.8,0.0,33 | 91.4,16 | 60.8,37,16 | 9.94,29.8 | 1009,0.0 | 0.0
2019-04-15,33.0,17.0,41.0,16.0,29.83,0.0,33 | 91.4,17 | 62.6,41,16 | 9.94,29.83 | 1010,0.0 | 0.0
2019-04-16,33.0,18.0,41.0,13.0,29.83,0.0,33 | 91.4,18 | 64.4,41,13 | 8.08,29.83 | 1010,0.0 | 0.0
2019-04-17,33.0,19.0,44.0,17.0,29.85,0.0,33 | 91.4,19 | 66.2,44,17 | 10.56,29.85 | 1011,0.0 | 0.0
2019-04-18,32.0,19.0,47.0,15.0,29.83,0.8,32 | 89.6,19 | 66.2,47,15 | 9.32,29.83 | 1010,0.8 | 0.03
2019-04-19,33.0,20.0,52.0,16.0,29.85,48.1,33 | 91.4,20 | 68.0,52,16 | 9.94,29.85 | 1011,48.1 | 1.89
2019-04-20,34.0,20.0,46.0,15.0,29.8,0.4,34 | 93.2,20 | 68.0,46,15 | 9.32,29.8 | 1009,0.4 | 0.02
2019-04-21,31.0,21.0,56.0,13.0,29.77,1.6,31 | 87.8,21 | 69.8,56,13 | 8.08,29.77 | 1008,1.6 | 0.06
2019-04-22,32.0,21.0,53.0,17.0,29.77,6.0,32 | 89.6,21 | 69.8,53,17 | 10.56,29.77 | 1008,6.0 | 0.24
2019-04-23,33.0,21.0,52.0,10.0,29.8,1.1,33 | 91.4,21 | 69.8,52,10 | 6.21,29.8 | 1009,1.1 | 0.04
2019-04-24,32.0,21.0,55.0,10.0,29.85,12.0,32 | 89.6,21 | 69.8,55,10 | 6.21,29.85 | 1011,12.0 | 0.47
2019-04-25,32.0,21.0,52.0,11.0,29.83,4.8,32 | 89.6,21 | 69.8,52,11 | 6.84,29.83 | 1010,4.8 | 0.19
2019-04-26,32.0,21.0,53.0,16.0,29.83,1.4,32 | 89.6,21 | 69.8,53,16 | 9.94,29.83 | 1010,1.4 | 0.06
2019-04-27,33.0,21.0,51.0,12.0,29.83,0.2,33 | 91.4,21 | 69.8,51,12 | 7.46,29.83 | 1010,0.2 | 0.01
2019-04-28,32.0,21.0,54.0,16.0,29.85,7.2,32 | 89.6,21 | 69.8,54,16 | 9.94,29.85 | 1011,7.2 | 0.28
2019-04-29,33.0,19.0,45.0,13.0,29.85,0.0,33 | 91.4,19 | 66.2,45,13 | 8.08,29.85 | 1011,0.0 | 0.0
2019-04-30,33.0,18.0,45.0,15.0,29.85,0.2,33 | 91.4,18 | 64.4,45,15 | 9.32,29.85 | 1011,0.2 | 0.01
2019-05-01,34.0,18.0,43.0,14.0,29.83,0.4,34 | 93.2,18 | 64.4,43,14 | 8.7,29.83 | 1010,0.4 | 0.02
2019-05-02,33.0,19.0,44.0,13.0,29.83,2.2,33 | 91.4,19 | 66.2,44,13 | 8.08,29.83 | 1010,2.2 | 0.09
2019-05-03,32.0,21.0,54.0,21.0,29.85,2.3,32 | 89.6,21 | 69.8,54,21 | 13.05,29.85 | 1011,2.3 | 0.09
2019-05-04,32.0,21.0,56.0,18.0,29.85,1.5,32 | 89.6,21 | 69.8,56,18 | 11.18,29.85 | 1011,1.5 | 0.06
2019-05-05,31.0,21.0,57.0,16.0,29.85,9.7,31 | 87.8,21 | 69.8,57,16 | 9.94,29.85 | 1011,9.7 | 0.38
2019-05-06,32.0,21.0,56.0,15.0,29.85,0.5,32 | 89.6,21 | 69.8,56,15 | 9.32,29.85 | 1011,0.5 | 0.02
2019-05-07,31.0,21.0,57.0,19.0,29.88,0.2,31 | 87.8,21 | 69.8,57,19 | 11.81,29.88 | 1012,0.2 | 0.01
2019-05-08,31.0,20.0,54.0,19.0,29.85,0.3,31 | 87.8,20 | 68.0,54,19 | 11.81,29.85 | 1011,0.3 | 0.01
2019-05-09,31.0,20.0,57.0,19.0,29.83,2.5,31 | 87.8,20 | 68.0,57,19 | 11.81,29.83 | 1010,2.5 | 0.1
2019-05-10,32.0,20.0,54.0,15.0,29.83,0.9,32 | 89.6,20 | 68.0,54,15 | 9.32,29.83 | 1010,0.9 | 0.04
2019-05-11,32.0,20.0,53.0,18.0,29.85,0.0,32 | 89.6,20 | 68.0,53,18 | 11.18,29.85 | 1011,0.0 | 0.0
2019-05-12,32.0,20.0,53.0,17.0,29.83,0.0,32 | 89.6,20 | 68.0,53,17 | 10.56,29.83 | 1010,0.0 | 0.0
2019-05-13,30.0,21.0,60.0,19.0,29.85,1.9,30 | 86.0,21 | 69.8,60,19 | 11.81,29.85 | 1011,1.9 | 0.07
2019-05-14,31.0,21.0,58.0,19.0,29.85,0.9,31 | 87.8,21 | 69.8,58,19 | 11.81,29.85 | 1011,0.9 | 0.04
2019-05-15,32.0,20.0,54.0,18.0,29.85,0.2,32 | 89.6,20 | 68.0,54,18 | 11.18,29.85 | 1011,0.2 | 0.01
2019-05-16,31.0,20.0,54.0,17.0,29.85,0.2,31 | 87.8,20 | 68.0,54,17 | 10.56,29.85 | 1011,0.2 | 0.01
2019-05-17,31.0,20.0,54.0,17.0,29.85,0.0,31 | 87.8,20 | 68.0,54,17 | 10.56,29.85 | 1011,0.0 | 0.0
2019-05-18,31.0,20.0,54.0,19.0,29.85,0.0,31 | 87.8,20 | 68.0,54,19 | 11.81,29.85 | 1011,0.0 | 0.0
2019-05-19,31.0,19.0,54.0,20.0,29.88,3.4,31 | 87.8,19 | 66.2,54,20 | 12.43,29.88 | 1012,3.4 | 0.13
2019-05-20,31.0,19.0,53.0,19.0,29.88,0.0,31 | 87.8,19 | 66.2,53,19 | 11.81,29.88 | 1012,0.0 | 0.0
2019-05-21,31.0,19.0,52.0,18.0,29.88,0.0,31 | 87.8,19 | 66.2,52,18 | 11.18,29.88 | 1012,0.0 | 0.0
2019-05-22,31.0,20.0,54.0,17.0,29.88,0.4,31 | 87.8,20 | 68.0,54,17 | 10.56,29.88 | 1012,0.4 | 0.02
2019-05-23,31.0,20.0,55.0,15.0,29.85,5.7,31 | 87.8,20 | 68.0,55,15 | 9.32,29.85 | 1011,5.7 | 0.22
2019-05-24,31.0,20.0,58.0,17.0,29.88,20.9,31 | 87.8,20 | 68.0,58,17 | 10.56,29.88 | 1012,20.9 | 0.82
2019-05-25,31.0,20.0,55.0,19.0,29.88,3.4,31 | 87.8,20 | 68.0,55,19 | 11.81,29.88 | 1012,3.4 | 0.13
2019-05-26,31.0,20.0,55.0,22.0,29.85,0.0,31 | 87.8,20 | 68.0,55,22 | 13.67,29.85 | 1011,0.0 | 0.0
2019-05-27,31.0,19.0,55.0,23.0,29.85,0.0,31 | 87.8,19 | 66.2,55,23 | 14.29,29.85 | 1011,0.0 | 0.0
2019-05-28,31.0,19.0,54.0,24.0,29.88,0.0,31 | 87.8,19 | 66.2,54,24 | 14.91,29.88 | 1012,0.0 | 0.0
2019-05-29,30.0,19.0,56.0,21.0,29.88,0.0,30 | 86.0,19 | 66.2,56,21 | 13.05,29.88 | 1012,0.0 | 0.0
2019-05-30,31.0,19.0,54.0,23.0,29.88,0.0,31 | 87.8,19 | 66.2,54,23 | 14.29,29.88 | 1012,0.0 | 0.0
2019-05-31,30.0,19.0,54.0,25.0,29.85,0.0,30 | 86.0,19 | 66.2,54,25 | 15.53,29.85 | 1011,0.0 | 0.0
2019-06-01,30.0,19.0,56.0,26.0,29.83,0.0,30 | 86.0,19 | 66.2,56,26 | 16.16,29.83 | 1010,0.0 | 0.0
2019-06-02,29.0,19.0,58.0,23.0,29.85,0.3,29 | 84.2,19 | 66.2,58,23 | 14.29,29.85 | 1011,0.3 | 0.01
2019-06-03,29.0,18.0,55.0,23.0,29.88,0.0,29 | 84.2,18 | 64.4,55,23 | 14.29,29.88 | 1012,0.0 | 0.0
2019-06-04,29.0,18.0,54.0,22.0,29.88,0.3,29 | 84.2,18 | 64.4,54,22 | 13.67,29.88 | 1012,0.3 | 0.01
2019-06-05,30.0,18.0,51.0,23.0,29.88,0.0,30 | 86.0,18 | 64.4,51,23 | 14.29,29.88 | 1012,0.0 | 0.0
2019-06-06,31.0,18.0,51.0,25.0,29.88,0.0,31 | 87.8,18 | 64.4,51,25 | 15.53,29.88 | 1012,0.0 | 0.0
2019-06-07,31.0,19.0,53.0,25.0,29.88,0.0,31 | 87.8,19 | 66.2,53,25 | 15.53,29.88 | 1012,0.0 | 0.0
2019-06-08,31.0,18.0,52.0,26.0,29.91,0.0,31 | 87.8,18 | 64.4,52,26 | 16.16,29.91 | 1013,0.0 | 0.0
2019-06-09,31.0,18.0,50.0,31.0,29.91,0.1,31 | 87.8,18 | 64.4,50,31 | 19.26,29.91 | 1013,0.1 | 0.0
2019-06-10,31.0,18.0,49.0,32.0,29.91,0.4,31 | 87.8,18 | 64.4,49,32 | 19.88,29.91 | 1013,0.4 | 0.02
2019-06-11,31.0,18.0,49.0,29.0,29.91,1.3,31 | 87.8,18 | 64.4,49,29 | 18.02,29.91 | 1013,1.3 | 0.05
2019-06-12,31.0,18.0,51.0,27.0,29.94,0.0,31 | 87.8,18 | 64.4,51,27 | 16.78,29.94 | 1014,0.0 | 0.0
2019-06-13,31.0,18.0,52.0,28.0,29.94,0.5,31 | 87.8,18 | 64.4,52,28 | 17.4,29.94 | 1014,0.5 | 0.02
2019-06-14,29.0,18.0,55.0,30.0,29.94,0.0,29 | 84.2,18 | 64.4,55,30 | 18.64,29.94 | 1014,0.0 | 0.0
2019-06-15,30.0,17.0,48.0,31.0,29.91,0.0,30 | 86.0,17 | 62.6,48,31 | 19.26,29.91 | 1013,0.0 | 0.0
2019-06-16,29.0,16.0,48.0,28.0,29.94,0.0,29 | 84.2,16 | 60.8,48,28 | 17.4,29.94 | 1014,0.0 | 0.0
2019-06-17,30.0,16.0,47.0,27.0,29.97,0.0,30 | 86.0,16 | 60.8,47,27 | 16.78,29.97 | 1015,0.0 | 0.0
2019-06-18,30.0,18.0,52.0,26.0,29.97,0.0,30 | 86.0,18 | 64.4,52,26 | 16.16,29.97 | 1015,0.0 | 0.0
2019-06-19,30.0,17.0,51.0,25.0,29.94,0.0,30 | 86.0,17 | 62.6,51,25 | 15.53,29.94 | 1014,0.0 | 0.0
2019-06-20,30.0,17.0,50.0,28.0,29.91,0.0,30 | 86.0,17 | 62.6,50,28 | 17.4,29.91 | 1013,0.0 | 0.0
2019-06-21,29.0,17.0,51.0,28.0,29.91,0.0,29 | 84.2,17 | 62.6,51,28 | 17.4,29.91 | 1013,0.0 | 0.0
2019-06-22,29.0,17.0,53.0,24.0,29.91,0.2,29 | 84.2,17 | 62.6,53,24 | 14.91,29.91 | 1013,0.2 | 0.01
2019-06-23,30.0,17.0,50.0,23.0,29.85,0.0,30 | 86.0,17 | 62.6,50,23 | 14.29,29.85 | 1011,0.0 | 0.0
2019-06-24,31.0,18.0,52.0,24.0,29.85,0.0,31 | 87.8,18 | 64.4,52,24 | 14.91,29.85 | 1011,0.0 | 0.0
2019-06-25,30.0,19.0,55.0,23.0,29.88,0.0,30 | 86.0,19 | 66.2,55,23 | 14.29,29.88 | 1012,0.0 | 0.0
2019-06-26,30.0,17.0,52.0,24.0,29.91,0.1,30 | 86.0,17 | 62.6,52,24 | 14.91,29.91 | 1013,0.1 | 0.0
2019-06-27,31.0,16.0,46.0,28.0,29.91,0.0,31 | 87.8,16 | 60.8,46,28 | 17.4,29.91 | 1013,0.0 | 0.0
2019-06-28,30.0,17.0,51.0,30.0,29.88,0.0,30 | 86.0,17 | 62.6,51,30 | 18.64,29.88 | 1012,0.0 | 0.0
2019-06-29,30.0,14.0,43.0,29.0,29.88,0.0,30 | 86.0,14 | 57.2,43,29 | 18.02,29.88 | 1012,0.0 | 0.0
2019-06-30,31.0,16.0,46.0,30.0,29.88,0.0,31 | 87.8,16 | 60.8,46,30 | 18.64,29.88 | 1012,0.0 | 0.0
2019-07-01,30.0,18.0,52.0,30.0,29.88,0.0,30 | 86.0,18 | 64.4,52,30 | 18.64,29.88 | 1012,0.0 | 0.0
2019-07-02,31.0,17.0,50.0,27.0,29.88,0.0,31 | 87.8,17 | 62.6,50,27 | 16.78,29.88 | 1012,0.0 | 0.0
2019-07-03,29.0,18.0,55.0,26.0,29.91,0.0,29 | 84.2,18 | 64.4,55,26 | 16.16,29.91 | 1013,0.0 | 0.0
2019-07-04,30.0,16.0,47.0,24.0,29.91,0.0,30 | 86.0,16 | 60.8,47,24 | 14.91,29.91 | 1013,0.0 | 0.0
2019-07-05,30.0,17.0,52.0,27.0,29.88,0.0,30 | 86.0,17 | 62.6,52,27 | 16.78,29.88 | 1012,0.0 | 0.0
2019-07-06,30.0,17.0,52.0,23.0,29.88,0.0,30 | 86.0,17 | 62.6,52,23 | 14.29,29.88 | 1012,0.0 | 0.0
2019-07-07,30.0,18.0,51.0,24.0,29.91,0.1,30 | 86.0,18 | 64.4,51,24 | 14.91,29.91 | 1013,0.1 | 0.0
2019-07-08,31.0,17.0,49.0,25.0,29.91,0.1,31 | 87.8,17 | 62.6,49,25 | 15.53,29.91 | 1013,0.1 | 0.0
2019-07-09,31.0,17.0,49.0,26.0,29.88,0.0,31 | 87.8,17 | 62.6,49,26 | 16.16,29.88 | 1012,0.0 | 0.0
2019-07-10,31.0,18.0,50.0,28.0,29.88,0.0,31 | 87.8,18 | 64.4,50,28 | 17.4,29.88 | 1012,0.0 | 0.0
2019-07-11,30.0,18.0,54.0,28.0,29.88,0.2,30 | 86.0,18 | 64.4,54,28 | 17.4,29.88 | 1012,0.2 | 0.01
2019-07-12,30.0,17.0,52.0,24.0,29.91,0.0,30 | 86.0,17 | 62.6,52,24 | 14.91,29.91 | 1013,0.0 | 0.0
2019-07-13,30.0,17.0,49.0,28.0,29.94,0.0,30 | 86.0,17 | 62.6,49,28 | 17.4,29.94 | 1014,0.0 | 0.0
2019-07-14,29.0,18.0,54.0,26.0,29.94,1.0,29 | 84.2,18 | 64.4,54,26 | 16.16,29.94 | 1014,1.0 | 0.04
2019-07-15,29.0,17.0,53.0,25.0,29.94,0.9,29 | 84.2,17 | 62.6,53,25 | 15.53,29.94 | 1014,0.9 | 0.04
2019-07-16,29.0,17.0,51.0,28.0,29.97,0.0,29 | 84.2,17 | 62.6,51,28 | 17.4,29.97 | 1015,0.0 | 0.0
2019-07-17,28.0,17.0,54.0,30.0,30.0,0.8,28 | 82.4,17 | 62.6,54,30 | 18.64,30.0 | 1016,0.8 | 0.03
2019-07-18,29.0,16.0,51.0,28.0,29.97,0.0,29 | 84.2,16 | 60.8,51,28 | 17.4,29.97 | 1015,0.0 | 0.0
2019-07-19,28.0,17.0,53.0,24.0,29.94,0.0,28 | 82.4,17 | 62.6,53,24 | 14.91,29.94 | 1014,0.0 | 0.0
2019-07-20,29.0,16.0,50.0,26.0,29.91,0.0,29 | 84.2,16 | 60.8,50,26 | 16.16,29.91 | 1013,0.0 | 0.0
2019-07-21,30.0,15.0,46.0,26.0,29.88,0.0,30 | 86.0,15 | 59.0,46,26 | 16.16,29.88 | 1012,0.0 | 0.0
2019-07-22,30.0,15.0,42.0,32.0,29.88,0.1,30 | 86.0,15 | 59.0,42,32 | 19.88,29.88 | 1012,0.1 | 0.0
2019-07-23,29.0,14.0,42.0,31.0,29.85,0.2,29 | 84.2,14 | 57.2,42,31 | 19.26,29.85 | 1011,0.2 | 0.01
2019-07-24,29.0,14.0,45.0,30.0,29.85,0.0,29 | 84.2,14 | 57.2,45,30 | 18.64,29.85 | 1011,0.0 | 0.0
2019-07-25,29.0,15.0,46.0,31.0,29.88,0.0,29 | 84.2,15 | 59.0,46,31 | 19.26,29.88 | 1012,0.0 | 0.0
2019-07-26,28.0,14.0,45.0,30.0,29.88,0.0,28 | 82.4,14 | 57.2,45,30 | 18.64,29.88 | 1012,0.0 | 0.0
2019-07-27,28.0,14.0,45.0,29.0,29.88,0.2,28 | 82.4,14 | 57.2,45,29 | 18.02,29.88 | 1012,0.2 | 0.01
2019-07-28,29.0,14.0,43.0,27.0,29.88,0.0,29 | 84.2,14 | 57.2,43,27 | 16.78,29.88 | 1012,0.0 | 0.0
2019-07-29,30.0,16.0,46.0,28.0,29.88,0.0,30 | 86.0,16 | 60.8,46,28 | 17.4,29.88 | 1012,0.0 | 0.0
2019-07-30,30.0,17.0,49.0,25.0,29.88,0.0,30 | 86.0,17 | 62.6,49,25 | 15.53,29.88 | 1012,0.0 | 0.0
2019-07-31,29.0,17.0,50.0,22.0,29.91,0.2,29 | 84.2,17 | 62.6,50,22 | 13.67,29.91 | 1013,0.2 | 0.01
2019-08-01,30.0,16.0,48.0,23.0,29.91,0.0,30 | 86.0,16 | 60.8,48,23 | 14.29,29.91 | 1013,0.0 | 0.0
2019-08-02,31.0,16.0,48.0,27.0,29.91,0.0,31 | 87.8,16 | 60.8,48,27 | 16.78,29.91 | 1013,0.0 | 0.0
2019-08-03,30.0,17.0,52.0,27.0,29.91,0.0,30 | 86.0,17 | 62.6,52,27 | 16.78,29.91 | 1013,0.0 | 0.0
2019-08-04,28.0,16.0,51.0,26.0,29.94,0.0,28 | 82.4,16 | 60.8,51,26 | 16.16,29.94 | 1014,0.0 | 0.0
2019-08-05,31.0,14.0,42.0,26.0,29.94,0.0,31 | 87.8,14 | 57.2,42,26 | 16.16,29.94 | 1014,0.0 | 0.0
2019-08-06,32.0,17.0,48.0,28.0,29.91,0.0,32 | 89.6,17 | 62.6,48,28 | 17.4,29.91 | 1013,0.0 | 0.0
2019-08-07,28.0,19.0,59.0,26.0,29.94,0.2,28 | 82.4,19 | 66.2,59,26 | 16.16,29.94 | 1014,0.2 | 0.01
2019-08-08,30.0,15.0,47.0,25.0,29.94,0.0,30 | 86.0,15 | 59.0,47,25 | 15.53,29.94 | 1014,0.0 | 0.0
2019-08-09,30.0,14.0,42.0,27.0,29.94,0.0,30 | 86.0,14 | 57.2,42,27 | 16.78,29.94 | 1014,0.0 | 0.0
2019-08-10,29.0,16.0,50.0,29.0,29.97,0.0,29 | 84.2,16 | 60.8,50,29 | 18.02,29.97 | 1015,0.0 | 0.0
2019-08-11,29.0,15.0,47.0,27.0,29.94,0.0,29 | 84.2,15 | 59.0,47,27 | 16.78,29.94 | 1014,0.0 | 0.0
2019-08-12,29.0,15.0,46.0,29.0,29.94,0.0,29 | 84.2,15 | 59.0,46,29 | 18.02,29.94 | 1014,0.0 | 0.0
2019-08-13,28.0,16.0,49.0,29.0,29.94,0.0,28 | 82.4,16 | 60.8,49,29 | 18.02,29.94 | 1014,0.0 | 0.0
2019-08-14,28.0,15.0,48.0,25.0,29.97,0.3,28 | 82.4,15 | 59.0,48,25 | 15.53,29.97 | 1015,0.3 | 0.01
2019-08-15,29.0,15.0,47.0,27.0,29.97,0.0,29 | 84.2,15 | 59.0,47,27 | 16.78,29.97 | 1015,0.0 | 0.0
2019-08-16,29.0,16.0,50.0,28.0,29.94,0.0,29 | 84.2,16 | 60.8,50,28 | 17.4,29.94 | 1014,0.0 | 0.0
2019-08-17,30.0,15.0,46.0,26.0,29.88,0.0,30 | 86.0,15 | 59.0,46,26 | 16.16,29.88 | 1012,0.0 | 0.0
2019-08-18,29.0,15.0,48.0,28.0,29.91,0.0,29 | 84.2,15 | 59.0,48,28 | 17.4,29.91 | 1013,0.0 | 0.0
2019-08-19,30.0,13.0,42.0,26.0,29.91,0.0,30 | 86.0,13 | 55.4,42,26 | 16.16,29.91 | 1013,0.0 | 0.0
2019-08-20,29.0,15.0,46.0,27.0,29.91,0.0,29 | 84.2,15 | 59.0,46,27 | 16.78,29.91 | 1013,0.0 | 0.0
2019-08-21,29.0,16.0,49.0,28.0,29.94,0.0,29 | 84.2,16 | 60.8,49,28 | 17.4,29.94 | 1014,0.0 | 0.0
2019-08-22,30.0,16.0,47.0,27.0,29.91,0.0,30 | 86.0,16 | 60.8,47,27 | 16.78,29.91 | 1013,0.0 | 0.0
2019-08-23,31.0,15.0,44.0,24.0,29.91,0.3,31 | 87.8,15 | 59.0,44,24 | 14.91,29.91 | 1013,0.3 | 0.01
2019-08-24,30.0,18.0,52.0,22.0,29.94,0.1,30 | 86.0,18 | 64.4,52,22 | 13.67,29.94 | 1014,0.1 | 0.0
2019-08-25,30.0,18.0,53.0,27.0,29.94,0.0,30 | 86.0,18 | 64.4,53,27 | 16.78,29.94 | 1014,0.0 | 0.0
2019-08-26,30.0,16.0,50.0,26.0,29.94,0.3,30 | 86.0,16 | 60.8,50,26 | 16.16,29.94 | 1014,0.3 | 0.01
2019-08-27,31.0,13.0,40.0,27.0,29.91,0.0,31 | 87.8,13 | 55.4,40,27 | 16.78,29.91 | 1013,0.0 | 0.0
2019-08-28,30.0,15.0,44.0,28.0,29.88,0.0,30 | 86.0,15 | 59.0,44,28 | 17.4,29.88 | 1012,0.0 | 0.0
2019-08-29,30.0,16.0,46.0,27.0,29.91,0.0,30 | 86.0,16 | 60.8,46,27 | 16.78,29.91 | 1013,0.0 | 0.0
2019-08-30,30.0,17.0,48.0,26.0,29.88,0.0,30 | 86.0,17 | 62.6,48,26 | 16.16,29.88 | 1012,0.0 | 0.0
2019-08-31,31.0,16.0,47.0,25.0,29.83,0.0,31 | 87.8,16 | 60.8,47,25 | 15.53,29.83 | 1010,0.0 | 0.0
2019-09-01,31.0,17.0,48.0,26.0,29.83,0.0,31 | 87.8,17 | 62.6,48,26 | 16.16,29.83 | 1010,0.0 | 0.0
2019-09-02,31.0,16.0,47.0,25.0,29.85,0.6,31 | 87.8,16 | 60.8,47,25 | 15.53,29.85 | 1011,0.6 | 0.02
2019-09-03,31.0,16.0,45.0,28.0,29.88,0.0,31 | 87.8,16 | 60.8,45,28 | 17.4,29.88 | 1012,0.0 | 0.0
2019-09-04,30.0,16.0,47.0,27.0,29.88,0.0,30 | 86.0,16 | 60.8,47,27 | 16.78,29.88 | 1012,0.0 | 0.0
2019-09-05,30.0,17.0,49.0,24.0,29.88,0.0,30 | 86.0,17 | 62.6,49,24 | 14.91,29.88 | 1012,0.0 | 0.0
2019-09-06,31.0,15.0,44.0,24.0,29.88,0.0,31 | 87.8,15 | 59.0,44,24 | 14.91,29.88 | 1012,0.0 | 0.0
2019-09-07,31.0,15.0,44.0,30.0,29.91,0.0,31 | 87.8,15 | 59.0,44,30 | 18.64,29.91 | 1013,0.0 | 0.0
2019-09-08,31.0,14.0,41.0,29.0,29.91,0.0,31 | 87.8,14 | 57.2,41,29 | 18.02,29.91 | 1013,0.0 | 0.0
2019-09-09,31.0,17.0,48.0,25.0,29.91,0.0,31 | 87.8,17 | 62.6,48,25 | 15.53,29.91 | 1013,0.0 | 0.0
2019-09-10,30.0,18.0,54.0,23.0,29.91,2.1,30 | 86.0,18 | 64.4,54,23 | 14.29,29.91 | 1013,2.1 | 0.08
2019-09-11,31.0,16.0,47.0,25.0,29.88,0.0,31 | 87.8,16 | 60.8,47,25 | 15.53,29.88 | 1012,0.0 | 0.0
2019-09-12,31.0,16.0,46.0,25.0,29.91,0.0,31 | 87.8,16 | 60.8,46,25 | 15.53,29.91 | 1013,0.0 | 0.0
2019-09-13,32.0,15.0,44.0,25.0,29.91,0.0,32 | 89.6,15 | 59.0,44,25 | 15.53,29.91 | 1013,0.0 | 0.0
2019-09-14,30.0,19.0,55.0,23.0,29.91,0.1,30 | 86.0,19 | 66.2,55,23 | 14.29,29.91 | 1013,0.1 | 0.0
2019-09-15,31.0,16.0,48.0,22.0,29.88,0.0,31 | 87.8,16 | 60.8,48,22 | 13.67,29.88 | 1012,0.0 | 0.0
2019-09-16,31.0,15.0,44.0,24.0,29.88,0.0,31 | 87.8,15 | 59.0,44,24 | 14.91,29.88 | 1012,0.0 | 0.0
2019-09-17,31.0,13.0,41.0,25.0,29.88,0.0,31 | 87.8,13 | 55.4,41,25 | 15.53,29.88 | 1012,0.0 | 0.0
2019-09-18,31.0,13.0,39.0,24.0,29.88,0.0,31 | 87.8,13 | 55.4,39,24 | 14.91,29.88 | 1012,0.0 | 0.0
2019-09-19,31.0,16.0,47.0,26.0,29.88,0.0,31 | 87.8,16 | 60.8,47,26 | 16.16,29.88 | 1012,0.0 | 0.0
2019-09-20,29.0,17.0,52.0,24.0,29.88,0.0,29 | 84.2,17 | 62.6,52,24 | 14.91,29.88 | 1012,0.0 | 0.0
2019-09-21,31.0,14.0,43.0,24.0,29.85,0.0,31 | 87.8,14 | 57.2,43,24 | 14.91,29.85 | 1011,0.0 | 0.0
2019-09-22,30.0,15.0,44.0,24.0,29.88,0.0,30 | 86.0,15 | 59.0,44,24 | 14.91,29.88 | 1012,0.0 | 0.0
2019-09-23,31.0,15.0,45.0,23.0,29.88,0.0,31 | 87.8,15 | 59.0,45,23 | 14.29,29.88 | 1012,0.0 | 0.0
2019-09-24,32.0,15.0,44.0,26.0,29.85,0.0,32 | 89.6,15 | 59.0,44,26 | 16.16,29.85 | 1011,0.0 | 0.0
2019-09-25,33.0,14.0,37.0,25.0,29.83,0.0,33 | 91.4,14 | 57.2,37,25 | 15.53,29.83 | 1010,0.0 | 0.0
2019-09-26,29.0,19.0,58.0,26.0,29.85,13.7,29 | 84.2,19 | 66.2,58,26 | 16.16,29.85 | 1011,13.7 | 0.54
2019-09-27,29.0,18.0,54.0,24.0,29.91,3.4,29 | 84.2,18 | 64.4,54,24 | 14.91,29.91 | 1013,3.4 | 0.13
2019-09-28,31.0,17.0,49.0,19.0,29.85,0.6,31 | 87.8,17 | 62.6,49,19 | 11.81,29.85 | 1011,0.6 | 0.02
2019-09-29,32.0,15.0,39.0,21.0,29.8,0.0,32 | 89.6,15 | 59.0,39,21 | 13.05,29.8 | 1009,0.0 | 0.0
2019-09-30,32.0,17.0,44.0,21.0,29.8,0.0,32 | 89.6,17 | 62.6,44,21 | 13.05,29.8 | 1009,0.0 | 0.0
2019-10-01,32.0,18.0,47.0,19.0,29.8,0.0,32 | 89.6,18 | 64.4,47,19 | 11.81,29.8 | 1009,0.0 | 0.0
2019-10-02,31.0,18.0,51.0,18.0,29.85,1.8,31 | 87.8,18 | 64.4,51,18 | 11.18,29.85 | 1011,1.8 | 0.07
2019-10-03,30.0,18.0,52.0,15.0,29.85,15.6,30 | 86.0,18 | 64.4,52,15 | 9.32,29.85 | 1011,15.6 | 0.61
2019-10-04,30.0,19.0,57.0,19.0,29.85,8.2,30 | 86.0,19 | 66.2,57,19 | 11.81,29.85 | 1011,8.2 | 0.32
2019-10-05,29.0,20.0,68.0,17.0,29.85,66.7,29 | 84.2,20 | 68.0,68,17 | 10.56,29.85 | 1011,66.7 | 2.63
2019-10-06,29.0,20.0,61.0,17.0,29.85,8.0,29 | 84.2,20 | 68.0,61,17 | 10.56,29.85 | 1011,8.0 | 0.31
2019-10-07,28.0,20.0,63.0,18.0,29.85,18.7,28 | 82.4,20 | 68.0,63,18 | 11.18,29.85 | 1011,18.7 | 0.74
2019-10-08,29.0,19.0,57.0,14.0,29.83,1.5,29 | 84.2,19 | 66.2,57,14 | 8.7,29.83 | 1010,1.5 | 0.06
2019-10-09,30.0,20.0,58.0,15.0,29.83,7.8,30 | 86.0,20 | 68.0,58,15 | 9.32,29.83 | 1010,7.8 | 0.31
2019-10-10,30.0,20.0,57.0,17.0,29.83,14.2,30 | 86.0,20 | 68.0,57,17 | 10.56,29.83 | 1010,14.2 | 0.56
2019-10-11,30.0,20.0,59.0,11.0,29.83,13.5,30 | 86.0,20 | 68.0,59,11 | 6.84,29.83 | 1010,13.5 | 0.53
2019-10-12,30.0,20.0,59.0,21.0,29.8,7.5,30 | 86.0,20 | 68.0,59,21 | 13.05,29.8 | 1009,7.5 | 0.3
2019-10-13,29.0,21.0,67.0,14.0,29.83,37.2,29 | 84.2,21 | 69.8,67,14 | 8.7,29.83 | 1010,37.2 | 1.46
2019-10-14,28.0,21.0,68.0,7.0,29.85,36.0,28 | 82.4,21 | 69.8,68,7 | 4.35,29.85 | 1011,36.0 | 1.42
2019-10-15,30.0,21.0,62.0,12.0,29.83,1.8,30 | 86.0,21 | 69.8,62,12 | 7.46,29.83 | 1010,1.8 | 0.07
2019-10-16,30.0,20.0,55.0,12.0,29.83,2.7,30 | 86.0,20 | 68.0,55,12 | 7.46,29.83 | 1010,2.7 | 0.11
2019-10-17,31.0,19.0,55.0,9.0,29.83,3.3,31 | 87.8,19 | 66.2,55,9 | 5.59,29.83 | 1010,3.3 | 0.13
2019-10-18,30.0,20.0,58.0,14.0,29.83,4.5,30 | 86.0,20 | 68.0,58,14 | 8.7,29.83 | 1010,4.5 | 0.18
2019-10-19,24.0,20.0,75.0,14.0,29.88,31.1,24 | 75.2,20 | 68.0,75,14 | 8.7,29.88 | 1012,31.1 | 1.22
2019-10-20,28.0,20.0,66.0,5.0,29.85,9.4,28 | 82.4,20 | 68.0,66,5 | 3.11,29.85 | 1011,9.4 | 0.37
2019-10-21,30.0,20.0,58.0,7.0,29.83,3.4,30 | 86.0,20 | 68.0,58,7 | 4.35,29.83 | 1010,3.4 | 0.13
2019-10-22,31.0,20.0,54.0,9.0,29.8,6.0,31 | 87.8,20 | 68.0,54,9 | 5.59,29.8 | 1009,6.0 | 0.24
2019-10-23,31.0,19.0,53.0,11.0,29.8,2.5,31 | 87.8,19 | 66.2,53,11 | 6.84,29.8 | 1009,2.5 | 0.1
2019-10-24,30.0,20.0,57.0,14.0,29.85,4.2,30 | 86.0,20 | 68.0,57,14 | 8.7,29.85 | 1011,4.2 | 0.17
2019-10-25,31.0,20.0,56.0,11.0,29.85,0.4,31 | 87.8,20 | 68.0,56,11 | 6.84,29.85 | 1011,0.4 | 0.02
2019-10-26,30.0,20.0,56.0,14.0,29.83,0.9,30 | 86.0,20 | 68.0,56,14 | 8.7,29.83 | 1010,0.9 | 0.04
2019-10-27,31.0,20.0,58.0,15.0,29.8,5.2,31 | 87.8,20 | 68.0,58,15 | 9.32,29.8 | 1009,5.2 | 0.2
2019-10-28,30.0,20.0,60.0,15.0,29.8,29.3,30 | 86.0,20 | 68.0,60,15 | 9.32,29.8 | 1009,29.3 | 1.15
2019-10-29,31.0,20.0,58.0,13.0,29.8,9.9,31 | 87.8,20 | 68.0,58,13 | 8.08,29.8 | 1009,9.9 | 0.39
2019-10-30,30.0,20.0,58.0,14.0,29.83,3.7,30 | 86.0,20 | 68.0,58,14 | 8.7,29.83 | 1010,3.7 | 0.15
2019-10-31,30.0,19.0,56.0,12.0,29.85,0.1,30 | 86.0,19 | 66.2,56,12 | 7.46,29.85 | 1011,0.1 | 0.0
2019-11-01,31.0,19.0,51.0,15.0,29.83,0.2,31 | 87.8,19 | 66.2,51,15 | 9.32,29.83 | 1010,0.2 | 0.01
2019-11-02,30.0,19.0,53.0,18.0,29.83,0.0,30 | 86.0,19 | 66.2,53,18 | 11.18,29.83 | 1010,0.0 | 0.0
2019-11-03,30.0,19.0,54.0,16.0,29.88,0.0,30 | 86.0,19 | 66.2,54,16 | 9.94,29.88 | 1012,0.0 | 0.0
2019-11-04,30.0,19.0,55.0,12.0,29.88,0.8,30 | 86.0,19 | 66.2,55,12 | 7.46,29.88 | 1012,0.8 | 0.03
2019-11-05,28.0,20.0,63.0,10.0,29.85,40.7,28 | 82.4,20 | 68.0,63,10 | 6.21,29.85 | 1011,40.7 | 1.6
2019-11-06,27.0,20.0,66.0,13.0,29.85,12.8,27 | 80.6,20 | 68.0,66,13 | 8.08,29.85 | 1011,12.8 | 0.5
2019-11-07,29.0,21.0,63.0,10.0,29.85,9.6,29 | 84.2,21 | 69.8,63,10 | 6.21,29.85 | 1011,9.6 | 0.38
2019-11-08,29.0,20.0,61.0,12.0,29.88,21.7,29 | 84.2,20 | 68.0,61,12 | 7.46,29.88 | 1012,21.7 | 0.85
2019-11-09,30.0,21.0,59.0,7.0,29.85,2.1,30 | 86.0,21 | 69.8,59,7 | 4.35,29.85 | 1011,2.1 | 0.08
2019-11-10,28.0,21.0,64.0,9.0,29.83,16.1,28 | 82.4,21 | 69.8,64,9 | 5.59,29.83 | 1010,16.1 | 0.63
2019-11-11,31.0,19.0,52.0,14.0,29.8,0.2,31 | 87.8,19 | 66.2,52,14 | 8.7,29.8 | 1009,0.2 | 0.01
2019-11-12,30.0,18.0,51.0,15.0,29.77,0.0,30 | 86.0,18 | 64.4,51,15 | 9.32,29.77 | 1008,0.0 | 0.0
2019-11-13,31.0,16.0,44.0,15.0,29.8,0.0,31 | 87.8,16 | 60.8,44,15 | 9.32,29.8 | 1009,0.0 | 0.0
2019-11-14,31.0,18.0,50.0,15.0,29.83,0.0,31 | 87.8,18 | 64.4,50,15 | 9.32,29.83 | 1010,0.0 | 0.0
2019-11-15,31.0,17.0,44.0,16.0,29.83,0.0,31 | 87.8,17 | 62.6,44,16 | 9.94,29.83 | 1010,0.0 | 0.0
2019-11-16,31.0,16.0,42.0,16.0,29.77,0.0,31 | 87.8,16 | 60.8,42,16 | 9.94,29.77 | 1008,0.0 | 0.0
2019-11-17,31.0,15.0,41.0,16.0,29.77,0.0,31 | 87.8,15 | 59.0,41,16 | 9.94,29.77 | 1008,0.0 | 0.0
2019-11-18,32.0,17.0,46.0,19.0,29.8,0.0,32 | 89.6,17 | 62.6,46,19 | 11.81,29.8 | 1009,0.0 | 0.0
2019-11-19,30.0,20.0,57.0,21.0,29.83,8.2,30 | 86.0,20 | 68.0,57,21 | 13.05,29.83 | 1010,8.2 | 0.32
2019-11-20,30.0,20.0,57.0,13.0,29.8,7.0,30 | 86.0,20 | 68.0,57,13 | 8.08,29.8 | 1009,7.0 | 0.28
2019-11-21,31.0,19.0,51.0,15.0,29.74,0.3,31 | 87.8,19 | 66.2,51,15 | 9.32,29.74 | 1007,0.3 | 0.01
2019-11-22,30.0,20.0,60.0,18.0,29.8,6.4,30 | 86.0,20 | 68.0,60,18 | 11.18,29.8 | 1009,6.4 | 0.25
2019-11-23,30.0,20.0,58.0,17.0,29.8,10.1,30 | 86.0,20 | 68.0,58,17 | 10.56,29.8 | 1009,10.1 | 0.4
2019-11-24,31.0,20.0,55.0,18.0,29.8,4.1,31 | 87.8,20 | 68.0,55,18 | 11.18,29.8 | 1009,4.1 | 0.16
2019-11-25,25.0,21.0,75.0,13.0,29.85,64.7,25 | 77.0,21 | 69.8,75,13 | 8.08,29.85 | 1011,64.7 | 2.55
2019-11-26,26.0,20.0,74.0,10.0,29.85,0.4,26 | 78.8,20 | 68.0,74,10 | 6.21,29.85 | 1011,0.4 | 0.02
2019-11-27,30.0,18.0,54.0,13.0,29.83,0.0,30 | 86.0,18 | 64.4,54,13 | 8.08,29.83 | 1010,0.0 | 0.0
2019-11-28,29.0,17.0,51.0,13.0,29.85,0.0,29 | 84.2,17 | 62.6,51,13 | 8.08,29.85 | 1011,0.0 | 0.0
2019-11-29,31.0,16.0,45.0,13.0,29.85,0.0,31 | 87.8,16 | 60.8,45,13 | 8.08,29.85 | 1011,0.0 | 0.0
2019-11-30,31.0,12.0,35.0,15.0,29.85,0.0,31 | 87.8,12 | 53.6,35,15 | 9.32,29.85 | 1011,0.0 | 0.0
2019-12-01,30.0,13.0,37.0,12.0,29.85,0.0,30 | 86.0,13 | 55.4,37,12 | 7.46,29.85 | 1011,0.0 | 0.0
2019-12-02,30.0,17.0,46.0,9.0,29.83,0.0,30 | 86.0,17 | 62.6,46,9 | 5.59,29.83 | 1010,0.0 | 0.0
2019-12-03,31.0,15.0,41.0,8.0,29.8,0.0,31 | 87.8,15 | 59.0,41,8 | 4.97,29.8 | 1009,0.0 | 0.0
2019-12-04,31.0,16.0,44.0,13.0,29.8,0.7,31 | 87.8,16 | 60.8,44,13 | 8.08,29.8 | 1009,0.7 | 0.03
2019-12-05,31.0,11.0,33.0,12.0,29.8,0.0,31 | 87.8,11 | 51.8,33,12 | 7.46,29.8 | 1009,0.0 | 0.0
2019-12-06,32.0,9.0,27.0,15.0,29.8,0.0,32 | 89.6,9 | 48.2,27,15 | 9.32,29.8 | 1009,0.0 | 0.0
2019-12-07,32.0,13.0,35.0,15.0,29.77,0.0,32 | 89.6,13 | 55.4,35,15 | 9.32,29.77 | 1008,0.0 | 0.0
2019-12-08,29.0,18.0,53.0,22.0,29.8,2.6,29 | 84.2,18 | 64.4,53,22 | 13.67,29.8 | 1009,2.6 | 0.1
2019-12-09,29.0,19.0,60.0,19.0,29.83,11.3,29 | 84.2,19 | 66.2,60,19 | 11.81,29.83 | 1010,11.3 | 0.44
2019-12-10,30.0,19.0,54.0,14.0,29.83,0.3,30 | 86.0,19 | 66.2,54,14 | 8.7,29.83 | 1010,0.3 | 0.01
2019-12-11,30.0,19.0,54.0,14.0,29.83,3.5,30 | 86.0,19 | 66.2,54,14 | 8.7,29.83 | 1010,3.5 | 0.14
2019-12-12,31.0,18.0,49.0,12.0,29.83,0.0,31 | 87.8,18 | 64.4,49,12 | 7.46,29.83 | 1010,0.0 | 0.0
2019-12-13,31.0,20.0,56.0,14.0,29.85,0.9,31 | 87.8,20 | 68.0,56,14 | 8.7,29.85 | 1011,0.9 | 0.04
2019-12-14,30.0,19.0,56.0,16.0,29.88,17.7,30 | 86.0,19 | 66.2,56,16 | 9.94,29.88 | 1012,17.7 | 0.7
2019-12-15,31.0,16.0,45.0,15.0,29.85,0.0,31 | 87.8,16 | 60.8,45,15 | 9.32,29.85 | 1011,0.0 | 0.0
2019-12-16,31.0,16.0,44.0,15.0,29.83,0.0,31 | 87.8,16 | 60.8,44,15 | 9.32,29.83 | 1010,0.0 | 0.0
2019-12-17,31.0,14.0,37.0,16.0,29.83,0.0,31 | 87.8,14 | 57.2,37,16 | 9.94,29.83 | 1010,0.0 | 0.0
2019-12-18,31.0,12.0,33.0,18.0,29.85,0.0,31 | 87.8,12 | 53.6,33,18 | 11.18,29.85 | 1011,0.0 | 0.0
2019-12-19,31.0,14.0,39.0,18.0,29.85,0.0,31 | 87.8,14 | 57.2,39,18 | 11.18,29.85 | 1011,0.0 | 0.0
2019-12-20,31.0,17.0,45.0,19.0,29.85,3.1,31 | 87.8,17 | 62.6,45,19 | 11.81,29.85 | 1011,3.1 | 0.12
2019-12-21,31.0,13.0,35.0,19.0,29.85,0.0,31 | 87.8,13 | 55.4,35,19 | 11.81,29.85 | 1011,0.0 | 0.0
2019-12-22,30.0,16.0,43.0,17.0,29.88,0.0,30 | 86.0,16 | 60.8,43,17 | 10.56,29.88 | 1012,0.0 | 0.0
2019-12-23,30.0,14.0,39.0,12.0,29.85,0.0,30 | 86.0,14 | 57.2,39,12 | 7.46,29.85 | 1011,0.0 | 0.0
2019-12-24,30.0,14.0,39.0,13.0,29.85,0.0,30 | 86.0,14 | 57.2,39,13 | 8.08,29.85 | 1011,0.0 | 0.0
2019-12-25,31.0,12.0,33.0,14.0,29.83,0.0,31 | 87.8,12 | 53.6,33,14 | 8.7,29.83 | 1010,0.0 | 0.0
2019-12-26,31.0,12.0,33.0,17.0,29.83,0.0,31 | 87.8,12 | 53.6,33,17 | 10.56,29.83 | 1010,0.0 | 0.0
2019-12-27,32.0,11.0,30.0,17.0,29.8,0.0,32 | 89.6,11 | 51.8,30,17 | 10.56,29.8 | 1009,0.0 | 0.0
2019-12-28,32.0,9.0,28.0,19.0,29.77,0.0,32 | 89.6,9 | 48.2,28,19 | 11.81,29.77 | 1008,0.0 | 0.0
2019-12-29,32.0,12.0,33.0,19.0,29.8,0.0,32 | 89.6,12 | 53.6,33,19 | 11.81,29.8 | 1009,0.0 | 0.0
2019-12-30,31.0,16.0,44.0,20.0,29.83,0.2,31 | 87.8,16 | 60.8,44,20 | 12.43,29.83 | 1010,0.2 | 0.01
2019-12-31,32.0,15.0,39.0,19.0,29.85,0.0,32 | 89.6,15 | 59.0,39,19 | 11.81,29.85 | 1011,0.0 | 0.0
2020-01-01,32.0,16.0,41.0,16.0,29.8,0.0,32 | 89.6,16 | 60.8,41,16 | 9.94,29.8 | 1009,0.0 | 0.0
2020-01-02,32.0,16.0,40.0,19.0,29.83,0.0,32 | 89.6,16 | 60.8,40,19 | 11.81,29.83 | 1010,0.0 | 0.0
2020-01-03,32.0,14.0,36.0,21.0,29.85,0.0,32 | 89.6,14 | 57.2,36,21 | 13.05,29.85 | 1011,0.0 | 0.0
2020-01-04,32.0,14.0,37.0,16.0,29.85,0.0,32 | 89.6,14 | 57.2,37,16 | 9.94,29.85 | 1011,0.0 | 0.0
2020-01-05,31.0,15.0,39.0,11.0,29.8,0.0,31 | 87.8,15 | 59.0,39,11 | 6.84,29.8 | 1009,0.0 | 0.0
2020-01-06,31.0,17.0,43.0,12.0,29.8,0.0,31 | 87.8,17 | 62.6,43,12 | 7.46,29.8 | 1009,0.0 | 0.0
2020-01-07,32.0,18.0,46.0,21.0,29.83,0.0,32 | 89.6,18 | 64.4,46,21 | 13.05,29.83 | 1010,0.0 | 0.0
2020-01-08,32.0,16.0,42.0,19.0,29.83,0.0,32 | 89.6,16 | 60.8,42,19 | 11.81,29.83 | 1010,0.0 | 0.0
2020-01-09,32.0,14.0,37.0,17.0,29.8,0.0,32 | 89.6,14 | 57.2,37,17 | 10.56,29.8 | 1009,0.0 | 0.0
2020-01-10,31.0,11.0,31.0,10.0,29.8,0.0,31 | 87.8,11 | 51.8,31,10 | 6.21,29.8 | 1009,0.0 | 0.0
2020-01-11,31.0,15.0,44.0,10.0,29.8,0.0,31 | 87.8,15 | 59.0,44,10 | 6.21,29.8 | 1009,0.0 | 0.0
2020-01-12,30.0,17.0,46.0,15.0,29.83,0.0,30 | 86.0,17 | 62.6,46,15 | 9.32,29.83 | 1010,0.0 | 0.0
2020-01-13,31.0,18.0,47.0,23.0,29.83,11.3,31 | 87.8,18 | 64.4,47,23 | 14.29,29.83 | 1010,11.3 | 0.44
2020-01-14,31.0,16.0,42.0,19.0,29.83,0.0,31 | 87.8,16 | 60.8,42,19 | 11.81,29.83 | 1010,0.0 | 0.0
2020-01-15,32.0,12.0,33.0,21.0,29.83,0.0,32 | 89.6,12 | 53.6,33,21 | 13.05,29.83 | 1010,0.0 | 0.0
2020-01-16,31.0,4.0,21.0,20.0,29.85,0.0,31 | 87.8,4 | 39.2,21,20 | 12.43,29.85 | 1011,0.0 | 0.0
2020-01-17,30.0,3.0,20.0,20.0,29.85,0.0,30 | 86.0,3 | 37.4,20,20 | 12.43,29.85 | 1011,0.0 | 0.0
2020-01-18,30.0,6.0,25.0,18.0,29.85,0.0,30 | 86.0,6 | 42.8,25,18 | 11.18,29.85 | 1011,0.0 | 0.0
2020-01-19,31.0,9.0,29.0,16.0,29.85,0.0,31 | 87.8,9 | 48.2,29,16 | 9.94,29.85 | 1011,0.0 | 0.0
2020-01-20,31.0,8.0,26.0,17.0,29.83,0.0,31 | 87.8,8 | 46.4,26,17 | 10.56,29.83 | 1010,0.0 | 0.0
2020-01-21,32.0,6.0,23.0,18.0,29.8,0.0,32 | 89.6,6 | 42.8,23,18 | 11.18,29.8 | 1009,0.0 | 0.0
2020-01-22,31.0,9.0,29.0,18.0,29.8,0.0,31 | 87.8,9 | 48.2,29,18 | 11.18,29.8 | 1009,0.0 | 0.0
2020-01-23,33.0,12.0,33.0,17.0,29.8,0.0,33 | 91.4,12 | 53.6,33,17 | 10.56,29.8 | 1009,0.0 | 0.0
2020-01-24,32.0,16.0,40.0,18.0,29.83,0.0,32 | 89.6,16 | 60.8,40,18 | 11.18,29.83 | 1010,0.0 | 0.0
2020-01-25,32.0,18.0,44.0,20.0,29.85,0.9,32 | 89.6,18 | 64.4,44,20 | 12.43,29.85 | 1011,0.9 | 0.04
2020-01-26,33.0,17.0,41.0,16.0,29.83,0.2,33 | 91.4,17 | 62.6,41,16 | 9.94,29.83 | 1010,0.2 | 0.01
2020-01-27,32.0,17.0,43.0,19.0,29.83,0.4,32 | 89.6,17 | 62.6,43,19 | 11.81,29.83 | 1010,0.4 | 0.02
2020-01-28,31.0,16.0,41.0,22.0,29.85,0.0,31 | 87.8,16 | 60.8,41,22 | 13.67,29.85 | 1011,0.0 | 0.0
2020-01-29,31.0,14.0,37.0,15.0,29.85,0.0,31 | 87.8,14 | 57.2,37,15 | 9.32,29.85 | 1011,0.0 | 0.0
2020-01-30,30.0,13.0,39.0,13.0,29.85,0.0,30 | 86.0,13 | 55.4,39,13 | 8.08,29.85 | 1011,0.0 | 0.0
2020-01-31,31.0,12.0,34.0,13.0,29.83,0.0,31 | 87.8,12 | 53.6,34,13 | 8.08,29.83 | 1010,0.0 | 0.0
2020-02-01,31.0,12.0,35.0,15.0,29.83,0.0,31 | 87.8,12 | 53.6,35,15 | 9.32,29.83 | 1010,0.0 | 0.0
2020-02-02,31.0,14.0,38.0,13.0,29.83,0.0,31 | 87.8,14 | 57.2,38,13 | 8.08,29.83 | 1010,0.0 | 0.0
2020-02-03,31.0,14.0,37.0,17.0,29.85,0.0,31 | 87.8,14 | 57.2,37,17 | 10.56,29.85 | 1011,0.0 | 0.0
2020-02-04,32.0,11.0,30.0,19.0,29.85,0.0,32 | 89.6,11 | 51.8,30,19 | 11.81,29.85 | 1011,0.0 | 0.0
2020-02-05,31.0,9.0,28.0,19.0,29.85,0.0,31 | 87.8,9 | 48.2,28,19 | 11.81,29.85 | 1011,0.0 | 0.0
2020-02-06,32.0,10.0,29.0,18.0,29.88,0.0,32 | 89.6,10 | 50.0,29,18 | 11.18,29.88 | 1012,0.0 | 0.0
2020-02-07,31.0,8.0,25.0,17.0,29.88,0.0,31 | 87.8,8 | 46.4,25,17 | 10.56,29.88 | 1012,0.0 | 0.0
2020-02-08,31.0,11.0,34.0,18.0,29.91,0.0,31 | 87.8,11 | 51.8,34,18 | 11.18,29.91 | 1013,0.0 | 0.0
2020-02-09,32.0,9.0,33.0,20.0,29.88,0.0,32 | 89.6,9 | 48.2,33,20 | 12.43,29.88 | 1012,0.0 | 0.0
2020-02-10,31.0,12.0,39.0,12.0,29.85,0.0,31 | 87.8,12 | 53.6,39,12 | 7.46,29.85 | 1011,0.0 | 0.0
2020-02-11,29.0,16.0,49.0,12.0,29.8,0.0,29 | 84.2,16 | 60.8,49,12 | 7.46,29.8 | 1009,0.0 | 0.0
2020-02-12,32.0,15.0,39.0,15.0,29.8,0.0,32 | 89.6,15 | 59.0,39,15 | 9.32,29.8 | 1009,0.0 | 0.0
2020-02-13,33.0,12.0,32.0,27.0,29.83,0.0,33 | 91.4,12 | 53.6,32,27 | 16.78,29.83 | 1010,0.0 | 0.0
2020-02-14,32.0,14.0,37.0,28.0,29.85,0.0,32 | 89.6,14 | 57.2,37,28 | 17.4,29.85 | 1011,0.0 | 0.0
2020-02-15,32.0,14.0,38.0,22.0,29.85,0.0,32 | 89.6,14 | 57.2,38,22 | 13.67,29.85 | 1011,0.0 | 0.0
2020-02-16,32.0,16.0,42.0,14.0,29.83,0.0,32 | 89.6,16 | 60.8,42,14 | 8.7,29.83 | 1010,0.0 | 0.0
2020-02-17,32.0,15.0,40.0,14.0,29.83,0.0,32 | 89.6,15 | 59.0,40,14 | 8.7,29.83 | 1010,0.0 | 0.0
2020-02-18,32.0,15.0,40.0,18.0,29.83,0.0,32 | 89.6,15 | 59.0,40,18 | 11.18,29.83 | 1010,0.0 | 0.0
2020-02-19,31.0,15.0,43.0,12.0,29.83,0.0,31 | 87.8,15 | 59.0,43,12 | 7.46,29.83 | 1010,0.0 | 0.0
2020-02-20,32.0,17.0,45.0,15.0,29.77,0.0,32 | 89.6,17 | 62.6,45,15 | 9.32,29.77 | 1008,0.0 | 0.0
2020-02-21,33.0,16.0,40.0,18.0,29.8,0.0,33 | 91.4,16 | 60.8,40,18 | 11.18,29.8 | 1009,0.0 | 0.0
2020-02-22,33.0,13.0,36.0,22.0,29.8,0.0,33 | 91.4,13 | 55.4,36,22 | 13.67,29.8 | 1009,0.0 | 0.0
2020-02-23,32.0,7.0,27.0,22.0,29.83,0.0,32 | 89.6,7 | 44.6,27,22 | 13.67,29.83 | 1010,0.0 | 0.0
2020-02-24,31.0,8.0,29.0,16.0,29.8,0.0,31 | 87.8,8 | 46.4,29,16 | 9.94,29.8 | 1009,0.0 | 0.0
2020-02-25,33.0,14.0,38.0,16.0,29.77,0.0,33 | 91.4,14 | 57.2,38,16 | 9.94,29.77 | 1008,0.0 | 0.0
2020-02-26,33.0,14.0,37.0,18.0,29.8,0.0,33 | 91.4,14 | 57.2,37,18 | 11.18,29.8 | 1009,0.0 | 0.0
2020-02-27,33.0,13.0,37.0,18.0,29.83,0.0,33 | 91.4,13 | 55.4,37,18 | 11.18,29.83 | 1010,0.0 | 0.0
2020-02-28,31.0,11.0,36.0,16.0,29.83,0.0,31 | 87.8,11 | 51.8,36,16 | 9.94,29.83 | 1010,0.0 | 0.0
2020-02-29,30.0,12.0,37.0,11.0,29.8,0.0,30 | 86.0,12 | 53.6,37,11 | 6.84,29.8 | 1009,0.0 | 0.0
2020-03-01,32.0,14.0,40.0,11.0,29.77,0.0,32 | 89.6,14 | 57.2,40,11 | 6.84,29.77 | 1008,0.0 | 0.0
2020-03-02,33.0,12.0,36.0,13.0,29.77,0.0,33 | 91.4,12 | 53.6,36,13 | 8.08,29.77 | 1008,0.0 | 0.0
2020-03-03,31.0,14.0,43.0,12.0,29.85,0.0,31 | 87.8,14 | 57.2,43,12 | 7.46,29.85 | 1011,0.0 | 0.0
2020-03-04,30.0,15.0,42.0,11.0,29.85,0.0,30 | 86.0,15 | 59.0,42,11 | 6.84,29.85 | 1011,0.0 | 0.0
2020-03-05,32.0,15.0,42.0,9.0,29.83,0.0,32 | 89.6,15 | 59.0,42,9 | 5.59,29.83 | 1010,0.0 | 0.0
2020-03-06,32.0,17.0,48.0,14.0,29.8,0.0,32 | 89.6,17 | 62.6,48,14 | 8.7,29.8 | 1009,0.0 | 0.0
2020-03-07,32.0,18.0,49.0,18.0,29.83,0.0,32 | 89.6,18 | 64.4,49,18 | 11.18,29.83 | 1010,0.0 | 0.0
2020-03-08,32.0,16.0,44.0,14.0,29.8,0.0,32 | 89.6,16 | 60.8,44,14 | 8.7,29.8 | 1009,0.0 | 0.0
2020-03-09,31.0,17.0,47.0,14.0,29.77,0.0,31 | 87.8,17 | 62.6,47,14 | 8.7,29.77 | 1008,0.0 | 0.0
2020-03-10,30.0,18.0,49.0,16.0,29.74,0.0,30 | 86.0,18 | 64.4,49,16 | 9.94,29.74 | 1007,0.0 | 0.0
2020-03-11,32.0,14.0,41.0,14.0,29.77,0.0,32 | 89.6,14 | 57.2,41,14 | 8.7,29.77 | 1008,0.0 | 0.0
2020-03-12,32.0,13.0,37.0,19.0,29.8,0.0,32 | 89.6,13 | 55.4,37,19 | 11.81,29.8 | 1009,0.0 | 0.0
2020-03-13,30.0,16.0,47.0,13.0,29.8,0.0,30 | 86.0,16 | 60.8,47,13 | 8.08,29.8 | 1009,0.0 | 0.0
2020-03-14,29.0,17.0,49.0,14.0,29.8,0.0,29 | 84.2,17 | 62.6,49,14 | 8.7,29.8 | 1009,0.0 | 0.0
2020-03-15,33.0,18.0,46.0,18.0,29.77,0.0,33 | 91.4,18 | 64.4,46,18 | 11.18,29.77 | 1008,0.0 | 0.0
2020-03-16,33.0,18.0,48.0,17.0,29.74,0.0,33 | 91.4,18 | 64.4,48,17 | 10.56,29.74 | 1007,0.0 | 0.0
2020-03-17,34.0,16.0,42.0,16.0,29.77,0.0,34 | 93.2,16 | 60.8,42,16 | 9.94,29.77 | 1008,0.0 | 0.0
2020-03-18,33.0,16.0,42.0,16.0,29.8,0.0,33 | 91.4,16 | 60.8,42,16 | 9.94,29.8 | 1009,0.0 | 0.0
2020-03-19,31.0,19.0,53.0,17.0,29.83,0.0,31 | 87.8,19 | 66.2,53,17 | 10.56,29.83 | 1010,0.0 | 0.0
2020-03-20,32.0,19.0,51.0,20.0,29.83,1.6,32 | 89.6,19 | 66.2,51,20 | 12.43,29.83 | 1010,1.6 | 0.06
2020-03-21,32.0,18.0,47.0,20.0,29.83,3.4,32 | 89.6,18 | 64.4,47,20 | 12.43,29.83 | 1010,3.4 | 0.13
2020-03-22,32.0,17.0,46.0,17.0,29.83,0.0,32 | 89.6,17 | 62.6,46,17 | 10.56,29.83 | 1010,0.0 | 0.0
2020-03-23,32.0,17.0,43.0,17.0,29.83,0.6,32 | 89.6,17 | 62.6,43,17 | 10.56,29.83 | 1010,0.6 | 0.02
2020-03-24,32.0,19.0,48.0,18.0,29.77,2.6,32 | 89.6,19 | 66.2,48,18 | 11.18,29.77 | 1008,2.6 | 0.1
2020-03-25,31.0,20.0,56.0,22.0,29.74,9.7,31 | 87.8,20 | 68.0,56,22 | 13.67,29.74 | 1007,9.7 | 0.38
2020-03-26,29.0,20.0,58.0,12.0,29.74,12.3,29 | 84.2,20 | 68.0,58,12 | 7.46,29.74 | 1007,12.3 | 0.48
2020-03-27,32.0,20.0,55.0,14.0,29.8,0.8,32 | 89.6,20 | 68.0,55,14 | 8.7,29.8 | 1009,0.8 | 0.03
2020-03-28,32.0,20.0,52.0,11.0,29.83,0.3,32 | 89.6,20 | 68.0,52,11 | 6.84,29.83 | 1010,0.3 | 0.01
2020-03-29,32.0,19.0,49.0,15.0,29.83,0.0,32 | 89.6,19 | 66.2,49,15 | 9.32,29.83 | 1010,0.0 | 0.0
2020-03-30,33.0,20.0,49.0,16.0,29.8,0.0,33 | 91.4,20 | 68.0,49,16 | 9.94,29.8 | 1009,0.0 | 0.0
2020-03-31,33.0,20.0,51.0,16.0,29.83,8.2,33 | 91.4,20 | 68.0,51,16 | 9.94,29.83 | 1010,8.2 | 0.32
2020-04-01,32.0,19.0,45.0,13.0,29.83,0.4,32 | 89.6,19 | 66.2,45,13 | 8.08,29.83 | 1010,0.4 | 0.02
2020-04-02,33.0,19.0,46.0,12.0,29.8,0.3,33 | 91.4,19 | 66.2,46,12 | 7.46,29.8 | 1009,0.3 | 0.01
2020-04-03,33.0,17.0,43.0,17.0,29.8,0.0,33 | 91.4,17 | 62.6,43,17 | 10.56,29.8 | 1009,0.0 | 0.0
2020-04-04,30.0,18.0,48.0,14.0,29.83,0.0,30 | 86.0,18 | 64.4,48,14 | 8.7,29.83 | 1010,0.0 | 0.0
2020-04-05,31.0,17.0,44.0,14.0,29.85,0.2,31 | 87.8,17 | 62.6,44,14 | 8.7,29.85 | 1011,0.2 | 0.01
2020-04-06,33.0,16.0,41.0,13.0,29.85,0.0,33 | 91.4,16 | 60.8,41,13 | 8.08,29.85 | 1011,0.0 | 0.0
2020-04-07,33.0,16.0,40.0,16.0,29.83,0.0,33 | 91.4,16 | 60.8,40,16 | 9.94,29.83 | 1010,0.0 | 0.0
2020-04-08,33.0,17.0,45.0,14.0,29.83,0.0,33 | 91.4,17 | 62.6,45,14 | 8.7,29.83 | 1010,0.0 | 0.0
2020-04-09,33.0,19.0,49.0,18.0,29.83,0.0,33 | 91.4,19 | 66.2,49,18 | 11.18,29.83 | 1010,0.0 | 0.0
2020-04-10,32.0,19.0,47.0,17.0,29.83,0.4,32 | 89.6,19 | 66.2,47,17 | 10.56,29.83 | 1010,0.4 | 0.02
2020-04-11,32.0,20.0,50.0,14.0,29.8,0.0,32 | 89.6,20 | 68.0,50,14 | 8.7,29.8 | 1009,0.0 | 0.0
2020-04-12,32.0,20.0,52.0,18.0,29.8,1.1,32 | 89.6,20 | 68.0,52,18 | 11.18,29.8 | 1009,1.1 | 0.04
2020-04-13,32.0,19.0,50.0,16.0,29.8,0.8,32 | 89.6,19 | 66.2,50,16 | 9.94,29.8 | 1009,0.8 | 0.03
2020-04-14,31.0,21.0,55.0,19.0,29.8,4.5,31 | 87.8,21 | 69.8,55,19 | 11.81,29.8 | 1009,4.5 | 0.18
2020-04-15,31.0,21.0,58.0,14.0,29.83,18.9,31 | 87.8,21 | 69.8,58,14 | 8.7,29.83 | 1010,18.9 | 0.74
2020-04-16,32.0,20.0,52.0,14.0,29.8,2.1,32 | 89.6,20 | 68.0,52,14 | 8.7,29.8 | 1009,2.1 | 0.08
2020-04-17,32.0,20.0,52.0,19.0,29.77,0.6,32 | 89.6,20 | 68.0,52,19 | 11.81,29.77 | 1008,0.6 | 0.02
2020-04-18,32.0,20.0,54.0,17.0,29.77,20.6,32 | 89.6,20 | 68.0,54,17 | 10.56,29.77 | 1008,20.6 | 0.81
2020-04-19,31.0,21.0,56.0,13.0,29.8,6.4,31 | 87.8,21 | 69.8,56,13 | 8.08,29.8 | 1009,6.4 | 0.25
2020-04-20,30.0,20.0,58.0,17.0,29.83,6.3,30 | 86.0,20 | 68.0,58,17 | 10.56,29.83 | 1010,6.3 | 0.25
2020-04-21,30.0,20.0,58.0,15.0,29.85,1.5,30 | 86.0,20 | 68.0,58,15 | 9.32,29.85 | 1011,1.5 | 0.06
2020-04-22,31.0,21.0,63.0,14.0,29.83,18.4,31 | 87.8,21 | 69.8,63,14 | 8.7,29.83 | 1010,18.4 | 0.72
2020-04-23,30.0,20.0,62.0,5.0,29.83,0.0,30 | 86.0,20 | 68.0,62,5 | 3.11,29.83 | 1010,0.0 | 0.0
2020-04-24,28.0,21.0,67.0,10.0,29.85,10.3,28 | 82.4,21 | 69.8,67,10 | 6.21,29.85 | 1011,10.3 | 0.41
2020-04-25,30.0,20.0,60.0,5.0,29.83,0.0,30 | 86.0,20 | 68.0,60,5 | 3.11,29.83 | 1010,0.0 | 0.0
2020-04-26,31.0,21.0,58.0,15.0,29.85,0.0,31 | 87.8,21 | 69.8,58,15 | 9.32,29.85 | 1011,0.0 | 0.0
2020-04-27,29.0,21.0,60.0,14.0,29.88,0.5,29 | 84.2,21 | 69.8,60,14 | 8.7,29.88 | 1012,0.5 | 0.02
2020-04-28,31.0,21.0,59.0,12.0,29.88,0.4,31 | 87.8,21 | 69.8,59,12 | 7.46,29.88 | 1012,0.4 | 0.02
2020-04-29,31.0,21.0,57.0,16.0,29.85,1.2,31 | 87.8,21 | 69.8,57,16 | 9.94,29.85 | 1011,1.2 | 0.05
2020-04-30,31.0,20.0,57.0,19.0,29.88,2.9,31 | 87.8,20 | 68.0,57,19 | 11.81,29.88 | 1012,2.9 | 0.11
2020-05-01,30.0,21.0,61.0,20.0,29.88,5.1,30 | 86.0,21 | 69.8,61,20 | 12.43,29.88 | 1012,5.1 | 0.2
2020-05-02,30.0,20.0,60.0,19.0,29.88,3.9,30 | 86.0,20 | 68.0,60,19 | 11.81,29.88 | 1012,3.9 | 0.15
2020-05-03,31.0,20.0,58.0,21.0,29.85,0.0,31 | 87.8,20 | 68.0,58,21 | 13.05,29.85 | 1011,0.0 | 0.0
2020-05-04,31.0,20.0,56.0,19.0,29.85,0.1,31 | 87.8,20 | 68.0,56,19 | 11.81,29.85 | 1011,0.1 | 0.0
2020-05-05,31.0,21.0,58.0,19.0,29.85,2.1,31 | 87.8,21 | 69.8,58,19 | 11.81,29.85 | 1011,2.1 | 0.08
2020-05-06,31.0,21.0,57.0,19.0,29.83,0.0,31 | 87.8,21 | 69.8,57,19 | 11.81,29.83 | 1010,0.0 | 0.0
2020-05-07,30.0,21.0,64.0,22.0,29.85,9.7,30 | 86.0,21 | 69.8,64,22 | 13.67,29.85 | 1011,9.7 | 0.38
2020-05-08,30.0,21.0,63.0,17.0,29.85,5.9,30 | 86.0,21 | 69.8,63,17 | 10.56,29.85 | 1011,5.9 | 0.23
2020-05-09,30.0,21.0,62.0,22.0,29.85,9.4,30 | 86.0,21 | 69.8,62,22 | 13.67,29.85 | 1011,9.4 | 0.37
2020-05-10,30.0,21.0,63.0,20.0,29.88,6.1,30 | 86.0,21 | 69.8,63,20 | 12.43,29.88 | 1012,6.1 | 0.24
2020-05-11,30.0,21.0,66.0,19.0,29.88,1.2,30 | 86.0,21 | 69.8,66,19 | 11.81,29.88 | 1012,1.2 | 0.05
2020-05-12,30.0,21.0,62.0,22.0,29.88,0.0,30 | 86.0,21 | 69.8,62,22 | 13.67,29.88 | 1012,0.0 | 0.0
2020-05-13,31.0,21.0,59.0,23.0,29.85,0.0,31 | 87.8,21 | 69.8,59,23 | 14.29,29.85 | 1011,0.0 | 0.0
2020-05-14,30.0,20.0,58.0,21.0,29.88,0.0,30 | 86.0,20 | 68.0,58,21 | 13.05,29.88 | 1012,0.0 | 0.0
2020-05-15,31.0,20.0,58.0,18.0,29.85,0.0,31 | 87.8,20 | 68.0,58,18 | 11.18,29.85 | 1011,0.0 | 0.0
2020-05-16,30.0,20.0,60.0,21.0,29.85,0.1,30 | 86.0,20 | 68.0,60,21 | 13.05,29.85 | 1011,0.1 | 0.0
2020-05-17,30.0,19.0,55.0,22.0,29.91,0.2,30 | 86.0,19 | 66.2,55,22 | 13.67,29.91 | 1013,0.2 | 0.01
2020-05-18,30.0,19.0,55.0,21.0,29.91,0.0,30 | 86.0,19 | 66.2,55,21 | 13.05,29.91 | 1013,0.0 | 0.0
2020-05-19,31.0,19.0,53.0,21.0,29.88,0.0,31 | 87.8,19 | 66.2,53,21 | 13.05,29.88 | 1012,0.0 | 0.0
2020-05-20,30.0,20.0,56.0,23.0,29.91,0.0,30 | 86.0,20 | 68.0,56,23 | 14.29,29.91 | 1013,0.0 | 0.0
2020-05-21,29.0,20.0,61.0,22.0,29.94,0.2,29 | 84.2,20 | 68.0,61,22 | 13.67,29.94 | 1014,0.2 | 0.01
2020-05-22,30.0,19.0,58.0,25.0,29.94,1.0,30 | 86.0,19 | 66.2,58,25 | 15.53,29.94 | 1014,1.0 | 0.04
2020-05-23,30.0,18.0,54.0,21.0,29.94,0.0,30 | 86.0,18 | 64.4,54,21 | 13.05,29.94 | 1014,0.0 | 0.0
2020-05-24,30.0,18.0,54.0,23.0,29.91,0.0,30 | 86.0,18 | 64.4,54,23 | 14.29,29.91 | 1013,0.0 | 0.0
2020-05-25,30.0,19.0,55.0,22.0,29.88,0.0,30 | 86.0,19 | 66.2,55,22 | 13.67,29.88 | 1012,0.0 | 0.0
2020-05-26,31.0,19.0,56.0,22.0,29.88,0.0,31 | 87.8,19 | 66.2,56,22 | 13.67,29.88 | 1012,0.0 | 0.0
2020-05-27,31.0,19.0,53.0,19.0,29.91,0.0,31 | 87.8,19 | 66.2,53,19 | 11.81,29.91 | 1013,0.0 | 0.0
2020-05-28,31.0,21.0,58.0,24.0,29.91,17.5,31 | 87.8,21 | 69.8,58,24 | 14.91,29.91 | 1013,17.5 | 0.69
2020-05-29,30.0,19.0,59.0,24.0,29.91,0.2,30 | 86.0,19 | 66.2,59,24 | 14.91,29.91 | 1013,0.2 | 0.01
2020-05-30,30.0,17.0,51.0,21.0,29.88,0.0,30 | 86.0,17 | 62.6,51,21 | 13.05,29.88 | 1012,0.0 | 0.0
2020-05-31,31.0,19.0,53.0,25.0,29.91,0.0,31 | 87.8,19 | 66.2,53,25 | 15.53,29.91 | 1013,0.0 | 0.0
2020-06-01,31.0,19.0,54.0,27.0,29.91,0.1,31 | 87.8,19 | 66.2,54,27 | 16.78,29.91 | 1013,0.1 | 0.0
2020-06-02,30.0,19.0,58.0,27.0,29.91,0.0,30 | 86.0,19 | 66.2,58,27 | 16.78,29.91 | 1013,0.0 | 0.0
2020-06-03,30.0,19.0,58.0,25.0,29.88,0.1,30 | 86.0,19 | 66.2,58,25 | 15.53,29.88 | 1012,0.1 | 0.0
2020-06-04,30.0,19.0,56.0,25.0,29.88,0.0,30 | 86.0,19 | 66.2,56,25 | 15.53,29.88 | 1012,0.0 | 0.0
2020-06-05,30.0,19.0,55.0,24.0,29.91,0.0,30 | 86.0,19 | 66.2,55,24 | 14.91,29.91 | 1013,0.0 | 0.0
2020-06-06,31.0,19.0,55.0,25.0,29.88,0.0,31 | 87.8,19 | 66.2,55,25 | 15.53,29.88 | 1012,0.0 | 0.0
2020-06-07,28.0,20.0,59.0,25.0,29.88,0.1,28 | 82.4,20 | 68.0,59,25 | 15.53,29.88 | 1012,0.1 | 0.0
2020-06-08,30.0,18.0,55.0,24.0,29.88,1.2,30 | 86.0,18 | 64.4,55,24 | 14.91,29.88 | 1012,1.2 | 0.05
2020-06-09,29.0,17.0,53.0,25.0,29.91,0.0,29 | 84.2,17 | 62.6,53,25 | 15.53,29.91 | 1013,0.0 | 0.0
2020-06-10,30.0,17.0,51.0,24.0,29.91,0.0,30 | 86.0,17 | 62.6,51,24 | 14.91,29.91 | 1013,0.0 | 0.0
2020-06-11,30.0,17.0,50.0,26.0,29.88,0.0,30 | 86.0,17 | 62.6,50,26 | 16.16,29.88 | 1012,0.0 | 0.0
2020-06-12,29.0,18.0,53.0,27.0,29.88,0.0,29 | 84.2,18 | 64.4,53,27 | 16.78,29.88 | 1012,0.0 | 0.0
2020-06-13,29.0,16.0,49.0,28.0,29.85,0.0,29 | 84.2,16 | 60.8,49,28 | 17.4,29.85 | 1011,0.0 | 0.0
2020-06-14,29.0,16.0,48.0,28.0,29.91,0.0,29 | 84.2,16 | 60.8,48,28 | 17.4,29.91 | 1013,0.0 | 0.0
2020-06-15,30.0,17.0,50.0,28.0,29.91,0.0,30 | 86.0,17 | 62.6,50,28 | 17.4,29.91 | 1013,0.0 | 0.0
2020-06-16,30.0,17.0,49.0,31.0,29.91,0.0,30 | 86.0,17 | 62.6,49,31 | 19.26,29.91 | 1013,0.0 | 0.0
2020-06-17,29.0,14.0,44.0,29.0,29.91,0.0,29 | 84.2,14 | 57.2,44,29 | 18.02,29.91 | 1013,0.0 | 0.0
2020-06-18,29.0,16.0,49.0,29.0,29.91,0.0,29 | 84.2,16 | 60.8,49,29 | 18.02,29.91 | 1013,0.0 | 0.0
2020-06-19,29.0,18.0,53.0,30.0,29.91,0.0,29 | 84.2,18 | 64.4,53,30 | 18.64,29.91 | 1013,0.0 | 0.0
2020-06-20,30.0,16.0,46.0,30.0,29.88,0.0,30 | 86.0,16 | 60.8,46,30 | 18.64,29.88 | 1012,0.0 | 0.0
2020-06-21,31.0,16.0,46.0,29.0,29.85,0.0,31 | 87.8,16 | 60.8,46,29 | 18.02,29.85 | 1011,0.0 | 0.0
2020-06-22,31.0,16.0,44.0,29.0,29.85,0.0,31 | 87.8,16 | 60.8,44,29 | 18.02,29.85 | 1011,0.0 | 0.0
2020-06-23,30.0,19.0,53.0,28.0,29.85,0.0,30 | 86.0,19 | 66.2,53,28 | 17.4,29.85 | 1011,0.0 | 0.0
2020-06-24,30.0,18.0,54.0,27.0,29.88,0.3,30 | 86.0,18 | 64.4,54,27 | 16.78,29.88 | 1012,0.3 | 0.01
2020-06-25,30.0,17.0,51.0,27.0,29.85,0.5,30 | 86.0,17 | 62.6,51,27 | 16.78,29.85 | 1011,0.5 | 0.02
2020-06-26,30.0,17.0,50.0,26.0,29.85,0.0,30 | 86.0,17 | 62.6,50,26 | 16.16,29.85 | 1011,0.0 | 0.0
2020-06-27,30.0,17.0,48.0,27.0,29.85,0.0,30 | 86.0,17 | 62.6,48,27 | 16.78,29.85 | 1011,0.0 | 0.0
2020-06-28,30.0,18.0,53.0,27.0,29.85,0.0,30 | 86.0,18 | 64.4,53,27 | 16.78,29.85 | 1011,0.0 | 0.0
2020-06-29,30.0,18.0,55.0,28.0,29.88,0.0,30 | 86.0,18 | 64.4,55,28 | 17.4,29.88 | 1012,0.0 | 0.0
2020-06-30,30.0,18.0,52.0,28.0,29.85,0.0,30 | 86.0,18 | 64.4,52,28 | 17.4,29.85 | 1011,0.0 | 0.0
2020-07-01,30.0,16.0,49.0,31.0,29.88,0.0,30 | 86.0,16 | 60.8,49,31 | 19.26,29.88 | 1012,0.0 | 0.0
2020-07-02,29.0,16.0,48.0,30.0,29.88,0.0,29 | 84.2,16 | 60.8,48,30 | 18.64,29.88 | 1012,0.0 | 0.0
2020-07-03,30.0,15.0,45.0,30.0,29.88,0.0,30 | 86.0,15 | 59.0,45,30 | 18.64,29.88 | 1012,0.0 | 0.0
2020-07-04,30.0,15.0,44.0,29.0,29.88,0.0,30 | 86.0,15 | 59.0,44,29 | 18.02,29.88 | 1012,0.0 | 0.0
2020-07-05,29.0,16.0,47.0,31.0,29.85,0.0,29 | 84.2,16 | 60.8,47,31 | 19.26,29.85 | 1011,0.0 | 0.0
2020-07-06,28.0,17.0,53.0,29.0,29.85,0.0,28 | 82.4,17 | 62.6,53,29 | 18.02,29.85 | 1011,0.0 | 0.0
2020-07-07,29.0,16.0,49.0,26.0,29.88,0.0,29 | 84.2,16 | 60.8,49,26 | 16.16,29.88 | 1012,0.0 | 0.0
2020-07-08,30.0,17.0,50.0,24.0,29.88,0.1,30 | 86.0,17 | 62.6,50,24 | 14.91,29.88 | 1012,0.1 | 0.0
2020-07-09,30.0,18.0,52.0,26.0,29.85,0.4,30 | 86.0,18 | 64.4,52,26 | 16.16,29.85 | 1011,0.4 | 0.02
2020-07-10,30.0,18.0,52.0,24.0,29.85,0.1,30 | 86.0,18 | 64.4,52,24 | 14.91,29.85 | 1011,0.1 | 0.0
2020-07-11,30.0,16.0,47.0,29.0,29.88,0.0,30 | 86.0,16 | 60.8,47,29 | 18.02,29.88 | 1012,0.0 | 0.0
2020-07-12,28.0,17.0,53.0,28.0,29.88,0.0,28 | 82.4,17 | 62.6,53,28 | 17.4,29.88 | 1012,0.0 | 0.0
2020-07-13,30.0,17.0,50.0,29.0,29.83,0.0,30 | 86.0,17 | 62.6,50,29 | 18.02,29.83 | 1010,0.0 | 0.0
2020-07-14,29.0,17.0,51.0,29.0,29.85,0.0,29 | 84.2,17 | 62.6,51,29 | 18.02,29.85 | 1011,0.0 | 0.0
2020-07-15,30.0,15.0,46.0,26.0,29.91,0.0,30 | 86.0,15 | 59.0,46,26 | 16.16,29.91 | 1013,0.0 | 0.0
2020-07-16,30.0,16.0,46.0,32.0,29.91,0.0,30 | 86.0,16 | 60.8,46,32 | 19.88,29.91 | 1013,0.0 | 0.0
2020-07-17,29.0,13.0,42.0,32.0,29.91,0.0,29 | 84.2,13 | 55.4,42,32 | 19.88,29.91 | 1013,0.0 | 0.0
2020-07-18,28.0,14.0,46.0,33.0,29.88,0.0,28 | 82.4,14 | 57.2,46,33 | 20.51,29.88 | 1012,0.0 | 0.0
2020-07-19,27.0,16.0,51.0,30.0,29.91,0.0,27 | 80.6,16 | 60.8,51,30 | 18.64,29.91 | 1013,0.0 | 0.0
2020-07-20,29.0,15.0,47.0,29.0,29.88,0.1,29 | 84.2,15 | 59.0,47,29 | 18.02,29.88 | 1012,0.1 | 0.0
2020-07-21,29.0,15.0,44.0,30.0,29.85,0.0,29 | 84.2,15 | 59.0,44,30 | 18.64,29.85 | 1011,0.0 | 0.0
2020-07-22,29.0,16.0,49.0,32.0,29.85,0.0,29 | 84.2,16 | 60.8,49,32 | 19.88,29.85 | 1011,0.0 | 0.0
2020-07-23,29.0,15.0,47.0,32.0,29.83,0.0,29 | 84.2,15 | 59.0,47,32 | 19.88,29.83 | 1010,0.0 | 0.0
2020-07-24,29.0,14.0,43.0,32.0,29.85,0.0,29 | 84.2,14 | 57.2,43,32 | 19.88,29.85 | 1011,0.0 | 0.0
2020-07-25,29.0,14.0,44.0,32.0,29.85,0.0,29 | 84.2,14 | 57.2,44,32 | 19.88,29.85 | 1011,0.0 | 0.0
2020-07-26,27.0,16.0,50.0,30.0,29.88,0.0,27 | 80.6,16 | 60.8,50,30 | 18.64,29.88 | 1012,0.0 | 0.0
2020-07-27,28.0,17.0,53.0,27.0,29.88,0.0,28 | 82.4,17 | 62.6,53,27 | 16.78,29.88 | 1012,0.0 | 0.0
2020-07-28,27.0,18.0,58.0,26.0,29.88,0.0,27 | 80.6,18 | 64.4,58,26 | 16.16,29.88 | 1012,0.0 | 0.0
2020-07-29,28.0,18.0,55.0,24.0,29.91,4.9,28 | 82.4,18 | 64.4,55,24 | 14.91,29.91 | 1013,4.9 | 0.19
2020-07-30,30.0,18.0,54.0,25.0,29.91,0.1,30 | 86.0,18 | 64.4,54,25 | 15.53,29.91 | 1013,0.1 | 0.0
2020-07-31,29.0,18.0,53.0,30.0,29.91,0.0,29 | 84.2,18 | 64.4,53,30 | 18.64,29.91 | 1013,0.0 | 0.0
2020-08-01,29.0,17.0,51.0,31.0,29.91,0.3,29 | 84.2,17 | 62.6,51,31 | 19.26,29.91 | 1013,0.3 | 0.01
2020-08-02,28.0,15.0,47.0,29.0,29.94,0.0,28 | 82.4,15 | 59.0,47,29 | 18.02,29.94 | 1014,0.0 | 0.0
2020-08-03,28.0,15.0,48.0,29.0,29.97,0.0,28 | 82.4,15 | 59.0,48,29 | 18.02,29.97 | 1015,0.0 | 0.0
2020-08-04,28.0,17.0,53.0,28.0,29.94,0.0,28 | 82.4,17 | 62.6,53,28 | 17.4,29.94 | 1014,0.0 | 0.0
2020-08-05,29.0,18.0,55.0,27.0,29.91,1.3,29 | 84.2,18 | 64.4,55,27 | 16.78,29.91 | 1013,1.3 | 0.05
2020-08-06,29.0,16.0,47.0,27.0,29.91,0.0,29 | 84.2,16 | 60.8,47,27 | 16.78,29.91 | 1013,0.0 | 0.0
2020-08-07,29.0,15.0,44.0,26.0,29.91,0.0,29 | 84.2,15 | 59.0,44,26 | 16.16,29.91 | 1013,0.0 | 0.0
2020-08-08,27.0,15.0,49.0,28.0,29.94,0.2,27 | 80.6,15 | 59.0,49,28 | 17.4,29.94 | 1014,0.2 | 0.01
2020-08-09,29.0,14.0,46.0,27.0,29.91,0.1,29 | 84.2,14 | 57.2,46,27 | 16.78,29.91 | 1013,0.1 | 0.0
2020-08-10,29.0,14.0,44.0,27.0,29.88,0.0,29 | 84.2,14 | 57.2,44,27 | 16.78,29.88 | 1012,0.0 | 0.0
2020-08-11,30.0,15.0,43.0,29.0,29.85,0.0,30 | 86.0,15 | 59.0,43,29 | 18.02,29.85 | 1011,0.0 | 0.0
2020-08-12,28.0,16.0,50.0,28.0,29.91,0.0,28 | 82.4,16 | 60.8,50,28 | 17.4,29.91 | 1013,0.0 | 0.0
2020-08-13,30.0,15.0,44.0,25.0,29.88,0.0,30 | 86.0,15 | 59.0,44,25 | 15.53,29.88 | 1012,0.0 | 0.0
2020-08-14,30.0,15.0,43.0,28.0,29.83,0.0,30 | 86.0,15 | 59.0,43,28 | 17.4,29.83 | 1010,0.0 | 0.0
2020-08-15,30.0,15.0,47.0,28.0,29.8,0.0,30 | 86.0,15 | 59.0,47,28 | 17.4,29.8 | 1009,0.0 | 0.0
2020-08-16,29.0,15.0,46.0,30.0,29.85,0.0,29 | 84.2,15 | 59.0,46,30 | 18.64,29.85 | 1011,0.0 | 0.0
2020-08-17,29.0,16.0,51.0,25.0,29.85,0.0,29 | 84.2,16 | 60.8,51,25 | 15.53,29.85 | 1011,0.0 | 0.0
2020-08-18,30.0,15.0,43.0,27.0,29.83,0.0,30 | 86.0,15 | 59.0,43,27 | 16.78,29.83 | 1010,0.0 | 0.0
2020-08-19,29.0,17.0,54.0,28.0,29.83,0.0,29 | 84.2,17 | 62.6,54,28 | 17.4,29.83 | 1010,0.0 | 0.0
2020-08-20,30.0,17.0,49.0,23.0,29.83,0.0,30 | 86.0,17 | 62.6,49,23 | 14.29,29.83 | 1010,0.0 | 0.0
2020-08-21,30.0,16.0,48.0,27.0,29.88,0.0,30 | 86.0,16 | 60.8,48,27 | 16.78,29.88 | 1012,0.0 | 0.0
2020-08-22,29.0,16.0,48.0,30.0,29.88,0.0,29 | 84.2,16 | 60.8,48,30 | 18.64,29.88 | 1012,0.0 | 0.0
2020-08-23,28.0,16.0,51.0,25.0,29.88,0.0,28 | 82.4,16 | 60.8,51,25 | 15.53,29.88 | 1012,0.0 | 0.0
2020-08-24,30.0,15.0,46.0,28.0,29.85,0.0,30 | 86.0,15 | 59.0,46,28 | 17.4,29.85 | 1011,0.0 | 0.0
2020-08-25,30.0,16.0,45.0,28.0,29.88,0.0,30 | 86.0,16 | 60.8,45,28 | 17.4,29.88 | 1012,0.0 | 0.0
2020-08-26,30.0,17.0,49.0,25.0,29.91,0.2,30 | 86.0,17 | 62.6,49,25 | 15.53,29.91 | 1013,0.2 | 0.01
2020-08-27,29.0,17.0,51.0,27.0,29.88,0.0,29 | 84.2,17 | 62.6,51,27 | 16.78,29.88 | 1012,0.0 | 0.0
2020-08-28,30.0,15.0,45.0,23.0,29.83,0.0,30 | 86.0,15 | 59.0,45,23 | 14.29,29.83 | 1010,0.0 | 0.0
2020-08-29,30.0,16.0,49.0,25.0,29.83,0.0,30 | 86.0,16 | 60.8,49,25 | 15.53,29.83 | 1010,0.0 | 0.0
2020-08-30,30.0,17.0,50.0,24.0,29.85,0.0,30 | 86.0,17 | 62.6,50,24 | 14.91,29.85 | 1011,0.0 | 0.0
2020-08-31,31.0,16.0,48.0,26.0,29.85,0.0,31 | 87.8,16 | 60.8,48,26 | 16.16,29.85 | 1011,0.0 | 0.0
2020-09-01,30.0,16.0,48.0,27.0,29.85,0.0,30 | 86.0,16 | 60.8,48,27 | 16.78,29.85 | 1011,0.0 | 0.0
2020-09-02,29.0,13.0,43.0,27.0,29.88,0.0,29 | 84.2,13 | 55.4,43,27 | 16.78,29.88 | 1012,0.0 | 0.0
2020-09-03,30.0,14.0,41.0,26.0,29.88,0.0,30 | 86.0,14 | 57.2,41,26 | 16.16,29.88 | 1012,0.0 | 0.0
2020-09-04,30.0,15.0,43.0,28.0,29.85,0.0,30 | 86.0,15 | 59.0,43,28 | 17.4,29.85 | 1011,0.0 | 0.0
2020-09-05,30.0,14.0,42.0,25.0,29.85,0.0,30 | 86.0,14 | 57.2,42,25 | 15.53,29.85 | 1011,0.0 | 0.0
2020-09-06,29.0,16.0,47.0,24.0,29.83,0.0,29 | 84.2,16 | 60.8,47,24 | 14.91,29.83 | 1010,0.0 | 0.0
2020-09-07,30.0,14.0,43.0,26.0,29.85,0.0,30 | 86.0,14 | 57.2,43,26 | 16.16,29.85 | 1011,0.0 | 0.0
2020-09-08,30.0,14.0,41.0,24.0,29.88,0.0,30 | 86.0,14 | 57.2,41,24 | 14.91,29.88 | 1012,0.0 | 0.0
2020-09-09,31.0,13.0,41.0,26.0,29.88,0.0,31 | 87.8,13 | 55.4,41,26 | 16.16,29.88 | 1012,0.0 | 0.0
2020-09-10,30.0,15.0,45.0,26.0,29.85,0.0,30 | 86.0,15 | 59.0,45,26 | 16.16,29.85 | 1011,0.0 | 0.0
2020-09-11,31.0,16.0,48.0,25.0,29.85,0.0,31 | 87.8,16 | 60.8,48,25 | 15.53,29.85 | 1011,0.0 | 0.0
2020-09-12,30.0,17.0,49.0,26.0,29.85,0.0,30 | 86.0,17 | 62.6,49,26 | 16.16,29.85 | 1011,0.0 | 0.0
2020-09-13,30.0,17.0,48.0,27.0,29.88,0.0,30 | 86.0,17 | 62.6,48,27 | 16.78,29.88 | 1012,0.0 | 0.0
2020-09-14,31.0,17.0,50.0,24.0,29.88,0.0,31 | 87.8,17 | 62.6,50,24 | 14.91,29.88 | 1012,0.0 | 0.0
2020-09-15,30.0,17.0,51.0,24.0,29.88,0.0,30 | 86.0,17 | 62.6,51,24 | 14.91,29.88 | 1012,0.0 | 0.0
2020-09-16,30.0,16.0,50.0,20.0,29.85,0.0,30 | 86.0,16 | 60.8,50,20 | 12.43,29.85 | 1011,0.0 | 0.0
2020-09-17,32.0,15.0,43.0,25.0,29.85,0.0,32 | 89.6,15 | 59.0,43,25 | 15.53,29.85 | 1011,0.0 | 0.0
2020-09-18,30.0,17.0,50.0,25.0,29.88,0.0,30 | 86.0,17 | 62.6,50,25 | 15.53,29.88 | 1012,0.0 | 0.0
2020-09-19,29.0,18.0,55.0,23.0,29.85,0.3,29 | 84.2,18 | 64.4,55,23 | 14.29,29.85 | 1011,0.3 | 0.01
2020-09-20,30.0,15.0,48.0,24.0,29.85,0.0,30 | 86.0,15 | 59.0,48,24 | 14.91,29.85 | 1011,0.0 | 0.0
2020-09-21,30.0,14.0,43.0,22.0,29.85,0.0,30 | 86.0,14 | 57.2,43,22 | 13.67,29.85 | 1011,0.0 | 0.0
2020-09-22,31.0,15.0,44.0,26.0,29.85,0.0,31 | 87.8,15 | 59.0,44,26 | 16.16,29.85 | 1011,0.0 | 0.0
2020-09-23,31.0,17.0,48.0,25.0,29.88,0.0,31 | 87.8,17 | 62.6,48,25 | 15.53,29.88 | 1012,0.0 | 0.0
2020-09-24,30.0,17.0,51.0,22.0,29.88,0.0,30 | 86.0,17 | 62.6,51,22 | 13.67,29.88 | 1012,0.0 | 0.0
2020-09-25,31.0,15.0,43.0,23.0,29.85,0.0,31 | 87.8,15 | 59.0,43,23 | 14.29,29.85 | 1011,0.0 | 0.0
2020-09-26,31.0,15.0,43.0,23.0,29.83,0.0,31 | 87.8,15 | 59.0,43,23 | 14.29,29.83 | 1010,0.0 | 0.0
2020-09-27,32.0,16.0,44.0,18.0,29.8,0.0,32 | 89.6,16 | 60.8,44,18 | 11.18,29.8 | 1009,0.0 | 0.0
2020-09-28,31.0,17.0,47.0,19.0,29.8,0.0,31 | 87.8,17 | 62.6,47,19 | 11.81,29.8 | 1009,0.0 | 0.0
2020-09-29,31.0,18.0,50.0,21.0,29.83,0.0,31 | 87.8,18 | 64.4,50,21 | 13.05,29.83 | 1010,0.0 | 0.0
2020-09-30,31.0,16.0,47.0,20.0,29.8,0.0,31 | 87.8,16 | 60.8,47,20 | 12.43,29.8 | 1009,0.0 | 0.0
2020-10-01,31.0,15.0,43.0,21.0,29.83,0.0,31 | 87.8,15 | 59.0,43,21 | 13.05,29.83 | 1010,0.0 | 0.0
2020-10-02,31.0,17.0,46.0,18.0,29.83,0.0,31 | 87.8,17 | 62.6,46,18 | 11.18,29.83 | 1010,0.0 | 0.0
2020-10-03,30.0,16.0,47.0,21.0,29.83,0.0,30 | 86.0,16 | 60.8,47,21 | 13.05,29.83 | 1010,0.0 | 0.0
2020-10-04,30.0,18.0,53.0,21.0,29.85,0.1,30 | 86.0,18 | 64.4,53,21 | 13.05,29.85 | 1011,0.1 | 0.0
2020-10-05,31.0,18.0,51.0,16.0,29.85,0.4,31 | 87.8,18 | 64.4,51,16 | 9.94,29.85 | 1011,0.4 | 0.02
2020-10-06,30.0,19.0,52.0,17.0,29.83,0.4,30 | 86.0,19 | 66.2,52,17 | 10.56,29.83 | 1010,0.4 | 0.02
2020-10-07,30.0,19.0,53.0,14.0,29.83,0.1,30 | 86.0,19 | 66.2,53,14 | 8.7,29.83 | 1010,0.1 | 0.0
2020-10-08,31.0,18.0,49.0,17.0,29.83,1.7,31 | 87.8,18 | 64.4,49,17 | 10.56,29.83 | 1010,1.7 | 0.07
2020-10-09,32.0,18.0,47.0,13.0,29.8,0.3,32 | 89.6,18 | 64.4,47,13 | 8.08,29.8 | 1009,0.3 | 0.01
2020-10-10,31.0,19.0,52.0,15.0,29.8,4.2,31 | 87.8,19 | 66.2,52,15 | 9.32,29.8 | 1009,4.2 | 0.17
2020-10-11,31.0,19.0,52.0,16.0,29.8,0.6,31 | 87.8,19 | 66.2,52,16 | 9.94,29.8 | 1009,0.6 | 0.02
2020-10-12,31.0,19.0,52.0,14.0,29.8,7.3,31 | 87.8,19 | 66.2,52,14 | 8.7,29.8 | 1009,7.3 | 0.29
2020-10-13,31.0,19.0,51.0,14.0,29.8,0.1,31 | 87.8,19 | 66.2,51,14 | 8.7,29.8 | 1009,0.1 | 0.0
2020-10-14,31.0,19.0,51.0,18.0,29.85,3.1,31 | 87.8,19 | 66.2,51,18 | 11.18,29.85 | 1011,3.1 | 0.12
2020-10-15,30.0,18.0,51.0,17.0,29.85,4.4,30 | 86.0,18 | 64.4,51,17 | 10.56,29.85 | 1011,4.4 | 0.17
2020-10-16,30.0,17.0,49.0,16.0,29.83,0.0,30 | 86.0,17 | 62.6,49,16 | 9.94,29.83 | 1010,0.0 | 0.0
2020-10-17,30.0,18.0,51.0,23.0,29.83,0.0,30 | 86.0,18 | 64.4,51,23 | 14.29,29.83 | 1010,0.0 | 0.0
2020-10-18,30.0,18.0,50.0,17.0,29.83,0.2,30 | 86.0,18 | 64.4,50,17 | 10.56,29.83 | 1010,0.2 | 0.01
2020-10-19,31.0,16.0,45.0,15.0,29.83,0.0,31 | 87.8,16 | 60.8,45,15 | 9.32,29.83 | 1010,0.0 | 0.0
2020-10-20,31.0,17.0,46.0,15.0,29.8,0.0,31 | 87.8,17 | 62.6,46,15 | 9.32,29.8 | 1009,0.0 | 0.0
2020-10-21,31.0,18.0,48.0,15.0,29.83,0.0,31 | 87.8,18 | 64.4,48,15 | 9.32,29.83 | 1010,0.0 | 0.0
2020-10-22,32.0,18.0,47.0,16.0,29.83,0.0,32 | 89.6,18 | 64.4,47,16 | 9.94,29.83 | 1010,0.0 | 0.0
2020-10-23,32.0,18.0,49.0,19.0,29.83,0.6,32 | 89.6,18 | 64.4,49,19 | 11.81,29.83 | 1010,0.6 | 0.02
2020-10-24,31.0,19.0,50.0,22.0,29.8,0.4,31 | 87.8,19 | 66.2,50,22 | 13.67,29.8 | 1009,0.4 | 0.02
2020-10-25,30.0,20.0,58.0,19.0,29.83,2.5,30 | 86.0,20 | 68.0,58,19 | 11.81,29.83 | 1010,2.5 | 0.1
2020-10-26,30.0,19.0,55.0,16.0,29.83,2.0,30 | 86.0,19 | 66.2,55,16 | 9.94,29.83 | 1010,2.0 | 0.08
2020-10-27,31.0,19.0,55.0,17.0,29.8,3.8,31 | 87.8,19 | 66.2,55,17 | 10.56,29.8 | 1009,3.8 | 0.15
2020-10-28,30.0,20.0,58.0,16.0,29.83,1.5,30 | 86.0,20 | 68.0,58,16 | 9.94,29.83 | 1010,1.5 | 0.06
2020-10-29,29.0,20.0,61.0,15.0,29.85,1.6,29 | 84.2,20 | 68.0,61,15 | 9.32,29.85 | 1011,1.6 | 0.06
2020-10-30,27.0,20.0,66.0,12.0,29.88,9.6,27 | 80.6,20 | 68.0,66,12 | 7.46,29.88 | 1012,9.6 | 0.38
2020-10-31,30.0,19.0,57.0,15.0,29.85,2.8,30 | 86.0,19 | 66.2,57,15 | 9.32,29.85 | 1011,2.8 | 0.11
2020-11-01,29.0,19.0,58.0,15.0,29.85,6.3,29 | 84.2,19 | 66.2,58,15 | 9.32,29.85 | 1011,6.3 | 0.25
2020-11-02,28.0,20.0,66.0,14.0,29.91,25.1,28 | 82.4,20 | 68.0,66,14 | 8.7,29.91 | 1013,25.1 | 0.99
2020-11-03,30.0,20.0,59.0,15.0,29.91,9.2,30 | 86.0,20 | 68.0,59,15 | 9.32,29.91 | 1013,9.2 | 0.36
2020-11-04,30.0,20.0,58.0,12.0,29.88,8.5,30 | 86.0,20 | 68.0,58,12 | 7.46,29.88 | 1012,8.5 | 0.33
2020-11-05,29.0,20.0,62.0,13.0,29.85,3.3,29 | 84.2,20 | 68.0,62,13 | 8.08,29.85 | 1011,3.3 | 0.13
2020-11-06,29.0,21.0,65.0,18.0,29.85,25.7,29 | 84.2,21 | 69.8,65,18 | 11.18,29.85 | 1011,25.7 | 1.01
2020-11-07,28.0,21.0,66.0,13.0,29.88,35.8,28 | 82.4,21 | 69.8,66,13 | 8.08,29.88 | 1012,35.8 | 1.41
2020-11-08,30.0,20.0,59.0,12.0,29.88,14.0,30 | 86.0,20 | 68.0,59,12 | 7.46,29.88 | 1012,14.0 | 0.55
2020-11-09,31.0,18.0,53.0,13.0,29.88,1.2,31 | 87.8,18 | 64.4,53,13 | 8.08,29.88 | 1012,1.2 | 0.05
2020-11-10,31.0,18.0,51.0,15.0,29.83,1.0,31 | 87.8,18 | 64.4,51,15 | 9.32,29.83 | 1010,1.0 | 0.04
2020-11-11,30.0,17.0,51.0,15.0,29.83,0.0,30 | 86.0,17 | 62.6,51,15 | 9.32,29.83 | 1010,0.0 | 0.0
2020-11-12,29.0,18.0,52.0,9.0,29.85,0.1,29 | 84.2,18 | 64.4,52,9 | 5.59,29.85 | 1011,0.1 | 0.0
2020-11-13,29.0,19.0,58.0,15.0,29.85,3.1,29 | 84.2,19 | 66.2,58,15 | 9.32,29.85 | 1011,3.1 | 0.12
2020-11-14,30.0,18.0,53.0,13.0,29.83,1.1,30 | 86.0,18 | 64.4,53,13 | 8.08,29.83 | 1010,1.1 | 0.04
2020-11-15,30.0,17.0,49.0,13.0,29.83,0.0,30 | 86.0,17 | 62.6,49,13 | 8.08,29.83 | 1010,0.0 | 0.0
2020-11-16,30.0,17.0,50.0,14.0,29.83,0.0,30 | 86.0,17 | 62.6,50,14 | 8.7,29.83 | 1010,0.0 | 0.0
2020-11-17,30.0,14.0,42.0,13.0,29.83,0.0,30 | 86.0,14 | 57.2,42,13 | 8.08,29.83 | 1010,0.0 | 0.0
2020-11-18,30.0,17.0,49.0,15.0,29.83,1.0,30 | 86.0,17 | 62.6,49,15 | 9.32,29.83 | 1010,1.0 | 0.04
2020-11-19,30.0,15.0,45.0,13.0,29.83,0.0,30 | 86.0,15 | 59.0,45,13 | 8.08,29.83 | 1010,0.0 | 0.0
2020-11-20,30.0,16.0,45.0,14.0,29.83,0.0,30 | 86.0,16 | 60.8,45,14 | 8.7,29.83 | 1010,0.0 | 0.0
2020-11-21,30.0,14.0,42.0,13.0,29.83,0.0,30 | 86.0,14 | 57.2,42,13 | 8.08,29.83 | 1010,0.0 | 0.0
2020-11-22,30.0,16.0,46.0,10.0,29.85,0.0,30 | 86.0,16 | 60.8,46,10 | 6.21,29.85 | 1011,0.0 | 0.0
2020-11-23,30.0,17.0,46.0,10.0,29.85,0.0,30 | 86.0,17 | 62.6,46,10 | 6.21,29.85 | 1011,0.0 | 0.0
2020-11-24,31.0,17.0,45.0,9.0,29.8,0.0,31 | 87.8,17 | 62.6,45,9 | 5.59,29.8 | 1009,0.0 | 0.0
2020-11-25,30.0,19.0,51.0,10.0,29.8,0.0,30 | 86.0,19 | 66.2,51,10 | 6.21,29.8 | 1009,0.0 | 0.0
2020-11-26,30.0,20.0,57.0,17.0,29.8,15.6,30 | 86.0,20 | 68.0,57,17 | 10.56,29.8 | 1009,15.6 | 0.61
2020-11-27,31.0,19.0,50.0,16.0,29.83,7.1,31 | 87.8,19 | 66.2,50,16 | 9.94,29.83 | 1010,7.1 | 0.28
2020-11-28,31.0,17.0,46.0,16.0,29.83,0.0,31 | 87.8,17 | 62.6,46,16 | 9.94,29.83 | 1010,0.0 | 0.0
2020-11-29,31.0,15.0,40.0,15.0,29.83,0.0,31 | 87.8,15 | 59.0,40,15 | 9.32,29.83 | 1010,0.0 | 0.0
2020-11-30,31.0,16.0,44.0,13.0,29.83,0.0,31 | 87.8,16 | 60.8,44,13 | 8.08,29.83 | 1010,0.0 | 0.0
2020-12-01,30.0,16.0,44.0,13.0,29.83,0.0,30 | 86.0,16 | 60.8,44,13 | 8.08,29.83 | 1010,0.0 | 0.0
2020-12-02,31.0,15.0,43.0,18.0,29.83,0.0,31 | 87.8,15 | 59.0,43,18 | 11.18,29.83 | 1010,0.0 | 0.0
2020-12-03,30.0,15.0,42.0,19.0,29.85,0.0,30 | 86.0,15 | 59.0,42,19 | 11.81,29.85 | 1011,0.0 | 0.0
2020-12-04,31.0,13.0,39.0,14.0,29.85,0.0,31 | 87.8,13 | 55.4,39,14 | 8.7,29.85 | 1011,0.0 | 0.0
2020-12-05,31.0,14.0,40.0,11.0,29.85,0.0,31 | 87.8,14 | 57.2,40,11 | 6.84,29.85 | 1011,0.0 | 0.0
2020-12-06,31.0,16.0,45.0,13.0,29.85,0.0,31 | 87.8,16 | 60.8,45,13 | 8.08,29.85 | 1011,0.0 | 0.0
2020-12-07,31.0,17.0,45.0,13.0,29.85,0.0,31 | 87.8,17 | 62.6,45,13 | 8.08,29.85 | 1011,0.0 | 0.0
2020-12-08,30.0,17.0,48.0,16.0,29.88,0.1,30 | 86.0,17 | 62.6,48,16 | 9.94,29.88 | 1012,0.1 | 0.0
2020-12-09,31.0,11.0,34.0,16.0,29.85,0.0,31 | 87.8,11 | 51.8,34,16 | 9.94,29.85 | 1011,0.0 | 0.0
2020-12-10,31.0,8.0,26.0,17.0,29.85,0.0,31 | 87.8,8 | 46.4,26,17 | 10.56,29.85 | 1011,0.0 | 0.0
2020-12-11,30.0,9.0,28.0,16.0,29.85,0.0,30 | 86.0,9 | 48.2,28,16 | 9.94,29.85 | 1011,0.0 | 0.0
2020-12-12,30.0,8.0,29.0,15.0,29.85,0.0,30 | 86.0,8 | 46.4,29,15 | 9.32,29.85 | 1011,0.0 | 0.0
2020-12-13,30.0,4.0,22.0,19.0,29.85,0.0,30 | 86.0,4 | 39.2,22,19 | 11.81,29.85 | 1011,0.0 | 0.0
2020-12-14,29.0,7.0,27.0,13.0,29.85,0.0,29 | 84.2,7 | 44.6,27,13 | 8.08,29.85 | 1011,0.0 | 0.0
2020-12-15,29.0,10.0,34.0,14.0,29.83,0.0,29 | 84.2,10 | 50.0,34,14 | 8.7,29.83 | 1010,0.0 | 0.0
2020-12-16,30.0,8.0,29.0,14.0,29.85,0.0,30 | 86.0,8 | 46.4,29,14 | 8.7,29.85 | 1011,0.0 | 0.0
2020-12-17,30.0,10.0,31.0,15.0,29.85,0.0,30 | 86.0,10 | 50.0,31,15 | 9.32,29.85 | 1011,0.0 | 0.0
2020-12-18,31.0,11.0,32.0,15.0,29.8,0.0,31 | 87.8,11 | 51.8,32,15 | 9.32,29.8 | 1009,0.0 | 0.0
2020-12-19,31.0,17.0,44.0,19.0,29.83,0.6,31 | 87.8,17 | 62.6,44,19 | 11.81,29.83 | 1010,0.6 | 0.02
2020-12-20,31.0,17.0,47.0,16.0,29.83,0.0,31 | 87.8,17 | 62.6,47,16 | 9.94,29.83 | 1010,0.0 | 0.0
2020-12-21,31.0,15.0,42.0,17.0,29.85,0.0,31 | 87.8,15 | 59.0,42,17 | 10.56,29.85 | 1011,0.0 | 0.0
2020-12-22,31.0,15.0,40.0,16.0,29.83,0.0,31 | 87.8,15 | 59.0,40,16 | 9.94,29.83 | 1010,0.0 | 0.0
2020-12-23,32.0,11.0,30.0,18.0,29.8,0.0,32 | 89.6,11 | 51.8,30,18 | 11.18,29.8 | 1009,0.0 | 0.0
2020-12-24,31.0,8.0,26.0,13.0,29.8,0.0,31 | 87.8,8 | 46.4,26,13 | 8.08,29.8 | 1009,0.0 | 0.0
2020-12-25,30.0,10.0,33.0,17.0,29.8,0.0,30 | 86.0,10 | 50.0,33,17 | 10.56,29.8 | 1009,0.0 | 0.0
2020-12-26,30.0,6.0,24.0,18.0,29.8,0.0,30 | 86.0,6 | 42.8,24,18 | 11.18,29.8 | 1009,0.0 | 0.0
2020-12-27,30.0,7.0,26.0,21.0,29.83,0.0,30 | 86.0,7 | 44.6,26,21 | 13.05,29.83 | 1010,0.0 | 0.0
2020-12-28,31.0,11.0,33.0,19.0,29.83,0.0,31 | 87.8,11 | 51.8,33,19 | 11.81,29.83 | 1010,0.0 | 0.0
2020-12-29,31.0,16.0,42.0,15.0,29.8,0.1,31 | 87.8,16 | 60.8,42,15 | 9.32,29.8 | 1009,0.1 | 0.0
2020-12-30,31.0,17.0,46.0,18.0,29.8,0.3,31 | 87.8,17 | 62.6,46,18 | 11.18,29.8 | 1009,0.3 | 0.01
2020-12-31,32.0,14.0,38.0,17.0,29.8,0.0,32 | 89.6,14 | 57.2,38,17 | 10.56,29.8 | 1009,0.0 | 0.0
